ISO-10303-21;
HEADER;
FILE_DESCRIPTION( ( 'Unknown' ), '1' );
FILE_NAME( 'C:/Users/eddy.soriano/Desktop/Catalogue 2016/New Catalogue 2017/From Stelvio/6912566100xx_MRT26P10.16/Construction_data/6912566100xx/691256610003/691256610003.stp', 'Unknown', ( 'Unknown' ), ( 'Unknown' ), 'PSStep 18.0.17', 'Unknown', '  ' );
FILE_SCHEMA( ( 'AUTOMOTIVE_DESIGN { 1 0 10303 214 1 1 1 1 }' ) );
ENDSEC;
DATA;
#1 = PRODUCT_DEFINITION_CONTEXT( '', #23, 'design' );
#2 = APPLICATION_PROTOCOL_DEFINITION( 'international standard', 'automotive_design', 2001, #23 );
#3 = PRODUCT_CATEGORY_RELATIONSHIP( 'NONE', 'NONE', #24, #25 );
#4 = SHAPE_DEFINITION_REPRESENTATION( #26, #27 );
#5 = PRODUCT_CATEGORY_RELATIONSHIP( 'NONE', 'NONE', #24, #28 );
#6 = CONTEXT_DEPENDENT_SHAPE_REPRESENTATION( #29, #30 );
#7 = SHAPE_DEFINITION_REPRESENTATION( #31, #32 );
#8 = SHAPE_REPRESENTATION_RELATIONSHIP( 'NONE', 'NONE', #32, #33 );
#9 = PRODUCT_CATEGORY_RELATIONSHIP( 'NONE', 'NONE', #24, #34 );
#10 = CONTEXT_DEPENDENT_SHAPE_REPRESENTATION( #35, #36 );
#11 = SHAPE_DEFINITION_REPRESENTATION( #37, #38 );
#12 = SHAPE_REPRESENTATION_RELATIONSHIP( 'NONE', 'NONE', #38, #39 );
#13 = CONTEXT_DEPENDENT_SHAPE_REPRESENTATION( #40, #41 );
#14 = PRODUCT_CATEGORY_RELATIONSHIP( 'NONE', 'NONE', #24, #42 );
#15 = CONTEXT_DEPENDENT_SHAPE_REPRESENTATION( #43, #44 );
#16 = SHAPE_DEFINITION_REPRESENTATION( #45, #46 );
#17 = SHAPE_REPRESENTATION_RELATIONSHIP( 'NONE', 'NONE', #46, #47 );
#18 = MECHANICAL_DESIGN_GEOMETRIC_PRESENTATION_REPRESENTATION( ' ', ( #48, #49, #50, #51, #52, #53, #54, #55, #56, #57, #58, #59, #60, #61, #62, #63, #64, #65, #66, #67, #68, #69, #70, #71, #72, #73, #74, #75, #76, #77, #78, #79, #80, #81, #82, #83, #84, #85, #86, #87, #88, #89, #90, #91, #92, #93, #94, #95, #96, #97, #98, #99, #100, #101, #102, #103, #104, #105, #106, #107, #108, #109, #110, #111, #112, #113, #114, #115, #116, #117, #118, #119, #120, #121, #122, #123, #124, #125, #126, #127, #128, #129, #130, #131, #132, #133, #134, #135, #136, #137, #138, #139, #140, #141, #142, #143, #144, #145, #146, #147, #148, #149, #150, #151, #152, #153, #154, #155, #156, #157, #158, #159, #160, #161, #162, #163, #164, #165, #166, #167, #168, #169, #170, #171, #172, #173, #174, #175, #176, #177, #178, #179, #180, #181, #182, #183, #184, #185, #186, #187, #188, #189, #190, #191, #192, #193, #194, #195, #196, #197, #198, #199, #200, #201, #202, #203, #204, #205, #206, #207, #208, #209, #210, #211, #212, #213, #214, #215, #216, #217, #218, #219, #220, #221, #222, #223, #224, #225, #226, #227, #228, #229, #230, #231, #232, #233, #234, #235, #236, #237, #238, #239, #240, #241, #242, #243, #244, #245, #246, #247, #248, #249, #250, #251, #252, #253, #254, #255, #256, #257, #258, #259, #260, #261, #262, #263, #264, #265, #266, #267, #268, #269, #270, #271, #272, #273, #274, #275, #276, #277, #278, #279 ), #19 );
#19 =  ( GEOMETRIC_REPRESENTATION_CONTEXT( 3 )GLOBAL_UNCERTAINTY_ASSIGNED_CONTEXT( ( #282 ) )GLOBAL_UNIT_ASSIGNED_CONTEXT( ( #284, #285, #286 ) )REPRESENTATION_CONTEXT( 'NONE', 'WORKSPACE' ) );
#23 = APPLICATION_CONTEXT( 'core data for automotive mechanical design processes' );
#24 = PRODUCT_CATEGORY( 'part', 'NONE' );
#25 = PRODUCT_RELATED_PRODUCT_CATEGORY( 'detail', ' ', ( #288 ) );
#26 = PRODUCT_DEFINITION_SHAPE( 'NONE', 'NONE', #289 );
#27 = SHAPE_REPRESENTATION( 'Assem1', ( #290, #291, #292, #293, #294 ), #295 );
#28 = PRODUCT_RELATED_PRODUCT_CATEGORY( 'detail', ' ', ( #296 ) );
#29 = ( REPRESENTATION_RELATIONSHIP( '', '', #32, #27 )REPRESENTATION_RELATIONSHIP_WITH_TRANSFORMATION( #299 )SHAPE_REPRESENTATION_RELATIONSHIP(  ) );
#30 = PRODUCT_DEFINITION_SHAPE( 'NAUO-PROD-DEF', 'NAUO-PROD-DEF', #301 );
#31 = PRODUCT_DEFINITION_SHAPE( 'NONE', 'NONE', #302 );
#32 = SHAPE_REPRESENTATION( 'MRT26P10.16_SX', ( #290 ), #295 );
#33 = ADVANCED_BREP_SHAPE_REPRESENTATION( 'MRT26P10.16_SX', ( #303 ), #19 );
#34 = PRODUCT_RELATED_PRODUCT_CATEGORY( 'detail', ' ', ( #304 ) );
#35 = ( REPRESENTATION_RELATIONSHIP( '', '', #38, #27 )REPRESENTATION_RELATIONSHIP_WITH_TRANSFORMATION( #307 )SHAPE_REPRESENTATION_RELATIONSHIP(  ) );
#36 = PRODUCT_DEFINITION_SHAPE( 'NAUO-PROD-DEF', 'NAUO-PROD-DEF', #309 );
#37 = PRODUCT_DEFINITION_SHAPE( 'NONE', 'NONE', #310 );
#38 = SHAPE_REPRESENTATION( 'MRT26P10.16_CNT', ( #290 ), #295 );
#39 = ADVANCED_BREP_SHAPE_REPRESENTATION( 'MRT26P10.16_CNT', ( #311 ), #19 );
#40 = ( REPRESENTATION_RELATIONSHIP( '', '', #38, #27 )REPRESENTATION_RELATIONSHIP_WITH_TRANSFORMATION( #314 )SHAPE_REPRESENTATION_RELATIONSHIP(  ) );
#41 = PRODUCT_DEFINITION_SHAPE( 'NAUO-PROD-DEF', 'NAUO-PROD-DEF', #316 );
#42 = PRODUCT_RELATED_PRODUCT_CATEGORY( 'detail', ' ', ( #317 ) );
#43 = ( REPRESENTATION_RELATIONSHIP( '', '', #46, #27 )REPRESENTATION_RELATIONSHIP_WITH_TRANSFORMATION( #320 )SHAPE_REPRESENTATION_RELATIONSHIP(  ) );
#44 = PRODUCT_DEFINITION_SHAPE( 'NAUO-PROD-DEF', 'NAUO-PROD-DEF', #322 );
#45 = PRODUCT_DEFINITION_SHAPE( 'NONE', 'NONE', #323 );
#46 = SHAPE_REPRESENTATION( 'MRT26P10.16_DX', ( #290 ), #295 );
#47 = ADVANCED_BREP_SHAPE_REPRESENTATION( 'MRT26P10.16_DX', ( #324 ), #19 );
#48 = STYLED_ITEM( '', ( #325 ), #326 );
#49 = STYLED_ITEM( '', ( #327 ), #328 );
#50 = STYLED_ITEM( '', ( #329 ), #330 );
#51 = STYLED_ITEM( '', ( #331 ), #332 );
#52 = STYLED_ITEM( '', ( #333 ), #334 );
#53 = STYLED_ITEM( '', ( #335 ), #336 );
#54 = STYLED_ITEM( '', ( #337 ), #338 );
#55 = STYLED_ITEM( '', ( #339 ), #340 );
#56 = STYLED_ITEM( '', ( #341 ), #342 );
#57 = STYLED_ITEM( '', ( #343 ), #344 );
#58 = STYLED_ITEM( '', ( #345 ), #346 );
#59 = STYLED_ITEM( '', ( #347 ), #348 );
#60 = STYLED_ITEM( '', ( #349 ), #350 );
#61 = STYLED_ITEM( '', ( #351 ), #352 );
#62 = STYLED_ITEM( '', ( #353 ), #354 );
#63 = STYLED_ITEM( '', ( #355 ), #356 );
#64 = STYLED_ITEM( '', ( #357 ), #358 );
#65 = STYLED_ITEM( '', ( #359 ), #360 );
#66 = STYLED_ITEM( '', ( #361 ), #362 );
#67 = STYLED_ITEM( '', ( #363 ), #364 );
#68 = STYLED_ITEM( '', ( #365 ), #366 );
#69 = STYLED_ITEM( '', ( #367 ), #368 );
#70 = STYLED_ITEM( '', ( #369 ), #370 );
#71 = STYLED_ITEM( '', ( #371 ), #372 );
#72 = STYLED_ITEM( '', ( #373 ), #374 );
#73 = STYLED_ITEM( '', ( #375 ), #376 );
#74 = STYLED_ITEM( '', ( #377 ), #378 );
#75 = STYLED_ITEM( '', ( #379 ), #380 );
#76 = STYLED_ITEM( '', ( #381 ), #382 );
#77 = STYLED_ITEM( '', ( #383 ), #384 );
#78 = STYLED_ITEM( '', ( #385 ), #386 );
#79 = STYLED_ITEM( '', ( #387 ), #388 );
#80 = STYLED_ITEM( '', ( #389 ), #390 );
#81 = STYLED_ITEM( '', ( #391 ), #392 );
#82 = STYLED_ITEM( '', ( #393 ), #394 );
#83 = STYLED_ITEM( '', ( #395 ), #396 );
#84 = STYLED_ITEM( '', ( #397 ), #398 );
#85 = STYLED_ITEM( '', ( #399 ), #400 );
#86 = STYLED_ITEM( '', ( #401 ), #402 );
#87 = STYLED_ITEM( '', ( #403 ), #404 );
#88 = STYLED_ITEM( '', ( #405 ), #406 );
#89 = STYLED_ITEM( '', ( #407 ), #408 );
#90 = STYLED_ITEM( '', ( #409 ), #410 );
#91 = STYLED_ITEM( '', ( #411 ), #412 );
#92 = STYLED_ITEM( '', ( #413 ), #414 );
#93 = STYLED_ITEM( '', ( #415 ), #416 );
#94 = STYLED_ITEM( '', ( #417 ), #418 );
#95 = STYLED_ITEM( '', ( #419 ), #420 );
#96 = STYLED_ITEM( '', ( #421 ), #422 );
#97 = STYLED_ITEM( '', ( #423 ), #424 );
#98 = STYLED_ITEM( '', ( #425 ), #426 );
#99 = STYLED_ITEM( '', ( #427 ), #428 );
#100 = STYLED_ITEM( '', ( #429 ), #430 );
#101 = STYLED_ITEM( '', ( #431 ), #432 );
#102 = STYLED_ITEM( '', ( #433 ), #434 );
#103 = STYLED_ITEM( '', ( #435 ), #436 );
#104 = STYLED_ITEM( '', ( #437 ), #438 );
#105 = STYLED_ITEM( '', ( #439 ), #440 );
#106 = STYLED_ITEM( '', ( #441 ), #442 );
#107 = STYLED_ITEM( '', ( #443 ), #444 );
#108 = STYLED_ITEM( '', ( #445 ), #446 );
#109 = STYLED_ITEM( '', ( #447 ), #448 );
#110 = STYLED_ITEM( '', ( #449 ), #450 );
#111 = STYLED_ITEM( '', ( #451 ), #452 );
#112 = STYLED_ITEM( '', ( #453 ), #454 );
#113 = STYLED_ITEM( '', ( #455 ), #456 );
#114 = STYLED_ITEM( '', ( #457 ), #458 );
#115 = STYLED_ITEM( '', ( #459 ), #460 );
#116 = STYLED_ITEM( '', ( #461 ), #462 );
#117 = STYLED_ITEM( '', ( #463 ), #464 );
#118 = STYLED_ITEM( '', ( #465 ), #466 );
#119 = STYLED_ITEM( '', ( #467 ), #468 );
#120 = STYLED_ITEM( '', ( #469 ), #470 );
#121 = STYLED_ITEM( '', ( #471 ), #472 );
#122 = STYLED_ITEM( '', ( #473 ), #474 );
#123 = STYLED_ITEM( '', ( #475 ), #476 );
#124 = STYLED_ITEM( '', ( #477 ), #478 );
#125 = STYLED_ITEM( '', ( #479 ), #480 );
#126 = STYLED_ITEM( '', ( #481 ), #482 );
#127 = STYLED_ITEM( '', ( #483 ), #484 );
#128 = STYLED_ITEM( '', ( #485 ), #486 );
#129 = STYLED_ITEM( '', ( #487 ), #488 );
#130 = STYLED_ITEM( '', ( #489 ), #490 );
#131 = STYLED_ITEM( '', ( #491 ), #492 );
#132 = STYLED_ITEM( '', ( #493 ), #494 );
#133 = STYLED_ITEM( '', ( #495 ), #496 );
#134 = STYLED_ITEM( '', ( #497 ), #498 );
#135 = STYLED_ITEM( '', ( #499 ), #500 );
#136 = STYLED_ITEM( '', ( #501 ), #502 );
#137 = STYLED_ITEM( '', ( #503 ), #504 );
#138 = STYLED_ITEM( '', ( #505 ), #506 );
#139 = STYLED_ITEM( '', ( #507 ), #508 );
#140 = STYLED_ITEM( '', ( #509 ), #510 );
#141 = STYLED_ITEM( '', ( #511 ), #512 );
#142 = STYLED_ITEM( '', ( #513 ), #514 );
#143 = STYLED_ITEM( '', ( #515 ), #516 );
#144 = STYLED_ITEM( '', ( #517 ), #518 );
#145 = STYLED_ITEM( '', ( #519 ), #520 );
#146 = STYLED_ITEM( '', ( #521 ), #522 );
#147 = STYLED_ITEM( '', ( #523 ), #524 );
#148 = STYLED_ITEM( '', ( #525 ), #526 );
#149 = STYLED_ITEM( '', ( #527 ), #528 );
#150 = STYLED_ITEM( '', ( #529 ), #530 );
#151 = STYLED_ITEM( '', ( #531 ), #532 );
#152 = STYLED_ITEM( '', ( #533 ), #534 );
#153 = STYLED_ITEM( '', ( #535 ), #536 );
#154 = STYLED_ITEM( '', ( #537 ), #538 );
#155 = STYLED_ITEM( '', ( #539 ), #540 );
#156 = STYLED_ITEM( '', ( #541 ), #542 );
#157 = STYLED_ITEM( '', ( #543 ), #544 );
#158 = STYLED_ITEM( '', ( #545 ), #546 );
#159 = STYLED_ITEM( '', ( #547 ), #548 );
#160 = STYLED_ITEM( '', ( #549 ), #550 );
#161 = STYLED_ITEM( '', ( #551 ), #552 );
#162 = STYLED_ITEM( '', ( #553 ), #554 );
#163 = STYLED_ITEM( '', ( #555 ), #556 );
#164 = STYLED_ITEM( '', ( #557 ), #558 );
#165 = STYLED_ITEM( '', ( #559 ), #560 );
#166 = STYLED_ITEM( '', ( #561 ), #562 );
#167 = STYLED_ITEM( '', ( #563 ), #564 );
#168 = STYLED_ITEM( '', ( #565 ), #566 );
#169 = STYLED_ITEM( '', ( #567 ), #568 );
#170 = STYLED_ITEM( '', ( #569 ), #570 );
#171 = STYLED_ITEM( '', ( #571 ), #572 );
#172 = STYLED_ITEM( '', ( #573 ), #574 );
#173 = STYLED_ITEM( '', ( #575 ), #576 );
#174 = STYLED_ITEM( '', ( #577 ), #578 );
#175 = STYLED_ITEM( '', ( #579 ), #580 );
#176 = STYLED_ITEM( '', ( #581 ), #582 );
#177 = STYLED_ITEM( '', ( #583 ), #584 );
#178 = STYLED_ITEM( '', ( #585 ), #586 );
#179 = STYLED_ITEM( '', ( #587 ), #588 );
#180 = STYLED_ITEM( '', ( #589 ), #590 );
#181 = STYLED_ITEM( '', ( #591 ), #592 );
#182 = STYLED_ITEM( '', ( #593 ), #594 );
#183 = STYLED_ITEM( '', ( #595 ), #596 );
#184 = STYLED_ITEM( '', ( #597 ), #598 );
#185 = STYLED_ITEM( '', ( #599 ), #600 );
#186 = STYLED_ITEM( '', ( #601 ), #602 );
#187 = STYLED_ITEM( '', ( #603 ), #604 );
#188 = STYLED_ITEM( '', ( #605 ), #606 );
#189 = STYLED_ITEM( '', ( #607 ), #608 );
#190 = STYLED_ITEM( '', ( #609 ), #610 );
#191 = STYLED_ITEM( '', ( #611 ), #612 );
#192 = STYLED_ITEM( '', ( #613 ), #614 );
#193 = STYLED_ITEM( '', ( #615 ), #616 );
#194 = STYLED_ITEM( '', ( #617 ), #618 );
#195 = STYLED_ITEM( '', ( #619 ), #620 );
#196 = STYLED_ITEM( '', ( #621 ), #622 );
#197 = STYLED_ITEM( '', ( #623 ), #624 );
#198 = STYLED_ITEM( '', ( #625 ), #626 );
#199 = STYLED_ITEM( '', ( #627 ), #628 );
#200 = STYLED_ITEM( '', ( #629 ), #630 );
#201 = STYLED_ITEM( '', ( #631 ), #632 );
#202 = STYLED_ITEM( '', ( #633 ), #634 );
#203 = STYLED_ITEM( '', ( #635 ), #636 );
#204 = STYLED_ITEM( '', ( #637 ), #638 );
#205 = STYLED_ITEM( '', ( #639 ), #640 );
#206 = STYLED_ITEM( '', ( #641 ), #642 );
#207 = STYLED_ITEM( '', ( #643 ), #644 );
#208 = STYLED_ITEM( '', ( #645 ), #646 );
#209 = STYLED_ITEM( '', ( #647 ), #648 );
#210 = STYLED_ITEM( '', ( #649 ), #650 );
#211 = STYLED_ITEM( '', ( #651 ), #652 );
#212 = STYLED_ITEM( '', ( #653 ), #654 );
#213 = STYLED_ITEM( '', ( #655 ), #656 );
#214 = STYLED_ITEM( '', ( #657 ), #658 );
#215 = STYLED_ITEM( '', ( #659 ), #660 );
#216 = STYLED_ITEM( '', ( #661 ), #662 );
#217 = STYLED_ITEM( '', ( #663 ), #664 );
#218 = STYLED_ITEM( '', ( #665 ), #666 );
#219 = STYLED_ITEM( '', ( #667 ), #668 );
#220 = STYLED_ITEM( '', ( #669 ), #670 );
#221 = STYLED_ITEM( '', ( #671 ), #672 );
#222 = STYLED_ITEM( '', ( #673 ), #674 );
#223 = STYLED_ITEM( '', ( #675 ), #676 );
#224 = STYLED_ITEM( '', ( #677 ), #678 );
#225 = STYLED_ITEM( '', ( #679 ), #680 );
#226 = STYLED_ITEM( '', ( #681 ), #682 );
#227 = STYLED_ITEM( '', ( #683 ), #684 );
#228 = STYLED_ITEM( '', ( #685 ), #686 );
#229 = STYLED_ITEM( '', ( #687 ), #688 );
#230 = STYLED_ITEM( '', ( #689 ), #690 );
#231 = STYLED_ITEM( '', ( #691 ), #692 );
#232 = STYLED_ITEM( '', ( #693 ), #694 );
#233 = STYLED_ITEM( '', ( #695 ), #696 );
#234 = STYLED_ITEM( '', ( #697 ), #698 );
#235 = STYLED_ITEM( '', ( #699 ), #700 );
#236 = STYLED_ITEM( '', ( #701 ), #702 );
#237 = STYLED_ITEM( '', ( #703 ), #704 );
#238 = STYLED_ITEM( '', ( #705 ), #706 );
#239 = STYLED_ITEM( '', ( #707 ), #708 );
#240 = STYLED_ITEM( '', ( #709 ), #710 );
#241 = STYLED_ITEM( '', ( #711 ), #712 );
#242 = STYLED_ITEM( '', ( #713 ), #714 );
#243 = STYLED_ITEM( '', ( #715 ), #716 );
#244 = STYLED_ITEM( '', ( #717 ), #718 );
#245 = STYLED_ITEM( '', ( #719 ), #720 );
#246 = STYLED_ITEM( '', ( #721 ), #722 );
#247 = STYLED_ITEM( '', ( #723 ), #724 );
#248 = STYLED_ITEM( '', ( #725 ), #726 );
#249 = STYLED_ITEM( '', ( #727 ), #728 );
#250 = STYLED_ITEM( '', ( #729 ), #730 );
#251 = STYLED_ITEM( '', ( #731 ), #732 );
#252 = STYLED_ITEM( '', ( #733 ), #734 );
#253 = STYLED_ITEM( '', ( #735 ), #736 );
#254 = STYLED_ITEM( '', ( #737 ), #738 );
#255 = STYLED_ITEM( '', ( #739 ), #740 );
#256 = STYLED_ITEM( '', ( #741 ), #742 );
#257 = STYLED_ITEM( '', ( #743 ), #744 );
#258 = STYLED_ITEM( '', ( #745 ), #746 );
#259 = STYLED_ITEM( '', ( #747 ), #748 );
#260 = STYLED_ITEM( '', ( #749 ), #750 );
#261 = STYLED_ITEM( '', ( #751 ), #752 );
#262 = STYLED_ITEM( '', ( #753 ), #754 );
#263 = STYLED_ITEM( '', ( #755 ), #756 );
#264 = STYLED_ITEM( '', ( #757 ), #758 );
#265 = STYLED_ITEM( '', ( #759 ), #760 );
#266 = STYLED_ITEM( '', ( #761 ), #762 );
#267 = STYLED_ITEM( '', ( #763 ), #764 );
#268 = STYLED_ITEM( '', ( #765 ), #766 );
#269 = STYLED_ITEM( '', ( #767 ), #768 );
#270 = STYLED_ITEM( '', ( #769 ), #770 );
#271 = STYLED_ITEM( '', ( #771 ), #772 );
#272 = STYLED_ITEM( '', ( #773 ), #774 );
#273 = STYLED_ITEM( '', ( #775 ), #776 );
#274 = STYLED_ITEM( '', ( #777 ), #778 );
#275 = STYLED_ITEM( '', ( #779 ), #780 );
#276 = STYLED_ITEM( '', ( #781 ), #782 );
#277 = STYLED_ITEM( '', ( #783 ), #784 );
#278 = STYLED_ITEM( '', ( #785 ), #786 );
#279 = STYLED_ITEM( '', ( #787 ), #788 );
#282 = UNCERTAINTY_MEASURE_WITH_UNIT( LENGTH_MEASURE( 0.00100000000000000 ), #284, '', '' );
#284 =  ( CONVERSION_BASED_UNIT( 'MILLIMETRE', #791 )LENGTH_UNIT(  )NAMED_UNIT( #794 ) );
#285 =  ( NAMED_UNIT( #796 )PLANE_ANGLE_UNIT(  )SI_UNIT( $, .RADIAN. ) );
#286 =  ( NAMED_UNIT( #796 )SI_UNIT( $, .STERADIAN. )SOLID_ANGLE_UNIT(  ) );
#288 = PRODUCT( 'Assem1', 'Assem1', 'PART-Assem1-DESC', ( #802 ) );
#289 = PRODUCT_DEFINITION( 'NONE', 'NONE', #803, #1 );
#290 = AXIS2_PLACEMENT_3D( '', #804, #805, #806 );
#291 = AXIS2_PLACEMENT_3D( '', #807, #808, #809 );
#292 = AXIS2_PLACEMENT_3D( '', #810, #811, #812 );
#293 = AXIS2_PLACEMENT_3D( '', #813, #814, #815 );
#294 = AXIS2_PLACEMENT_3D( '', #816, #817, #818 );
#295 =  ( GEOMETRIC_REPRESENTATION_CONTEXT( 3 )GLOBAL_UNCERTAINTY_ASSIGNED_CONTEXT( ( #821 ) )GLOBAL_UNIT_ASSIGNED_CONTEXT( ( #823, #824, #825 ) )REPRESENTATION_CONTEXT( 'NONE', 'WORKSPACE' ) );
#296 = PRODUCT( 'MRT26P10.16_SX', 'MRT26P10.16_SX', 'PART-MRT26P10.16_SX-DESC', ( #802 ) );
#299 = ITEM_DEFINED_TRANSFORMATION( '', '', #290, #291 );
#301 = NEXT_ASSEMBLY_USAGE_OCCURRENCE( 'NAUO1', 'MRT26P10.16_SX', 'MRT26P10.16_SX', #289, #302, $ );
#302 = PRODUCT_DEFINITION( 'MRT26P10.16_SX', 'MRT26P10.16_SX', #827, #1 );
#303 = MANIFOLD_SOLID_BREP( 'MRT26P10.16_SX', #828 );
#304 = PRODUCT( 'MRT26P10.16_CNT', 'MRT26P10.16_CNT', 'PART-MRT26P10.16_CNT-DESC', ( #802 ) );
#307 = ITEM_DEFINED_TRANSFORMATION( '', '', #290, #292 );
#309 = NEXT_ASSEMBLY_USAGE_OCCURRENCE( 'NAUO2', 'MRT26P10.16_CNT', 'MRT26P10.16_CNT', #289, #310, $ );
#310 = PRODUCT_DEFINITION( 'MRT26P10.16_CNT', 'MRT26P10.16_CNT', #829, #1 );
#311 = MANIFOLD_SOLID_BREP( 'MRT26P10.16_CNT', #830 );
#314 = ITEM_DEFINED_TRANSFORMATION( '', '', #290, #293 );
#316 = NEXT_ASSEMBLY_USAGE_OCCURRENCE( 'NAUO3', 'MRT26P10.16_CNT', 'MRT26P10.16_CNT', #289, #310, $ );
#317 = PRODUCT( 'MRT26P10.16_DX', 'MRT26P10.16_DX', 'PART-MRT26P10.16_DX-DESC', ( #802 ) );
#320 = ITEM_DEFINED_TRANSFORMATION( '', '', #290, #294 );
#322 = NEXT_ASSEMBLY_USAGE_OCCURRENCE( 'NAUO4', 'MRT26P10.16_DX', 'MRT26P10.16_DX', #289, #323, $ );
#323 = PRODUCT_DEFINITION( 'MRT26P10.16_DX', 'MRT26P10.16_DX', #831, #1 );
#324 = MANIFOLD_SOLID_BREP( 'MRT26P10.16_DX', #832 );
#325 = PRESENTATION_STYLE_ASSIGNMENT( ( #833 ) );
#326 = ADVANCED_FACE( '', ( #834 ), #835, .F. );
#327 = PRESENTATION_STYLE_ASSIGNMENT( ( #836 ) );
#328 = ADVANCED_FACE( '', ( #837 ), #838, .T. );
#329 = PRESENTATION_STYLE_ASSIGNMENT( ( #839 ) );
#330 = ADVANCED_FACE( '', ( #840 ), #841, .T. );
#331 = PRESENTATION_STYLE_ASSIGNMENT( ( #842 ) );
#332 = ADVANCED_FACE( '', ( #843 ), #844, .T. );
#333 = PRESENTATION_STYLE_ASSIGNMENT( ( #845 ) );
#334 = ADVANCED_FACE( '', ( #846 ), #847, .T. );
#335 = PRESENTATION_STYLE_ASSIGNMENT( ( #848 ) );
#336 = ADVANCED_FACE( '', ( #849 ), #850, .T. );
#337 = PRESENTATION_STYLE_ASSIGNMENT( ( #851 ) );
#338 = ADVANCED_FACE( '', ( #852 ), #853, .F. );
#339 = PRESENTATION_STYLE_ASSIGNMENT( ( #854 ) );
#340 = ADVANCED_FACE( '', ( #855 ), #856, .F. );
#341 = PRESENTATION_STYLE_ASSIGNMENT( ( #857 ) );
#342 = ADVANCED_FACE( '', ( #858 ), #859, .F. );
#343 = PRESENTATION_STYLE_ASSIGNMENT( ( #860 ) );
#344 = ADVANCED_FACE( '', ( #861 ), #862, .F. );
#345 = PRESENTATION_STYLE_ASSIGNMENT( ( #863 ) );
#346 = ADVANCED_FACE( '', ( #864 ), #865, .F. );
#347 = PRESENTATION_STYLE_ASSIGNMENT( ( #866 ) );
#348 = ADVANCED_FACE( '', ( #867 ), #868, .T. );
#349 = PRESENTATION_STYLE_ASSIGNMENT( ( #869 ) );
#350 = ADVANCED_FACE( '', ( #870 ), #871, .F. );
#351 = PRESENTATION_STYLE_ASSIGNMENT( ( #872 ) );
#352 = ADVANCED_FACE( '', ( #873 ), #874, .T. );
#353 = PRESENTATION_STYLE_ASSIGNMENT( ( #875 ) );
#354 = ADVANCED_FACE( '', ( #876 ), #877, .T. );
#355 = PRESENTATION_STYLE_ASSIGNMENT( ( #878 ) );
#356 = ADVANCED_FACE( '', ( #879 ), #880, .T. );
#357 = PRESENTATION_STYLE_ASSIGNMENT( ( #881 ) );
#358 = ADVANCED_FACE( '', ( #882 ), #883, .F. );
#359 = PRESENTATION_STYLE_ASSIGNMENT( ( #884 ) );
#360 = ADVANCED_FACE( '', ( #885 ), #886, .F. );
#361 = PRESENTATION_STYLE_ASSIGNMENT( ( #887 ) );
#362 = ADVANCED_FACE( '', ( #888 ), #889, .T. );
#363 = PRESENTATION_STYLE_ASSIGNMENT( ( #890 ) );
#364 = ADVANCED_FACE( '', ( #891 ), #892, .F. );
#365 = PRESENTATION_STYLE_ASSIGNMENT( ( #893 ) );
#366 = ADVANCED_FACE( '', ( #894 ), #895, .F. );
#367 = PRESENTATION_STYLE_ASSIGNMENT( ( #896 ) );
#368 = ADVANCED_FACE( '', ( #897 ), #898, .F. );
#369 = PRESENTATION_STYLE_ASSIGNMENT( ( #899 ) );
#370 = ADVANCED_FACE( '', ( #900 ), #901, .F. );
#371 = PRESENTATION_STYLE_ASSIGNMENT( ( #902 ) );
#372 = ADVANCED_FACE( '', ( #903 ), #904, .F. );
#373 = PRESENTATION_STYLE_ASSIGNMENT( ( #905 ) );
#374 = ADVANCED_FACE( '', ( #906 ), #907, .T. );
#375 = PRESENTATION_STYLE_ASSIGNMENT( ( #908 ) );
#376 = ADVANCED_FACE( '', ( #909 ), #910, .T. );
#377 = PRESENTATION_STYLE_ASSIGNMENT( ( #911 ) );
#378 = ADVANCED_FACE( '', ( #912 ), #913, .F. );
#379 = PRESENTATION_STYLE_ASSIGNMENT( ( #914 ) );
#380 = ADVANCED_FACE( '', ( #915 ), #916, .T. );
#381 = PRESENTATION_STYLE_ASSIGNMENT( ( #917 ) );
#382 = ADVANCED_FACE( '', ( #918 ), #919, .F. );
#383 = PRESENTATION_STYLE_ASSIGNMENT( ( #920 ) );
#384 = ADVANCED_FACE( '', ( #921 ), #922, .F. );
#385 = PRESENTATION_STYLE_ASSIGNMENT( ( #923 ) );
#386 = ADVANCED_FACE( '', ( #924 ), #925, .T. );
#387 = PRESENTATION_STYLE_ASSIGNMENT( ( #926 ) );
#388 = ADVANCED_FACE( '', ( #927 ), #928, .T. );
#389 = PRESENTATION_STYLE_ASSIGNMENT( ( #929 ) );
#390 = ADVANCED_FACE( '', ( #930 ), #931, .F. );
#391 = PRESENTATION_STYLE_ASSIGNMENT( ( #932 ) );
#392 = ADVANCED_FACE( '', ( #933 ), #934, .F. );
#393 = PRESENTATION_STYLE_ASSIGNMENT( ( #935 ) );
#394 = ADVANCED_FACE( '', ( #936 ), #937, .F. );
#395 = PRESENTATION_STYLE_ASSIGNMENT( ( #938 ) );
#396 = ADVANCED_FACE( '', ( #939 ), #940, .F. );
#397 = PRESENTATION_STYLE_ASSIGNMENT( ( #941 ) );
#398 = ADVANCED_FACE( '', ( #942 ), #943, .T. );
#399 = PRESENTATION_STYLE_ASSIGNMENT( ( #944 ) );
#400 = ADVANCED_FACE( '', ( #945 ), #946, .T. );
#401 = PRESENTATION_STYLE_ASSIGNMENT( ( #947 ) );
#402 = ADVANCED_FACE( '', ( #948 ), #949, .T. );
#403 = PRESENTATION_STYLE_ASSIGNMENT( ( #950 ) );
#404 = ADVANCED_FACE( '', ( #951 ), #952, .F. );
#405 = PRESENTATION_STYLE_ASSIGNMENT( ( #953 ) );
#406 = ADVANCED_FACE( '', ( #954 ), #955, .T. );
#407 = PRESENTATION_STYLE_ASSIGNMENT( ( #956 ) );
#408 = ADVANCED_FACE( '', ( #957 ), #958, .T. );
#409 = PRESENTATION_STYLE_ASSIGNMENT( ( #959 ) );
#410 = ADVANCED_FACE( '', ( #960 ), #961, .T. );
#411 = PRESENTATION_STYLE_ASSIGNMENT( ( #962 ) );
#412 = ADVANCED_FACE( '', ( #963 ), #964, .F. );
#413 = PRESENTATION_STYLE_ASSIGNMENT( ( #965 ) );
#414 = ADVANCED_FACE( '', ( #966 ), #967, .T. );
#415 = PRESENTATION_STYLE_ASSIGNMENT( ( #968 ) );
#416 = ADVANCED_FACE( '', ( #969 ), #970, .F. );
#417 = PRESENTATION_STYLE_ASSIGNMENT( ( #971 ) );
#418 = ADVANCED_FACE( '', ( #972 ), #973, .F. );
#419 = PRESENTATION_STYLE_ASSIGNMENT( ( #974 ) );
#420 = ADVANCED_FACE( '', ( #975 ), #976, .T. );
#421 = PRESENTATION_STYLE_ASSIGNMENT( ( #977 ) );
#422 = ADVANCED_FACE( '', ( #978 ), #979, .T. );
#423 = PRESENTATION_STYLE_ASSIGNMENT( ( #980 ) );
#424 = ADVANCED_FACE( '', ( #981 ), #982, .F. );
#425 = PRESENTATION_STYLE_ASSIGNMENT( ( #983 ) );
#426 = ADVANCED_FACE( '', ( #984 ), #985, .T. );
#427 = PRESENTATION_STYLE_ASSIGNMENT( ( #986 ) );
#428 = ADVANCED_FACE( '', ( #987 ), #988, .T. );
#429 = PRESENTATION_STYLE_ASSIGNMENT( ( #989 ) );
#430 = ADVANCED_FACE( '', ( #990 ), #991, .T. );
#431 = PRESENTATION_STYLE_ASSIGNMENT( ( #992 ) );
#432 = ADVANCED_FACE( '', ( #993 ), #994, .T. );
#433 = PRESENTATION_STYLE_ASSIGNMENT( ( #995 ) );
#434 = ADVANCED_FACE( '', ( #996 ), #997, .F. );
#435 = PRESENTATION_STYLE_ASSIGNMENT( ( #998 ) );
#436 = ADVANCED_FACE( '', ( #999 ), #1000, .T. );
#437 = PRESENTATION_STYLE_ASSIGNMENT( ( #1001 ) );
#438 = ADVANCED_FACE( '', ( #1002 ), #1003, .F. );
#439 = PRESENTATION_STYLE_ASSIGNMENT( ( #1004 ) );
#440 = ADVANCED_FACE( '', ( #1005 ), #1006, .T. );
#441 = PRESENTATION_STYLE_ASSIGNMENT( ( #1007 ) );
#442 = ADVANCED_FACE( '', ( #1008 ), #1009, .T. );
#443 = PRESENTATION_STYLE_ASSIGNMENT( ( #1010 ) );
#444 = ADVANCED_FACE( '', ( #1011 ), #1012, .T. );
#445 = PRESENTATION_STYLE_ASSIGNMENT( ( #1013 ) );
#446 = ADVANCED_FACE( '', ( #1014 ), #1015, .F. );
#447 = PRESENTATION_STYLE_ASSIGNMENT( ( #1016 ) );
#448 = ADVANCED_FACE( '', ( #1017 ), #1018, .T. );
#449 = PRESENTATION_STYLE_ASSIGNMENT( ( #1019 ) );
#450 = ADVANCED_FACE( '', ( #1020 ), #1021, .T. );
#451 = PRESENTATION_STYLE_ASSIGNMENT( ( #1022 ) );
#452 = ADVANCED_FACE( '', ( #1023 ), #1024, .F. );
#453 = PRESENTATION_STYLE_ASSIGNMENT( ( #1025 ) );
#454 = ADVANCED_FACE( '', ( #1026 ), #1027, .F. );
#455 = PRESENTATION_STYLE_ASSIGNMENT( ( #1028 ) );
#456 = ADVANCED_FACE( '', ( #1029 ), #1030, .T. );
#457 = PRESENTATION_STYLE_ASSIGNMENT( ( #1031 ) );
#458 = ADVANCED_FACE( '', ( #1032 ), #1033, .F. );
#459 = PRESENTATION_STYLE_ASSIGNMENT( ( #1034 ) );
#460 = ADVANCED_FACE( '', ( #1035 ), #1036, .T. );
#461 = PRESENTATION_STYLE_ASSIGNMENT( ( #1037 ) );
#462 = ADVANCED_FACE( '', ( #1038 ), #1039, .F. );
#463 = PRESENTATION_STYLE_ASSIGNMENT( ( #1040 ) );
#464 = ADVANCED_FACE( '', ( #1041 ), #1042, .T. );
#465 = PRESENTATION_STYLE_ASSIGNMENT( ( #1043 ) );
#466 = ADVANCED_FACE( '', ( #1044 ), #1045, .F. );
#467 = PRESENTATION_STYLE_ASSIGNMENT( ( #1046 ) );
#468 = ADVANCED_FACE( '', ( #1047 ), #1048, .T. );
#469 = PRESENTATION_STYLE_ASSIGNMENT( ( #1049 ) );
#470 = ADVANCED_FACE( '', ( #1050 ), #1051, .F. );
#471 = PRESENTATION_STYLE_ASSIGNMENT( ( #1052 ) );
#472 = ADVANCED_FACE( '', ( #1053 ), #1054, .F. );
#473 = PRESENTATION_STYLE_ASSIGNMENT( ( #1055 ) );
#474 = ADVANCED_FACE( '', ( #1056 ), #1057, .T. );
#475 = PRESENTATION_STYLE_ASSIGNMENT( ( #1058 ) );
#476 = ADVANCED_FACE( '', ( #1059 ), #1060, .F. );
#477 = PRESENTATION_STYLE_ASSIGNMENT( ( #1061 ) );
#478 = ADVANCED_FACE( '', ( #1062 ), #1063, .T. );
#479 = PRESENTATION_STYLE_ASSIGNMENT( ( #1064 ) );
#480 = ADVANCED_FACE( '', ( #1065 ), #1066, .T. );
#481 = PRESENTATION_STYLE_ASSIGNMENT( ( #1067 ) );
#482 = ADVANCED_FACE( '', ( #1068 ), #1069, .F. );
#483 = PRESENTATION_STYLE_ASSIGNMENT( ( #1070 ) );
#484 = ADVANCED_FACE( '', ( #1071 ), #1072, .F. );
#485 = PRESENTATION_STYLE_ASSIGNMENT( ( #1073 ) );
#486 = ADVANCED_FACE( '', ( #1074 ), #1075, .T. );
#487 = PRESENTATION_STYLE_ASSIGNMENT( ( #1076 ) );
#488 = ADVANCED_FACE( '', ( #1077 ), #1078, .F. );
#489 = PRESENTATION_STYLE_ASSIGNMENT( ( #1079 ) );
#490 = ADVANCED_FACE( '', ( #1080 ), #1081, .F. );
#491 = PRESENTATION_STYLE_ASSIGNMENT( ( #1082 ) );
#492 = ADVANCED_FACE( '', ( #1083 ), #1084, .F. );
#493 = PRESENTATION_STYLE_ASSIGNMENT( ( #1085 ) );
#494 = ADVANCED_FACE( '', ( #1086 ), #1087, .F. );
#495 = PRESENTATION_STYLE_ASSIGNMENT( ( #1088 ) );
#496 = ADVANCED_FACE( '', ( #1089 ), #1090, .F. );
#497 = PRESENTATION_STYLE_ASSIGNMENT( ( #1091 ) );
#498 = ADVANCED_FACE( '', ( #1092 ), #1093, .F. );
#499 = PRESENTATION_STYLE_ASSIGNMENT( ( #1094 ) );
#500 = ADVANCED_FACE( '', ( #1095 ), #1096, .T. );
#501 = PRESENTATION_STYLE_ASSIGNMENT( ( #1097 ) );
#502 = ADVANCED_FACE( '', ( #1098 ), #1099, .T. );
#503 = PRESENTATION_STYLE_ASSIGNMENT( ( #1100 ) );
#504 = ADVANCED_FACE( '', ( #1101 ), #1102, .T. );
#505 = PRESENTATION_STYLE_ASSIGNMENT( ( #1103 ) );
#506 = ADVANCED_FACE( '', ( #1104 ), #1105, .F. );
#507 = PRESENTATION_STYLE_ASSIGNMENT( ( #1106 ) );
#508 = ADVANCED_FACE( '', ( #1107 ), #1108, .F. );
#509 = PRESENTATION_STYLE_ASSIGNMENT( ( #1109 ) );
#510 = ADVANCED_FACE( '', ( #1110 ), #1111, .T. );
#511 = PRESENTATION_STYLE_ASSIGNMENT( ( #1112 ) );
#512 = ADVANCED_FACE( '', ( #1113 ), #1114, .T. );
#513 = PRESENTATION_STYLE_ASSIGNMENT( ( #1115 ) );
#514 = ADVANCED_FACE( '', ( #1116 ), #1117, .T. );
#515 = PRESENTATION_STYLE_ASSIGNMENT( ( #1118 ) );
#516 = ADVANCED_FACE( '', ( #1119 ), #1120, .F. );
#517 = PRESENTATION_STYLE_ASSIGNMENT( ( #1121 ) );
#518 = ADVANCED_FACE( '', ( #1122 ), #1123, .F. );
#519 = PRESENTATION_STYLE_ASSIGNMENT( ( #1124 ) );
#520 = ADVANCED_FACE( '', ( #1125 ), #1126, .T. );
#521 = PRESENTATION_STYLE_ASSIGNMENT( ( #1127 ) );
#522 = ADVANCED_FACE( '', ( #1128 ), #1129, .T. );
#523 = PRESENTATION_STYLE_ASSIGNMENT( ( #1130 ) );
#524 = ADVANCED_FACE( '', ( #1131 ), #1132, .F. );
#525 = PRESENTATION_STYLE_ASSIGNMENT( ( #1133 ) );
#526 = ADVANCED_FACE( '', ( #1134 ), #1135, .T. );
#527 = PRESENTATION_STYLE_ASSIGNMENT( ( #1136 ) );
#528 = ADVANCED_FACE( '', ( #1137 ), #1138, .T. );
#529 = PRESENTATION_STYLE_ASSIGNMENT( ( #1139 ) );
#530 = ADVANCED_FACE( '', ( #1140 ), #1141, .T. );
#531 = PRESENTATION_STYLE_ASSIGNMENT( ( #1142 ) );
#532 = ADVANCED_FACE( '', ( #1143 ), #1144, .F. );
#533 = PRESENTATION_STYLE_ASSIGNMENT( ( #1145 ) );
#534 = ADVANCED_FACE( '', ( #1146 ), #1147, .F. );
#535 = PRESENTATION_STYLE_ASSIGNMENT( ( #1148 ) );
#536 = ADVANCED_FACE( '', ( #1149 ), #1150, .T. );
#537 = PRESENTATION_STYLE_ASSIGNMENT( ( #1151 ) );
#538 = ADVANCED_FACE( '', ( #1152 ), #1153, .F. );
#539 = PRESENTATION_STYLE_ASSIGNMENT( ( #1154 ) );
#540 = ADVANCED_FACE( '', ( #1155 ), #1156, .T. );
#541 = PRESENTATION_STYLE_ASSIGNMENT( ( #1157 ) );
#542 = ADVANCED_FACE( '', ( #1158 ), #1159, .T. );
#543 = PRESENTATION_STYLE_ASSIGNMENT( ( #1160 ) );
#544 = ADVANCED_FACE( '', ( #1161 ), #1162, .T. );
#545 = PRESENTATION_STYLE_ASSIGNMENT( ( #1163 ) );
#546 = ADVANCED_FACE( '', ( #1164 ), #1165, .T. );
#547 = PRESENTATION_STYLE_ASSIGNMENT( ( #1166 ) );
#548 = ADVANCED_FACE( '', ( #1167 ), #1168, .F. );
#549 = PRESENTATION_STYLE_ASSIGNMENT( ( #1169 ) );
#550 = ADVANCED_FACE( '', ( #1170 ), #1171, .F. );
#551 = PRESENTATION_STYLE_ASSIGNMENT( ( #1172 ) );
#552 = ADVANCED_FACE( '', ( #1173 ), #1174, .F. );
#553 = PRESENTATION_STYLE_ASSIGNMENT( ( #1175 ) );
#554 = ADVANCED_FACE( '', ( #1176, #1177, #1178 ), #1179, .F. );
#555 = PRESENTATION_STYLE_ASSIGNMENT( ( #1180 ) );
#556 = ADVANCED_FACE( '', ( #1181 ), #1182, .T. );
#557 = PRESENTATION_STYLE_ASSIGNMENT( ( #1183 ) );
#558 = ADVANCED_FACE( '', ( #1184 ), #1185, .F. );
#559 = PRESENTATION_STYLE_ASSIGNMENT( ( #1186 ) );
#560 = ADVANCED_FACE( '', ( #1187 ), #1188, .T. );
#561 = PRESENTATION_STYLE_ASSIGNMENT( ( #1189 ) );
#562 = ADVANCED_FACE( '', ( #1190 ), #1191, .F. );
#563 = PRESENTATION_STYLE_ASSIGNMENT( ( #1192 ) );
#564 = ADVANCED_FACE( '', ( #1193 ), #1194, .T. );
#565 = PRESENTATION_STYLE_ASSIGNMENT( ( #1195 ) );
#566 = ADVANCED_FACE( '', ( #1196 ), #1197, .T. );
#567 = PRESENTATION_STYLE_ASSIGNMENT( ( #1198 ) );
#568 = ADVANCED_FACE( '', ( #1199 ), #1200, .F. );
#569 = PRESENTATION_STYLE_ASSIGNMENT( ( #1201 ) );
#570 = ADVANCED_FACE( '', ( #1202 ), #1203, .T. );
#571 = PRESENTATION_STYLE_ASSIGNMENT( ( #1204 ) );
#572 = ADVANCED_FACE( '', ( #1205 ), #1206, .T. );
#573 = PRESENTATION_STYLE_ASSIGNMENT( ( #1207 ) );
#574 = ADVANCED_FACE( '', ( #1208 ), #1209, .T. );
#575 = PRESENTATION_STYLE_ASSIGNMENT( ( #1210 ) );
#576 = ADVANCED_FACE( '', ( #1211 ), #1212, .T. );
#577 = PRESENTATION_STYLE_ASSIGNMENT( ( #1213 ) );
#578 = ADVANCED_FACE( '', ( #1214 ), #1215, .F. );
#579 = PRESENTATION_STYLE_ASSIGNMENT( ( #1216 ) );
#580 = ADVANCED_FACE( '', ( #1217 ), #1218, .T. );
#581 = PRESENTATION_STYLE_ASSIGNMENT( ( #1219 ) );
#582 = ADVANCED_FACE( '', ( #1220 ), #1221, .T. );
#583 = PRESENTATION_STYLE_ASSIGNMENT( ( #1222 ) );
#584 = ADVANCED_FACE( '', ( #1223 ), #1224, .F. );
#585 = PRESENTATION_STYLE_ASSIGNMENT( ( #1225 ) );
#586 = ADVANCED_FACE( '', ( #1226 ), #1227, .T. );
#587 = PRESENTATION_STYLE_ASSIGNMENT( ( #1228 ) );
#588 = ADVANCED_FACE( '', ( #1229 ), #1230, .F. );
#589 = PRESENTATION_STYLE_ASSIGNMENT( ( #1231 ) );
#590 = ADVANCED_FACE( '', ( #1232 ), #1233, .F. );
#591 = PRESENTATION_STYLE_ASSIGNMENT( ( #1234 ) );
#592 = ADVANCED_FACE( '', ( #1235 ), #1236, .T. );
#593 = PRESENTATION_STYLE_ASSIGNMENT( ( #1237 ) );
#594 = ADVANCED_FACE( '', ( #1238 ), #1239, .F. );
#595 = PRESENTATION_STYLE_ASSIGNMENT( ( #1240 ) );
#596 = ADVANCED_FACE( '', ( #1241 ), #1242, .F. );
#597 = PRESENTATION_STYLE_ASSIGNMENT( ( #1243 ) );
#598 = ADVANCED_FACE( '', ( #1244 ), #1245, .F. );
#599 = PRESENTATION_STYLE_ASSIGNMENT( ( #1246 ) );
#600 = ADVANCED_FACE( '', ( #1247 ), #1248, .T. );
#601 = PRESENTATION_STYLE_ASSIGNMENT( ( #1249 ) );
#602 = ADVANCED_FACE( '', ( #1250 ), #1251, .F. );
#603 = PRESENTATION_STYLE_ASSIGNMENT( ( #1252 ) );
#604 = ADVANCED_FACE( '', ( #1253 ), #1254, .F. );
#605 = PRESENTATION_STYLE_ASSIGNMENT( ( #1255 ) );
#606 = ADVANCED_FACE( '', ( #1256 ), #1257, .T. );
#607 = PRESENTATION_STYLE_ASSIGNMENT( ( #1258 ) );
#608 = ADVANCED_FACE( '', ( #1259 ), #1260, .F. );
#609 = PRESENTATION_STYLE_ASSIGNMENT( ( #1261 ) );
#610 = ADVANCED_FACE( '', ( #1262 ), #1263, .T. );
#611 = PRESENTATION_STYLE_ASSIGNMENT( ( #1264 ) );
#612 = ADVANCED_FACE( '', ( #1265 ), #1266, .T. );
#613 = PRESENTATION_STYLE_ASSIGNMENT( ( #1267 ) );
#614 = ADVANCED_FACE( '', ( #1268 ), #1269, .F. );
#615 = PRESENTATION_STYLE_ASSIGNMENT( ( #1270 ) );
#616 = ADVANCED_FACE( '', ( #1271 ), #1272, .T. );
#617 = PRESENTATION_STYLE_ASSIGNMENT( ( #1273 ) );
#618 = ADVANCED_FACE( '', ( #1274 ), #1275, .T. );
#619 = PRESENTATION_STYLE_ASSIGNMENT( ( #1276 ) );
#620 = ADVANCED_FACE( '', ( #1277 ), #1278, .T. );
#621 = PRESENTATION_STYLE_ASSIGNMENT( ( #1279 ) );
#622 = ADVANCED_FACE( '', ( #1280 ), #1281, .T. );
#623 = PRESENTATION_STYLE_ASSIGNMENT( ( #1282 ) );
#624 = ADVANCED_FACE( '', ( #1283 ), #1284, .F. );
#625 = PRESENTATION_STYLE_ASSIGNMENT( ( #1285 ) );
#626 = ADVANCED_FACE( '', ( #1286 ), #1287, .T. );
#627 = PRESENTATION_STYLE_ASSIGNMENT( ( #1288 ) );
#628 = ADVANCED_FACE( '', ( #1289 ), #1290, .F. );
#629 = PRESENTATION_STYLE_ASSIGNMENT( ( #1291 ) );
#630 = ADVANCED_FACE( '', ( #1292 ), #1293, .T. );
#631 = PRESENTATION_STYLE_ASSIGNMENT( ( #1294 ) );
#632 = ADVANCED_FACE( '', ( #1295 ), #1296, .F. );
#633 = PRESENTATION_STYLE_ASSIGNMENT( ( #1297 ) );
#634 = ADVANCED_FACE( '', ( #1298 ), #1299, .F. );
#635 = PRESENTATION_STYLE_ASSIGNMENT( ( #1300 ) );
#636 = ADVANCED_FACE( '', ( #1301 ), #1302, .F. );
#637 = PRESENTATION_STYLE_ASSIGNMENT( ( #1303 ) );
#638 = ADVANCED_FACE( '', ( #1304 ), #1305, .T. );
#639 = PRESENTATION_STYLE_ASSIGNMENT( ( #1306 ) );
#640 = ADVANCED_FACE( '', ( #1307 ), #1308, .F. );
#641 = PRESENTATION_STYLE_ASSIGNMENT( ( #1309 ) );
#642 = ADVANCED_FACE( '', ( #1310 ), #1311, .T. );
#643 = PRESENTATION_STYLE_ASSIGNMENT( ( #1312 ) );
#644 = ADVANCED_FACE( '', ( #1313 ), #1314, .T. );
#645 = PRESENTATION_STYLE_ASSIGNMENT( ( #1315 ) );
#646 = ADVANCED_FACE( '', ( #1316 ), #1317, .T. );
#647 = PRESENTATION_STYLE_ASSIGNMENT( ( #1318 ) );
#648 = ADVANCED_FACE( '', ( #1319 ), #1320, .F. );
#649 = PRESENTATION_STYLE_ASSIGNMENT( ( #1321 ) );
#650 = ADVANCED_FACE( '', ( #1322 ), #1323, .T. );
#651 = PRESENTATION_STYLE_ASSIGNMENT( ( #1324 ) );
#652 = ADVANCED_FACE( '', ( #1325 ), #1326, .F. );
#653 = PRESENTATION_STYLE_ASSIGNMENT( ( #1327 ) );
#654 = ADVANCED_FACE( '', ( #1328 ), #1329, .T. );
#655 = PRESENTATION_STYLE_ASSIGNMENT( ( #1330 ) );
#656 = ADVANCED_FACE( '', ( #1331 ), #1332, .T. );
#657 = PRESENTATION_STYLE_ASSIGNMENT( ( #1333 ) );
#658 = ADVANCED_FACE( '', ( #1334 ), #1335, .F. );
#659 = PRESENTATION_STYLE_ASSIGNMENT( ( #1336 ) );
#660 = ADVANCED_FACE( '', ( #1337 ), #1338, .T. );
#661 = PRESENTATION_STYLE_ASSIGNMENT( ( #1339 ) );
#662 = ADVANCED_FACE( '', ( #1340 ), #1341, .F. );
#663 = PRESENTATION_STYLE_ASSIGNMENT( ( #1342 ) );
#664 = ADVANCED_FACE( '', ( #1343 ), #1344, .T. );
#665 = PRESENTATION_STYLE_ASSIGNMENT( ( #1345 ) );
#666 = ADVANCED_FACE( '', ( #1346 ), #1347, .T. );
#667 = PRESENTATION_STYLE_ASSIGNMENT( ( #1348 ) );
#668 = ADVANCED_FACE( '', ( #1349 ), #1350, .F. );
#669 = PRESENTATION_STYLE_ASSIGNMENT( ( #1351 ) );
#670 = ADVANCED_FACE( '', ( #1352 ), #1353, .T. );
#671 = PRESENTATION_STYLE_ASSIGNMENT( ( #1354 ) );
#672 = ADVANCED_FACE( '', ( #1355 ), #1356, .F. );
#673 = PRESENTATION_STYLE_ASSIGNMENT( ( #1357 ) );
#674 = ADVANCED_FACE( '', ( #1358 ), #1359, .F. );
#675 = PRESENTATION_STYLE_ASSIGNMENT( ( #1360 ) );
#676 = ADVANCED_FACE( '', ( #1361 ), #1362, .T. );
#677 = PRESENTATION_STYLE_ASSIGNMENT( ( #1363 ) );
#678 = ADVANCED_FACE( '', ( #1364 ), #1365, .T. );
#679 = PRESENTATION_STYLE_ASSIGNMENT( ( #1366 ) );
#680 = ADVANCED_FACE( '', ( #1367 ), #1368, .T. );
#681 = PRESENTATION_STYLE_ASSIGNMENT( ( #1369 ) );
#682 = ADVANCED_FACE( '', ( #1370, #1371, #1372 ), #1373, .T. );
#683 = PRESENTATION_STYLE_ASSIGNMENT( ( #1374 ) );
#684 = ADVANCED_FACE( '', ( #1375 ), #1376, .T. );
#685 = PRESENTATION_STYLE_ASSIGNMENT( ( #1377 ) );
#686 = ADVANCED_FACE( '', ( #1378 ), #1379, .T. );
#687 = PRESENTATION_STYLE_ASSIGNMENT( ( #1380 ) );
#688 = ADVANCED_FACE( '', ( #1381 ), #1382, .T. );
#689 = PRESENTATION_STYLE_ASSIGNMENT( ( #1383 ) );
#690 = ADVANCED_FACE( '', ( #1384 ), #1385, .T. );
#691 = PRESENTATION_STYLE_ASSIGNMENT( ( #1386 ) );
#692 = ADVANCED_FACE( '', ( #1387 ), #1388, .F. );
#693 = PRESENTATION_STYLE_ASSIGNMENT( ( #1389 ) );
#694 = ADVANCED_FACE( '', ( #1390 ), #1391, .T. );
#695 = PRESENTATION_STYLE_ASSIGNMENT( ( #1392 ) );
#696 = ADVANCED_FACE( '', ( #1393 ), #1394, .T. );
#697 = PRESENTATION_STYLE_ASSIGNMENT( ( #1395 ) );
#698 = ADVANCED_FACE( '', ( #1396 ), #1397, .T. );
#699 = PRESENTATION_STYLE_ASSIGNMENT( ( #1398 ) );
#700 = ADVANCED_FACE( '', ( #1399 ), #1400, .T. );
#701 = PRESENTATION_STYLE_ASSIGNMENT( ( #1401 ) );
#702 = ADVANCED_FACE( '', ( #1402 ), #1403, .F. );
#703 = PRESENTATION_STYLE_ASSIGNMENT( ( #1404 ) );
#704 = ADVANCED_FACE( '', ( #1405 ), #1406, .F. );
#705 = PRESENTATION_STYLE_ASSIGNMENT( ( #1407 ) );
#706 = ADVANCED_FACE( '', ( #1408 ), #1409, .T. );
#707 = PRESENTATION_STYLE_ASSIGNMENT( ( #1410 ) );
#708 = ADVANCED_FACE( '', ( #1411 ), #1412, .T. );
#709 = PRESENTATION_STYLE_ASSIGNMENT( ( #1413 ) );
#710 = ADVANCED_FACE( '', ( #1414 ), #1415, .F. );
#711 = PRESENTATION_STYLE_ASSIGNMENT( ( #1416 ) );
#712 = ADVANCED_FACE( '', ( #1417 ), #1418, .F. );
#713 = PRESENTATION_STYLE_ASSIGNMENT( ( #1419 ) );
#714 = ADVANCED_FACE( '', ( #1420 ), #1421, .T. );
#715 = PRESENTATION_STYLE_ASSIGNMENT( ( #1422 ) );
#716 = ADVANCED_FACE( '', ( #1423 ), #1424, .T. );
#717 = PRESENTATION_STYLE_ASSIGNMENT( ( #1425 ) );
#718 = ADVANCED_FACE( '', ( #1426 ), #1427, .T. );
#719 = PRESENTATION_STYLE_ASSIGNMENT( ( #1428 ) );
#720 = ADVANCED_FACE( '', ( #1429 ), #1430, .T. );
#721 = PRESENTATION_STYLE_ASSIGNMENT( ( #1431 ) );
#722 = ADVANCED_FACE( '', ( #1432 ), #1433, .F. );
#723 = PRESENTATION_STYLE_ASSIGNMENT( ( #1434 ) );
#724 = ADVANCED_FACE( '', ( #1435 ), #1436, .T. );
#725 = PRESENTATION_STYLE_ASSIGNMENT( ( #1437 ) );
#726 = ADVANCED_FACE( '', ( #1438 ), #1439, .F. );
#727 = PRESENTATION_STYLE_ASSIGNMENT( ( #1440 ) );
#728 = ADVANCED_FACE( '', ( #1441 ), #1442, .T. );
#729 = PRESENTATION_STYLE_ASSIGNMENT( ( #1443 ) );
#730 = ADVANCED_FACE( '', ( #1444 ), #1445, .T. );
#731 = PRESENTATION_STYLE_ASSIGNMENT( ( #1446 ) );
#732 = ADVANCED_FACE( '', ( #1447 ), #1448, .T. );
#733 = PRESENTATION_STYLE_ASSIGNMENT( ( #1449 ) );
#734 = ADVANCED_FACE( '', ( #1450 ), #1451, .F. );
#735 = PRESENTATION_STYLE_ASSIGNMENT( ( #1452 ) );
#736 = ADVANCED_FACE( '', ( #1453 ), #1454, .T. );
#737 = PRESENTATION_STYLE_ASSIGNMENT( ( #1455 ) );
#738 = ADVANCED_FACE( '', ( #1456 ), #1457, .F. );
#739 = PRESENTATION_STYLE_ASSIGNMENT( ( #1458 ) );
#740 = ADVANCED_FACE( '', ( #1459 ), #1460, .F. );
#741 = PRESENTATION_STYLE_ASSIGNMENT( ( #1461 ) );
#742 = ADVANCED_FACE( '', ( #1462 ), #1463, .F. );
#743 = PRESENTATION_STYLE_ASSIGNMENT( ( #1464 ) );
#744 = ADVANCED_FACE( '', ( #1465 ), #1466, .F. );
#745 = PRESENTATION_STYLE_ASSIGNMENT( ( #1467 ) );
#746 = ADVANCED_FACE( '', ( #1468 ), #1469, .T. );
#747 = PRESENTATION_STYLE_ASSIGNMENT( ( #1470 ) );
#748 = ADVANCED_FACE( '', ( #1471 ), #1472, .T. );
#749 = PRESENTATION_STYLE_ASSIGNMENT( ( #1473 ) );
#750 = ADVANCED_FACE( '', ( #1474 ), #1475, .F. );
#751 = PRESENTATION_STYLE_ASSIGNMENT( ( #1476 ) );
#752 = ADVANCED_FACE( '', ( #1477 ), #1478, .F. );
#753 = PRESENTATION_STYLE_ASSIGNMENT( ( #1479 ) );
#754 = ADVANCED_FACE( '', ( #1480 ), #1481, .T. );
#755 = PRESENTATION_STYLE_ASSIGNMENT( ( #1482 ) );
#756 = ADVANCED_FACE( '', ( #1483 ), #1484, .F. );
#757 = PRESENTATION_STYLE_ASSIGNMENT( ( #1485 ) );
#758 = ADVANCED_FACE( '', ( #1486 ), #1487, .F. );
#759 = PRESENTATION_STYLE_ASSIGNMENT( ( #1488 ) );
#760 = ADVANCED_FACE( '', ( #1489 ), #1490, .F. );
#761 = PRESENTATION_STYLE_ASSIGNMENT( ( #1491 ) );
#762 = ADVANCED_FACE( '', ( #1492 ), #1493, .T. );
#763 = PRESENTATION_STYLE_ASSIGNMENT( ( #1494 ) );
#764 = ADVANCED_FACE( '', ( #1495 ), #1496, .T. );
#765 = PRESENTATION_STYLE_ASSIGNMENT( ( #1497 ) );
#766 = ADVANCED_FACE( '', ( #1498 ), #1499, .F. );
#767 = PRESENTATION_STYLE_ASSIGNMENT( ( #1500 ) );
#768 = ADVANCED_FACE( '', ( #1501 ), #1502, .F. );
#769 = PRESENTATION_STYLE_ASSIGNMENT( ( #1503 ) );
#770 = ADVANCED_FACE( '', ( #1504 ), #1505, .F. );
#771 = PRESENTATION_STYLE_ASSIGNMENT( ( #1506 ) );
#772 = ADVANCED_FACE( '', ( #1507 ), #1508, .F. );
#773 = PRESENTATION_STYLE_ASSIGNMENT( ( #1509 ) );
#774 = ADVANCED_FACE( '', ( #1510 ), #1511, .T. );
#775 = PRESENTATION_STYLE_ASSIGNMENT( ( #1512 ) );
#776 = ADVANCED_FACE( '', ( #1513 ), #1514, .T. );
#777 = PRESENTATION_STYLE_ASSIGNMENT( ( #1515 ) );
#778 = ADVANCED_FACE( '', ( #1516 ), #1517, .T. );
#779 = PRESENTATION_STYLE_ASSIGNMENT( ( #1518 ) );
#780 = ADVANCED_FACE( '', ( #1519 ), #1520, .T. );
#781 = PRESENTATION_STYLE_ASSIGNMENT( ( #1521 ) );
#782 = ADVANCED_FACE( '', ( #1522 ), #1523, .T. );
#783 = PRESENTATION_STYLE_ASSIGNMENT( ( #1524 ) );
#784 = ADVANCED_FACE( '', ( #1525 ), #1526, .T. );
#785 = PRESENTATION_STYLE_ASSIGNMENT( ( #1527 ) );
#786 = ADVANCED_FACE( '', ( #1528 ), #1529, .T. );
#787 = PRESENTATION_STYLE_ASSIGNMENT( ( #1530 ) );
#788 = ADVANCED_FACE( '', ( #1531 ), #1532, .T. );
#791 = LENGTH_MEASURE_WITH_UNIT( LENGTH_MEASURE( 1.00000000000000 ), #1533 );
#794 = DIMENSIONAL_EXPONENTS( 1.00000000000000, 0.000000000000000, 0.000000000000000, 0.000000000000000, 0.000000000000000, 0.000000000000000, 0.000000000000000 );
#796 = DIMENSIONAL_EXPONENTS( 0.000000000000000, 0.000000000000000, 0.000000000000000, 0.000000000000000, 0.000000000000000, 0.000000000000000, 0.000000000000000 );
#802 = PRODUCT_CONTEXT( '', #23, 'mechanical' );
#803 = PRODUCT_DEFINITION_FORMATION_WITH_SPECIFIED_SOURCE( ' ', 'NONE', #288, .NOT_KNOWN. );
#804 = CARTESIAN_POINT( '', ( 0.000000000000000, 0.000000000000000, 0.000000000000000 ) );
#805 = DIRECTION( '', ( 0.000000000000000, 0.000000000000000, 1.00000000000000 ) );
#806 = DIRECTION( '', ( 1.00000000000000, 0.000000000000000, 0.000000000000000 ) );
#807 = CARTESIAN_POINT( '', ( 0.000000000000000, 0.000000000000000, 0.000000000000000 ) );
#808 = DIRECTION( '', ( 0.000000000000000, 0.000000000000000, 1.00000000000000 ) );
#809 = DIRECTION( '', ( 1.00000000000000, 0.000000000000000, 0.000000000000000 ) );
#810 = CARTESIAN_POINT( '', ( 5.08000000000000, -6.93889390390723E-015, 5.99357636930211E-015 ) );
#811 = DIRECTION( '', ( 0.000000000000000, 0.000000000000000, 1.00000000000000 ) );
#812 = DIRECTION( '', ( 1.00000000000000, 0.000000000000000, 0.000000000000000 ) );
#813 = CARTESIAN_POINT( '', ( 15.2400000000000, -3.46944695195362E-015, -1.87989329883485E-015 ) );
#814 = DIRECTION( '', ( 0.000000000000000, 0.000000000000000, 1.00000000000000 ) );
#815 = DIRECTION( '', ( 1.00000000000000, 0.000000000000000, 0.000000000000000 ) );
#816 = CARTESIAN_POINT( '', ( 25.4000000000000, -2.42861286636753E-014, 1.50915606426634E-015 ) );
#817 = DIRECTION( '', ( 0.000000000000000, 0.000000000000000, 1.00000000000000 ) );
#818 = DIRECTION( '', ( 1.00000000000000, 0.000000000000000, 0.000000000000000 ) );
#821 = UNCERTAINTY_MEASURE_WITH_UNIT( LENGTH_MEASURE( 0.00100000000000000 ), #823, '', '' );
#823 =  ( CONVERSION_BASED_UNIT( 'MILLIMETRE', #1536 )LENGTH_UNIT(  )NAMED_UNIT( #1539 ) );
#824 =  ( NAMED_UNIT( #1541 )PLANE_ANGLE_UNIT(  )SI_UNIT( $, .RADIAN. ) );
#825 =  ( NAMED_UNIT( #1541 )SI_UNIT( $, .STERADIAN. )SOLID_ANGLE_UNIT(  ) );
#827 = PRODUCT_DEFINITION_FORMATION_WITH_SPECIFIED_SOURCE( ' ', 'NONE', #296, .NOT_KNOWN. );
#828 = CLOSED_SHELL( '', ( #462, #764, #480, #718, #552, #350, #434, #484, #766, #726, #380, #600, #436, #330, #686, #382, #650, #584, #408, #774, #758, #550, #608, #508, #340, #762, #406, #360, #736, #466, #590, #728, #390, #712, #750, #630, #328, #604, #660, #622, #510, #354, #786, #746, #618, #492, #438, #500, #356, #668, #478, #648, #528, #782, #664, #532, #410, #516 ) );
#829 = PRODUCT_DEFINITION_FORMATION_WITH_SPECIFIED_SOURCE( ' ', 'NONE', #304, .NOT_KNOWN. );
#830 = CLOSED_SHELL( '', ( #602, #432, #684, #326, #700, #744, #374, #536, #768, #358, #610, #538, #392, #576, #586, #574, #556, #676, #624, #426, #472, #626, #346, #614, #752, #342, #708, #620, #404, #638, #710, #720, #636, #754, #518, #524, #592, #582, #486, #742, #384, #440, #456, #646, #690, #566, #732, #444, #634, #420, #488, #534, #454, #376, #692, #450, #464, #572, #652, #546, #596, #760, #702, #688, #654, #364, #544, #496, #412, #482, #490, #562, #446, #332, #372, #530, #448, #344, #560, #522, #748, #564, #616, #784, #370, #656, #558, #386, #348, #734, #778, #740, #694, #632, #498, #512, #424, #658, #352, #770, #738, #682, #714, #468, #776, #696, #394, #568, #666, #428 ) );
#831 = PRODUCT_DEFINITION_FORMATION_WITH_SPECIFIED_SOURCE( ' ', 'NONE', #317, .NOT_KNOWN. );
#832 = CLOSED_SHELL( '', ( #398, #594, #400, #418, #642, #672, #704, #526, #628, #452, #680, #578, #540, #772, #548, #716, #388, #414, #598, #442, #588, #640, #430, #336, #460, #368, #514, #780, #612, #506, #474, #362, #366, #662, #554, #542, #502, #670, #334, #402, #458, #520, #504, #494, #644, #338, #416, #698, #756, #724, #722, #570, #606, #674, #470, #396, #378, #730, #678, #580, #422, #706, #476, #788 ) );
#833 = SURFACE_STYLE_USAGE( .BOTH., #1547 );
#834 = FACE_OUTER_BOUND( '', #1548, .T. );
#835 = PLANE( '', #1549 );
#836 = SURFACE_STYLE_USAGE( .BOTH., #1550 );
#837 = FACE_OUTER_BOUND( '', #1551, .T. );
#838 = PLANE( '', #1552 );
#839 = SURFACE_STYLE_USAGE( .BOTH., #1553 );
#840 = FACE_OUTER_BOUND( '', #1554, .T. );
#841 = PLANE( '', #1555 );
#842 = SURFACE_STYLE_USAGE( .BOTH., #1556 );
#843 = FACE_OUTER_BOUND( '', #1557, .T. );
#844 = PLANE( '', #1558 );
#845 = SURFACE_STYLE_USAGE( .BOTH., #1559 );
#846 = FACE_OUTER_BOUND( '', #1560, .T. );
#847 = PLANE( '', #1561 );
#848 = SURFACE_STYLE_USAGE( .BOTH., #1562 );
#849 = FACE_OUTER_BOUND( '', #1563, .T. );
#850 = PLANE( '', #1564 );
#851 = SURFACE_STYLE_USAGE( .BOTH., #1565 );
#852 = FACE_OUTER_BOUND( '', #1566, .T. );
#853 = CYLINDRICAL_SURFACE( '', #1567, 0.200000000000000 );
#854 = SURFACE_STYLE_USAGE( .BOTH., #1568 );
#855 = FACE_OUTER_BOUND( '', #1569, .T. );
#856 = PLANE( '', #1570 );
#857 = SURFACE_STYLE_USAGE( .BOTH., #1571 );
#858 = FACE_OUTER_BOUND( '', #1572, .T. );
#859 = PLANE( '', #1573 );
#860 = SURFACE_STYLE_USAGE( .BOTH., #1574 );
#861 = FACE_OUTER_BOUND( '', #1575, .T. );
#862 = CYLINDRICAL_SURFACE( '', #1576, 3.70000000000000 );
#863 = SURFACE_STYLE_USAGE( .BOTH., #1577 );
#864 = FACE_OUTER_BOUND( '', #1578, .T. );
#865 = PLANE( '', #1579 );
#866 = SURFACE_STYLE_USAGE( .BOTH., #1580 );
#867 = FACE_OUTER_BOUND( '', #1581, .T. );
#868 = CYLINDRICAL_SURFACE( '', #1582, 0.400000000000000 );
#869 = SURFACE_STYLE_USAGE( .BOTH., #1583 );
#870 = FACE_OUTER_BOUND( '', #1584, .T. );
#871 = PLANE( '', #1585 );
#872 = SURFACE_STYLE_USAGE( .BOTH., #1586 );
#873 = FACE_OUTER_BOUND( '', #1587, .T. );
#874 = PLANE( '', #1588 );
#875 = SURFACE_STYLE_USAGE( .BOTH., #1589 );
#876 = FACE_OUTER_BOUND( '', #1590, .T. );
#877 = CYLINDRICAL_SURFACE( '', #1591, 0.400000000000000 );
#878 = SURFACE_STYLE_USAGE( .BOTH., #1592 );
#879 = FACE_OUTER_BOUND( '', #1593, .T. );
#880 = PLANE( '', #1594 );
#881 = SURFACE_STYLE_USAGE( .BOTH., #1595 );
#882 = FACE_OUTER_BOUND( '', #1596, .T. );
#883 = PLANE( '', #1597 );
#884 = SURFACE_STYLE_USAGE( .BOTH., #1598 );
#885 = FACE_OUTER_BOUND( '', #1599, .T. );
#886 = PLANE( '', #1600 );
#887 = SURFACE_STYLE_USAGE( .BOTH., #1601 );
#888 = FACE_OUTER_BOUND( '', #1602, .T. );
#889 = PLANE( '', #1603 );
#890 = SURFACE_STYLE_USAGE( .BOTH., #1604 );
#891 = FACE_OUTER_BOUND( '', #1605, .T. );
#892 = CYLINDRICAL_SURFACE( '', #1606, 3.70000000000000 );
#893 = SURFACE_STYLE_USAGE( .BOTH., #1607 );
#894 = FACE_OUTER_BOUND( '', #1608, .T. );
#895 = PLANE( '', #1609 );
#896 = SURFACE_STYLE_USAGE( .BOTH., #1610 );
#897 = FACE_OUTER_BOUND( '', #1611, .T. );
#898 = PLANE( '', #1612 );
#899 = SURFACE_STYLE_USAGE( .BOTH., #1613 );
#900 = FACE_OUTER_BOUND( '', #1614, .T. );
#901 = PLANE( '', #1615 );
#902 = SURFACE_STYLE_USAGE( .BOTH., #1616 );
#903 = FACE_OUTER_BOUND( '', #1617, .T. );
#904 = PLANE( '', #1618 );
#905 = SURFACE_STYLE_USAGE( .BOTH., #1619 );
#906 = FACE_OUTER_BOUND( '', #1620, .T. );
#907 = PLANE( '', #1621 );
#908 = SURFACE_STYLE_USAGE( .BOTH., #1622 );
#909 = FACE_OUTER_BOUND( '', #1623, .T. );
#910 = CYLINDRICAL_SURFACE( '', #1624, 0.400000000000000 );
#911 = SURFACE_STYLE_USAGE( .BOTH., #1625 );
#912 = FACE_OUTER_BOUND( '', #1626, .T. );
#913 = PLANE( '', #1627 );
#914 = SURFACE_STYLE_USAGE( .BOTH., #1628 );
#915 = FACE_OUTER_BOUND( '', #1629, .T. );
#916 = PLANE( '', #1630 );
#917 = SURFACE_STYLE_USAGE( .BOTH., #1631 );
#918 = FACE_OUTER_BOUND( '', #1632, .T. );
#919 = PLANE( '', #1633 );
#920 = SURFACE_STYLE_USAGE( .BOTH., #1634 );
#921 = FACE_OUTER_BOUND( '', #1635, .T. );
#922 = PLANE( '', #1636 );
#923 = SURFACE_STYLE_USAGE( .BOTH., #1637 );
#924 = FACE_OUTER_BOUND( '', #1638, .T. );
#925 = PLANE( '', #1639 );
#926 = SURFACE_STYLE_USAGE( .BOTH., #1640 );
#927 = FACE_OUTER_BOUND( '', #1641, .T. );
#928 = PLANE( '', #1642 );
#929 = SURFACE_STYLE_USAGE( .BOTH., #1643 );
#930 = FACE_OUTER_BOUND( '', #1644, .T. );
#931 = PLANE( '', #1645 );
#932 = SURFACE_STYLE_USAGE( .BOTH., #1646 );
#933 = FACE_OUTER_BOUND( '', #1647, .T. );
#934 = PLANE( '', #1648 );
#935 = SURFACE_STYLE_USAGE( .BOTH., #1649 );
#936 = FACE_OUTER_BOUND( '', #1650, .T. );
#937 = PLANE( '', #1651 );
#938 = SURFACE_STYLE_USAGE( .BOTH., #1652 );
#939 = FACE_OUTER_BOUND( '', #1653, .T. );
#940 = PLANE( '', #1654 );
#941 = SURFACE_STYLE_USAGE( .BOTH., #1655 );
#942 = FACE_OUTER_BOUND( '', #1656, .T. );
#943 = PLANE( '', #1657 );
#944 = SURFACE_STYLE_USAGE( .BOTH., #1658 );
#945 = FACE_OUTER_BOUND( '', #1659, .T. );
#946 = PLANE( '', #1660 );
#947 = SURFACE_STYLE_USAGE( .BOTH., #1661 );
#948 = FACE_OUTER_BOUND( '', #1662, .T. );
#949 = PLANE( '', #1663 );
#950 = SURFACE_STYLE_USAGE( .BOTH., #1664 );
#951 = FACE_OUTER_BOUND( '', #1665, .T. );
#952 = PLANE( '', #1666 );
#953 = SURFACE_STYLE_USAGE( .BOTH., #1667 );
#954 = FACE_OUTER_BOUND( '', #1668, .T. );
#955 = PLANE( '', #1669 );
#956 = SURFACE_STYLE_USAGE( .BOTH., #1670 );
#957 = FACE_OUTER_BOUND( '', #1671, .T. );
#958 = PLANE( '', #1672 );
#959 = SURFACE_STYLE_USAGE( .BOTH., #1673 );
#960 = FACE_OUTER_BOUND( '', #1674, .T. );
#961 = PLANE( '', #1675 );
#962 = SURFACE_STYLE_USAGE( .BOTH., #1676 );
#963 = FACE_OUTER_BOUND( '', #1677, .T. );
#964 = PLANE( '', #1678 );
#965 = SURFACE_STYLE_USAGE( .BOTH., #1679 );
#966 = FACE_OUTER_BOUND( '', #1680, .T. );
#967 = PLANE( '', #1681 );
#968 = SURFACE_STYLE_USAGE( .BOTH., #1682 );
#969 = FACE_OUTER_BOUND( '', #1683, .T. );
#970 = CYLINDRICAL_SURFACE( '', #1684, 0.200000000000000 );
#971 = SURFACE_STYLE_USAGE( .BOTH., #1685 );
#972 = FACE_OUTER_BOUND( '', #1686, .T. );
#973 = PLANE( '', #1687 );
#974 = SURFACE_STYLE_USAGE( .BOTH., #1688 );
#975 = FACE_OUTER_BOUND( '', #1689, .T. );
#976 = CYLINDRICAL_SURFACE( '', #1690, 0.600000000000000 );
#977 = SURFACE_STYLE_USAGE( .BOTH., #1691 );
#978 = FACE_OUTER_BOUND( '', #1692, .T. );
#979 = CYLINDRICAL_SURFACE( '', #1693, 0.400000000000000 );
#980 = SURFACE_STYLE_USAGE( .BOTH., #1694 );
#981 = FACE_OUTER_BOUND( '', #1695, .T. );
#982 = CYLINDRICAL_SURFACE( '', #1696, 0.200000000000000 );
#983 = SURFACE_STYLE_USAGE( .BOTH., #1697 );
#984 = FACE_OUTER_BOUND( '', #1698, .T. );
#985 = PLANE( '', #1699 );
#986 = SURFACE_STYLE_USAGE( .BOTH., #1700 );
#987 = FACE_OUTER_BOUND( '', #1701, .T. );
#988 = PLANE( '', #1702 );
#989 = SURFACE_STYLE_USAGE( .BOTH., #1703 );
#990 = FACE_OUTER_BOUND( '', #1704, .T. );
#991 = PLANE( '', #1705 );
#992 = SURFACE_STYLE_USAGE( .BOTH., #1706 );
#993 = FACE_OUTER_BOUND( '', #1707, .T. );
#994 = CYLINDRICAL_SURFACE( '', #1708, 0.400000000000000 );
#995 = SURFACE_STYLE_USAGE( .BOTH., #1709 );
#996 = FACE_OUTER_BOUND( '', #1710, .T. );
#997 = PLANE( '', #1711 );
#998 = SURFACE_STYLE_USAGE( .BOTH., #1712 );
#999 = FACE_OUTER_BOUND( '', #1713, .T. );
#1000 = PLANE( '', #1714 );
#1001 = SURFACE_STYLE_USAGE( .BOTH., #1715 );
#1002 = FACE_OUTER_BOUND( '', #1716, .T. );
#1003 = PLANE( '', #1717 );
#1004 = SURFACE_STYLE_USAGE( .BOTH., #1718 );
#1005 = FACE_OUTER_BOUND( '', #1719, .T. );
#1006 = CYLINDRICAL_SURFACE( '', #1720, 0.600000000000000 );
#1007 = SURFACE_STYLE_USAGE( .BOTH., #1721 );
#1008 = FACE_OUTER_BOUND( '', #1722, .T. );
#1009 = PLANE( '', #1723 );
#1010 = SURFACE_STYLE_USAGE( .BOTH., #1724 );
#1011 = FACE_OUTER_BOUND( '', #1725, .T. );
#1012 = PLANE( '', #1726 );
#1013 = SURFACE_STYLE_USAGE( .BOTH., #1727 );
#1014 = FACE_OUTER_BOUND( '', #1728, .T. );
#1015 = PLANE( '', #1729 );
#1016 = SURFACE_STYLE_USAGE( .BOTH., #1730 );
#1017 = FACE_OUTER_BOUND( '', #1731, .T. );
#1018 = PLANE( '', #1732 );
#1019 = SURFACE_STYLE_USAGE( .BOTH., #1733 );
#1020 = FACE_OUTER_BOUND( '', #1734, .T. );
#1021 = PLANE( '', #1735 );
#1022 = SURFACE_STYLE_USAGE( .BOTH., #1736 );
#1023 = FACE_OUTER_BOUND( '', #1737, .T. );
#1024 = PLANE( '', #1738 );
#1025 = SURFACE_STYLE_USAGE( .BOTH., #1739 );
#1026 = FACE_OUTER_BOUND( '', #1740, .T. );
#1027 = PLANE( '', #1741 );
#1028 = SURFACE_STYLE_USAGE( .BOTH., #1742 );
#1029 = FACE_OUTER_BOUND( '', #1743, .T. );
#1030 = CYLINDRICAL_SURFACE( '', #1744, 0.400000000000000 );
#1031 = SURFACE_STYLE_USAGE( .BOTH., #1745 );
#1032 = FACE_OUTER_BOUND( '', #1746, .T. );
#1033 = PLANE( '', #1747 );
#1034 = SURFACE_STYLE_USAGE( .BOTH., #1748 );
#1035 = FACE_OUTER_BOUND( '', #1749, .T. );
#1036 = PLANE( '', #1750 );
#1037 = SURFACE_STYLE_USAGE( .BOTH., #1751 );
#1038 = FACE_OUTER_BOUND( '', #1752, .T. );
#1039 = PLANE( '', #1753 );
#1040 = SURFACE_STYLE_USAGE( .BOTH., #1754 );
#1041 = FACE_OUTER_BOUND( '', #1755, .T. );
#1042 = PLANE( '', #1756 );
#1043 = SURFACE_STYLE_USAGE( .BOTH., #1757 );
#1044 = FACE_OUTER_BOUND( '', #1758, .T. );
#1045 = PLANE( '', #1759 );
#1046 = SURFACE_STYLE_USAGE( .BOTH., #1760 );
#1047 = FACE_OUTER_BOUND( '', #1761, .T. );
#1048 = PLANE( '', #1762 );
#1049 = SURFACE_STYLE_USAGE( .BOTH., #1763 );
#1050 = FACE_OUTER_BOUND( '', #1764, .T. );
#1051 = PLANE( '', #1765 );
#1052 = SURFACE_STYLE_USAGE( .BOTH., #1766 );
#1053 = FACE_OUTER_BOUND( '', #1767, .T. );
#1054 = PLANE( '', #1768 );
#1055 = SURFACE_STYLE_USAGE( .BOTH., #1769 );
#1056 = FACE_OUTER_BOUND( '', #1770, .T. );
#1057 = PLANE( '', #1771 );
#1058 = SURFACE_STYLE_USAGE( .BOTH., #1772 );
#1059 = FACE_OUTER_BOUND( '', #1773, .T. );
#1060 = PLANE( '', #1774 );
#1061 = SURFACE_STYLE_USAGE( .BOTH., #1775 );
#1062 = FACE_OUTER_BOUND( '', #1776, .T. );
#1063 = PLANE( '', #1777 );
#1064 = SURFACE_STYLE_USAGE( .BOTH., #1778 );
#1065 = FACE_OUTER_BOUND( '', #1779, .T. );
#1066 = PLANE( '', #1780 );
#1067 = SURFACE_STYLE_USAGE( .BOTH., #1781 );
#1068 = FACE_OUTER_BOUND( '', #1782, .T. );
#1069 = PLANE( '', #1783 );
#1070 = SURFACE_STYLE_USAGE( .BOTH., #1784 );
#1071 = FACE_OUTER_BOUND( '', #1785, .T. );
#1072 = PLANE( '', #1786 );
#1073 = SURFACE_STYLE_USAGE( .BOTH., #1787 );
#1074 = FACE_OUTER_BOUND( '', #1788, .T. );
#1075 = PLANE( '', #1789 );
#1076 = SURFACE_STYLE_USAGE( .BOTH., #1790 );
#1077 = FACE_OUTER_BOUND( '', #1791, .T. );
#1078 = PLANE( '', #1792 );
#1079 = SURFACE_STYLE_USAGE( .BOTH., #1793 );
#1080 = FACE_OUTER_BOUND( '', #1794, .T. );
#1081 = PLANE( '', #1795 );
#1082 = SURFACE_STYLE_USAGE( .BOTH., #1796 );
#1083 = FACE_OUTER_BOUND( '', #1797, .T. );
#1084 = PLANE( '', #1798 );
#1085 = SURFACE_STYLE_USAGE( .BOTH., #1799 );
#1086 = FACE_OUTER_BOUND( '', #1800, .T. );
#1087 = PLANE( '', #1801 );
#1088 = SURFACE_STYLE_USAGE( .BOTH., #1802 );
#1089 = FACE_OUTER_BOUND( '', #1803, .T. );
#1090 = PLANE( '', #1804 );
#1091 = SURFACE_STYLE_USAGE( .BOTH., #1805 );
#1092 = FACE_OUTER_BOUND( '', #1806, .T. );
#1093 = PLANE( '', #1807 );
#1094 = SURFACE_STYLE_USAGE( .BOTH., #1808 );
#1095 = FACE_OUTER_BOUND( '', #1809, .T. );
#1096 = PLANE( '', #1810 );
#1097 = SURFACE_STYLE_USAGE( .BOTH., #1811 );
#1098 = FACE_OUTER_BOUND( '', #1812, .T. );
#1099 = PLANE( '', #1813 );
#1100 = SURFACE_STYLE_USAGE( .BOTH., #1814 );
#1101 = FACE_OUTER_BOUND( '', #1815, .T. );
#1102 = PLANE( '', #1816 );
#1103 = SURFACE_STYLE_USAGE( .BOTH., #1817 );
#1104 = FACE_OUTER_BOUND( '', #1818, .T. );
#1105 = PLANE( '', #1819 );
#1106 = SURFACE_STYLE_USAGE( .BOTH., #1820 );
#1107 = FACE_OUTER_BOUND( '', #1821, .T. );
#1108 = PLANE( '', #1822 );
#1109 = SURFACE_STYLE_USAGE( .BOTH., #1823 );
#1110 = FACE_OUTER_BOUND( '', #1824, .T. );
#1111 = PLANE( '', #1825 );
#1112 = SURFACE_STYLE_USAGE( .BOTH., #1826 );
#1113 = FACE_OUTER_BOUND( '', #1827, .T. );
#1114 = CYLINDRICAL_SURFACE( '', #1828, 2.35074787290000 );
#1115 = SURFACE_STYLE_USAGE( .BOTH., #1829 );
#1116 = FACE_OUTER_BOUND( '', #1830, .T. );
#1117 = PLANE( '', #1831 );
#1118 = SURFACE_STYLE_USAGE( .BOTH., #1832 );
#1119 = FACE_OUTER_BOUND( '', #1833, .T. );
#1120 = PLANE( '', #1834 );
#1121 = SURFACE_STYLE_USAGE( .BOTH., #1835 );
#1122 = FACE_OUTER_BOUND( '', #1836, .T. );
#1123 = PLANE( '', #1837 );
#1124 = SURFACE_STYLE_USAGE( .BOTH., #1838 );
#1125 = FACE_OUTER_BOUND( '', #1839, .T. );
#1126 = PLANE( '', #1840 );
#1127 = SURFACE_STYLE_USAGE( .BOTH., #1841 );
#1128 = FACE_OUTER_BOUND( '', #1842, .T. );
#1129 = PLANE( '', #1843 );
#1130 = SURFACE_STYLE_USAGE( .BOTH., #1844 );
#1131 = FACE_OUTER_BOUND( '', #1845, .T. );
#1132 = PLANE( '', #1846 );
#1133 = SURFACE_STYLE_USAGE( .BOTH., #1847 );
#1134 = FACE_OUTER_BOUND( '', #1848, .T. );
#1135 = CYLINDRICAL_SURFACE( '', #1849, 0.400000000000000 );
#1136 = SURFACE_STYLE_USAGE( .BOTH., #1850 );
#1137 = FACE_OUTER_BOUND( '', #1851, .T. );
#1138 = PLANE( '', #1852 );
#1139 = SURFACE_STYLE_USAGE( .BOTH., #1853 );
#1140 = FACE_OUTER_BOUND( '', #1854, .T. );
#1141 = PLANE( '', #1855 );
#1142 = SURFACE_STYLE_USAGE( .BOTH., #1856 );
#1143 = FACE_OUTER_BOUND( '', #1857, .T. );
#1144 = PLANE( '', #1858 );
#1145 = SURFACE_STYLE_USAGE( .BOTH., #1859 );
#1146 = FACE_OUTER_BOUND( '', #1860, .T. );
#1147 = PLANE( '', #1861 );
#1148 = SURFACE_STYLE_USAGE( .BOTH., #1862 );
#1149 = FACE_OUTER_BOUND( '', #1863, .T. );
#1150 = PLANE( '', #1864 );
#1151 = SURFACE_STYLE_USAGE( .BOTH., #1865 );
#1152 = FACE_OUTER_BOUND( '', #1866, .T. );
#1153 = PLANE( '', #1867 );
#1154 = SURFACE_STYLE_USAGE( .BOTH., #1868 );
#1155 = FACE_OUTER_BOUND( '', #1869, .T. );
#1156 = CYLINDRICAL_SURFACE( '', #1870, 0.600000000000000 );
#1157 = SURFACE_STYLE_USAGE( .BOTH., #1871 );
#1158 = FACE_OUTER_BOUND( '', #1872, .T. );
#1159 = PLANE( '', #1873 );
#1160 = SURFACE_STYLE_USAGE( .BOTH., #1874 );
#1161 = FACE_OUTER_BOUND( '', #1875, .T. );
#1162 = PLANE( '', #1876 );
#1163 = SURFACE_STYLE_USAGE( .BOTH., #1877 );
#1164 = FACE_OUTER_BOUND( '', #1878, .T. );
#1165 = PLANE( '', #1879 );
#1166 = SURFACE_STYLE_USAGE( .BOTH., #1880 );
#1167 = FACE_OUTER_BOUND( '', #1881, .T. );
#1168 = PLANE( '', #1882 );
#1169 = SURFACE_STYLE_USAGE( .BOTH., #1883 );
#1170 = FACE_OUTER_BOUND( '', #1884, .T. );
#1171 = PLANE( '', #1885 );
#1172 = SURFACE_STYLE_USAGE( .BOTH., #1886 );
#1173 = FACE_OUTER_BOUND( '', #1887, .T. );
#1174 = PLANE( '', #1888 );
#1175 = SURFACE_STYLE_USAGE( .BOTH., #1889 );
#1176 = FACE_BOUND( '', #1890, .T. );
#1177 = FACE_BOUND( '', #1891, .T. );
#1178 = FACE_OUTER_BOUND( '', #1892, .T. );
#1179 = PLANE( '', #1893 );
#1180 = SURFACE_STYLE_USAGE( .BOTH., #1894 );
#1181 = FACE_OUTER_BOUND( '', #1895, .T. );
#1182 = PLANE( '', #1896 );
#1183 = SURFACE_STYLE_USAGE( .BOTH., #1897 );
#1184 = FACE_OUTER_BOUND( '', #1898, .T. );
#1185 = PLANE( '', #1899 );
#1186 = SURFACE_STYLE_USAGE( .BOTH., #1900 );
#1187 = FACE_OUTER_BOUND( '', #1901, .T. );
#1188 = PLANE( '', #1902 );
#1189 = SURFACE_STYLE_USAGE( .BOTH., #1903 );
#1190 = FACE_OUTER_BOUND( '', #1904, .T. );
#1191 = PLANE( '', #1905 );
#1192 = SURFACE_STYLE_USAGE( .BOTH., #1906 );
#1193 = FACE_OUTER_BOUND( '', #1907, .T. );
#1194 = PLANE( '', #1908 );
#1195 = SURFACE_STYLE_USAGE( .BOTH., #1909 );
#1196 = FACE_OUTER_BOUND( '', #1910, .T. );
#1197 = PLANE( '', #1911 );
#1198 = SURFACE_STYLE_USAGE( .BOTH., #1912 );
#1199 = FACE_OUTER_BOUND( '', #1913, .T. );
#1200 = PLANE( '', #1914 );
#1201 = SURFACE_STYLE_USAGE( .BOTH., #1915 );
#1202 = FACE_OUTER_BOUND( '', #1916, .T. );
#1203 = PLANE( '', #1917 );
#1204 = SURFACE_STYLE_USAGE( .BOTH., #1918 );
#1205 = FACE_OUTER_BOUND( '', #1919, .T. );
#1206 = PLANE( '', #1920 );
#1207 = SURFACE_STYLE_USAGE( .BOTH., #1921 );
#1208 = FACE_OUTER_BOUND( '', #1922, .T. );
#1209 = PLANE( '', #1923 );
#1210 = SURFACE_STYLE_USAGE( .BOTH., #1924 );
#1211 = FACE_OUTER_BOUND( '', #1925, .T. );
#1212 = PLANE( '', #1926 );
#1213 = SURFACE_STYLE_USAGE( .BOTH., #1927 );
#1214 = FACE_OUTER_BOUND( '', #1928, .T. );
#1215 = PLANE( '', #1929 );
#1216 = SURFACE_STYLE_USAGE( .BOTH., #1930 );
#1217 = FACE_OUTER_BOUND( '', #1931, .T. );
#1218 = PLANE( '', #1932 );
#1219 = SURFACE_STYLE_USAGE( .BOTH., #1933 );
#1220 = FACE_OUTER_BOUND( '', #1934, .T. );
#1221 = PLANE( '', #1935 );
#1222 = SURFACE_STYLE_USAGE( .BOTH., #1936 );
#1223 = FACE_OUTER_BOUND( '', #1937, .T. );
#1224 = PLANE( '', #1938 );
#1225 = SURFACE_STYLE_USAGE( .BOTH., #1939 );
#1226 = FACE_OUTER_BOUND( '', #1940, .T. );
#1227 = PLANE( '', #1941 );
#1228 = SURFACE_STYLE_USAGE( .BOTH., #1942 );
#1229 = FACE_OUTER_BOUND( '', #1943, .T. );
#1230 = PLANE( '', #1944 );
#1231 = SURFACE_STYLE_USAGE( .BOTH., #1945 );
#1232 = FACE_OUTER_BOUND( '', #1946, .T. );
#1233 = PLANE( '', #1947 );
#1234 = SURFACE_STYLE_USAGE( .BOTH., #1948 );
#1235 = FACE_OUTER_BOUND( '', #1949, .T. );
#1236 = PLANE( '', #1950 );
#1237 = SURFACE_STYLE_USAGE( .BOTH., #1951 );
#1238 = FACE_OUTER_BOUND( '', #1952, .T. );
#1239 = PLANE( '', #1953 );
#1240 = SURFACE_STYLE_USAGE( .BOTH., #1954 );
#1241 = FACE_OUTER_BOUND( '', #1955, .T. );
#1242 = PLANE( '', #1956 );
#1243 = SURFACE_STYLE_USAGE( .BOTH., #1957 );
#1244 = FACE_OUTER_BOUND( '', #1958, .T. );
#1245 = PLANE( '', #1959 );
#1246 = SURFACE_STYLE_USAGE( .BOTH., #1960 );
#1247 = FACE_OUTER_BOUND( '', #1961, .T. );
#1248 = PLANE( '', #1962 );
#1249 = SURFACE_STYLE_USAGE( .BOTH., #1963 );
#1250 = FACE_OUTER_BOUND( '', #1964, .T. );
#1251 = PLANE( '', #1965 );
#1252 = SURFACE_STYLE_USAGE( .BOTH., #1966 );
#1253 = FACE_OUTER_BOUND( '', #1967, .T. );
#1254 = PLANE( '', #1968 );
#1255 = SURFACE_STYLE_USAGE( .BOTH., #1969 );
#1256 = FACE_OUTER_BOUND( '', #1970, .T. );
#1257 = PLANE( '', #1971 );
#1258 = SURFACE_STYLE_USAGE( .BOTH., #1972 );
#1259 = FACE_OUTER_BOUND( '', #1973, .T. );
#1260 = PLANE( '', #1974 );
#1261 = SURFACE_STYLE_USAGE( .BOTH., #1975 );
#1262 = FACE_OUTER_BOUND( '', #1976, .T. );
#1263 = PLANE( '', #1977 );
#1264 = SURFACE_STYLE_USAGE( .BOTH., #1978 );
#1265 = FACE_OUTER_BOUND( '', #1979, .T. );
#1266 = PLANE( '', #1980 );
#1267 = SURFACE_STYLE_USAGE( .BOTH., #1981 );
#1268 = FACE_OUTER_BOUND( '', #1982, .T. );
#1269 = PLANE( '', #1983 );
#1270 = SURFACE_STYLE_USAGE( .BOTH., #1984 );
#1271 = FACE_OUTER_BOUND( '', #1985, .T. );
#1272 = PLANE( '', #1986 );
#1273 = SURFACE_STYLE_USAGE( .BOTH., #1987 );
#1274 = FACE_OUTER_BOUND( '', #1988, .T. );
#1275 = CYLINDRICAL_SURFACE( '', #1989, 0.600000000000000 );
#1276 = SURFACE_STYLE_USAGE( .BOTH., #1990 );
#1277 = FACE_OUTER_BOUND( '', #1991, .T. );
#1278 = PLANE( '', #1992 );
#1279 = SURFACE_STYLE_USAGE( .BOTH., #1993 );
#1280 = FACE_OUTER_BOUND( '', #1994, .T. );
#1281 = CYLINDRICAL_SURFACE( '', #1995, 0.400000000000000 );
#1282 = SURFACE_STYLE_USAGE( .BOTH., #1996 );
#1283 = FACE_OUTER_BOUND( '', #1997, .T. );
#1284 = PLANE( '', #1998 );
#1285 = SURFACE_STYLE_USAGE( .BOTH., #1999 );
#1286 = FACE_OUTER_BOUND( '', #2000, .T. );
#1287 = PLANE( '', #2001 );
#1288 = SURFACE_STYLE_USAGE( .BOTH., #2002 );
#1289 = FACE_OUTER_BOUND( '', #2003, .T. );
#1290 = PLANE( '', #2004 );
#1291 = SURFACE_STYLE_USAGE( .BOTH., #2005 );
#1292 = FACE_OUTER_BOUND( '', #2006, .T. );
#1293 = CYLINDRICAL_SURFACE( '', #2007, 0.400000000000000 );
#1294 = SURFACE_STYLE_USAGE( .BOTH., #2008 );
#1295 = FACE_OUTER_BOUND( '', #2009, .T. );
#1296 = PLANE( '', #2010 );
#1297 = SURFACE_STYLE_USAGE( .BOTH., #2011 );
#1298 = FACE_OUTER_BOUND( '', #2012, .T. );
#1299 = PLANE( '', #2013 );
#1300 = SURFACE_STYLE_USAGE( .BOTH., #2014 );
#1301 = FACE_OUTER_BOUND( '', #2015, .T. );
#1302 = PLANE( '', #2016 );
#1303 = SURFACE_STYLE_USAGE( .BOTH., #2017 );
#1304 = FACE_OUTER_BOUND( '', #2018, .T. );
#1305 = PLANE( '', #2019 );
#1306 = SURFACE_STYLE_USAGE( .BOTH., #2020 );
#1307 = FACE_OUTER_BOUND( '', #2021, .T. );
#1308 = PLANE( '', #2022 );
#1309 = SURFACE_STYLE_USAGE( .BOTH., #2023 );
#1310 = FACE_OUTER_BOUND( '', #2024, .T. );
#1311 = CYLINDRICAL_SURFACE( '', #2025, 0.600000000000000 );
#1312 = SURFACE_STYLE_USAGE( .BOTH., #2026 );
#1313 = FACE_OUTER_BOUND( '', #2027, .T. );
#1314 = CYLINDRICAL_SURFACE( '', #2028, 2.35074787290000 );
#1315 = SURFACE_STYLE_USAGE( .BOTH., #2029 );
#1316 = FACE_OUTER_BOUND( '', #2030, .T. );
#1317 = PLANE( '', #2031 );
#1318 = SURFACE_STYLE_USAGE( .BOTH., #2032 );
#1319 = FACE_OUTER_BOUND( '', #2033, .T. );
#1320 = PLANE( '', #2034 );
#1321 = SURFACE_STYLE_USAGE( .BOTH., #2035 );
#1322 = FACE_OUTER_BOUND( '', #2036, .T. );
#1323 = PLANE( '', #2037 );
#1324 = SURFACE_STYLE_USAGE( .BOTH., #2038 );
#1325 = FACE_OUTER_BOUND( '', #2039, .T. );
#1326 = PLANE( '', #2040 );
#1327 = SURFACE_STYLE_USAGE( .BOTH., #2041 );
#1328 = FACE_OUTER_BOUND( '', #2042, .T. );
#1329 = PLANE( '', #2043 );
#1330 = SURFACE_STYLE_USAGE( .BOTH., #2044 );
#1331 = FACE_OUTER_BOUND( '', #2045, .T. );
#1332 = CYLINDRICAL_SURFACE( '', #2046, 0.600000000000000 );
#1333 = SURFACE_STYLE_USAGE( .BOTH., #2047 );
#1334 = FACE_OUTER_BOUND( '', #2048, .T. );
#1335 = CYLINDRICAL_SURFACE( '', #2049, 0.200000000000000 );
#1336 = SURFACE_STYLE_USAGE( .BOTH., #2050 );
#1337 = FACE_OUTER_BOUND( '', #2051, .T. );
#1338 = CYLINDRICAL_SURFACE( '', #2052, 0.600000000000000 );
#1339 = SURFACE_STYLE_USAGE( .BOTH., #2053 );
#1340 = FACE_OUTER_BOUND( '', #2054, .T. );
#1341 = PLANE( '', #2055 );
#1342 = SURFACE_STYLE_USAGE( .BOTH., #2056 );
#1343 = FACE_OUTER_BOUND( '', #2057, .T. );
#1344 = PLANE( '', #2058 );
#1345 = SURFACE_STYLE_USAGE( .BOTH., #2059 );
#1346 = FACE_OUTER_BOUND( '', #2060, .T. );
#1347 = PLANE( '', #2061 );
#1348 = SURFACE_STYLE_USAGE( .BOTH., #2062 );
#1349 = FACE_OUTER_BOUND( '', #2063, .T. );
#1350 = PLANE( '', #2064 );
#1351 = SURFACE_STYLE_USAGE( .BOTH., #2065 );
#1352 = FACE_OUTER_BOUND( '', #2066, .T. );
#1353 = PLANE( '', #2067 );
#1354 = SURFACE_STYLE_USAGE( .BOTH., #2068 );
#1355 = FACE_OUTER_BOUND( '', #2069, .T. );
#1356 = PLANE( '', #2070 );
#1357 = SURFACE_STYLE_USAGE( .BOTH., #2071 );
#1358 = FACE_OUTER_BOUND( '', #2072, .T. );
#1359 = PLANE( '', #2073 );
#1360 = SURFACE_STYLE_USAGE( .BOTH., #2074 );
#1361 = FACE_OUTER_BOUND( '', #2075, .T. );
#1362 = PLANE( '', #2076 );
#1363 = SURFACE_STYLE_USAGE( .BOTH., #2077 );
#1364 = FACE_OUTER_BOUND( '', #2078, .T. );
#1365 = PLANE( '', #2079 );
#1366 = SURFACE_STYLE_USAGE( .BOTH., #2080 );
#1367 = FACE_OUTER_BOUND( '', #2081, .T. );
#1368 = PLANE( '', #2082 );
#1369 = SURFACE_STYLE_USAGE( .BOTH., #2083 );
#1370 = FACE_BOUND( '', #2084, .T. );
#1371 = FACE_BOUND( '', #2085, .T. );
#1372 = FACE_OUTER_BOUND( '', #2086, .T. );
#1373 = PLANE( '', #2087 );
#1374 = SURFACE_STYLE_USAGE( .BOTH., #2088 );
#1375 = FACE_OUTER_BOUND( '', #2089, .T. );
#1376 = CYLINDRICAL_SURFACE( '', #2090, 0.400000000000000 );
#1377 = SURFACE_STYLE_USAGE( .BOTH., #2091 );
#1378 = FACE_OUTER_BOUND( '', #2092, .T. );
#1379 = PLANE( '', #2093 );
#1380 = SURFACE_STYLE_USAGE( .BOTH., #2094 );
#1381 = FACE_OUTER_BOUND( '', #2095, .T. );
#1382 = PLANE( '', #2096 );
#1383 = SURFACE_STYLE_USAGE( .BOTH., #2097 );
#1384 = FACE_OUTER_BOUND( '', #2098, .T. );
#1385 = CYLINDRICAL_SURFACE( '', #2099, 0.400000000000000 );
#1386 = SURFACE_STYLE_USAGE( .BOTH., #2100 );
#1387 = FACE_OUTER_BOUND( '', #2101, .T. );
#1388 = PLANE( '', #2102 );
#1389 = SURFACE_STYLE_USAGE( .BOTH., #2103 );
#1390 = FACE_OUTER_BOUND( '', #2104, .T. );
#1391 = PLANE( '', #2105 );
#1392 = SURFACE_STYLE_USAGE( .BOTH., #2106 );
#1393 = FACE_OUTER_BOUND( '', #2107, .T. );
#1394 = PLANE( '', #2108 );
#1395 = SURFACE_STYLE_USAGE( .BOTH., #2109 );
#1396 = FACE_OUTER_BOUND( '', #2110, .T. );
#1397 = PLANE( '', #2111 );
#1398 = SURFACE_STYLE_USAGE( .BOTH., #2112 );
#1399 = FACE_OUTER_BOUND( '', #2113, .T. );
#1400 = CYLINDRICAL_SURFACE( '', #2114, 0.600000000000000 );
#1401 = SURFACE_STYLE_USAGE( .BOTH., #2115 );
#1402 = FACE_OUTER_BOUND( '', #2116, .T. );
#1403 = PLANE( '', #2117 );
#1404 = SURFACE_STYLE_USAGE( .BOTH., #2118 );
#1405 = FACE_OUTER_BOUND( '', #2119, .T. );
#1406 = PLANE( '', #2120 );
#1407 = SURFACE_STYLE_USAGE( .BOTH., #2121 );
#1408 = FACE_OUTER_BOUND( '', #2122, .T. );
#1409 = PLANE( '', #2123 );
#1410 = SURFACE_STYLE_USAGE( .BOTH., #2124 );
#1411 = FACE_OUTER_BOUND( '', #2125, .T. );
#1412 = PLANE( '', #2126 );
#1413 = SURFACE_STYLE_USAGE( .BOTH., #2127 );
#1414 = FACE_OUTER_BOUND( '', #2128, .T. );
#1415 = PLANE( '', #2129 );
#1416 = SURFACE_STYLE_USAGE( .BOTH., #2130 );
#1417 = FACE_OUTER_BOUND( '', #2131, .T. );
#1418 = PLANE( '', #2132 );
#1419 = SURFACE_STYLE_USAGE( .BOTH., #2133 );
#1420 = FACE_OUTER_BOUND( '', #2134, .T. );
#1421 = PLANE( '', #2135 );
#1422 = SURFACE_STYLE_USAGE( .BOTH., #2136 );
#1423 = FACE_OUTER_BOUND( '', #2137, .T. );
#1424 = PLANE( '', #2138 );
#1425 = SURFACE_STYLE_USAGE( .BOTH., #2139 );
#1426 = FACE_OUTER_BOUND( '', #2140, .T. );
#1427 = PLANE( '', #2141 );
#1428 = SURFACE_STYLE_USAGE( .BOTH., #2142 );
#1429 = FACE_OUTER_BOUND( '', #2143, .T. );
#1430 = PLANE( '', #2144 );
#1431 = SURFACE_STYLE_USAGE( .BOTH., #2145 );
#1432 = FACE_OUTER_BOUND( '', #2146, .T. );
#1433 = CYLINDRICAL_SURFACE( '', #2147, 0.200000000000000 );
#1434 = SURFACE_STYLE_USAGE( .BOTH., #2148 );
#1435 = FACE_OUTER_BOUND( '', #2149, .T. );
#1436 = CYLINDRICAL_SURFACE( '', #2150, 0.400000000000000 );
#1437 = SURFACE_STYLE_USAGE( .BOTH., #2151 );
#1438 = FACE_OUTER_BOUND( '', #2152, .T. );
#1439 = CYLINDRICAL_SURFACE( '', #2153, 3.70000000000000 );
#1440 = SURFACE_STYLE_USAGE( .BOTH., #2154 );
#1441 = FACE_OUTER_BOUND( '', #2155, .T. );
#1442 = PLANE( '', #2156 );
#1443 = SURFACE_STYLE_USAGE( .BOTH., #2157 );
#1444 = FACE_OUTER_BOUND( '', #2158, .T. );
#1445 = CYLINDRICAL_SURFACE( '', #2159, 0.400000000000000 );
#1446 = SURFACE_STYLE_USAGE( .BOTH., #2160 );
#1447 = FACE_OUTER_BOUND( '', #2161, .T. );
#1448 = CYLINDRICAL_SURFACE( '', #2162, 0.400000000000000 );
#1449 = SURFACE_STYLE_USAGE( .BOTH., #2163 );
#1450 = FACE_OUTER_BOUND( '', #2164, .T. );
#1451 = PLANE( '', #2165 );
#1452 = SURFACE_STYLE_USAGE( .BOTH., #2166 );
#1453 = FACE_OUTER_BOUND( '', #2167, .T. );
#1454 = PLANE( '', #2168 );
#1455 = SURFACE_STYLE_USAGE( .BOTH., #2169 );
#1456 = FACE_OUTER_BOUND( '', #2170, .T. );
#1457 = PLANE( '', #2171 );
#1458 = SURFACE_STYLE_USAGE( .BOTH., #2172 );
#1459 = FACE_OUTER_BOUND( '', #2173, .T. );
#1460 = PLANE( '', #2174 );
#1461 = SURFACE_STYLE_USAGE( .BOTH., #2175 );
#1462 = FACE_OUTER_BOUND( '', #2176, .T. );
#1463 = PLANE( '', #2177 );
#1464 = SURFACE_STYLE_USAGE( .BOTH., #2178 );
#1465 = FACE_OUTER_BOUND( '', #2179, .T. );
#1466 = PLANE( '', #2180 );
#1467 = SURFACE_STYLE_USAGE( .BOTH., #2181 );
#1468 = FACE_OUTER_BOUND( '', #2182, .T. );
#1469 = CYLINDRICAL_SURFACE( '', #2183, 0.400000000000000 );
#1470 = SURFACE_STYLE_USAGE( .BOTH., #2184 );
#1471 = FACE_OUTER_BOUND( '', #2185, .T. );
#1472 = PLANE( '', #2186 );
#1473 = SURFACE_STYLE_USAGE( .BOTH., #2187 );
#1474 = FACE_OUTER_BOUND( '', #2188, .T. );
#1475 = PLANE( '', #2189 );
#1476 = SURFACE_STYLE_USAGE( .BOTH., #2190 );
#1477 = FACE_OUTER_BOUND( '', #2191, .T. );
#1478 = PLANE( '', #2192 );
#1479 = SURFACE_STYLE_USAGE( .BOTH., #2193 );
#1480 = FACE_OUTER_BOUND( '', #2194, .T. );
#1481 = PLANE( '', #2195 );
#1482 = SURFACE_STYLE_USAGE( .BOTH., #2196 );
#1483 = FACE_OUTER_BOUND( '', #2197, .T. );
#1484 = PLANE( '', #2198 );
#1485 = SURFACE_STYLE_USAGE( .BOTH., #2199 );
#1486 = FACE_OUTER_BOUND( '', #2200, .T. );
#1487 = PLANE( '', #2201 );
#1488 = SURFACE_STYLE_USAGE( .BOTH., #2202 );
#1489 = FACE_OUTER_BOUND( '', #2203, .T. );
#1490 = PLANE( '', #2204 );
#1491 = SURFACE_STYLE_USAGE( .BOTH., #2205 );
#1492 = FACE_OUTER_BOUND( '', #2206, .T. );
#1493 = PLANE( '', #2207 );
#1494 = SURFACE_STYLE_USAGE( .BOTH., #2208 );
#1495 = FACE_OUTER_BOUND( '', #2209, .T. );
#1496 = PLANE( '', #2210 );
#1497 = SURFACE_STYLE_USAGE( .BOTH., #2211 );
#1498 = FACE_OUTER_BOUND( '', #2212, .T. );
#1499 = PLANE( '', #2213 );
#1500 = SURFACE_STYLE_USAGE( .BOTH., #2214 );
#1501 = FACE_OUTER_BOUND( '', #2215, .T. );
#1502 = PLANE( '', #2216 );
#1503 = SURFACE_STYLE_USAGE( .BOTH., #2217 );
#1504 = FACE_OUTER_BOUND( '', #2218, .T. );
#1505 = CYLINDRICAL_SURFACE( '', #2219, 0.200000000000000 );
#1506 = SURFACE_STYLE_USAGE( .BOTH., #2220 );
#1507 = FACE_OUTER_BOUND( '', #2221, .T. );
#1508 = CYLINDRICAL_SURFACE( '', #2222, 3.70000000000000 );
#1509 = SURFACE_STYLE_USAGE( .BOTH., #2223 );
#1510 = FACE_OUTER_BOUND( '', #2224, .T. );
#1511 = PLANE( '', #2225 );
#1512 = SURFACE_STYLE_USAGE( .BOTH., #2226 );
#1513 = FACE_OUTER_BOUND( '', #2227, .T. );
#1514 = PLANE( '', #2228 );
#1515 = SURFACE_STYLE_USAGE( .BOTH., #2229 );
#1516 = FACE_OUTER_BOUND( '', #2230, .T. );
#1517 = CYLINDRICAL_SURFACE( '', #2231, 0.400000000000000 );
#1518 = SURFACE_STYLE_USAGE( .BOTH., #2232 );
#1519 = FACE_OUTER_BOUND( '', #2233, .T. );
#1520 = PLANE( '', #2234 );
#1521 = SURFACE_STYLE_USAGE( .BOTH., #2235 );
#1522 = FACE_OUTER_BOUND( '', #2236, .T. );
#1523 = PLANE( '', #2237 );
#1524 = SURFACE_STYLE_USAGE( .BOTH., #2238 );
#1525 = FACE_OUTER_BOUND( '', #2239, .T. );
#1526 = PLANE( '', #2240 );
#1527 = SURFACE_STYLE_USAGE( .BOTH., #2241 );
#1528 = FACE_OUTER_BOUND( '', #2242, .T. );
#1529 = PLANE( '', #2243 );
#1530 = SURFACE_STYLE_USAGE( .BOTH., #2244 );
#1531 = FACE_OUTER_BOUND( '', #2245, .T. );
#1532 = PLANE( '', #2246 );
#1533 =  ( LENGTH_UNIT(  )NAMED_UNIT( #794 )SI_UNIT( .MILLI., .METRE. ) );
#1536 = LENGTH_MEASURE_WITH_UNIT( LENGTH_MEASURE( 1.00000000000000 ), #2248 );
#1539 = DIMENSIONAL_EXPONENTS( 1.00000000000000, 0.000000000000000, 0.000000000000000, 0.000000000000000, 0.000000000000000, 0.000000000000000, 0.000000000000000 );
#1541 = DIMENSIONAL_EXPONENTS( 0.000000000000000, 0.000000000000000, 0.000000000000000, 0.000000000000000, 0.000000000000000, 0.000000000000000, 0.000000000000000 );
#1547 = SURFACE_SIDE_STYLE( '', ( #2249 ) );
#1548 = EDGE_LOOP( '', ( #2250, #2251, #2252, #2253 ) );
#1549 = AXIS2_PLACEMENT_3D( '', #2254, #2255, #2256 );
#1550 = SURFACE_SIDE_STYLE( '', ( #2257 ) );
#1551 = EDGE_LOOP( '', ( #2258, #2259, #2260, #2261 ) );
#1552 = AXIS2_PLACEMENT_3D( '', #2262, #2263, #2264 );
#1553 = SURFACE_SIDE_STYLE( '', ( #2265 ) );
#1554 = EDGE_LOOP( '', ( #2266, #2267, #2268, #2269, #2270 ) );
#1555 = AXIS2_PLACEMENT_3D( '', #2271, #2272, #2273 );
#1556 = SURFACE_SIDE_STYLE( '', ( #2274 ) );
#1557 = EDGE_LOOP( '', ( #2275, #2276, #2277, #2278, #2279 ) );
#1558 = AXIS2_PLACEMENT_3D( '', #2280, #2281, #2282 );
#1559 = SURFACE_SIDE_STYLE( '', ( #2283 ) );
#1560 = EDGE_LOOP( '', ( #2284, #2285, #2286, #2287 ) );
#1561 = AXIS2_PLACEMENT_3D( '', #2288, #2289, #2290 );
#1562 = SURFACE_SIDE_STYLE( '', ( #2291 ) );
#1563 = EDGE_LOOP( '', ( #2292, #2293, #2294, #2295, #2296, #2297, #2298, #2299 ) );
#1564 = AXIS2_PLACEMENT_3D( '', #2300, #2301, #2302 );
#1565 = SURFACE_SIDE_STYLE( '', ( #2303 ) );
#1566 = EDGE_LOOP( '', ( #2304, #2305, #2306, #2307 ) );
#1567 = AXIS2_PLACEMENT_3D( '', #2308, #2309, #2310 );
#1568 = SURFACE_SIDE_STYLE( '', ( #2311 ) );
#1569 = EDGE_LOOP( '', ( #2312, #2313, #2314, #2315, #2316, #2317 ) );
#1570 = AXIS2_PLACEMENT_3D( '', #2318, #2319, #2320 );
#1571 = SURFACE_SIDE_STYLE( '', ( #2321 ) );
#1572 = EDGE_LOOP( '', ( #2322, #2323, #2324, #2325 ) );
#1573 = AXIS2_PLACEMENT_3D( '', #2326, #2327, #2328 );
#1574 = SURFACE_SIDE_STYLE( '', ( #2329 ) );
#1575 = EDGE_LOOP( '', ( #2330, #2331, #2332, #2333, #2334, #2335, #2336, #2337 ) );
#1576 = AXIS2_PLACEMENT_3D( '', #2338, #2339, #2340 );
#1577 = SURFACE_SIDE_STYLE( '', ( #2341 ) );
#1578 = EDGE_LOOP( '', ( #2342, #2343, #2344, #2345 ) );
#1579 = AXIS2_PLACEMENT_3D( '', #2346, #2347, #2348 );
#1580 = SURFACE_SIDE_STYLE( '', ( #2349 ) );
#1581 = EDGE_LOOP( '', ( #2350, #2351, #2352, #2353, #2354 ) );
#1582 = AXIS2_PLACEMENT_3D( '', #2355, #2356, #2357 );
#1583 = SURFACE_SIDE_STYLE( '', ( #2358 ) );
#1584 = EDGE_LOOP( '', ( #2359, #2360, #2361, #2362 ) );
#1585 = AXIS2_PLACEMENT_3D( '', #2363, #2364, #2365 );
#1586 = SURFACE_SIDE_STYLE( '', ( #2366 ) );
#1587 = EDGE_LOOP( '', ( #2367, #2368, #2369, #2370, #2371, #2372 ) );
#1588 = AXIS2_PLACEMENT_3D( '', #2373, #2374, #2375 );
#1589 = SURFACE_SIDE_STYLE( '', ( #2376 ) );
#1590 = EDGE_LOOP( '', ( #2377, #2378, #2379, #2380, #2381 ) );
#1591 = AXIS2_PLACEMENT_3D( '', #2382, #2383, #2384 );
#1592 = SURFACE_SIDE_STYLE( '', ( #2385 ) );
#1593 = EDGE_LOOP( '', ( #2386, #2387, #2388, #2389, #2390, #2391, #2392, #2393 ) );
#1594 = AXIS2_PLACEMENT_3D( '', #2394, #2395, #2396 );
#1595 = SURFACE_SIDE_STYLE( '', ( #2397 ) );
#1596 = EDGE_LOOP( '', ( #2398, #2399, #2400, #2401 ) );
#1597 = AXIS2_PLACEMENT_3D( '', #2402, #2403, #2404 );
#1598 = SURFACE_SIDE_STYLE( '', ( #2405 ) );
#1599 = EDGE_LOOP( '', ( #2406, #2407, #2408, #2409, #2410, #2411, #2412, #2413, #2414, #2415 ) );
#1600 = AXIS2_PLACEMENT_3D( '', #2416, #2417, #2418 );
#1601 = SURFACE_SIDE_STYLE( '', ( #2419 ) );
#1602 = EDGE_LOOP( '', ( #2420, #2421, #2422, #2423 ) );
#1603 = AXIS2_PLACEMENT_3D( '', #2424, #2425, #2426 );
#1604 = SURFACE_SIDE_STYLE( '', ( #2427 ) );
#1605 = EDGE_LOOP( '', ( #2428, #2429, #2430, #2431, #2432, #2433, #2434, #2435 ) );
#1606 = AXIS2_PLACEMENT_3D( '', #2436, #2437, #2438 );
#1607 = SURFACE_SIDE_STYLE( '', ( #2439 ) );
#1608 = EDGE_LOOP( '', ( #2440, #2441, #2442, #2443 ) );
#1609 = AXIS2_PLACEMENT_3D( '', #2444, #2445, #2446 );
#1610 = SURFACE_SIDE_STYLE( '', ( #2447 ) );
#1611 = EDGE_LOOP( '', ( #2448, #2449, #2450, #2451 ) );
#1612 = AXIS2_PLACEMENT_3D( '', #2452, #2453, #2454 );
#1613 = SURFACE_SIDE_STYLE( '', ( #2455 ) );
#1614 = EDGE_LOOP( '', ( #2456, #2457, #2458, #2459 ) );
#1615 = AXIS2_PLACEMENT_3D( '', #2460, #2461, #2462 );
#1616 = SURFACE_SIDE_STYLE( '', ( #2463 ) );
#1617 = EDGE_LOOP( '', ( #2464, #2465, #2466, #2467, #2468, #2469 ) );
#1618 = AXIS2_PLACEMENT_3D( '', #2470, #2471, #2472 );
#1619 = SURFACE_SIDE_STYLE( '', ( #2473 ) );
#1620 = EDGE_LOOP( '', ( #2474, #2475, #2476, #2477 ) );
#1621 = AXIS2_PLACEMENT_3D( '', #2478, #2479, #2480 );
#1622 = SURFACE_SIDE_STYLE( '', ( #2481 ) );
#1623 = EDGE_LOOP( '', ( #2482, #2483, #2484, #2485, #2486 ) );
#1624 = AXIS2_PLACEMENT_3D( '', #2487, #2488, #2489 );
#1625 = SURFACE_SIDE_STYLE( '', ( #2490 ) );
#1626 = EDGE_LOOP( '', ( #2491, #2492, #2493, #2494 ) );
#1627 = AXIS2_PLACEMENT_3D( '', #2495, #2496, #2497 );
#1628 = SURFACE_SIDE_STYLE( '', ( #2498 ) );
#1629 = EDGE_LOOP( '', ( #2499, #2500, #2501, #2502, #2503, #2504 ) );
#1630 = AXIS2_PLACEMENT_3D( '', #2505, #2506, #2507 );
#1631 = SURFACE_SIDE_STYLE( '', ( #2508 ) );
#1632 = EDGE_LOOP( '', ( #2509, #2510, #2511, #2512 ) );
#1633 = AXIS2_PLACEMENT_3D( '', #2513, #2514, #2515 );
#1634 = SURFACE_SIDE_STYLE( '', ( #2516 ) );
#1635 = EDGE_LOOP( '', ( #2517, #2518, #2519, #2520 ) );
#1636 = AXIS2_PLACEMENT_3D( '', #2521, #2522, #2523 );
#1637 = SURFACE_SIDE_STYLE( '', ( #2524 ) );
#1638 = EDGE_LOOP( '', ( #2525, #2526, #2527, #2528 ) );
#1639 = AXIS2_PLACEMENT_3D( '', #2529, #2530, #2531 );
#1640 = SURFACE_SIDE_STYLE( '', ( #2532 ) );
#1641 = EDGE_LOOP( '', ( #2533, #2534, #2535, #2536 ) );
#1642 = AXIS2_PLACEMENT_3D( '', #2537, #2538, #2539 );
#1643 = SURFACE_SIDE_STYLE( '', ( #2540 ) );
#1644 = EDGE_LOOP( '', ( #2541, #2542, #2543, #2544 ) );
#1645 = AXIS2_PLACEMENT_3D( '', #2545, #2546, #2547 );
#1646 = SURFACE_SIDE_STYLE( '', ( #2548 ) );
#1647 = EDGE_LOOP( '', ( #2549, #2550, #2551, #2552 ) );
#1648 = AXIS2_PLACEMENT_3D( '', #2553, #2554, #2555 );
#1649 = SURFACE_SIDE_STYLE( '', ( #2556 ) );
#1650 = EDGE_LOOP( '', ( #2557, #2558, #2559, #2560 ) );
#1651 = AXIS2_PLACEMENT_3D( '', #2561, #2562, #2563 );
#1652 = SURFACE_SIDE_STYLE( '', ( #2564 ) );
#1653 = EDGE_LOOP( '', ( #2565, #2566, #2567, #2568 ) );
#1654 = AXIS2_PLACEMENT_3D( '', #2569, #2570, #2571 );
#1655 = SURFACE_SIDE_STYLE( '', ( #2572 ) );
#1656 = EDGE_LOOP( '', ( #2573, #2574, #2575, #2576 ) );
#1657 = AXIS2_PLACEMENT_3D( '', #2577, #2578, #2579 );
#1658 = SURFACE_SIDE_STYLE( '', ( #2580 ) );
#1659 = EDGE_LOOP( '', ( #2581, #2582, #2583, #2584 ) );
#1660 = AXIS2_PLACEMENT_3D( '', #2585, #2586, #2587 );
#1661 = SURFACE_SIDE_STYLE( '', ( #2588 ) );
#1662 = EDGE_LOOP( '', ( #2589, #2590, #2591, #2592, #2593 ) );
#1663 = AXIS2_PLACEMENT_3D( '', #2594, #2595, #2596 );
#1664 = SURFACE_SIDE_STYLE( '', ( #2597 ) );
#1665 = EDGE_LOOP( '', ( #2598, #2599, #2600, #2601 ) );
#1666 = AXIS2_PLACEMENT_3D( '', #2602, #2603, #2604 );
#1667 = SURFACE_SIDE_STYLE( '', ( #2605 ) );
#1668 = EDGE_LOOP( '', ( #2606, #2607, #2608, #2609, #2610, #2611, #2612, #2613 ) );
#1669 = AXIS2_PLACEMENT_3D( '', #2614, #2615, #2616 );
#1670 = SURFACE_SIDE_STYLE( '', ( #2617 ) );
#1671 = EDGE_LOOP( '', ( #2618, #2619, #2620, #2621, #2622, #2623, #2624, #2625 ) );
#1672 = AXIS2_PLACEMENT_3D( '', #2626, #2627, #2628 );
#1673 = SURFACE_SIDE_STYLE( '', ( #2629 ) );
#1674 = EDGE_LOOP( '', ( #2630, #2631, #2632, #2633, #2634 ) );
#1675 = AXIS2_PLACEMENT_3D( '', #2635, #2636, #2637 );
#1676 = SURFACE_SIDE_STYLE( '', ( #2638 ) );
#1677 = EDGE_LOOP( '', ( #2639, #2640, #2641, #2642 ) );
#1678 = AXIS2_PLACEMENT_3D( '', #2643, #2644, #2645 );
#1679 = SURFACE_SIDE_STYLE( '', ( #2646 ) );
#1680 = EDGE_LOOP( '', ( #2647, #2648, #2649, #2650 ) );
#1681 = AXIS2_PLACEMENT_3D( '', #2651, #2652, #2653 );
#1682 = SURFACE_SIDE_STYLE( '', ( #2654 ) );
#1683 = EDGE_LOOP( '', ( #2655, #2656, #2657, #2658 ) );
#1684 = AXIS2_PLACEMENT_3D( '', #2659, #2660, #2661 );
#1685 = SURFACE_SIDE_STYLE( '', ( #2662 ) );
#1686 = EDGE_LOOP( '', ( #2663, #2664, #2665, #2666, #2667, #2668 ) );
#1687 = AXIS2_PLACEMENT_3D( '', #2669, #2670, #2671 );
#1688 = SURFACE_SIDE_STYLE( '', ( #2672 ) );
#1689 = EDGE_LOOP( '', ( #2673, #2674, #2675, #2676, #2677, #2678 ) );
#1690 = AXIS2_PLACEMENT_3D( '', #2679, #2680, #2681 );
#1691 = SURFACE_SIDE_STYLE( '', ( #2682 ) );
#1692 = EDGE_LOOP( '', ( #2683, #2684, #2685, #2686, #2687 ) );
#1693 = AXIS2_PLACEMENT_3D( '', #2688, #2689, #2690 );
#1694 = SURFACE_SIDE_STYLE( '', ( #2691 ) );
#1695 = EDGE_LOOP( '', ( #2692, #2693, #2694, #2695 ) );
#1696 = AXIS2_PLACEMENT_3D( '', #2696, #2697, #2698 );
#1697 = SURFACE_SIDE_STYLE( '', ( #2699 ) );
#1698 = EDGE_LOOP( '', ( #2700, #2701, #2702, #2703 ) );
#1699 = AXIS2_PLACEMENT_3D( '', #2704, #2705, #2706 );
#1700 = SURFACE_SIDE_STYLE( '', ( #2707 ) );
#1701 = EDGE_LOOP( '', ( #2708, #2709, #2710, #2711, #2712, #2713, #2714, #2715 ) );
#1702 = AXIS2_PLACEMENT_3D( '', #2716, #2717, #2718 );
#1703 = SURFACE_SIDE_STYLE( '', ( #2719 ) );
#1704 = EDGE_LOOP( '', ( #2720, #2721, #2722, #2723 ) );
#1705 = AXIS2_PLACEMENT_3D( '', #2724, #2725, #2726 );
#1706 = SURFACE_SIDE_STYLE( '', ( #2727 ) );
#1707 = EDGE_LOOP( '', ( #2728, #2729, #2730, #2731, #2732 ) );
#1708 = AXIS2_PLACEMENT_3D( '', #2733, #2734, #2735 );
#1709 = SURFACE_SIDE_STYLE( '', ( #2736 ) );
#1710 = EDGE_LOOP( '', ( #2737, #2738, #2739, #2740 ) );
#1711 = AXIS2_PLACEMENT_3D( '', #2741, #2742, #2743 );
#1712 = SURFACE_SIDE_STYLE( '', ( #2744 ) );
#1713 = EDGE_LOOP( '', ( #2745, #2746, #2747, #2748 ) );
#1714 = AXIS2_PLACEMENT_3D( '', #2749, #2750, #2751 );
#1715 = SURFACE_SIDE_STYLE( '', ( #2752 ) );
#1716 = EDGE_LOOP( '', ( #2753, #2754, #2755, #2756 ) );
#1717 = AXIS2_PLACEMENT_3D( '', #2757, #2758, #2759 );
#1718 = SURFACE_SIDE_STYLE( '', ( #2760 ) );
#1719 = EDGE_LOOP( '', ( #2761, #2762, #2763, #2764, #2765, #2766 ) );
#1720 = AXIS2_PLACEMENT_3D( '', #2767, #2768, #2769 );
#1721 = SURFACE_SIDE_STYLE( '', ( #2770 ) );
#1722 = EDGE_LOOP( '', ( #2771, #2772, #2773, #2774 ) );
#1723 = AXIS2_PLACEMENT_3D( '', #2775, #2776, #2777 );
#1724 = SURFACE_SIDE_STYLE( '', ( #2778 ) );
#1725 = EDGE_LOOP( '', ( #2779, #2780, #2781, #2782 ) );
#1726 = AXIS2_PLACEMENT_3D( '', #2783, #2784, #2785 );
#1727 = SURFACE_SIDE_STYLE( '', ( #2786 ) );
#1728 = EDGE_LOOP( '', ( #2787, #2788, #2789, #2790 ) );
#1729 = AXIS2_PLACEMENT_3D( '', #2791, #2792, #2793 );
#1730 = SURFACE_SIDE_STYLE( '', ( #2794 ) );
#1731 = EDGE_LOOP( '', ( #2795, #2796, #2797, #2798, #2799 ) );
#1732 = AXIS2_PLACEMENT_3D( '', #2800, #2801, #2802 );
#1733 = SURFACE_SIDE_STYLE( '', ( #2803 ) );
#1734 = EDGE_LOOP( '', ( #2804, #2805, #2806, #2807, #2808, #2809 ) );
#1735 = AXIS2_PLACEMENT_3D( '', #2810, #2811, #2812 );
#1736 = SURFACE_SIDE_STYLE( '', ( #2813 ) );
#1737 = EDGE_LOOP( '', ( #2814, #2815, #2816, #2817 ) );
#1738 = AXIS2_PLACEMENT_3D( '', #2818, #2819, #2820 );
#1739 = SURFACE_SIDE_STYLE( '', ( #2821 ) );
#1740 = EDGE_LOOP( '', ( #2822, #2823, #2824, #2825 ) );
#1741 = AXIS2_PLACEMENT_3D( '', #2826, #2827, #2828 );
#1742 = SURFACE_SIDE_STYLE( '', ( #2829 ) );
#1743 = EDGE_LOOP( '', ( #2830, #2831, #2832, #2833, #2834 ) );
#1744 = AXIS2_PLACEMENT_3D( '', #2835, #2836, #2837 );
#1745 = SURFACE_SIDE_STYLE( '', ( #2838 ) );
#1746 = EDGE_LOOP( '', ( #2839, #2840, #2841, #2842 ) );
#1747 = AXIS2_PLACEMENT_3D( '', #2843, #2844, #2845 );
#1748 = SURFACE_SIDE_STYLE( '', ( #2846 ) );
#1749 = EDGE_LOOP( '', ( #2847, #2848, #2849, #2850 ) );
#1750 = AXIS2_PLACEMENT_3D( '', #2851, #2852, #2853 );
#1751 = SURFACE_SIDE_STYLE( '', ( #2854 ) );
#1752 = EDGE_LOOP( '', ( #2855, #2856, #2857, #2858, #2859, #2860, #2861, #2862, #2863, #2864, #2865, #2866, #2867, #2868, #2869, #2870, #2871, #2872, #2873, #2874, #2875, #2876, #2877, #2878, #2879, #2880, #2881, #2882, #2883, #2884, #2885, #2886, #2887, #2888, #2889, #2890, #2891, #2892, #2893, #2894, #2895, #2896, #2897, #2898, #2899, #2900 ) );
#1753 = AXIS2_PLACEMENT_3D( '', #2901, #2902, #2903 );
#1754 = SURFACE_SIDE_STYLE( '', ( #2904 ) );
#1755 = EDGE_LOOP( '', ( #2905, #2906, #2907, #2908 ) );
#1756 = AXIS2_PLACEMENT_3D( '', #2909, #2910, #2911 );
#1757 = SURFACE_SIDE_STYLE( '', ( #2912 ) );
#1758 = EDGE_LOOP( '', ( #2913, #2914, #2915, #2916 ) );
#1759 = AXIS2_PLACEMENT_3D( '', #2917, #2918, #2919 );
#1760 = SURFACE_SIDE_STYLE( '', ( #2920 ) );
#1761 = EDGE_LOOP( '', ( #2921, #2922, #2923, #2924 ) );
#1762 = AXIS2_PLACEMENT_3D( '', #2925, #2926, #2927 );
#1763 = SURFACE_SIDE_STYLE( '', ( #2928 ) );
#1764 = EDGE_LOOP( '', ( #2929, #2930, #2931, #2932 ) );
#1765 = AXIS2_PLACEMENT_3D( '', #2933, #2934, #2935 );
#1766 = SURFACE_SIDE_STYLE( '', ( #2936 ) );
#1767 = EDGE_LOOP( '', ( #2937, #2938, #2939, #2940 ) );
#1768 = AXIS2_PLACEMENT_3D( '', #2941, #2942, #2943 );
#1769 = SURFACE_SIDE_STYLE( '', ( #2944 ) );
#1770 = EDGE_LOOP( '', ( #2945, #2946, #2947, #2948, #2949, #2950, #2951, #2952, #2953, #2954, #2955, #2956, #2957, #2958, #2959, #2960 ) );
#1771 = AXIS2_PLACEMENT_3D( '', #2961, #2962, #2963 );
#1772 = SURFACE_SIDE_STYLE( '', ( #2964 ) );
#1773 = EDGE_LOOP( '', ( #2965, #2966, #2967, #2968 ) );
#1774 = AXIS2_PLACEMENT_3D( '', #2969, #2970, #2971 );
#1775 = SURFACE_SIDE_STYLE( '', ( #2972 ) );
#1776 = EDGE_LOOP( '', ( #2973, #2974, #2975, #2976 ) );
#1777 = AXIS2_PLACEMENT_3D( '', #2977, #2978, #2979 );
#1778 = SURFACE_SIDE_STYLE( '', ( #2980 ) );
#1779 = EDGE_LOOP( '', ( #2981, #2982, #2983, #2984 ) );
#1780 = AXIS2_PLACEMENT_3D( '', #2985, #2986, #2987 );
#1781 = SURFACE_SIDE_STYLE( '', ( #2988 ) );
#1782 = EDGE_LOOP( '', ( #2989, #2990, #2991, #2992 ) );
#1783 = AXIS2_PLACEMENT_3D( '', #2993, #2994, #2995 );
#1784 = SURFACE_SIDE_STYLE( '', ( #2996 ) );
#1785 = EDGE_LOOP( '', ( #2997, #2998, #2999, #3000, #3001, #3002, #3003, #3004 ) );
#1786 = AXIS2_PLACEMENT_3D( '', #3005, #3006, #3007 );
#1787 = SURFACE_SIDE_STYLE( '', ( #3008 ) );
#1788 = EDGE_LOOP( '', ( #3009, #3010, #3011, #3012 ) );
#1789 = AXIS2_PLACEMENT_3D( '', #3013, #3014, #3015 );
#1790 = SURFACE_SIDE_STYLE( '', ( #3016 ) );
#1791 = EDGE_LOOP( '', ( #3017, #3018, #3019, #3020 ) );
#1792 = AXIS2_PLACEMENT_3D( '', #3021, #3022, #3023 );
#1793 = SURFACE_SIDE_STYLE( '', ( #3024 ) );
#1794 = EDGE_LOOP( '', ( #3025, #3026, #3027, #3028 ) );
#1795 = AXIS2_PLACEMENT_3D( '', #3029, #3030, #3031 );
#1796 = SURFACE_SIDE_STYLE( '', ( #3032 ) );
#1797 = EDGE_LOOP( '', ( #3033, #3034, #3035, #3036 ) );
#1798 = AXIS2_PLACEMENT_3D( '', #3037, #3038, #3039 );
#1799 = SURFACE_SIDE_STYLE( '', ( #3040 ) );
#1800 = EDGE_LOOP( '', ( #3041, #3042, #3043, #3044 ) );
#1801 = AXIS2_PLACEMENT_3D( '', #3045, #3046, #3047 );
#1802 = SURFACE_SIDE_STYLE( '', ( #3048 ) );
#1803 = EDGE_LOOP( '', ( #3049, #3050, #3051, #3052 ) );
#1804 = AXIS2_PLACEMENT_3D( '', #3053, #3054, #3055 );
#1805 = SURFACE_SIDE_STYLE( '', ( #3056 ) );
#1806 = EDGE_LOOP( '', ( #3057, #3058, #3059, #3060 ) );
#1807 = AXIS2_PLACEMENT_3D( '', #3061, #3062, #3063 );
#1808 = SURFACE_SIDE_STYLE( '', ( #3064 ) );
#1809 = EDGE_LOOP( '', ( #3065, #3066, #3067, #3068 ) );
#1810 = AXIS2_PLACEMENT_3D( '', #3069, #3070, #3071 );
#1811 = SURFACE_SIDE_STYLE( '', ( #3072 ) );
#1812 = EDGE_LOOP( '', ( #3073, #3074, #3075, #3076, #3077 ) );
#1813 = AXIS2_PLACEMENT_3D( '', #3078, #3079, #3080 );
#1814 = SURFACE_SIDE_STYLE( '', ( #3081 ) );
#1815 = EDGE_LOOP( '', ( #3082, #3083, #3084, #3085, #3086 ) );
#1816 = AXIS2_PLACEMENT_3D( '', #3087, #3088, #3089 );
#1817 = SURFACE_SIDE_STYLE( '', ( #3090 ) );
#1818 = EDGE_LOOP( '', ( #3091, #3092, #3093, #3094 ) );
#1819 = AXIS2_PLACEMENT_3D( '', #3095, #3096, #3097 );
#1820 = SURFACE_SIDE_STYLE( '', ( #3098 ) );
#1821 = EDGE_LOOP( '', ( #3099, #3100, #3101, #3102 ) );
#1822 = AXIS2_PLACEMENT_3D( '', #3103, #3104, #3105 );
#1823 = SURFACE_SIDE_STYLE( '', ( #3106 ) );
#1824 = EDGE_LOOP( '', ( #3107, #3108, #3109, #3110 ) );
#1825 = AXIS2_PLACEMENT_3D( '', #3111, #3112, #3113 );
#1826 = SURFACE_SIDE_STYLE( '', ( #3114 ) );
#1827 = EDGE_LOOP( '', ( #3115, #3116, #3117, #3118 ) );
#1828 = AXIS2_PLACEMENT_3D( '', #3119, #3120, #3121 );
#1829 = SURFACE_SIDE_STYLE( '', ( #3122 ) );
#1830 = EDGE_LOOP( '', ( #3123, #3124, #3125, #3126 ) );
#1831 = AXIS2_PLACEMENT_3D( '', #3127, #3128, #3129 );
#1832 = SURFACE_SIDE_STYLE( '', ( #3130 ) );
#1833 = EDGE_LOOP( '', ( #3131, #3132, #3133, #3134 ) );
#1834 = AXIS2_PLACEMENT_3D( '', #3135, #3136, #3137 );
#1835 = SURFACE_SIDE_STYLE( '', ( #3138 ) );
#1836 = EDGE_LOOP( '', ( #3139, #3140, #3141, #3142 ) );
#1837 = AXIS2_PLACEMENT_3D( '', #3143, #3144, #3145 );
#1838 = SURFACE_SIDE_STYLE( '', ( #3146 ) );
#1839 = EDGE_LOOP( '', ( #3147, #3148, #3149, #3150 ) );
#1840 = AXIS2_PLACEMENT_3D( '', #3151, #3152, #3153 );
#1841 = SURFACE_SIDE_STYLE( '', ( #3154 ) );
#1842 = EDGE_LOOP( '', ( #3155, #3156, #3157, #3158 ) );
#1843 = AXIS2_PLACEMENT_3D( '', #3159, #3160, #3161 );
#1844 = SURFACE_SIDE_STYLE( '', ( #3162 ) );
#1845 = EDGE_LOOP( '', ( #3163, #3164, #3165, #3166 ) );
#1846 = AXIS2_PLACEMENT_3D( '', #3167, #3168, #3169 );
#1847 = SURFACE_SIDE_STYLE( '', ( #3170 ) );
#1848 = EDGE_LOOP( '', ( #3171, #3172, #3173, #3174, #3175 ) );
#1849 = AXIS2_PLACEMENT_3D( '', #3176, #3177, #3178 );
#1850 = SURFACE_SIDE_STYLE( '', ( #3179 ) );
#1851 = EDGE_LOOP( '', ( #3180, #3181, #3182, #3183 ) );
#1852 = AXIS2_PLACEMENT_3D( '', #3184, #3185, #3186 );
#1853 = SURFACE_SIDE_STYLE( '', ( #3187 ) );
#1854 = EDGE_LOOP( '', ( #3188, #3189, #3190, #3191 ) );
#1855 = AXIS2_PLACEMENT_3D( '', #3192, #3193, #3194 );
#1856 = SURFACE_SIDE_STYLE( '', ( #3195 ) );
#1857 = EDGE_LOOP( '', ( #3196, #3197, #3198, #3199, #3200, #3201 ) );
#1858 = AXIS2_PLACEMENT_3D( '', #3202, #3203, #3204 );
#1859 = SURFACE_SIDE_STYLE( '', ( #3205 ) );
#1860 = EDGE_LOOP( '', ( #3206, #3207, #3208, #3209 ) );
#1861 = AXIS2_PLACEMENT_3D( '', #3210, #3211, #3212 );
#1862 = SURFACE_SIDE_STYLE( '', ( #3213 ) );
#1863 = EDGE_LOOP( '', ( #3214, #3215, #3216, #3217 ) );
#1864 = AXIS2_PLACEMENT_3D( '', #3218, #3219, #3220 );
#1865 = SURFACE_SIDE_STYLE( '', ( #3221 ) );
#1866 = EDGE_LOOP( '', ( #3222, #3223, #3224, #3225 ) );
#1867 = AXIS2_PLACEMENT_3D( '', #3226, #3227, #3228 );
#1868 = SURFACE_SIDE_STYLE( '', ( #3229 ) );
#1869 = EDGE_LOOP( '', ( #3230, #3231, #3232, #3233, #3234, #3235 ) );
#1870 = AXIS2_PLACEMENT_3D( '', #3236, #3237, #3238 );
#1871 = SURFACE_SIDE_STYLE( '', ( #3239 ) );
#1872 = EDGE_LOOP( '', ( #3240, #3241, #3242, #3243, #3244, #3245, #3246, #3247 ) );
#1873 = AXIS2_PLACEMENT_3D( '', #3248, #3249, #3250 );
#1874 = SURFACE_SIDE_STYLE( '', ( #3251 ) );
#1875 = EDGE_LOOP( '', ( #3252, #3253, #3254, #3255, #3256, #3257 ) );
#1876 = AXIS2_PLACEMENT_3D( '', #3258, #3259, #3260 );
#1877 = SURFACE_SIDE_STYLE( '', ( #3261 ) );
#1878 = EDGE_LOOP( '', ( #3262, #3263, #3264, #3265 ) );
#1879 = AXIS2_PLACEMENT_3D( '', #3266, #3267, #3268 );
#1880 = SURFACE_SIDE_STYLE( '', ( #3269 ) );
#1881 = EDGE_LOOP( '', ( #3270, #3271, #3272, #3273 ) );
#1882 = AXIS2_PLACEMENT_3D( '', #3274, #3275, #3276 );
#1883 = SURFACE_SIDE_STYLE( '', ( #3277 ) );
#1884 = EDGE_LOOP( '', ( #3278, #3279, #3280, #3281 ) );
#1885 = AXIS2_PLACEMENT_3D( '', #3282, #3283, #3284 );
#1886 = SURFACE_SIDE_STYLE( '', ( #3285 ) );
#1887 = EDGE_LOOP( '', ( #3286, #3287, #3288, #3289 ) );
#1888 = AXIS2_PLACEMENT_3D( '', #3290, #3291, #3292 );
#1889 = SURFACE_SIDE_STYLE( '', ( #3293 ) );
#1890 = EDGE_LOOP( '', ( #3294, #3295, #3296, #3297 ) );
#1891 = EDGE_LOOP( '', ( #3298, #3299, #3300, #3301 ) );
#1892 = EDGE_LOOP( '', ( #3302, #3303, #3304, #3305, #3306, #3307, #3308, #3309, #3310, #3311, #3312, #3313, #3314, #3315, #3316, #3317, #3318, #3319, #3320, #3321, #3322, #3323, #3324, #3325, #3326, #3327, #3328, #3329, #3330, #3331, #3332, #3333, #3334, #3335, #3336, #3337, #3338, #3339, #3340, #3341, #3342, #3343, #3344, #3345, #3346, #3347 ) );
#1893 = AXIS2_PLACEMENT_3D( '', #3348, #3349, #3350 );
#1894 = SURFACE_SIDE_STYLE( '', ( #3351 ) );
#1895 = EDGE_LOOP( '', ( #3352, #3353, #3354, #3355 ) );
#1896 = AXIS2_PLACEMENT_3D( '', #3356, #3357, #3358 );
#1897 = SURFACE_SIDE_STYLE( '', ( #3359 ) );
#1898 = EDGE_LOOP( '', ( #3360, #3361, #3362, #3363 ) );
#1899 = AXIS2_PLACEMENT_3D( '', #3364, #3365, #3366 );
#1900 = SURFACE_SIDE_STYLE( '', ( #3367 ) );
#1901 = EDGE_LOOP( '', ( #3368, #3369, #3370, #3371 ) );
#1902 = AXIS2_PLACEMENT_3D( '', #3372, #3373, #3374 );
#1903 = SURFACE_SIDE_STYLE( '', ( #3375 ) );
#1904 = EDGE_LOOP( '', ( #3376, #3377, #3378, #3379, #3380, #3381, #3382, #3383 ) );
#1905 = AXIS2_PLACEMENT_3D( '', #3384, #3385, #3386 );
#1906 = SURFACE_SIDE_STYLE( '', ( #3387 ) );
#1907 = EDGE_LOOP( '', ( #3388, #3389, #3390, #3391 ) );
#1908 = AXIS2_PLACEMENT_3D( '', #3392, #3393, #3394 );
#1909 = SURFACE_SIDE_STYLE( '', ( #3395 ) );
#1910 = EDGE_LOOP( '', ( #3396, #3397, #3398, #3399 ) );
#1911 = AXIS2_PLACEMENT_3D( '', #3400, #3401, #3402 );
#1912 = SURFACE_SIDE_STYLE( '', ( #3403 ) );
#1913 = EDGE_LOOP( '', ( #3404, #3405, #3406, #3407 ) );
#1914 = AXIS2_PLACEMENT_3D( '', #3408, #3409, #3410 );
#1915 = SURFACE_SIDE_STYLE( '', ( #3411 ) );
#1916 = EDGE_LOOP( '', ( #3412, #3413, #3414, #3415, #3416, #3417, #3418, #3419, #3420, #3421 ) );
#1917 = AXIS2_PLACEMENT_3D( '', #3422, #3423, #3424 );
#1918 = SURFACE_SIDE_STYLE( '', ( #3425 ) );
#1919 = EDGE_LOOP( '', ( #3426, #3427, #3428, #3429, #3430 ) );
#1920 = AXIS2_PLACEMENT_3D( '', #3431, #3432, #3433 );
#1921 = SURFACE_SIDE_STYLE( '', ( #3434 ) );
#1922 = EDGE_LOOP( '', ( #3435, #3436, #3437, #3438, #3439 ) );
#1923 = AXIS2_PLACEMENT_3D( '', #3440, #3441, #3442 );
#1924 = SURFACE_SIDE_STYLE( '', ( #3443 ) );
#1925 = EDGE_LOOP( '', ( #3444, #3445, #3446, #3447 ) );
#1926 = AXIS2_PLACEMENT_3D( '', #3448, #3449, #3450 );
#1927 = SURFACE_SIDE_STYLE( '', ( #3451 ) );
#1928 = EDGE_LOOP( '', ( #3452, #3453, #3454, #3455 ) );
#1929 = AXIS2_PLACEMENT_3D( '', #3456, #3457, #3458 );
#1930 = SURFACE_SIDE_STYLE( '', ( #3459 ) );
#1931 = EDGE_LOOP( '', ( #3460, #3461, #3462, #3463 ) );
#1932 = AXIS2_PLACEMENT_3D( '', #3464, #3465, #3466 );
#1933 = SURFACE_SIDE_STYLE( '', ( #3467 ) );
#1934 = EDGE_LOOP( '', ( #3468, #3469, #3470, #3471 ) );
#1935 = AXIS2_PLACEMENT_3D( '', #3472, #3473, #3474 );
#1936 = SURFACE_SIDE_STYLE( '', ( #3475 ) );
#1937 = EDGE_LOOP( '', ( #3476, #3477, #3478, #3479 ) );
#1938 = AXIS2_PLACEMENT_3D( '', #3480, #3481, #3482 );
#1939 = SURFACE_SIDE_STYLE( '', ( #3483 ) );
#1940 = EDGE_LOOP( '', ( #3484, #3485, #3486, #3487, #3488, #3489, #3490, #3491 ) );
#1941 = AXIS2_PLACEMENT_3D( '', #3492, #3493, #3494 );
#1942 = SURFACE_SIDE_STYLE( '', ( #3495 ) );
#1943 = EDGE_LOOP( '', ( #3496, #3497, #3498, #3499, #3500, #3501, #3502, #3503 ) );
#1944 = AXIS2_PLACEMENT_3D( '', #3504, #3505, #3506 );
#1945 = SURFACE_SIDE_STYLE( '', ( #3507 ) );
#1946 = EDGE_LOOP( '', ( #3508, #3509, #3510, #3511 ) );
#1947 = AXIS2_PLACEMENT_3D( '', #3512, #3513, #3514 );
#1948 = SURFACE_SIDE_STYLE( '', ( #3515 ) );
#1949 = EDGE_LOOP( '', ( #3516, #3517, #3518, #3519, #3520, #3521 ) );
#1950 = AXIS2_PLACEMENT_3D( '', #3522, #3523, #3524 );
#1951 = SURFACE_SIDE_STYLE( '', ( #3525 ) );
#1952 = EDGE_LOOP( '', ( #3526, #3527, #3528, #3529, #3530, #3531 ) );
#1953 = AXIS2_PLACEMENT_3D( '', #3532, #3533, #3534 );
#1954 = SURFACE_SIDE_STYLE( '', ( #3535 ) );
#1955 = EDGE_LOOP( '', ( #3536, #3537, #3538, #3539 ) );
#1956 = AXIS2_PLACEMENT_3D( '', #3540, #3541, #3542 );
#1957 = SURFACE_SIDE_STYLE( '', ( #3543 ) );
#1958 = EDGE_LOOP( '', ( #3544, #3545, #3546, #3547 ) );
#1959 = AXIS2_PLACEMENT_3D( '', #3548, #3549, #3550 );
#1960 = SURFACE_SIDE_STYLE( '', ( #3551 ) );
#1961 = EDGE_LOOP( '', ( #3552, #3553, #3554, #3555 ) );
#1962 = AXIS2_PLACEMENT_3D( '', #3556, #3557, #3558 );
#1963 = SURFACE_SIDE_STYLE( '', ( #3559 ) );
#1964 = EDGE_LOOP( '', ( #3560, #3561, #3562, #3563 ) );
#1965 = AXIS2_PLACEMENT_3D( '', #3564, #3565, #3566 );
#1966 = SURFACE_SIDE_STYLE( '', ( #3567 ) );
#1967 = EDGE_LOOP( '', ( #3568, #3569, #3570, #3571 ) );
#1968 = AXIS2_PLACEMENT_3D( '', #3572, #3573, #3574 );
#1969 = SURFACE_SIDE_STYLE( '', ( #3575 ) );
#1970 = EDGE_LOOP( '', ( #3576, #3577, #3578, #3579, #3580, #3581 ) );
#1971 = AXIS2_PLACEMENT_3D( '', #3582, #3583, #3584 );
#1972 = SURFACE_SIDE_STYLE( '', ( #3585 ) );
#1973 = EDGE_LOOP( '', ( #3586, #3587, #3588, #3589 ) );
#1974 = AXIS2_PLACEMENT_3D( '', #3590, #3591, #3592 );
#1975 = SURFACE_SIDE_STYLE( '', ( #3593 ) );
#1976 = EDGE_LOOP( '', ( #3594, #3595, #3596, #3597, #3598, #3599, #3600, #3601 ) );
#1977 = AXIS2_PLACEMENT_3D( '', #3602, #3603, #3604 );
#1978 = SURFACE_SIDE_STYLE( '', ( #3605 ) );
#1979 = EDGE_LOOP( '', ( #3606, #3607, #3608, #3609 ) );
#1980 = AXIS2_PLACEMENT_3D( '', #3610, #3611, #3612 );
#1981 = SURFACE_SIDE_STYLE( '', ( #3613 ) );
#1982 = EDGE_LOOP( '', ( #3614, #3615, #3616, #3617, #3618, #3619 ) );
#1983 = AXIS2_PLACEMENT_3D( '', #3620, #3621, #3622 );
#1984 = SURFACE_SIDE_STYLE( '', ( #3623 ) );
#1985 = EDGE_LOOP( '', ( #3624, #3625, #3626, #3627 ) );
#1986 = AXIS2_PLACEMENT_3D( '', #3628, #3629, #3630 );
#1987 = SURFACE_SIDE_STYLE( '', ( #3631 ) );
#1988 = EDGE_LOOP( '', ( #3632, #3633, #3634, #3635, #3636, #3637 ) );
#1989 = AXIS2_PLACEMENT_3D( '', #3638, #3639, #3640 );
#1990 = SURFACE_SIDE_STYLE( '', ( #3641 ) );
#1991 = EDGE_LOOP( '', ( #3642, #3643, #3644, #3645 ) );
#1992 = AXIS2_PLACEMENT_3D( '', #3646, #3647, #3648 );
#1993 = SURFACE_SIDE_STYLE( '', ( #3649 ) );
#1994 = EDGE_LOOP( '', ( #3650, #3651, #3652, #3653, #3654 ) );
#1995 = AXIS2_PLACEMENT_3D( '', #3655, #3656, #3657 );
#1996 = SURFACE_SIDE_STYLE( '', ( #3658 ) );
#1997 = EDGE_LOOP( '', ( #3659, #3660, #3661, #3662 ) );
#1998 = AXIS2_PLACEMENT_3D( '', #3663, #3664, #3665 );
#1999 = SURFACE_SIDE_STYLE( '', ( #3666 ) );
#2000 = EDGE_LOOP( '', ( #3667, #3668, #3669, #3670, #3671 ) );
#2001 = AXIS2_PLACEMENT_3D( '', #3672, #3673, #3674 );
#2002 = SURFACE_SIDE_STYLE( '', ( #3675 ) );
#2003 = EDGE_LOOP( '', ( #3676, #3677, #3678, #3679 ) );
#2004 = AXIS2_PLACEMENT_3D( '', #3680, #3681, #3682 );
#2005 = SURFACE_SIDE_STYLE( '', ( #3683 ) );
#2006 = EDGE_LOOP( '', ( #3684, #3685, #3686, #3687, #3688 ) );
#2007 = AXIS2_PLACEMENT_3D( '', #3689, #3690, #3691 );
#2008 = SURFACE_SIDE_STYLE( '', ( #3692 ) );
#2009 = EDGE_LOOP( '', ( #3693, #3694, #3695, #3696 ) );
#2010 = AXIS2_PLACEMENT_3D( '', #3697, #3698, #3699 );
#2011 = SURFACE_SIDE_STYLE( '', ( #3700 ) );
#2012 = EDGE_LOOP( '', ( #3701, #3702, #3703, #3704 ) );
#2013 = AXIS2_PLACEMENT_3D( '', #3705, #3706, #3707 );
#2014 = SURFACE_SIDE_STYLE( '', ( #3708 ) );
#2015 = EDGE_LOOP( '', ( #3709, #3710, #3711, #3712 ) );
#2016 = AXIS2_PLACEMENT_3D( '', #3713, #3714, #3715 );
#2017 = SURFACE_SIDE_STYLE( '', ( #3716 ) );
#2018 = EDGE_LOOP( '', ( #3717, #3718, #3719, #3720, #3721, #3722, #3723, #3724 ) );
#2019 = AXIS2_PLACEMENT_3D( '', #3725, #3726, #3727 );
#2020 = SURFACE_SIDE_STYLE( '', ( #3728 ) );
#2021 = EDGE_LOOP( '', ( #3729, #3730, #3731, #3732 ) );
#2022 = AXIS2_PLACEMENT_3D( '', #3733, #3734, #3735 );
#2023 = SURFACE_SIDE_STYLE( '', ( #3736 ) );
#2024 = EDGE_LOOP( '', ( #3737, #3738, #3739, #3740, #3741, #3742 ) );
#2025 = AXIS2_PLACEMENT_3D( '', #3743, #3744, #3745 );
#2026 = SURFACE_SIDE_STYLE( '', ( #3746 ) );
#2027 = EDGE_LOOP( '', ( #3747, #3748, #3749, #3750 ) );
#2028 = AXIS2_PLACEMENT_3D( '', #3751, #3752, #3753 );
#2029 = SURFACE_SIDE_STYLE( '', ( #3754 ) );
#2030 = EDGE_LOOP( '', ( #3755, #3756, #3757, #3758 ) );
#2031 = AXIS2_PLACEMENT_3D( '', #3759, #3760, #3761 );
#2032 = SURFACE_SIDE_STYLE( '', ( #3762 ) );
#2033 = EDGE_LOOP( '', ( #3763, #3764, #3765, #3766 ) );
#2034 = AXIS2_PLACEMENT_3D( '', #3767, #3768, #3769 );
#2035 = SURFACE_SIDE_STYLE( '', ( #3770 ) );
#2036 = EDGE_LOOP( '', ( #3771, #3772, #3773, #3774, #3775 ) );
#2037 = AXIS2_PLACEMENT_3D( '', #3776, #3777, #3778 );
#2038 = SURFACE_SIDE_STYLE( '', ( #3779 ) );
#2039 = EDGE_LOOP( '', ( #3780, #3781, #3782, #3783 ) );
#2040 = AXIS2_PLACEMENT_3D( '', #3784, #3785, #3786 );
#2041 = SURFACE_SIDE_STYLE( '', ( #3787 ) );
#2042 = EDGE_LOOP( '', ( #3788, #3789, #3790, #3791, #3792 ) );
#2043 = AXIS2_PLACEMENT_3D( '', #3793, #3794, #3795 );
#2044 = SURFACE_SIDE_STYLE( '', ( #3796 ) );
#2045 = EDGE_LOOP( '', ( #3797, #3798, #3799, #3800, #3801, #3802 ) );
#2046 = AXIS2_PLACEMENT_3D( '', #3803, #3804, #3805 );
#2047 = SURFACE_SIDE_STYLE( '', ( #3806 ) );
#2048 = EDGE_LOOP( '', ( #3807, #3808, #3809, #3810 ) );
#2049 = AXIS2_PLACEMENT_3D( '', #3811, #3812, #3813 );
#2050 = SURFACE_SIDE_STYLE( '', ( #3814 ) );
#2051 = EDGE_LOOP( '', ( #3815, #3816, #3817, #3818, #3819, #3820 ) );
#2052 = AXIS2_PLACEMENT_3D( '', #3821, #3822, #3823 );
#2053 = SURFACE_SIDE_STYLE( '', ( #3824 ) );
#2054 = EDGE_LOOP( '', ( #3825, #3826, #3827, #3828 ) );
#2055 = AXIS2_PLACEMENT_3D( '', #3829, #3830, #3831 );
#2056 = SURFACE_SIDE_STYLE( '', ( #3832 ) );
#2057 = EDGE_LOOP( '', ( #3833, #3834, #3835, #3836 ) );
#2058 = AXIS2_PLACEMENT_3D( '', #3837, #3838, #3839 );
#2059 = SURFACE_SIDE_STYLE( '', ( #3840 ) );
#2060 = EDGE_LOOP( '', ( #3841, #3842, #3843, #3844, #3845, #3846, #3847, #3848, #3849, #3850, #3851, #3852, #3853, #3854, #3855, #3856, #3857, #3858, #3859, #3860, #3861, #3862, #3863, #3864, #3865, #3866, #3867, #3868, #3869, #3870, #3871, #3872, #3873, #3874, #3875, #3876, #3877, #3878, #3879, #3880, #3881, #3882, #3883, #3884, #3885, #3886 ) );
#2061 = AXIS2_PLACEMENT_3D( '', #3887, #3888, #3889 );
#2062 = SURFACE_SIDE_STYLE( '', ( #3890 ) );
#2063 = EDGE_LOOP( '', ( #3891, #3892, #3893, #3894 ) );
#2064 = AXIS2_PLACEMENT_3D( '', #3895, #3896, #3897 );
#2065 = SURFACE_SIDE_STYLE( '', ( #3898 ) );
#2066 = EDGE_LOOP( '', ( #3899, #3900, #3901, #3902, #3903, #3904, #3905, #3906 ) );
#2067 = AXIS2_PLACEMENT_3D( '', #3907, #3908, #3909 );
#2068 = SURFACE_SIDE_STYLE( '', ( #3910 ) );
#2069 = EDGE_LOOP( '', ( #3911, #3912, #3913, #3914 ) );
#2070 = AXIS2_PLACEMENT_3D( '', #3915, #3916, #3917 );
#2071 = SURFACE_SIDE_STYLE( '', ( #3918 ) );
#2072 = EDGE_LOOP( '', ( #3919, #3920, #3921, #3922 ) );
#2073 = AXIS2_PLACEMENT_3D( '', #3923, #3924, #3925 );
#2074 = SURFACE_SIDE_STYLE( '', ( #3926 ) );
#2075 = EDGE_LOOP( '', ( #3927, #3928, #3929, #3930 ) );
#2076 = AXIS2_PLACEMENT_3D( '', #3931, #3932, #3933 );
#2077 = SURFACE_SIDE_STYLE( '', ( #3934 ) );
#2078 = EDGE_LOOP( '', ( #3935, #3936, #3937, #3938, #3939 ) );
#2079 = AXIS2_PLACEMENT_3D( '', #3940, #3941, #3942 );
#2080 = SURFACE_SIDE_STYLE( '', ( #3943 ) );
#2081 = EDGE_LOOP( '', ( #3944, #3945, #3946, #3947 ) );
#2082 = AXIS2_PLACEMENT_3D( '', #3948, #3949, #3950 );
#2083 = SURFACE_SIDE_STYLE( '', ( #3951 ) );
#2084 = EDGE_LOOP( '', ( #3952, #3953, #3954, #3955 ) );
#2085 = EDGE_LOOP( '', ( #3956, #3957, #3958, #3959 ) );
#2086 = EDGE_LOOP( '', ( #3960, #3961, #3962, #3963, #3964, #3965, #3966, #3967, #3968, #3969, #3970, #3971, #3972, #3973, #3974, #3975, #3976, #3977, #3978, #3979, #3980, #3981, #3982, #3983, #3984, #3985, #3986, #3987, #3988, #3989, #3990, #3991, #3992, #3993, #3994, #3995, #3996, #3997, #3998, #3999, #4000, #4001, #4002, #4003, #4004, #4005 ) );
#2087 = AXIS2_PLACEMENT_3D( '', #4006, #4007, #4008 );
#2088 = SURFACE_SIDE_STYLE( '', ( #4009 ) );
#2089 = EDGE_LOOP( '', ( #4010, #4011, #4012, #4013, #4014 ) );
#2090 = AXIS2_PLACEMENT_3D( '', #4015, #4016, #4017 );
#2091 = SURFACE_SIDE_STYLE( '', ( #4018 ) );
#2092 = EDGE_LOOP( '', ( #4019, #4020, #4021, #4022 ) );
#2093 = AXIS2_PLACEMENT_3D( '', #4023, #4024, #4025 );
#2094 = SURFACE_SIDE_STYLE( '', ( #4026 ) );
#2095 = EDGE_LOOP( '', ( #4027, #4028, #4029, #4030 ) );
#2096 = AXIS2_PLACEMENT_3D( '', #4031, #4032, #4033 );
#2097 = SURFACE_SIDE_STYLE( '', ( #4034 ) );
#2098 = EDGE_LOOP( '', ( #4035, #4036, #4037, #4038, #4039 ) );
#2099 = AXIS2_PLACEMENT_3D( '', #4040, #4041, #4042 );
#2100 = SURFACE_SIDE_STYLE( '', ( #4043 ) );
#2101 = EDGE_LOOP( '', ( #4044, #4045, #4046, #4047, #4048, #4049 ) );
#2102 = AXIS2_PLACEMENT_3D( '', #4050, #4051, #4052 );
#2103 = SURFACE_SIDE_STYLE( '', ( #4053 ) );
#2104 = EDGE_LOOP( '', ( #4054, #4055, #4056, #4057, #4058, #4059, #4060, #4061, #4062, #4063, #4064, #4065, #4066, #4067, #4068, #4069, #4070, #4071, #4072, #4073, #4074, #4075, #4076, #4077, #4078, #4079, #4080, #4081 ) );
#2105 = AXIS2_PLACEMENT_3D( '', #4082, #4083, #4084 );
#2106 = SURFACE_SIDE_STYLE( '', ( #4085 ) );
#2107 = EDGE_LOOP( '', ( #4086, #4087, #4088, #4089 ) );
#2108 = AXIS2_PLACEMENT_3D( '', #4090, #4091, #4092 );
#2109 = SURFACE_SIDE_STYLE( '', ( #4093 ) );
#2110 = EDGE_LOOP( '', ( #4094, #4095, #4096, #4097 ) );
#2111 = AXIS2_PLACEMENT_3D( '', #4098, #4099, #4100 );
#2112 = SURFACE_SIDE_STYLE( '', ( #4101 ) );
#2113 = EDGE_LOOP( '', ( #4102, #4103, #4104, #4105, #4106, #4107 ) );
#2114 = AXIS2_PLACEMENT_3D( '', #4108, #4109, #4110 );
#2115 = SURFACE_SIDE_STYLE( '', ( #4111 ) );
#2116 = EDGE_LOOP( '', ( #4112, #4113, #4114, #4115 ) );
#2117 = AXIS2_PLACEMENT_3D( '', #4116, #4117, #4118 );
#2118 = SURFACE_SIDE_STYLE( '', ( #4119 ) );
#2119 = EDGE_LOOP( '', ( #4120, #4121, #4122, #4123 ) );
#2120 = AXIS2_PLACEMENT_3D( '', #4124, #4125, #4126 );
#2121 = SURFACE_SIDE_STYLE( '', ( #4127 ) );
#2122 = EDGE_LOOP( '', ( #4128, #4129, #4130, #4131 ) );
#2123 = AXIS2_PLACEMENT_3D( '', #4132, #4133, #4134 );
#2124 = SURFACE_SIDE_STYLE( '', ( #4135 ) );
#2125 = EDGE_LOOP( '', ( #4136, #4137, #4138, #4139, #4140 ) );
#2126 = AXIS2_PLACEMENT_3D( '', #4141, #4142, #4143 );
#2127 = SURFACE_SIDE_STYLE( '', ( #4144 ) );
#2128 = EDGE_LOOP( '', ( #4145, #4146, #4147, #4148 ) );
#2129 = AXIS2_PLACEMENT_3D( '', #4149, #4150, #4151 );
#2130 = SURFACE_SIDE_STYLE( '', ( #4152 ) );
#2131 = EDGE_LOOP( '', ( #4153, #4154, #4155, #4156 ) );
#2132 = AXIS2_PLACEMENT_3D( '', #4157, #4158, #4159 );
#2133 = SURFACE_SIDE_STYLE( '', ( #4160 ) );
#2134 = EDGE_LOOP( '', ( #4161, #4162, #4163, #4164, #4165, #4166, #4167, #4168, #4169, #4170, #4171, #4172 ) );
#2135 = AXIS2_PLACEMENT_3D( '', #4173, #4174, #4175 );
#2136 = SURFACE_SIDE_STYLE( '', ( #4176 ) );
#2137 = EDGE_LOOP( '', ( #4177, #4178, #4179, #4180, #4181, #4182 ) );
#2138 = AXIS2_PLACEMENT_3D( '', #4183, #4184, #4185 );
#2139 = SURFACE_SIDE_STYLE( '', ( #4186 ) );
#2140 = EDGE_LOOP( '', ( #4187, #4188, #4189, #4190, #4191, #4192 ) );
#2141 = AXIS2_PLACEMENT_3D( '', #4193, #4194, #4195 );
#2142 = SURFACE_SIDE_STYLE( '', ( #4196 ) );
#2143 = EDGE_LOOP( '', ( #4197, #4198, #4199, #4200 ) );
#2144 = AXIS2_PLACEMENT_3D( '', #4201, #4202, #4203 );
#2145 = SURFACE_SIDE_STYLE( '', ( #4204 ) );
#2146 = EDGE_LOOP( '', ( #4205, #4206, #4207, #4208 ) );
#2147 = AXIS2_PLACEMENT_3D( '', #4209, #4210, #4211 );
#2148 = SURFACE_SIDE_STYLE( '', ( #4212 ) );
#2149 = EDGE_LOOP( '', ( #4213, #4214, #4215, #4216, #4217 ) );
#2150 = AXIS2_PLACEMENT_3D( '', #4218, #4219, #4220 );
#2151 = SURFACE_SIDE_STYLE( '', ( #4221 ) );
#2152 = EDGE_LOOP( '', ( #4222, #4223, #4224, #4225, #4226, #4227, #4228, #4229 ) );
#2153 = AXIS2_PLACEMENT_3D( '', #4230, #4231, #4232 );
#2154 = SURFACE_SIDE_STYLE( '', ( #4233 ) );
#2155 = EDGE_LOOP( '', ( #4234, #4235, #4236, #4237 ) );
#2156 = AXIS2_PLACEMENT_3D( '', #4238, #4239, #4240 );
#2157 = SURFACE_SIDE_STYLE( '', ( #4241 ) );
#2158 = EDGE_LOOP( '', ( #4242, #4243, #4244, #4245, #4246 ) );
#2159 = AXIS2_PLACEMENT_3D( '', #4247, #4248, #4249 );
#2160 = SURFACE_SIDE_STYLE( '', ( #4250 ) );
#2161 = EDGE_LOOP( '', ( #4251, #4252, #4253, #4254, #4255 ) );
#2162 = AXIS2_PLACEMENT_3D( '', #4256, #4257, #4258 );
#2163 = SURFACE_SIDE_STYLE( '', ( #4259 ) );
#2164 = EDGE_LOOP( '', ( #4260, #4261, #4262, #4263 ) );
#2165 = AXIS2_PLACEMENT_3D( '', #4264, #4265, #4266 );
#2166 = SURFACE_SIDE_STYLE( '', ( #4267 ) );
#2167 = EDGE_LOOP( '', ( #4268, #4269, #4270, #4271, #4272, #4273, #4274, #4275, #4276, #4277, #4278, #4279, #4280, #4281, #4282, #4283 ) );
#2168 = AXIS2_PLACEMENT_3D( '', #4284, #4285, #4286 );
#2169 = SURFACE_SIDE_STYLE( '', ( #4287 ) );
#2170 = EDGE_LOOP( '', ( #4288, #4289, #4290, #4291, #4292, #4293 ) );
#2171 = AXIS2_PLACEMENT_3D( '', #4294, #4295, #4296 );
#2172 = SURFACE_SIDE_STYLE( '', ( #4297 ) );
#2173 = EDGE_LOOP( '', ( #4298, #4299, #4300, #4301 ) );
#2174 = AXIS2_PLACEMENT_3D( '', #4302, #4303, #4304 );
#2175 = SURFACE_SIDE_STYLE( '', ( #4305 ) );
#2176 = EDGE_LOOP( '', ( #4306, #4307, #4308, #4309 ) );
#2177 = AXIS2_PLACEMENT_3D( '', #4310, #4311, #4312 );
#2178 = SURFACE_SIDE_STYLE( '', ( #4313 ) );
#2179 = EDGE_LOOP( '', ( #4314, #4315, #4316, #4317 ) );
#2180 = AXIS2_PLACEMENT_3D( '', #4318, #4319, #4320 );
#2181 = SURFACE_SIDE_STYLE( '', ( #4321 ) );
#2182 = EDGE_LOOP( '', ( #4322, #4323, #4324, #4325, #4326 ) );
#2183 = AXIS2_PLACEMENT_3D( '', #4327, #4328, #4329 );
#2184 = SURFACE_SIDE_STYLE( '', ( #4330 ) );
#2185 = EDGE_LOOP( '', ( #4331, #4332, #4333, #4334, #4335, #4336, #4337, #4338 ) );
#2186 = AXIS2_PLACEMENT_3D( '', #4339, #4340, #4341 );
#2187 = SURFACE_SIDE_STYLE( '', ( #4342 ) );
#2188 = EDGE_LOOP( '', ( #4343, #4344, #4345, #4346 ) );
#2189 = AXIS2_PLACEMENT_3D( '', #4347, #4348, #4349 );
#2190 = SURFACE_SIDE_STYLE( '', ( #4350 ) );
#2191 = EDGE_LOOP( '', ( #4351, #4352, #4353, #4354 ) );
#2192 = AXIS2_PLACEMENT_3D( '', #4355, #4356, #4357 );
#2193 = SURFACE_SIDE_STYLE( '', ( #4358 ) );
#2194 = EDGE_LOOP( '', ( #4359, #4360, #4361, #4362 ) );
#2195 = AXIS2_PLACEMENT_3D( '', #4363, #4364, #4365 );
#2196 = SURFACE_SIDE_STYLE( '', ( #4366 ) );
#2197 = EDGE_LOOP( '', ( #4367, #4368, #4369, #4370 ) );
#2198 = AXIS2_PLACEMENT_3D( '', #4371, #4372, #4373 );
#2199 = SURFACE_SIDE_STYLE( '', ( #4374 ) );
#2200 = EDGE_LOOP( '', ( #4375, #4376, #4377, #4378 ) );
#2201 = AXIS2_PLACEMENT_3D( '', #4379, #4380, #4381 );
#2202 = SURFACE_SIDE_STYLE( '', ( #4382 ) );
#2203 = EDGE_LOOP( '', ( #4383, #4384, #4385, #4386, #4387, #4388, #4389, #4390 ) );
#2204 = AXIS2_PLACEMENT_3D( '', #4391, #4392, #4393 );
#2205 = SURFACE_SIDE_STYLE( '', ( #4394 ) );
#2206 = EDGE_LOOP( '', ( #4395, #4396, #4397, #4398 ) );
#2207 = AXIS2_PLACEMENT_3D( '', #4399, #4400, #4401 );
#2208 = SURFACE_SIDE_STYLE( '', ( #4402 ) );
#2209 = EDGE_LOOP( '', ( #4403, #4404, #4405, #4406 ) );
#2210 = AXIS2_PLACEMENT_3D( '', #4407, #4408, #4409 );
#2211 = SURFACE_SIDE_STYLE( '', ( #4410 ) );
#2212 = EDGE_LOOP( '', ( #4411, #4412, #4413, #4414 ) );
#2213 = AXIS2_PLACEMENT_3D( '', #4415, #4416, #4417 );
#2214 = SURFACE_SIDE_STYLE( '', ( #4418 ) );
#2215 = EDGE_LOOP( '', ( #4419, #4420, #4421, #4422 ) );
#2216 = AXIS2_PLACEMENT_3D( '', #4423, #4424, #4425 );
#2217 = SURFACE_SIDE_STYLE( '', ( #4426 ) );
#2218 = EDGE_LOOP( '', ( #4427, #4428, #4429, #4430 ) );
#2219 = AXIS2_PLACEMENT_3D( '', #4431, #4432, #4433 );
#2220 = SURFACE_SIDE_STYLE( '', ( #4434 ) );
#2221 = EDGE_LOOP( '', ( #4435, #4436, #4437, #4438, #4439, #4440, #4441, #4442 ) );
#2222 = AXIS2_PLACEMENT_3D( '', #4443, #4444, #4445 );
#2223 = SURFACE_SIDE_STYLE( '', ( #4446 ) );
#2224 = EDGE_LOOP( '', ( #4447, #4448, #4449, #4450 ) );
#2225 = AXIS2_PLACEMENT_3D( '', #4451, #4452, #4453 );
#2226 = SURFACE_SIDE_STYLE( '', ( #4454 ) );
#2227 = EDGE_LOOP( '', ( #4455, #4456, #4457, #4458, #4459 ) );
#2228 = AXIS2_PLACEMENT_3D( '', #4460, #4461, #4462 );
#2229 = SURFACE_SIDE_STYLE( '', ( #4463 ) );
#2230 = EDGE_LOOP( '', ( #4464, #4465, #4466, #4467, #4468 ) );
#2231 = AXIS2_PLACEMENT_3D( '', #4469, #4470, #4471 );
#2232 = SURFACE_SIDE_STYLE( '', ( #4472 ) );
#2233 = EDGE_LOOP( '', ( #4473, #4474, #4475, #4476, #4477, #4478 ) );
#2234 = AXIS2_PLACEMENT_3D( '', #4479, #4480, #4481 );
#2235 = SURFACE_SIDE_STYLE( '', ( #4482 ) );
#2236 = EDGE_LOOP( '', ( #4483, #4484, #4485, #4486, #4487 ) );
#2237 = AXIS2_PLACEMENT_3D( '', #4488, #4489, #4490 );
#2238 = SURFACE_SIDE_STYLE( '', ( #4491 ) );
#2239 = EDGE_LOOP( '', ( #4492, #4493, #4494, #4495 ) );
#2240 = AXIS2_PLACEMENT_3D( '', #4496, #4497, #4498 );
#2241 = SURFACE_SIDE_STYLE( '', ( #4499 ) );
#2242 = EDGE_LOOP( '', ( #4500, #4501, #4502, #4503 ) );
#2243 = AXIS2_PLACEMENT_3D( '', #4504, #4505, #4506 );
#2244 = SURFACE_SIDE_STYLE( '', ( #4507 ) );
#2245 = EDGE_LOOP( '', ( #4508, #4509, #4510, #4511, #4512, #4513 ) );
#2246 = AXIS2_PLACEMENT_3D( '', #4514, #4515, #4516 );
#2248 =  ( LENGTH_UNIT(  )NAMED_UNIT( #1539 )SI_UNIT( .MILLI., .METRE. ) );
#2249 = SURFACE_STYLE_FILL_AREA( #4518 );
#2250 = ORIENTED_EDGE( '', *, *, #4519, .F. );
#2251 = ORIENTED_EDGE( '', *, *, #4520, .F. );
#2252 = ORIENTED_EDGE( '', *, *, #4521, .F. );
#2253 = ORIENTED_EDGE( '', *, *, #4522, .T. );
#2254 = CARTESIAN_POINT( '', ( 4.50000240000000, -5.25175000000000, -3.58162950647651 ) );
#2255 = DIRECTION( '', ( 0.000000000000000, 0.342020143325669, -0.939692620785908 ) );
#2256 = DIRECTION( '', ( 0.000000000000000, 0.939692620785908, 0.342020143325669 ) );
#2257 = SURFACE_STYLE_FILL_AREA( #4523 );
#2258 = ORIENTED_EDGE( '', *, *, #4524, .F. );
#2259 = ORIENTED_EDGE( '', *, *, #4525, .T. );
#2260 = ORIENTED_EDGE( '', *, *, #4526, .T. );
#2261 = ORIENTED_EDGE( '', *, *, #4527, .T. );
#2262 = CARTESIAN_POINT( '', ( 6.35734121107698, -3.66097004054130, -14.6000000000000 ) );
#2263 = DIRECTION( '', ( 0.000000000000000, 0.000000000000000, -1.00000000000000 ) );
#2264 = DIRECTION( '', ( -1.00000000000000, 0.000000000000000, 0.000000000000000 ) );
#2265 = SURFACE_STYLE_FILL_AREA( #4528 );
#2266 = ORIENTED_EDGE( '', *, *, #4529, .T. );
#2267 = ORIENTED_EDGE( '', *, *, #4530, .F. );
#2268 = ORIENTED_EDGE( '', *, *, #4531, .F. );
#2269 = ORIENTED_EDGE( '', *, *, #4532, .T. );
#2270 = ORIENTED_EDGE( '', *, *, #4533, .F. );
#2271 = CARTESIAN_POINT( '', ( 11.1760024000000, 6.80000000000000, -0.300000000000000 ) );
#2272 = DIRECTION( '', ( 0.000000000000000, 0.707106781186548, 0.707106781186547 ) );
#2273 = DIRECTION( '', ( 0.000000000000000, -0.707106781186547, 0.707106781186548 ) );
#2274 = SURFACE_STYLE_FILL_AREA( #4534 );
#2275 = ORIENTED_EDGE( '', *, *, #4535, .T. );
#2276 = ORIENTED_EDGE( '', *, *, #4536, .F. );
#2277 = ORIENTED_EDGE( '', *, *, #4537, .F. );
#2278 = ORIENTED_EDGE( '', *, *, #4538, .F. );
#2279 = ORIENTED_EDGE( '', *, *, #4539, .T. );
#2280 = CARTESIAN_POINT( '', ( 6.04615820335294, 26.8000000000012, -10.0902740315453 ) );
#2281 = DIRECTION( '', ( 0.000000000000000, 1.00000000000000, 0.000000000000000 ) );
#2282 = DIRECTION( '', ( 0.000000000000000, 0.000000000000000, 1.00000000000000 ) );
#2283 = SURFACE_STYLE_FILL_AREA( #4540 );
#2284 = ORIENTED_EDGE( '', *, *, #4541, .F. );
#2285 = ORIENTED_EDGE( '', *, *, #4542, .T. );
#2286 = ORIENTED_EDGE( '', *, *, #4543, .F. );
#2287 = ORIENTED_EDGE( '', *, *, #4544, .T. );
#2288 = CARTESIAN_POINT( '', ( -66.0400000000000, 29.3000000000000, -1.40000000000000 ) );
#2289 = DIRECTION( '', ( 0.000000000000000, 0.254862252319700, 0.966977369095332 ) );
#2290 = DIRECTION( '', ( 0.000000000000000, 0.966977369095332, -0.254862252319700 ) );
#2291 = SURFACE_STYLE_FILL_AREA( #4545 );
#2292 = ORIENTED_EDGE( '', *, *, #4546, .T. );
#2293 = ORIENTED_EDGE( '', *, *, #4547, .F. );
#2294 = ORIENTED_EDGE( '', *, *, #4548, .F. );
#2295 = ORIENTED_EDGE( '', *, *, #4549, .F. );
#2296 = ORIENTED_EDGE( '', *, *, #4550, .F. );
#2297 = ORIENTED_EDGE( '', *, *, #4551, .T. );
#2298 = ORIENTED_EDGE( '', *, *, #4552, .T. );
#2299 = ORIENTED_EDGE( '', *, *, #4553, .F. );
#2300 = CARTESIAN_POINT( '', ( 81.2800000000000, 16.4000000000000, 2.70000000000000 ) );
#2301 = DIRECTION( '', ( 0.000000000000000, 0.000000000000000, 1.00000000000000 ) );
#2302 = DIRECTION( '', ( 0.000000000000000, -1.00000000000000, 0.000000000000000 ) );
#2303 = SURFACE_STYLE_FILL_AREA( #4554 );
#2304 = ORIENTED_EDGE( '', *, *, #4555, .T. );
#2305 = ORIENTED_EDGE( '', *, *, #4556, .F. );
#2306 = ORIENTED_EDGE( '', *, *, #4557, .F. );
#2307 = ORIENTED_EDGE( '', *, *, #4558, .T. );
#2308 = CARTESIAN_POINT( '', ( -10.1600000000000, 23.3000000000000, -1.70000000000000 ) );
#2309 = DIRECTION( '', ( 1.00000000000000, -0.000000000000000, -0.000000000000000 ) );
#2310 = DIRECTION( '', ( 0.000000000000000, 0.000000000000000, 1.00000000000000 ) );
#2311 = SURFACE_STYLE_FILL_AREA( #4559 );
#2312 = ORIENTED_EDGE( '', *, *, #4560, .T. );
#2313 = ORIENTED_EDGE( '', *, *, #4561, .F. );
#2314 = ORIENTED_EDGE( '', *, *, #4531, .T. );
#2315 = ORIENTED_EDGE( '', *, *, #4562, .F. );
#2316 = ORIENTED_EDGE( '', *, *, #4563, .T. );
#2317 = ORIENTED_EDGE( '', *, *, #4564, .T. );
#2318 = CARTESIAN_POINT( '', ( 0.879999999999979, 15.4000000000000, 1.69940720943896 ) );
#2319 = DIRECTION( '', ( -1.00000000000000, 0.000000000000000, 0.000000000000000 ) );
#2320 = DIRECTION( '', ( 0.000000000000000, 0.000000000000000, -1.00000000000000 ) );
#2321 = SURFACE_STYLE_FILL_AREA( #4565 );
#2322 = ORIENTED_EDGE( '', *, *, #4566, .F. );
#2323 = ORIENTED_EDGE( '', *, *, #4567, .T. );
#2324 = ORIENTED_EDGE( '', *, *, #4568, .F. );
#2325 = ORIENTED_EDGE( '', *, *, #4569, .T. );
#2326 = CARTESIAN_POINT( '', ( -4.69301482442178, 15.4000000000000, 3.11466685472233 ) );
#2327 = DIRECTION( '', ( 0.000000000000000, 1.00000000000000, 0.000000000000000 ) );
#2328 = DIRECTION( '', ( 0.000000000000000, 0.000000000000000, 1.00000000000000 ) );
#2329 = SURFACE_STYLE_FILL_AREA( #4570 );
#2330 = ORIENTED_EDGE( '', *, *, #4571, .T. );
#2331 = ORIENTED_EDGE( '', *, *, #4572, .T. );
#2332 = ORIENTED_EDGE( '', *, *, #4573, .F. );
#2333 = ORIENTED_EDGE( '', *, *, #4539, .F. );
#2334 = ORIENTED_EDGE( '', *, *, #4574, .F. );
#2335 = ORIENTED_EDGE( '', *, *, #4575, .F. );
#2336 = ORIENTED_EDGE( '', *, *, #4576, .T. );
#2337 = ORIENTED_EDGE( '', *, *, #4577, .F. );
#2338 = CARTESIAN_POINT( '', ( 10.1600000000000, 29.2000000000000, -6.15000000000000 ) );
#2339 = DIRECTION( '', ( -0.000000000000000, -1.00000000000000, -0.000000000000000 ) );
#2340 = DIRECTION( '', ( 0.000000000000000, 0.000000000000000, 1.00000000000000 ) );
#2341 = SURFACE_STYLE_FILL_AREA( #4578 );
#2342 = ORIENTED_EDGE( '', *, *, #4579, .T. );
#2343 = ORIENTED_EDGE( '', *, *, #4580, .T. );
#2344 = ORIENTED_EDGE( '', *, *, #4581, .T. );
#2345 = ORIENTED_EDGE( '', *, *, #4582, .T. );
#2346 = CARTESIAN_POINT( '', ( 7.36000000000000, 15.4000000000000, -0.300000000000000 ) );
#2347 = DIRECTION( '', ( -0.819152044288992, 0.000000000000000, -0.573576436351046 ) );
#2348 = DIRECTION( '', ( 0.573576436351046, 0.000000000000000, -0.819152044288992 ) );
#2349 = SURFACE_STYLE_FILL_AREA( #4583 );
#2350 = ORIENTED_EDGE( '', *, *, #4584, .T. );
#2351 = ORIENTED_EDGE( '', *, *, #4585, .T. );
#2352 = ORIENTED_EDGE( '', *, *, #4586, .F. );
#2353 = ORIENTED_EDGE( '', *, *, #4587, .T. );
#2354 = ORIENTED_EDGE( '', *, *, #4588, .F. );
#2355 = CARTESIAN_POINT( '', ( 0.200000000000000, 7.76723869684921, -14.2000000000000 ) );
#2356 = DIRECTION( '', ( -0.000000000000000, 1.00000000000000, -0.000000000000000 ) );
#2357 = DIRECTION( '', ( 0.000000000000000, 0.000000000000000, -1.00000000000000 ) );
#2358 = SURFACE_STYLE_FILL_AREA( #4589 );
#2359 = ORIENTED_EDGE( '', *, *, #4590, .T. );
#2360 = ORIENTED_EDGE( '', *, *, #4591, .F. );
#2361 = ORIENTED_EDGE( '', *, *, #4592, .T. );
#2362 = ORIENTED_EDGE( '', *, *, #4593, .T. );
#2363 = CARTESIAN_POINT( '', ( 3.90546517713170, 24.8000000000012, -6.15000000000000 ) );
#2364 = DIRECTION( '', ( -0.898794046299167, -0.438371146789078, 0.000000000000000 ) );
#2365 = DIRECTION( '', ( -0.438371146789078, 0.898794046299167, 0.000000000000000 ) );
#2366 = SURFACE_STYLE_FILL_AREA( #4594 );
#2367 = ORIENTED_EDGE( '', *, *, #4595, .T. );
#2368 = ORIENTED_EDGE( '', *, *, #4596, .F. );
#2369 = ORIENTED_EDGE( '', *, *, #4597, .T. );
#2370 = ORIENTED_EDGE( '', *, *, #4598, .F. );
#2371 = ORIENTED_EDGE( '', *, *, #4599, .T. );
#2372 = ORIENTED_EDGE( '', *, *, #4600, .T. );
#2373 = CARTESIAN_POINT( '', ( -106.246736788368, 23.5000000000000, -15.1712437056908 ) );
#2374 = DIRECTION( '', ( 0.000000000000000, -1.00000000000000, 0.000000000000000 ) );
#2375 = DIRECTION( '', ( 1.00000000000000, 0.000000000000000, 0.000000000000000 ) );
#2376 = SURFACE_STYLE_FILL_AREA( #4601 );
#2377 = ORIENTED_EDGE( '', *, *, #4602, .F. );
#2378 = ORIENTED_EDGE( '', *, *, #4603, .F. );
#2379 = ORIENTED_EDGE( '', *, *, #4604, .F. );
#2380 = ORIENTED_EDGE( '', *, *, #4605, .T. );
#2381 = ORIENTED_EDGE( '', *, *, #4606, .T. );
#2382 = CARTESIAN_POINT( '', ( 4.88000000000000, 7.07093599974894, -3.64000000000000 ) );
#2383 = DIRECTION( '', ( -0.000000000000000, -1.00000000000000, -0.000000000000000 ) );
#2384 = DIRECTION( '', ( 0.000000000000000, 0.000000000000000, 1.00000000000000 ) );
#2385 = SURFACE_STYLE_FILL_AREA( #4607 );
#2386 = ORIENTED_EDGE( '', *, *, #4608, .F. );
#2387 = ORIENTED_EDGE( '', *, *, #4609, .F. );
#2388 = ORIENTED_EDGE( '', *, *, #4610, .T. );
#2389 = ORIENTED_EDGE( '', *, *, #4611, .F. );
#2390 = ORIENTED_EDGE( '', *, *, #4612, .F. );
#2391 = ORIENTED_EDGE( '', *, *, #4613, .T. );
#2392 = ORIENTED_EDGE( '', *, *, #4614, .T. );
#2393 = ORIENTED_EDGE( '', *, *, #4615, .F. );
#2394 = CARTESIAN_POINT( '', ( 10.1600000000000, 10.1000000000000, -1.50000000000000 ) );
#2395 = DIRECTION( '', ( 0.000000000000000, 0.000000000000000, 1.00000000000000 ) );
#2396 = DIRECTION( '', ( 1.00000000000000, 0.000000000000000, 0.000000000000000 ) );
#2397 = SURFACE_STYLE_FILL_AREA( #4616 );
#2398 = ORIENTED_EDGE( '', *, *, #4617, .F. );
#2399 = ORIENTED_EDGE( '', *, *, #4618, .F. );
#2400 = ORIENTED_EDGE( '', *, *, #4619, .F. );
#2401 = ORIENTED_EDGE( '', *, *, #4620, .T. );
#2402 = CARTESIAN_POINT( '', ( 7.36000000000000, 12.9000000000000, -1.50000000000000 ) );
#2403 = DIRECTION( '', ( -0.000000000000000, 1.00000000000000, 0.000000000000000 ) );
#2404 = DIRECTION( '', ( 1.00000000000000, 0.000000000000000, 0.000000000000000 ) );
#2405 = SURFACE_STYLE_FILL_AREA( #4621 );
#2406 = ORIENTED_EDGE( '', *, *, #4622, .F. );
#2407 = ORIENTED_EDGE( '', *, *, #4623, .F. );
#2408 = ORIENTED_EDGE( '', *, *, #4624, .T. );
#2409 = ORIENTED_EDGE( '', *, *, #4625, .T. );
#2410 = ORIENTED_EDGE( '', *, *, #4626, .T. );
#2411 = ORIENTED_EDGE( '', *, *, #4627, .T. );
#2412 = ORIENTED_EDGE( '', *, *, #4628, .F. );
#2413 = ORIENTED_EDGE( '', *, *, #4629, .T. );
#2414 = ORIENTED_EDGE( '', *, *, #4630, .F. );
#2415 = ORIENTED_EDGE( '', *, *, #4631, .F. );
#2416 = CARTESIAN_POINT( '', ( 0.000000000000000, 51.0028980000000, -17.4300024000000 ) );
#2417 = DIRECTION( '', ( 1.00000000000000, 0.000000000000000, 0.000000000000000 ) );
#2418 = DIRECTION( '', ( 0.000000000000000, -1.00000000000000, 0.000000000000000 ) );
#2419 = SURFACE_STYLE_FILL_AREA( #4632 );
#2420 = ORIENTED_EDGE( '', *, *, #4633, .T. );
#2421 = ORIENTED_EDGE( '', *, *, #4634, .F. );
#2422 = ORIENTED_EDGE( '', *, *, #4635, .F. );
#2423 = ORIENTED_EDGE( '', *, *, #4636, .F. );
#2424 = CARTESIAN_POINT( '', ( 6.09600240000000, 6.80000000000000, -0.676616000000000 ) );
#2425 = DIRECTION( '', ( 0.000000000000000, 1.00000000000000, 0.000000000000000 ) );
#2426 = DIRECTION( '', ( 0.000000000000000, 0.000000000000000, 1.00000000000000 ) );
#2427 = SURFACE_STYLE_FILL_AREA( #4637 );
#2428 = ORIENTED_EDGE( '', *, *, #4638, .T. );
#2429 = ORIENTED_EDGE( '', *, *, #4639, .T. );
#2430 = ORIENTED_EDGE( '', *, *, #4640, .F. );
#2431 = ORIENTED_EDGE( '', *, *, #4641, .F. );
#2432 = ORIENTED_EDGE( '', *, *, #4642, .F. );
#2433 = ORIENTED_EDGE( '', *, *, #4643, .F. );
#2434 = ORIENTED_EDGE( '', *, *, #4644, .T. );
#2435 = ORIENTED_EDGE( '', *, *, #4645, .F. );
#2436 = CARTESIAN_POINT( '', ( 0.000000000000000, 29.2000000000000, -6.15000000000000 ) );
#2437 = DIRECTION( '', ( -0.000000000000000, -1.00000000000000, -0.000000000000000 ) );
#2438 = DIRECTION( '', ( 0.000000000000000, 0.000000000000000, 1.00000000000000 ) );
#2439 = SURFACE_STYLE_FILL_AREA( #4646 );
#2440 = ORIENTED_EDGE( '', *, *, #4647, .T. );
#2441 = ORIENTED_EDGE( '', *, *, #4648, .F. );
#2442 = ORIENTED_EDGE( '', *, *, #4649, .F. );
#2443 = ORIENTED_EDGE( '', *, *, #4650, .T. );
#2444 = CARTESIAN_POINT( '', ( 4.50000240000000, -5.25175000000000, -3.58162950647651 ) );
#2445 = DIRECTION( '', ( 0.000000000000000, 0.342020143325669, -0.939692620785908 ) );
#2446 = DIRECTION( '', ( 0.000000000000000, 0.939692620785908, 0.342020143325669 ) );
#2447 = SURFACE_STYLE_FILL_AREA( #4651 );
#2448 = ORIENTED_EDGE( '', *, *, #4652, .F. );
#2449 = ORIENTED_EDGE( '', *, *, #4653, .F. );
#2450 = ORIENTED_EDGE( '', *, *, #4654, .T. );
#2451 = ORIENTED_EDGE( '', *, *, #4655, .F. );
#2452 = CARTESIAN_POINT( '', ( 0.600000000000000, 1.00000000000000, 0.140002400000000 ) );
#2453 = DIRECTION( '', ( -1.00000000000000, 0.000000000000000, 0.000000000000000 ) );
#2454 = DIRECTION( '', ( 0.000000000000000, -1.00000000000000, 0.000000000000000 ) );
#2455 = SURFACE_STYLE_FILL_AREA( #4656 );
#2456 = ORIENTED_EDGE( '', *, *, #4657, .F. );
#2457 = ORIENTED_EDGE( '', *, *, #4658, .F. );
#2458 = ORIENTED_EDGE( '', *, *, #4659, .F. );
#2459 = ORIENTED_EDGE( '', *, *, #4660, .T. );
#2460 = CARTESIAN_POINT( '', ( -4.50000240000000, -2.44407121127492, -12.7197180000000 ) );
#2461 = DIRECTION( '', ( 0.000000000000000, 0.342020143325669, -0.939692620785908 ) );
#2462 = DIRECTION( '', ( 0.000000000000000, -0.939692620785908, -0.342020143325669 ) );
#2463 = SURFACE_STYLE_FILL_AREA( #4661 );
#2464 = ORIENTED_EDGE( '', *, *, #4662, .F. );
#2465 = ORIENTED_EDGE( '', *, *, #4663, .F. );
#2466 = ORIENTED_EDGE( '', *, *, #4664, .T. );
#2467 = ORIENTED_EDGE( '', *, *, #4665, .T. );
#2468 = ORIENTED_EDGE( '', *, *, #4574, .T. );
#2469 = ORIENTED_EDGE( '', *, *, #4538, .T. );
#2470 = CARTESIAN_POINT( '', ( 6.70166964383886, 2.20597423758882, -5.55000000000000 ) );
#2471 = DIRECTION( '', ( 0.000000000000000, 0.000000000000000, 1.00000000000000 ) );
#2472 = DIRECTION( '', ( 1.00000000000000, 0.000000000000000, 0.000000000000000 ) );
#2473 = SURFACE_STYLE_FILL_AREA( #4666 );
#2474 = ORIENTED_EDGE( '', *, *, #4667, .T. );
#2475 = ORIENTED_EDGE( '', *, *, #4522, .F. );
#2476 = ORIENTED_EDGE( '', *, *, #4668, .T. );
#2477 = ORIENTED_EDGE( '', *, *, #4669, .T. );
#2478 = CARTESIAN_POINT( '', ( 4.44089209850063E-016, -5.20000000000000, -3.24000000000000 ) );
#2479 = DIRECTION( '', ( 0.000000000000000, 0.000000000000000, 1.00000000000000 ) );
#2480 = DIRECTION( '', ( 0.000000000000000, -1.00000000000000, 0.000000000000000 ) );
#2481 = SURFACE_STYLE_FILL_AREA( #4670 );
#2482 = ORIENTED_EDGE( '', *, *, #4671, .F. );
#2483 = ORIENTED_EDGE( '', *, *, #4672, .T. );
#2484 = ORIENTED_EDGE( '', *, *, #4673, .F. );
#2485 = ORIENTED_EDGE( '', *, *, #4674, .T. );
#2486 = ORIENTED_EDGE( '', *, *, #4675, .F. );
#2487 = CARTESIAN_POINT( '', ( 9.96000000000000, 7.76723869684921, -14.2000000000000 ) );
#2488 = DIRECTION( '', ( -0.000000000000000, -1.00000000000000, -0.000000000000000 ) );
#2489 = DIRECTION( '', ( 0.000000000000000, 0.000000000000000, 1.00000000000000 ) );
#2490 = SURFACE_STYLE_FILL_AREA( #4676 );
#2491 = ORIENTED_EDGE( '', *, *, #4635, .T. );
#2492 = ORIENTED_EDGE( '', *, *, #4677, .F. );
#2493 = ORIENTED_EDGE( '', *, *, #4678, .F. );
#2494 = ORIENTED_EDGE( '', *, *, #4679, .T. );
#2495 = CARTESIAN_POINT( '', ( -12.9350000000000, 9.80000000000000, -1.45000000000000 ) );
#2496 = DIRECTION( '', ( 0.000000000000000, 0.000000000000000, 1.00000000000000 ) );
#2497 = DIRECTION( '', ( 1.00000000000000, 0.000000000000000, 0.000000000000000 ) );
#2498 = SURFACE_STYLE_FILL_AREA( #4680 );
#2499 = ORIENTED_EDGE( '', *, *, #4681, .F. );
#2500 = ORIENTED_EDGE( '', *, *, #4682, .F. );
#2501 = ORIENTED_EDGE( '', *, *, #4683, .F. );
#2502 = ORIENTED_EDGE( '', *, *, #4684, .F. );
#2503 = ORIENTED_EDGE( '', *, *, #4685, .T. );
#2504 = ORIENTED_EDGE( '', *, *, #4626, .F. );
#2505 = CARTESIAN_POINT( '', ( -80.5108976906263, 29.3000000000000, -2.89644339075328 ) );
#2506 = DIRECTION( '', ( -0.000000000000000, 1.00000000000000, 0.000000000000000 ) );
#2507 = DIRECTION( '', ( 1.00000000000000, 0.000000000000000, 0.000000000000000 ) );
#2508 = SURFACE_STYLE_FILL_AREA( #4686 );
#2509 = ORIENTED_EDGE( '', *, *, #4687, .T. );
#2510 = ORIENTED_EDGE( '', *, *, #4564, .F. );
#2511 = ORIENTED_EDGE( '', *, *, #4688, .T. );
#2512 = ORIENTED_EDGE( '', *, *, #4689, .T. );
#2513 = CARTESIAN_POINT( '', ( 0.386985175578199, 15.4000000000000, 3.11466685472233 ) );
#2514 = DIRECTION( '', ( 0.000000000000000, 1.00000000000000, 0.000000000000000 ) );
#2515 = DIRECTION( '', ( 0.000000000000000, 0.000000000000000, 1.00000000000000 ) );
#2516 = SURFACE_STYLE_FILL_AREA( #4690 );
#2517 = ORIENTED_EDGE( '', *, *, #4691, .F. );
#2518 = ORIENTED_EDGE( '', *, *, #4692, .F. );
#2519 = ORIENTED_EDGE( '', *, *, #4693, .T. );
#2520 = ORIENTED_EDGE( '', *, *, #4694, .F. );
#2521 = CARTESIAN_POINT( '', ( 14.6600024000000, -5.25175000000000, -3.58162950647651 ) );
#2522 = DIRECTION( '', ( 0.000000000000000, 0.342020143325669, -0.939692620785908 ) );
#2523 = DIRECTION( '', ( 0.000000000000000, 0.939692620785908, 0.342020143325669 ) );
#2524 = SURFACE_STYLE_FILL_AREA( #4695 );
#2525 = ORIENTED_EDGE( '', *, *, #4588, .T. );
#2526 = ORIENTED_EDGE( '', *, *, #4696, .T. );
#2527 = ORIENTED_EDGE( '', *, *, #4697, .T. );
#2528 = ORIENTED_EDGE( '', *, *, #4698, .T. );
#2529 = CARTESIAN_POINT( '', ( 1.27734121107700, -3.66097004054130, -14.6000000000000 ) );
#2530 = DIRECTION( '', ( 0.000000000000000, 0.000000000000000, -1.00000000000000 ) );
#2531 = DIRECTION( '', ( -1.00000000000000, 0.000000000000000, 0.000000000000000 ) );
#2532 = SURFACE_STYLE_FILL_AREA( #4699 );
#2533 = ORIENTED_EDGE( '', *, *, #4700, .F. );
#2534 = ORIENTED_EDGE( '', *, *, #4701, .F. );
#2535 = ORIENTED_EDGE( '', *, *, #4702, .T. );
#2536 = ORIENTED_EDGE( '', *, *, #4703, .F. );
#2537 = CARTESIAN_POINT( '', ( -1.47302600000000, 25.6000000000012, -3.91229600000000 ) );
#2538 = DIRECTION( '', ( -0.000000000000000, 1.00000000000000, 0.000000000000000 ) );
#2539 = DIRECTION( '', ( 1.00000000000000, 0.000000000000000, 0.000000000000000 ) );
#2540 = SURFACE_STYLE_FILL_AREA( #4704 );
#2541 = ORIENTED_EDGE( '', *, *, #4705, .T. );
#2542 = ORIENTED_EDGE( '', *, *, #4706, .F. );
#2543 = ORIENTED_EDGE( '', *, *, #4707, .T. );
#2544 = ORIENTED_EDGE( '', *, *, #4708, .F. );
#2545 = CARTESIAN_POINT( '', ( 6.35734121107698, -3.46097004054130, -13.4000000000000 ) );
#2546 = DIRECTION( '', ( 0.000000000000000, 0.000000000000000, -1.00000000000000 ) );
#2547 = DIRECTION( '', ( -1.00000000000000, 0.000000000000000, 0.000000000000000 ) );
#2548 = SURFACE_STYLE_FILL_AREA( #4709 );
#2549 = ORIENTED_EDGE( '', *, *, #4710, .T. );
#2550 = ORIENTED_EDGE( '', *, *, #4711, .T. );
#2551 = ORIENTED_EDGE( '', *, *, #4712, .F. );
#2552 = ORIENTED_EDGE( '', *, *, #4713, .F. );
#2553 = CARTESIAN_POINT( '', ( 12.9600000000000, 6.70000000000000, -1.50000000000000 ) );
#2554 = DIRECTION( '', ( 0.000000000000000, -1.00000000000000, 0.000000000000000 ) );
#2555 = DIRECTION( '', ( -1.00000000000000, 0.000000000000000, 0.000000000000000 ) );
#2556 = SURFACE_STYLE_FILL_AREA( #4714 );
#2557 = ORIENTED_EDGE( '', *, *, #4715, .F. );
#2558 = ORIENTED_EDGE( '', *, *, #4716, .T. );
#2559 = ORIENTED_EDGE( '', *, *, #4717, .T. );
#2560 = ORIENTED_EDGE( '', *, *, #4718, .T. );
#2561 = CARTESIAN_POINT( '', ( -2.77500000000000, 9.80000000000000, -1.45000000000000 ) );
#2562 = DIRECTION( '', ( 0.000000000000000, 0.000000000000000, 1.00000000000000 ) );
#2563 = DIRECTION( '', ( 1.00000000000000, 0.000000000000000, 0.000000000000000 ) );
#2564 = SURFACE_STYLE_FILL_AREA( #4719 );
#2565 = ORIENTED_EDGE( '', *, *, #4720, .F. );
#2566 = ORIENTED_EDGE( '', *, *, #4721, .T. );
#2567 = ORIENTED_EDGE( '', *, *, #4700, .T. );
#2568 = ORIENTED_EDGE( '', *, *, #4722, .F. );
#2569 = CARTESIAN_POINT( '', ( 2.52123083153010, 27.5611360000000, -6.15000000000000 ) );
#2570 = DIRECTION( '', ( 0.898794046299167, -0.438371146789078, 0.000000000000000 ) );
#2571 = DIRECTION( '', ( -0.438371146789078, -0.898794046299167, 0.000000000000000 ) );
#2572 = SURFACE_STYLE_FILL_AREA( #4723 );
#2573 = ORIENTED_EDGE( '', *, *, #4724, .T. );
#2574 = ORIENTED_EDGE( '', *, *, #4725, .T. );
#2575 = ORIENTED_EDGE( '', *, *, #4726, .T. );
#2576 = ORIENTED_EDGE( '', *, *, #4727, .F. );
#2577 = CARTESIAN_POINT( '', ( 6.09600240000000, 6.80000000000000, -0.676616000000000 ) );
#2578 = DIRECTION( '', ( 0.000000000000000, 1.00000000000000, 0.000000000000000 ) );
#2579 = DIRECTION( '', ( 0.000000000000000, 0.000000000000000, 1.00000000000000 ) );
#2580 = SURFACE_STYLE_FILL_AREA( #4728 );
#2581 = ORIENTED_EDGE( '', *, *, #4729, .F. );
#2582 = ORIENTED_EDGE( '', *, *, #4730, .T. );
#2583 = ORIENTED_EDGE( '', *, *, #4731, .T. );
#2584 = ORIENTED_EDGE( '', *, *, #4732, .F. );
#2585 = CARTESIAN_POINT( '', ( 0.600000000000000, 2.20597423758882, -9.60833035616114 ) );
#2586 = DIRECTION( '', ( -1.00000000000000, 0.000000000000000, 0.000000000000000 ) );
#2587 = DIRECTION( '', ( 0.000000000000000, 0.000000000000000, 1.00000000000000 ) );
#2588 = SURFACE_STYLE_FILL_AREA( #4733 );
#2589 = ORIENTED_EDGE( '', *, *, #4734, .T. );
#2590 = ORIENTED_EDGE( '', *, *, #4735, .F. );
#2591 = ORIENTED_EDGE( '', *, *, #4633, .F. );
#2592 = ORIENTED_EDGE( '', *, *, #4736, .F. );
#2593 = ORIENTED_EDGE( '', *, *, #4737, .T. );
#2594 = CARTESIAN_POINT( '', ( 6.09600240000000, 6.80000000000000, -0.300000000000000 ) );
#2595 = DIRECTION( '', ( 0.000000000000000, 0.707106781186548, 0.707106781186547 ) );
#2596 = DIRECTION( '', ( 0.000000000000000, -0.707106781186547, 0.707106781186548 ) );
#2597 = SURFACE_STYLE_FILL_AREA( #4738 );
#2598 = ORIENTED_EDGE( '', *, *, #4739, .F. );
#2599 = ORIENTED_EDGE( '', *, *, #4740, .F. );
#2600 = ORIENTED_EDGE( '', *, *, #4741, .F. );
#2601 = ORIENTED_EDGE( '', *, *, #4742, .T. );
#2602 = CARTESIAN_POINT( '', ( -2.77500000000000, 9.80000000000000, -1.45000000000000 ) );
#2603 = DIRECTION( '', ( 0.000000000000000, 0.000000000000000, 1.00000000000000 ) );
#2604 = DIRECTION( '', ( 1.00000000000000, 0.000000000000000, 0.000000000000000 ) );
#2605 = SURFACE_STYLE_FILL_AREA( #4743 );
#2606 = ORIENTED_EDGE( '', *, *, #4687, .F. );
#2607 = ORIENTED_EDGE( '', *, *, #4744, .F. );
#2608 = ORIENTED_EDGE( '', *, *, #4745, .F. );
#2609 = ORIENTED_EDGE( '', *, *, #4623, .T. );
#2610 = ORIENTED_EDGE( '', *, *, #4746, .T. );
#2611 = ORIENTED_EDGE( '', *, *, #4747, .F. );
#2612 = ORIENTED_EDGE( '', *, *, #4748, .T. );
#2613 = ORIENTED_EDGE( '', *, *, #4560, .F. );
#2614 = CARTESIAN_POINT( '', ( 96.5200000000000, 16.4000000000000, 2.70000000000000 ) );
#2615 = DIRECTION( '', ( 0.000000000000000, 0.000000000000000, 1.00000000000000 ) );
#2616 = DIRECTION( '', ( 0.000000000000000, -1.00000000000000, 0.000000000000000 ) );
#2617 = SURFACE_STYLE_FILL_AREA( #4749 );
#2618 = ORIENTED_EDGE( '', *, *, #4750, .F. );
#2619 = ORIENTED_EDGE( '', *, *, #4751, .F. );
#2620 = ORIENTED_EDGE( '', *, *, #4752, .T. );
#2621 = ORIENTED_EDGE( '', *, *, #4753, .F. );
#2622 = ORIENTED_EDGE( '', *, *, #4754, .F. );
#2623 = ORIENTED_EDGE( '', *, *, #4614, .F. );
#2624 = ORIENTED_EDGE( '', *, *, #4755, .T. );
#2625 = ORIENTED_EDGE( '', *, *, #4756, .T. );
#2626 = CARTESIAN_POINT( '', ( 2.28000000000000, 3.73999760000000, -2.17903900000000 ) );
#2627 = DIRECTION( '', ( 1.00000000000000, 0.000000000000000, -0.000000000000000 ) );
#2628 = DIRECTION( '', ( 0.000000000000000, 0.000000000000000, 1.00000000000000 ) );
#2629 = SURFACE_STYLE_FILL_AREA( #4757 );
#2630 = ORIENTED_EDGE( '', *, *, #4758, .F. );
#2631 = ORIENTED_EDGE( '', *, *, #4759, .F. );
#2632 = ORIENTED_EDGE( '', *, *, #4760, .F. );
#2633 = ORIENTED_EDGE( '', *, *, #4761, .F. );
#2634 = ORIENTED_EDGE( '', *, *, #4762, .T. );
#2635 = CARTESIAN_POINT( '', ( 0.966158203352920, 26.8000000000012, -10.0902740315453 ) );
#2636 = DIRECTION( '', ( 0.000000000000000, 1.00000000000000, 0.000000000000000 ) );
#2637 = DIRECTION( '', ( 0.000000000000000, 0.000000000000000, 1.00000000000000 ) );
#2638 = SURFACE_STYLE_FILL_AREA( #4763 );
#2639 = ORIENTED_EDGE( '', *, *, #4764, .T. );
#2640 = ORIENTED_EDGE( '', *, *, #4664, .F. );
#2641 = ORIENTED_EDGE( '', *, *, #4765, .T. );
#2642 = ORIENTED_EDGE( '', *, *, #4766, .T. );
#2643 = CARTESIAN_POINT( '', ( 8.98546517713172, 24.8000000000012, -6.15000000000000 ) );
#2644 = DIRECTION( '', ( -0.898794046299167, -0.438371146789078, 0.000000000000000 ) );
#2645 = DIRECTION( '', ( -0.438371146789078, 0.898794046299167, 0.000000000000000 ) );
#2646 = SURFACE_STYLE_FILL_AREA( #4767 );
#2647 = ORIENTED_EDGE( '', *, *, #4768, .F. );
#2648 = ORIENTED_EDGE( '', *, *, #4769, .F. );
#2649 = ORIENTED_EDGE( '', *, *, #4770, .F. );
#2650 = ORIENTED_EDGE( '', *, *, #4771, .T. );
#2651 = CARTESIAN_POINT( '', ( 5.04000240000000, 12.8000000000000, -0.300000000000000 ) );
#2652 = DIRECTION( '', ( 0.000000000000000, -1.00000000000000, 0.000000000000000 ) );
#2653 = DIRECTION( '', ( 0.000000000000000, 0.000000000000000, -1.00000000000000 ) );
#2654 = SURFACE_STYLE_FILL_AREA( #4772 );
#2655 = ORIENTED_EDGE( '', *, *, #4773, .T. );
#2656 = ORIENTED_EDGE( '', *, *, #4774, .F. );
#2657 = ORIENTED_EDGE( '', *, *, #4775, .F. );
#2658 = ORIENTED_EDGE( '', *, *, #4776, .T. );
#2659 = CARTESIAN_POINT( '', ( -10.1600000000000, 23.3000000000000, -10.6000000000000 ) );
#2660 = DIRECTION( '', ( 1.00000000000000, -0.000000000000000, -0.000000000000000 ) );
#2661 = DIRECTION( '', ( 0.000000000000000, 0.000000000000000, 1.00000000000000 ) );
#2662 = SURFACE_STYLE_FILL_AREA( #4777 );
#2663 = ORIENTED_EDGE( '', *, *, #4778, .F. );
#2664 = ORIENTED_EDGE( '', *, *, #4774, .T. );
#2665 = ORIENTED_EDGE( '', *, *, #4779, .T. );
#2666 = ORIENTED_EDGE( '', *, *, #4780, .T. );
#2667 = ORIENTED_EDGE( '', *, *, #4781, .T. );
#2668 = ORIENTED_EDGE( '', *, *, #4558, .F. );
#2669 = CARTESIAN_POINT( '', ( -4.08000000000000, 23.3000000000000, -1.50000000000000 ) );
#2670 = DIRECTION( '', ( 0.000000000000000, -1.00000000000000, 0.000000000000000 ) );
#2671 = DIRECTION( '', ( -1.00000000000000, 0.000000000000000, 0.000000000000000 ) );
#2672 = SURFACE_STYLE_FILL_AREA( #4782 );
#2673 = ORIENTED_EDGE( '', *, *, #4783, .T. );
#2674 = ORIENTED_EDGE( '', *, *, #4784, .T. );
#2675 = ORIENTED_EDGE( '', *, *, #4785, .T. );
#2676 = ORIENTED_EDGE( '', *, *, #4786, .F. );
#2677 = ORIENTED_EDGE( '', *, *, #4673, .T. );
#2678 = ORIENTED_EDGE( '', *, *, #4787, .T. );
#2679 = CARTESIAN_POINT( '', ( 10.1600000000000, -4.40000000000000, -9.79877921050629 ) );
#2680 = DIRECTION( '', ( -0.000000000000000, -0.000000000000000, -1.00000000000000 ) );
#2681 = DIRECTION( '', ( 0.000000000000000, -1.00000000000000, 0.000000000000000 ) );
#2682 = SURFACE_STYLE_FILL_AREA( #4788 );
#2683 = ORIENTED_EDGE( '', *, *, #4789, .F. );
#2684 = ORIENTED_EDGE( '', *, *, #4790, .F. );
#2685 = ORIENTED_EDGE( '', *, *, #4791, .F. );
#2686 = ORIENTED_EDGE( '', *, *, #4792, .T. );
#2687 = ORIENTED_EDGE( '', *, *, #4793, .T. );
#2688 = CARTESIAN_POINT( '', ( 0.200000000000000, 7.07093599974894, -4.04000000000000 ) );
#2689 = DIRECTION( '', ( -0.000000000000000, -1.00000000000000, -0.000000000000000 ) );
#2690 = DIRECTION( '', ( 0.000000000000000, 0.000000000000000, 1.00000000000000 ) );
#2691 = SURFACE_STYLE_FILL_AREA( #4794 );
#2692 = ORIENTED_EDGE( '', *, *, #4595, .F. );
#2693 = ORIENTED_EDGE( '', *, *, #4795, .F. );
#2694 = ORIENTED_EDGE( '', *, *, #4796, .T. );
#2695 = ORIENTED_EDGE( '', *, *, #4797, .F. );
#2696 = CARTESIAN_POINT( '', ( 6.28000000000000, 23.3000000000000, -9.05599943172105 ) );
#2697 = DIRECTION( '', ( -0.000000000000000, -0.000000000000000, 1.00000000000000 ) );
#2698 = DIRECTION( '', ( 0.000000000000000, 1.00000000000000, 0.000000000000000 ) );
#2699 = SURFACE_STYLE_FILL_AREA( #4798 );
#2700 = ORIENTED_EDGE( '', *, *, #4799, .T. );
#2701 = ORIENTED_EDGE( '', *, *, #4800, .T. );
#2702 = ORIENTED_EDGE( '', *, *, #4801, .F. );
#2703 = ORIENTED_EDGE( '', *, *, #4802, .T. );
#2704 = CARTESIAN_POINT( '', ( 16.2560024000000, 6.80000000000000, -0.676616000000000 ) );
#2705 = DIRECTION( '', ( 0.000000000000000, 1.00000000000000, 0.000000000000000 ) );
#2706 = DIRECTION( '', ( 0.000000000000000, 0.000000000000000, 1.00000000000000 ) );
#2707 = SURFACE_STYLE_FILL_AREA( #4803 );
#2708 = ORIENTED_EDGE( '', *, *, #4804, .F. );
#2709 = ORIENTED_EDGE( '', *, *, #4805, .T. );
#2710 = ORIENTED_EDGE( '', *, *, #4717, .F. );
#2711 = ORIENTED_EDGE( '', *, *, #4806, .T. );
#2712 = ORIENTED_EDGE( '', *, *, #4807, .F. );
#2713 = ORIENTED_EDGE( '', *, *, #4808, .F. );
#2714 = ORIENTED_EDGE( '', *, *, #4741, .T. );
#2715 = ORIENTED_EDGE( '', *, *, #4809, .F. );
#2716 = CARTESIAN_POINT( '', ( 2.80000000000000, 3.73999760000000, -0.300000000000000 ) );
#2717 = DIRECTION( '', ( -1.00000000000000, 0.000000000000000, 0.000000000000000 ) );
#2718 = DIRECTION( '', ( 0.000000000000000, 0.000000000000000, -1.00000000000000 ) );
#2719 = SURFACE_STYLE_FILL_AREA( #4810 );
#2720 = ORIENTED_EDGE( '', *, *, #4811, .F. );
#2721 = ORIENTED_EDGE( '', *, *, #4548, .T. );
#2722 = ORIENTED_EDGE( '', *, *, #4812, .F. );
#2723 = ORIENTED_EDGE( '', *, *, #4542, .F. );
#2724 = CARTESIAN_POINT( '', ( -20.3200000000000, 16.4000000000000, 2.00000000000000 ) );
#2725 = DIRECTION( '', ( 0.000000000000000, 1.00000000000000, 0.000000000000000 ) );
#2726 = DIRECTION( '', ( 0.000000000000000, 0.000000000000000, 1.00000000000000 ) );
#2727 = SURFACE_STYLE_FILL_AREA( #4813 );
#2728 = ORIENTED_EDGE( '', *, *, #4814, .F. );
#2729 = ORIENTED_EDGE( '', *, *, #4815, .F. );
#2730 = ORIENTED_EDGE( '', *, *, #4816, .F. );
#2731 = ORIENTED_EDGE( '', *, *, #4817, .T. );
#2732 = ORIENTED_EDGE( '', *, *, #4818, .T. );
#2733 = CARTESIAN_POINT( '', ( 0.200000000000000, 7.07093599974894, -4.04000000000000 ) );
#2734 = DIRECTION( '', ( -0.000000000000000, -1.00000000000000, -0.000000000000000 ) );
#2735 = DIRECTION( '', ( 0.000000000000000, 0.000000000000000, 1.00000000000000 ) );
#2736 = SURFACE_STYLE_FILL_AREA( #4819 );
#2737 = ORIENTED_EDGE( '', *, *, #4820, .F. );
#2738 = ORIENTED_EDGE( '', *, *, #4821, .F. );
#2739 = ORIENTED_EDGE( '', *, *, #4822, .T. );
#2740 = ORIENTED_EDGE( '', *, *, #4823, .T. );
#2741 = CARTESIAN_POINT( '', ( 4.48000000000000, 2.20597423758882, -9.60833035616114 ) );
#2742 = DIRECTION( '', ( -1.00000000000000, 0.000000000000000, 0.000000000000000 ) );
#2743 = DIRECTION( '', ( 0.000000000000000, 0.000000000000000, 1.00000000000000 ) );
#2744 = SURFACE_STYLE_FILL_AREA( #4824 );
#2745 = ORIENTED_EDGE( '', *, *, #4624, .F. );
#2746 = ORIENTED_EDGE( '', *, *, #4745, .T. );
#2747 = ORIENTED_EDGE( '', *, *, #4825, .F. );
#2748 = ORIENTED_EDGE( '', *, *, #4826, .F. );
#2749 = CARTESIAN_POINT( '', ( -5.08000000000000, 16.4000000000000, 2.00000000000000 ) );
#2750 = DIRECTION( '', ( 0.000000000000000, 1.00000000000000, 0.000000000000000 ) );
#2751 = DIRECTION( '', ( 0.000000000000000, 0.000000000000000, 1.00000000000000 ) );
#2752 = SURFACE_STYLE_FILL_AREA( #4827 );
#2753 = ORIENTED_EDGE( '', *, *, #4828, .T. );
#2754 = ORIENTED_EDGE( '', *, *, #4829, .F. );
#2755 = ORIENTED_EDGE( '', *, *, #4830, .F. );
#2756 = ORIENTED_EDGE( '', *, *, #4831, .T. );
#2757 = CARTESIAN_POINT( '', ( 9.58000239999998, -3.74213340296080, -4.64782600000000 ) );
#2758 = DIRECTION( '', ( 0.000000000000000, 0.342020143325669, 0.939692620785908 ) );
#2759 = DIRECTION( '', ( 0.000000000000000, -0.939692620785908, 0.342020143325669 ) );
#2760 = SURFACE_STYLE_FILL_AREA( #4832 );
#2761 = ORIENTED_EDGE( '', *, *, #4833, .T. );
#2762 = ORIENTED_EDGE( '', *, *, #4691, .T. );
#2763 = ORIENTED_EDGE( '', *, *, #4834, .T. );
#2764 = ORIENTED_EDGE( '', *, *, #4835, .F. );
#2765 = ORIENTED_EDGE( '', *, *, #4836, .T. );
#2766 = ORIENTED_EDGE( '', *, *, #4837, .T. );
#2767 = CARTESIAN_POINT( '', ( 10.1600000000000, -4.40000000000000, -13.8018876112894 ) );
#2768 = DIRECTION( '', ( -0.000000000000000, -0.000000000000000, -1.00000000000000 ) );
#2769 = DIRECTION( '', ( 0.000000000000000, -1.00000000000000, 0.000000000000000 ) );
#2770 = SURFACE_STYLE_FILL_AREA( #4838 );
#2771 = ORIENTED_EDGE( '', *, *, #4839, .F. );
#2772 = ORIENTED_EDGE( '', *, *, #4840, .F. );
#2773 = ORIENTED_EDGE( '', *, *, #4841, .F. );
#2774 = ORIENTED_EDGE( '', *, *, #4842, .F. );
#2775 = CARTESIAN_POINT( '', ( -15.2400000000000, 16.4000000000000, -13.6000000000000 ) );
#2776 = DIRECTION( '', ( 0.000000000000000, 0.204863154122693, -0.978790625252869 ) );
#2777 = DIRECTION( '', ( 0.000000000000000, -0.978790625252869, -0.204863154122693 ) );
#2778 = SURFACE_STYLE_FILL_AREA( #4843 );
#2779 = ORIENTED_EDGE( '', *, *, #4844, .T. );
#2780 = ORIENTED_EDGE( '', *, *, #4845, .T. );
#2781 = ORIENTED_EDGE( '', *, *, #4671, .T. );
#2782 = ORIENTED_EDGE( '', *, *, #4846, .T. );
#2783 = CARTESIAN_POINT( '', ( 11.4373412110770, -3.66097004054130, -14.6000000000000 ) );
#2784 = DIRECTION( '', ( 0.000000000000000, 0.000000000000000, -1.00000000000000 ) );
#2785 = DIRECTION( '', ( -1.00000000000000, 0.000000000000000, 0.000000000000000 ) );
#2786 = SURFACE_STYLE_FILL_AREA( #4847 );
#2787 = ORIENTED_EDGE( '', *, *, #4848, .F. );
#2788 = ORIENTED_EDGE( '', *, *, #4849, .F. );
#2789 = ORIENTED_EDGE( '', *, *, #4850, .T. );
#2790 = ORIENTED_EDGE( '', *, *, #4536, .T. );
#2791 = CARTESIAN_POINT( '', ( 10.1600000000000, 27.5611360000000, -3.62876916846992 ) );
#2792 = DIRECTION( '', ( 0.000000000000000, -0.438371146789078, 0.898794046299167 ) );
#2793 = DIRECTION( '', ( 0.000000000000000, -0.898794046299167, -0.438371146789078 ) );
#2794 = SURFACE_STYLE_FILL_AREA( #4851 );
#2795 = ORIENTED_EDGE( '', *, *, #4577, .T. );
#2796 = ORIENTED_EDGE( '', *, *, #4852, .T. );
#2797 = ORIENTED_EDGE( '', *, *, #4853, .F. );
#2798 = ORIENTED_EDGE( '', *, *, #4854, .F. );
#2799 = ORIENTED_EDGE( '', *, *, #4855, .T. );
#2800 = CARTESIAN_POINT( '', ( 6.04615820335294, 26.8000000000012, -10.0902740315453 ) );
#2801 = DIRECTION( '', ( 0.000000000000000, 1.00000000000000, 0.000000000000000 ) );
#2802 = DIRECTION( '', ( 0.000000000000000, 0.000000000000000, 1.00000000000000 ) );
#2803 = SURFACE_STYLE_FILL_AREA( #4856 );
#2804 = ORIENTED_EDGE( '', *, *, #4857, .F. );
#2805 = ORIENTED_EDGE( '', *, *, #4858, .T. );
#2806 = ORIENTED_EDGE( '', *, *, #4859, .T. );
#2807 = ORIENTED_EDGE( '', *, *, #4860, .T. );
#2808 = ORIENTED_EDGE( '', *, *, #4642, .T. );
#2809 = ORIENTED_EDGE( '', *, *, #4861, .F. );
#2810 = CARTESIAN_POINT( '', ( -3.45833035616114, 2.20597423758882, -6.75000000000000 ) );
#2811 = DIRECTION( '', ( 0.000000000000000, 0.000000000000000, 1.00000000000000 ) );
#2812 = DIRECTION( '', ( 1.00000000000000, 0.000000000000000, 0.000000000000000 ) );
#2813 = SURFACE_STYLE_FILL_AREA( #4862 );
#2814 = ORIENTED_EDGE( '', *, *, #4863, .F. );
#2815 = ORIENTED_EDGE( '', *, *, #4864, .T. );
#2816 = ORIENTED_EDGE( '', *, *, #4865, .T. );
#2817 = ORIENTED_EDGE( '', *, *, #4731, .F. );
#2818 = CARTESIAN_POINT( '', ( 0.000000000000000, 27.5611360000000, -3.62876916846992 ) );
#2819 = DIRECTION( '', ( 0.000000000000000, -0.438371146789078, 0.898794046299167 ) );
#2820 = DIRECTION( '', ( 0.000000000000000, -0.898794046299167, -0.438371146789078 ) );
#2821 = SURFACE_STYLE_FILL_AREA( #4866 );
#2822 = ORIENTED_EDGE( '', *, *, #4867, .T. );
#2823 = ORIENTED_EDGE( '', *, *, #4868, .F. );
#2824 = ORIENTED_EDGE( '', *, *, #4869, .F. );
#2825 = ORIENTED_EDGE( '', *, *, #4870, .F. );
#2826 = CARTESIAN_POINT( '', ( 11.4373412110770, -3.46097004054130, -13.4000000000000 ) );
#2827 = DIRECTION( '', ( 0.000000000000000, 0.000000000000000, -1.00000000000000 ) );
#2828 = DIRECTION( '', ( -1.00000000000000, 0.000000000000000, 0.000000000000000 ) );
#2829 = SURFACE_STYLE_FILL_AREA( #4871 );
#2830 = ORIENTED_EDGE( '', *, *, #4872, .F. );
#2831 = ORIENTED_EDGE( '', *, *, #4873, .T. );
#2832 = ORIENTED_EDGE( '', *, *, #4874, .T. );
#2833 = ORIENTED_EDGE( '', *, *, #4875, .T. );
#2834 = ORIENTED_EDGE( '', *, *, #4836, .F. );
#2835 = CARTESIAN_POINT( '', ( 9.96000000000000, 7.07093599974894, -4.04000000000000 ) );
#2836 = DIRECTION( '', ( -0.000000000000000, 1.00000000000000, -0.000000000000000 ) );
#2837 = DIRECTION( '', ( 0.000000000000000, 0.000000000000000, -1.00000000000000 ) );
#2838 = SURFACE_STYLE_FILL_AREA( #4876 );
#2839 = ORIENTED_EDGE( '', *, *, #4877, .T. );
#2840 = ORIENTED_EDGE( '', *, *, #4878, .F. );
#2841 = ORIENTED_EDGE( '', *, *, #4725, .F. );
#2842 = ORIENTED_EDGE( '', *, *, #4879, .F. );
#2843 = CARTESIAN_POINT( '', ( 2.75000000000000, 6.80000000000000, -1.50000000000000 ) );
#2844 = DIRECTION( '', ( 1.00000000000000, 0.000000000000000, 0.000000000000000 ) );
#2845 = DIRECTION( '', ( 0.000000000000000, -1.00000000000000, 0.000000000000000 ) );
#2846 = SURFACE_STYLE_FILL_AREA( #4880 );
#2847 = ORIENTED_EDGE( '', *, *, #4881, .T. );
#2848 = ORIENTED_EDGE( '', *, *, #4882, .T. );
#2849 = ORIENTED_EDGE( '', *, *, #4883, .T. );
#2850 = ORIENTED_EDGE( '', *, *, #4884, .F. );
#2851 = CARTESIAN_POINT( '', ( 1.27734121107700, -3.66097004054130, -14.6000000000000 ) );
#2852 = DIRECTION( '', ( 0.000000000000000, 0.000000000000000, -1.00000000000000 ) );
#2853 = DIRECTION( '', ( -1.00000000000000, 0.000000000000000, 0.000000000000000 ) );
#2854 = SURFACE_STYLE_FILL_AREA( #4885 );
#2855 = ORIENTED_EDGE( '', *, *, #4758, .T. );
#2856 = ORIENTED_EDGE( '', *, *, #4886, .T. );
#2857 = ORIENTED_EDGE( '', *, *, #4682, .T. );
#2858 = ORIENTED_EDGE( '', *, *, #4887, .T. );
#2859 = ORIENTED_EDGE( '', *, *, #4825, .T. );
#2860 = ORIENTED_EDGE( '', *, *, #4744, .T. );
#2861 = ORIENTED_EDGE( '', *, *, #4689, .F. );
#2862 = ORIENTED_EDGE( '', *, *, #4888, .T. );
#2863 = ORIENTED_EDGE( '', *, *, #4889, .T. );
#2864 = ORIENTED_EDGE( '', *, *, #4890, .F. );
#2865 = ORIENTED_EDGE( '', *, *, #4891, .F. );
#2866 = ORIENTED_EDGE( '', *, *, #4612, .T. );
#2867 = ORIENTED_EDGE( '', *, *, #4892, .T. );
#2868 = ORIENTED_EDGE( '', *, *, #4893, .F. );
#2869 = ORIENTED_EDGE( '', *, *, #4894, .T. );
#2870 = ORIENTED_EDGE( '', *, *, #4608, .T. );
#2871 = ORIENTED_EDGE( '', *, *, #4895, .F. );
#2872 = ORIENTED_EDGE( '', *, *, #4896, .F. );
#2873 = ORIENTED_EDGE( '', *, *, #4897, .T. );
#2874 = ORIENTED_EDGE( '', *, *, #4533, .T. );
#2875 = ORIENTED_EDGE( '', *, *, #4898, .T. );
#2876 = ORIENTED_EDGE( '', *, *, #4747, .T. );
#2877 = ORIENTED_EDGE( '', *, *, #4899, .F. );
#2878 = ORIENTED_EDGE( '', *, *, #4900, .F. );
#2879 = ORIENTED_EDGE( '', *, *, #4901, .T. );
#2880 = ORIENTED_EDGE( '', *, *, #4902, .T. );
#2881 = ORIENTED_EDGE( '', *, *, #4903, .F. );
#2882 = ORIENTED_EDGE( '', *, *, #4904, .F. );
#2883 = ORIENTED_EDGE( '', *, *, #4828, .F. );
#2884 = ORIENTED_EDGE( '', *, *, #4905, .T. );
#2885 = ORIENTED_EDGE( '', *, *, #4906, .T. );
#2886 = ORIENTED_EDGE( '', *, *, #4705, .F. );
#2887 = ORIENTED_EDGE( '', *, *, #4907, .F. );
#2888 = ORIENTED_EDGE( '', *, *, #4908, .F. );
#2889 = ORIENTED_EDGE( '', *, *, #4909, .F. );
#2890 = ORIENTED_EDGE( '', *, *, #4524, .T. );
#2891 = ORIENTED_EDGE( '', *, *, #4910, .T. );
#2892 = ORIENTED_EDGE( '', *, *, #4911, .T. );
#2893 = ORIENTED_EDGE( '', *, *, #4912, .T. );
#2894 = ORIENTED_EDGE( '', *, *, #4913, .T. );
#2895 = ORIENTED_EDGE( '', *, *, #4684, .T. );
#2896 = ORIENTED_EDGE( '', *, *, #4914, .F. );
#2897 = ORIENTED_EDGE( '', *, *, #4915, .T. );
#2898 = ORIENTED_EDGE( '', *, *, #4916, .F. );
#2899 = ORIENTED_EDGE( '', *, *, #4917, .F. );
#2900 = ORIENTED_EDGE( '', *, *, #4918, .F. );
#2901 = CARTESIAN_POINT( '', ( 5.08000000000000, -5.31313064513630, -17.4300024000000 ) );
#2902 = DIRECTION( '', ( -1.00000000000000, 0.000000000000000, 0.000000000000000 ) );
#2903 = DIRECTION( '', ( 0.000000000000000, 1.00000000000000, 0.000000000000000 ) );
#2904 = SURFACE_STYLE_FILL_AREA( #4919 );
#2905 = ORIENTED_EDGE( '', *, *, #4857, .T. );
#2906 = ORIENTED_EDGE( '', *, *, #4920, .F. );
#2907 = ORIENTED_EDGE( '', *, *, #4921, .F. );
#2908 = ORIENTED_EDGE( '', *, *, #4922, .T. );
#2909 = CARTESIAN_POINT( '', ( 0.600000000000000, 2.20597423758882, -9.60833035616114 ) );
#2910 = DIRECTION( '', ( -1.00000000000000, 0.000000000000000, 0.000000000000000 ) );
#2911 = DIRECTION( '', ( 0.000000000000000, 0.000000000000000, 1.00000000000000 ) );
#2912 = SURFACE_STYLE_FILL_AREA( #4923 );
#2913 = ORIENTED_EDGE( '', *, *, #4924, .F. );
#2914 = ORIENTED_EDGE( '', *, *, #4900, .T. );
#2915 = ORIENTED_EDGE( '', *, *, #4925, .T. );
#2916 = ORIENTED_EDGE( '', *, *, #4631, .T. );
#2917 = CARTESIAN_POINT( '', ( 11.1760024000000, -0.178881000000000, 0.000000000000000 ) );
#2918 = DIRECTION( '', ( 0.000000000000000, 0.000000000000000, -1.00000000000000 ) );
#2919 = DIRECTION( '', ( 0.000000000000000, 1.00000000000000, 0.000000000000000 ) );
#2920 = SURFACE_STYLE_FILL_AREA( #4926 );
#2921 = ORIENTED_EDGE( '', *, *, #4927, .T. );
#2922 = ORIENTED_EDGE( '', *, *, #4928, .F. );
#2923 = ORIENTED_EDGE( '', *, *, #4929, .F. );
#2924 = ORIENTED_EDGE( '', *, *, #4930, .F. );
#2925 = CARTESIAN_POINT( '', ( -4.69301482442178, 4.80000000000000, 3.11466685472233 ) );
#2926 = DIRECTION( '', ( 0.000000000000000, 1.00000000000000, 0.000000000000000 ) );
#2927 = DIRECTION( '', ( 0.000000000000000, 0.000000000000000, 1.00000000000000 ) );
#2928 = SURFACE_STYLE_FILL_AREA( #4931 );
#2929 = ORIENTED_EDGE( '', *, *, #4932, .T. );
#2930 = ORIENTED_EDGE( '', *, *, #4933, .F. );
#2931 = ORIENTED_EDGE( '', *, *, #4934, .T. );
#2932 = ORIENTED_EDGE( '', *, *, #4935, .T. );
#2933 = CARTESIAN_POINT( '', ( -2.80000000000000, 12.9000000000000, -1.50000000000000 ) );
#2934 = DIRECTION( '', ( -0.000000000000000, 1.00000000000000, 0.000000000000000 ) );
#2935 = DIRECTION( '', ( 1.00000000000000, 0.000000000000000, 0.000000000000000 ) );
#2936 = SURFACE_STYLE_FILL_AREA( #4936 );
#2937 = ORIENTED_EDGE( '', *, *, #4801, .T. );
#2938 = ORIENTED_EDGE( '', *, *, #4937, .F. );
#2939 = ORIENTED_EDGE( '', *, *, #4938, .F. );
#2940 = ORIENTED_EDGE( '', *, *, #4939, .F. );
#2941 = CARTESIAN_POINT( '', ( 7.41000000000000, 12.8000000000000, -1.50000000000000 ) );
#2942 = DIRECTION( '', ( -1.00000000000000, 0.000000000000000, 0.000000000000000 ) );
#2943 = DIRECTION( '', ( 0.000000000000000, 1.00000000000000, 0.000000000000000 ) );
#2944 = SURFACE_STYLE_FILL_AREA( #4940 );
#2945 = ORIENTED_EDGE( '', *, *, #4941, .T. );
#2946 = ORIENTED_EDGE( '', *, *, #4942, .T. );
#2947 = ORIENTED_EDGE( '', *, *, #4652, .T. );
#2948 = ORIENTED_EDGE( '', *, *, #4943, .F. );
#2949 = ORIENTED_EDGE( '', *, *, #4881, .F. );
#2950 = ORIENTED_EDGE( '', *, *, #4944, .F. );
#2951 = ORIENTED_EDGE( '', *, *, #4945, .F. );
#2952 = ORIENTED_EDGE( '', *, *, #4946, .F. );
#2953 = ORIENTED_EDGE( '', *, *, #4947, .T. );
#2954 = ORIENTED_EDGE( '', *, *, #4948, .F. );
#2955 = ORIENTED_EDGE( '', *, *, #4949, .F. );
#2956 = ORIENTED_EDGE( '', *, *, #4950, .T. );
#2957 = ORIENTED_EDGE( '', *, *, #4951, .T. );
#2958 = ORIENTED_EDGE( '', *, *, #4789, .T. );
#2959 = ORIENTED_EDGE( '', *, *, #4952, .F. );
#2960 = ORIENTED_EDGE( '', *, *, #4953, .F. );
#2961 = CARTESIAN_POINT( '', ( -55.0847170470067, 0.000000000000000, -15.0510267354763 ) );
#2962 = DIRECTION( '', ( 0.000000000000000, -1.00000000000000, 0.000000000000000 ) );
#2963 = DIRECTION( '', ( 1.00000000000000, 0.000000000000000, 0.000000000000000 ) );
#2964 = SURFACE_STYLE_FILL_AREA( #4954 );
#2965 = ORIENTED_EDGE( '', *, *, #4955, .F. );
#2966 = ORIENTED_EDGE( '', *, *, #4956, .T. );
#2967 = ORIENTED_EDGE( '', *, *, #4957, .T. );
#2968 = ORIENTED_EDGE( '', *, *, #4792, .F. );
#2969 = CARTESIAN_POINT( '', ( 4.50000240000000, -3.74213340296080, -4.64782600000000 ) );
#2970 = DIRECTION( '', ( 0.000000000000000, 0.342020143325669, 0.939692620785908 ) );
#2971 = DIRECTION( '', ( 0.000000000000000, -0.939692620785908, 0.342020143325669 ) );
#2972 = SURFACE_STYLE_FILL_AREA( #4958 );
#2973 = ORIENTED_EDGE( '', *, *, #4611, .T. );
#2974 = ORIENTED_EDGE( '', *, *, #4959, .T. );
#2975 = ORIENTED_EDGE( '', *, *, #4960, .T. );
#2976 = ORIENTED_EDGE( '', *, *, #4892, .F. );
#2977 = CARTESIAN_POINT( '', ( 10.1200024000000, 12.8000000000000, -0.300000000000000 ) );
#2978 = DIRECTION( '', ( 0.000000000000000, -1.00000000000000, 0.000000000000000 ) );
#2979 = DIRECTION( '', ( 0.000000000000000, 0.000000000000000, -1.00000000000000 ) );
#2980 = SURFACE_STYLE_FILL_AREA( #4961 );
#2981 = ORIENTED_EDGE( '', *, *, #4912, .F. );
#2982 = ORIENTED_EDGE( '', *, *, #4962, .F. );
#2983 = ORIENTED_EDGE( '', *, *, #4628, .T. );
#2984 = ORIENTED_EDGE( '', *, *, #4963, .T. );
#2985 = CARTESIAN_POINT( '', ( -5.08000000000000, 16.4000000000000, -15.6000000000000 ) );
#2986 = DIRECTION( '', ( 0.000000000000000, 1.00000000000000, 0.000000000000000 ) );
#2987 = DIRECTION( '', ( 0.000000000000000, 0.000000000000000, 1.00000000000000 ) );
#2988 = SURFACE_STYLE_FILL_AREA( #4964 );
#2989 = ORIENTED_EDGE( '', *, *, #4965, .F. );
#2990 = ORIENTED_EDGE( '', *, *, #4966, .F. );
#2991 = ORIENTED_EDGE( '', *, *, #4854, .T. );
#2992 = ORIENTED_EDGE( '', *, *, #4967, .F. );
#2993 = CARTESIAN_POINT( '', ( 10.1600000000000, 27.5611360000000, -8.67123083153008 ) );
#2994 = DIRECTION( '', ( 0.000000000000000, -0.438371146789078, -0.898794046299167 ) );
#2995 = DIRECTION( '', ( 0.000000000000000, 0.898794046299167, -0.438371146789078 ) );
#2996 = SURFACE_STYLE_FILL_AREA( #4968 );
#2997 = ORIENTED_EDGE( '', *, *, #4917, .T. );
#2998 = ORIENTED_EDGE( '', *, *, #4969, .T. );
#2999 = ORIENTED_EDGE( '', *, *, #4821, .T. );
#3000 = ORIENTED_EDGE( '', *, *, #4970, .F. );
#3001 = ORIENTED_EDGE( '', *, *, #4592, .F. );
#3002 = ORIENTED_EDGE( '', *, *, #4971, .T. );
#3003 = ORIENTED_EDGE( '', *, *, #4972, .T. );
#3004 = ORIENTED_EDGE( '', *, *, #4973, .T. );
#3005 = CARTESIAN_POINT( '', ( 6.25453482286826, 24.8000000000012, -6.15000000000000 ) );
#3006 = DIRECTION( '', ( 0.000000000000000, -1.00000000000000, 0.000000000000000 ) );
#3007 = DIRECTION( '', ( -1.00000000000000, 0.000000000000000, 0.000000000000000 ) );
#3008 = SURFACE_STYLE_FILL_AREA( #4974 );
#3009 = ORIENTED_EDGE( '', *, *, #4975, .T. );
#3010 = ORIENTED_EDGE( '', *, *, #4976, .F. );
#3011 = ORIENTED_EDGE( '', *, *, #4874, .F. );
#3012 = ORIENTED_EDGE( '', *, *, #4977, .T. );
#3013 = CARTESIAN_POINT( '', ( 9.56000000000000, 2.27932400000000, -4.44000000000000 ) );
#3014 = DIRECTION( '', ( 0.000000000000000, 0.000000000000000, -1.00000000000000 ) );
#3015 = DIRECTION( '', ( 0.000000000000000, 1.00000000000000, 0.000000000000000 ) );
#3016 = SURFACE_STYLE_FILL_AREA( #4978 );
#3017 = ORIENTED_EDGE( '', *, *, #4979, .F. );
#3018 = ORIENTED_EDGE( '', *, *, #4674, .F. );
#3019 = ORIENTED_EDGE( '', *, *, #4786, .T. );
#3020 = ORIENTED_EDGE( '', *, *, #4980, .F. );
#3021 = CARTESIAN_POINT( '', ( 9.56000000000000, -6.16348200000000, 0.140002400000000 ) );
#3022 = DIRECTION( '', ( 1.00000000000000, 0.000000000000000, 0.000000000000000 ) );
#3023 = DIRECTION( '', ( 0.000000000000000, 1.00000000000000, 0.000000000000000 ) );
#3024 = SURFACE_STYLE_FILL_AREA( #4981 );
#3025 = ORIENTED_EDGE( '', *, *, #4982, .F. );
#3026 = ORIENTED_EDGE( '', *, *, #4983, .F. );
#3027 = ORIENTED_EDGE( '', *, *, #4967, .T. );
#3028 = ORIENTED_EDGE( '', *, *, #4853, .T. );
#3029 = CARTESIAN_POINT( '', ( 9.56000000000000, 2.20597423758882, -9.60833035616114 ) );
#3030 = DIRECTION( '', ( -1.00000000000000, 0.000000000000000, 0.000000000000000 ) );
#3031 = DIRECTION( '', ( 0.000000000000000, 0.000000000000000, 1.00000000000000 ) );
#3032 = SURFACE_STYLE_FILL_AREA( #4984 );
#3033 = ORIENTED_EDGE( '', *, *, #4985, .F. );
#3034 = ORIENTED_EDGE( '', *, *, #4903, .T. );
#3035 = ORIENTED_EDGE( '', *, *, #4986, .T. );
#3036 = ORIENTED_EDGE( '', *, *, #4605, .F. );
#3037 = CARTESIAN_POINT( '', ( 9.58000239999998, -5.25175000000000, -3.58162950647651 ) );
#3038 = DIRECTION( '', ( 0.000000000000000, 0.342020143325669, -0.939692620785908 ) );
#3039 = DIRECTION( '', ( 0.000000000000000, 0.939692620785908, 0.342020143325669 ) );
#3040 = SURFACE_STYLE_FILL_AREA( #4987 );
#3041 = ORIENTED_EDGE( '', *, *, #4988, .T. );
#3042 = ORIENTED_EDGE( '', *, *, #4989, .F. );
#3043 = ORIENTED_EDGE( '', *, *, #4990, .F. );
#3044 = ORIENTED_EDGE( '', *, *, #4991, .T. );
#3045 = CARTESIAN_POINT( '', ( -4.50000240000000, -2.44407121127492, -12.7197180000000 ) );
#3046 = DIRECTION( '', ( 0.000000000000000, 0.342020143325669, -0.939692620785908 ) );
#3047 = DIRECTION( '', ( 0.000000000000000, -0.939692620785908, -0.342020143325669 ) );
#3048 = SURFACE_STYLE_FILL_AREA( #4992 );
#3049 = ORIENTED_EDGE( '', *, *, #4993, .F. );
#3050 = ORIENTED_EDGE( '', *, *, #4662, .T. );
#3051 = ORIENTED_EDGE( '', *, *, #4537, .T. );
#3052 = ORIENTED_EDGE( '', *, *, #4850, .F. );
#3053 = CARTESIAN_POINT( '', ( 9.56000000000000, 2.20597423758882, -9.60833035616114 ) );
#3054 = DIRECTION( '', ( -1.00000000000000, 0.000000000000000, 0.000000000000000 ) );
#3055 = DIRECTION( '', ( 0.000000000000000, 0.000000000000000, 1.00000000000000 ) );
#3056 = SURFACE_STYLE_FILL_AREA( #4994 );
#3057 = ORIENTED_EDGE( '', *, *, #4995, .F. );
#3058 = ORIENTED_EDGE( '', *, *, #4996, .F. );
#3059 = ORIENTED_EDGE( '', *, *, #4997, .F. );
#3060 = ORIENTED_EDGE( '', *, *, #4998, .F. );
#3061 = CARTESIAN_POINT( '', ( 26.4160024000000, 3.80000000000000, 0.000000000000000 ) );
#3062 = DIRECTION( '', ( 0.000000000000000, 1.00000000000000, 0.000000000000000 ) );
#3063 = DIRECTION( '', ( 0.000000000000000, 0.000000000000000, 1.00000000000000 ) );
#3064 = SURFACE_STYLE_FILL_AREA( #4999 );
#3065 = ORIENTED_EDGE( '', *, *, #4905, .F. );
#3066 = ORIENTED_EDGE( '', *, *, #4831, .F. );
#3067 = ORIENTED_EDGE( '', *, *, #5000, .F. );
#3068 = ORIENTED_EDGE( '', *, *, #5001, .T. );
#3069 = CARTESIAN_POINT( '', ( 4.48000000000000, 2.27932400000000, -4.44000000000000 ) );
#3070 = DIRECTION( '', ( 0.000000000000000, 0.000000000000000, -1.00000000000000 ) );
#3071 = DIRECTION( '', ( 0.000000000000000, 1.00000000000000, 0.000000000000000 ) );
#3072 = SURFACE_STYLE_FILL_AREA( #5002 );
#3073 = ORIENTED_EDGE( '', *, *, #5003, .F. );
#3074 = ORIENTED_EDGE( '', *, *, #4771, .F. );
#3075 = ORIENTED_EDGE( '', *, *, #5004, .F. );
#3076 = ORIENTED_EDGE( '', *, *, #5005, .T. );
#3077 = ORIENTED_EDGE( '', *, *, #5006, .F. );
#3078 = CARTESIAN_POINT( '', ( 6.09600240000000, 16.0869630000000, 2.45808944099336 ) );
#3079 = DIRECTION( '', ( 0.000000000000000, -0.642787609686539, 0.766044443118978 ) );
#3080 = DIRECTION( '', ( 0.000000000000000, -0.766044443118978, -0.642787609686539 ) );
#3081 = SURFACE_STYLE_FILL_AREA( #5007 );
#3082 = ORIENTED_EDGE( '', *, *, #5008, .F. );
#3083 = ORIENTED_EDGE( '', *, *, #5009, .F. );
#3084 = ORIENTED_EDGE( '', *, *, #5010, .T. );
#3085 = ORIENTED_EDGE( '', *, *, #5011, .T. );
#3086 = ORIENTED_EDGE( '', *, *, #5012, .T. );
#3087 = CARTESIAN_POINT( '', ( -4.11384179664706, 26.8000000000012, -10.0902740315453 ) );
#3088 = DIRECTION( '', ( 0.000000000000000, 1.00000000000000, 0.000000000000000 ) );
#3089 = DIRECTION( '', ( 0.000000000000000, 0.000000000000000, 1.00000000000000 ) );
#3090 = SURFACE_STYLE_FILL_AREA( #5013 );
#3091 = ORIENTED_EDGE( '', *, *, #4951, .F. );
#3092 = ORIENTED_EDGE( '', *, *, #5014, .F. );
#3093 = ORIENTED_EDGE( '', *, *, #5015, .T. );
#3094 = ORIENTED_EDGE( '', *, *, #4790, .T. );
#3095 = CARTESIAN_POINT( '', ( 0.600000000000000, -4.16904566318510, -3.84063064193088 ) );
#3096 = DIRECTION( '', ( -1.00000000000000, 0.000000000000000, 0.000000000000000 ) );
#3097 = DIRECTION( '', ( 0.000000000000000, 0.000000000000000, 1.00000000000000 ) );
#3098 = SURFACE_STYLE_FILL_AREA( #5016 );
#3099 = ORIENTED_EDGE( '', *, *, #4753, .T. );
#3100 = ORIENTED_EDGE( '', *, *, #5017, .T. );
#3101 = ORIENTED_EDGE( '', *, *, #4896, .T. );
#3102 = ORIENTED_EDGE( '', *, *, #5018, .T. );
#3103 = CARTESIAN_POINT( '', ( 2.30500000000000, 9.80000000000000, -1.45000000000000 ) );
#3104 = DIRECTION( '', ( 0.000000000000000, 0.000000000000000, 1.00000000000000 ) );
#3105 = DIRECTION( '', ( 1.00000000000000, 0.000000000000000, 0.000000000000000 ) );
#3106 = SURFACE_STYLE_FILL_AREA( #5019 );
#3107 = ORIENTED_EDGE( '', *, *, #4986, .F. );
#3108 = ORIENTED_EDGE( '', *, *, #4902, .F. );
#3109 = ORIENTED_EDGE( '', *, *, #5020, .T. );
#3110 = ORIENTED_EDGE( '', *, *, #4606, .F. );
#3111 = CARTESIAN_POINT( '', ( 5.08000000000000, -5.20000000000000, -3.24000000000000 ) );
#3112 = DIRECTION( '', ( 0.000000000000000, 0.000000000000000, 1.00000000000000 ) );
#3113 = DIRECTION( '', ( 0.000000000000000, -1.00000000000000, 0.000000000000000 ) );
#3114 = SURFACE_STYLE_FILL_AREA( #5021 );
#3115 = ORIENTED_EDGE( '', *, *, #5022, .F. );
#3116 = ORIENTED_EDGE( '', *, *, #4598, .T. );
#3117 = ORIENTED_EDGE( '', *, *, #5023, .T. );
#3118 = ORIENTED_EDGE( '', *, *, #5024, .F. );
#3119 = CARTESIAN_POINT( '', ( 10.1600000000000, 24.2000000000012, -6.15000000000000 ) );
#3120 = DIRECTION( '', ( -0.000000000000000, 1.00000000000000, -0.000000000000000 ) );
#3121 = DIRECTION( '', ( 1.00000000000000, 0.000000000000000, 0.000000000000000 ) );
#3122 = SURFACE_STYLE_FILL_AREA( #5025 );
#3123 = ORIENTED_EDGE( '', *, *, #5026, .F. );
#3124 = ORIENTED_EDGE( '', *, *, #5027, .T. );
#3125 = ORIENTED_EDGE( '', *, *, #5028, .F. );
#3126 = ORIENTED_EDGE( '', *, *, #4945, .T. );
#3127 = CARTESIAN_POINT( '', ( 0.000000000000000, 16.4000000000000, -15.6000000000000 ) );
#3128 = DIRECTION( '', ( 0.000000000000000, 0.000000000000000, -1.00000000000000 ) );
#3129 = DIRECTION( '', ( 0.000000000000000, 1.00000000000000, 0.000000000000000 ) );
#3130 = SURFACE_STYLE_FILL_AREA( #5029 );
#3131 = ORIENTED_EDGE( '', *, *, #4918, .T. );
#3132 = ORIENTED_EDGE( '', *, *, #4973, .F. );
#3133 = ORIENTED_EDGE( '', *, *, #5030, .T. );
#3134 = ORIENTED_EDGE( '', *, *, #4759, .T. );
#3135 = CARTESIAN_POINT( '', ( 5.08000000000000, 27.5611360000000, -3.62876916846992 ) );
#3136 = DIRECTION( '', ( 0.000000000000000, -0.438371146789078, 0.898794046299167 ) );
#3137 = DIRECTION( '', ( 0.000000000000000, -0.898794046299167, -0.438371146789078 ) );
#3138 = SURFACE_STYLE_FILL_AREA( #5031 );
#3139 = ORIENTED_EDGE( '', *, *, #4809, .T. );
#3140 = ORIENTED_EDGE( '', *, *, #4740, .T. );
#3141 = ORIENTED_EDGE( '', *, *, #5032, .F. );
#3142 = ORIENTED_EDGE( '', *, *, #5033, .F. );
#3143 = CARTESIAN_POINT( '', ( -2.80000000000000, 12.9000000000000, -1.50000000000000 ) );
#3144 = DIRECTION( '', ( -0.000000000000000, 1.00000000000000, 0.000000000000000 ) );
#3145 = DIRECTION( '', ( 1.00000000000000, 0.000000000000000, 0.000000000000000 ) );
#3146 = SURFACE_STYLE_FILL_AREA( #5034 );
#3147 = ORIENTED_EDGE( '', *, *, #4839, .T. );
#3148 = ORIENTED_EDGE( '', *, *, #5035, .F. );
#3149 = ORIENTED_EDGE( '', *, *, #5027, .F. );
#3150 = ORIENTED_EDGE( '', *, *, #5036, .F. );
#3151 = CARTESIAN_POINT( '', ( -20.3200000000000, 16.4000000000000, -15.6000000000000 ) );
#3152 = DIRECTION( '', ( 0.000000000000000, 1.00000000000000, 0.000000000000000 ) );
#3153 = DIRECTION( '', ( 0.000000000000000, 0.000000000000000, 1.00000000000000 ) );
#3154 = SURFACE_STYLE_FILL_AREA( #5037 );
#3155 = ORIENTED_EDGE( '', *, *, #5038, .T. );
#3156 = ORIENTED_EDGE( '', *, *, #5039, .T. );
#3157 = ORIENTED_EDGE( '', *, *, #5040, .T. );
#3158 = ORIENTED_EDGE( '', *, *, #5041, .T. );
#3159 = CARTESIAN_POINT( '', ( -55.8800000000000, 29.3000000000000, -1.40000000000000 ) );
#3160 = DIRECTION( '', ( 0.000000000000000, 0.254862252319700, 0.966977369095332 ) );
#3161 = DIRECTION( '', ( 0.000000000000000, 0.966977369095332, -0.254862252319700 ) );
#3162 = SURFACE_STYLE_FILL_AREA( #5042 );
#3163 = ORIENTED_EDGE( '', *, *, #4807, .T. );
#3164 = ORIENTED_EDGE( '', *, *, #5043, .T. );
#3165 = ORIENTED_EDGE( '', *, *, #5044, .F. );
#3166 = ORIENTED_EDGE( '', *, *, #5045, .T. );
#3167 = CARTESIAN_POINT( '', ( 4.20000000000000, 15.4000000000000, 1.69940720943896 ) );
#3168 = DIRECTION( '', ( 0.819152044288992, 0.000000000000000, -0.573576436351046 ) );
#3169 = DIRECTION( '', ( 0.573576436351046, 0.000000000000000, 0.819152044288992 ) );
#3170 = SURFACE_STYLE_FILL_AREA( #5046 );
#3171 = ORIENTED_EDGE( '', *, *, #4950, .F. );
#3172 = ORIENTED_EDGE( '', *, *, #5047, .F. );
#3173 = ORIENTED_EDGE( '', *, *, #4649, .T. );
#3174 = ORIENTED_EDGE( '', *, *, #5048, .F. );
#3175 = ORIENTED_EDGE( '', *, *, #5014, .T. );
#3176 = CARTESIAN_POINT( '', ( 0.200000000000000, 7.07093599974894, -3.64000000000000 ) );
#3177 = DIRECTION( '', ( -0.000000000000000, -1.00000000000000, -0.000000000000000 ) );
#3178 = DIRECTION( '', ( 0.000000000000000, 0.000000000000000, 1.00000000000000 ) );
#3179 = SURFACE_STYLE_FILL_AREA( #5049 );
#3180 = ORIENTED_EDGE( '', *, *, #4894, .F. );
#3181 = ORIENTED_EDGE( '', *, *, #5050, .T. );
#3182 = ORIENTED_EDGE( '', *, *, #5051, .F. );
#3183 = ORIENTED_EDGE( '', *, *, #4609, .T. );
#3184 = CARTESIAN_POINT( '', ( 11.1760024000000, 6.80000000000000, -0.676616000000000 ) );
#3185 = DIRECTION( '', ( 0.000000000000000, 1.00000000000000, 0.000000000000000 ) );
#3186 = DIRECTION( '', ( 0.000000000000000, 0.000000000000000, 1.00000000000000 ) );
#3187 = SURFACE_STYLE_FILL_AREA( #5052 );
#3188 = ORIENTED_EDGE( '', *, *, #4575, .T. );
#3189 = ORIENTED_EDGE( '', *, *, #4665, .F. );
#3190 = ORIENTED_EDGE( '', *, *, #4764, .F. );
#3191 = ORIENTED_EDGE( '', *, *, #5053, .F. );
#3192 = CARTESIAN_POINT( '', ( 8.68697400000000, 25.6000000000012, -3.91229600000000 ) );
#3193 = DIRECTION( '', ( -0.000000000000000, 1.00000000000000, 0.000000000000000 ) );
#3194 = DIRECTION( '', ( 1.00000000000000, 0.000000000000000, 0.000000000000000 ) );
#3195 = SURFACE_STYLE_FILL_AREA( #5054 );
#3196 = ORIENTED_EDGE( '', *, *, #5055, .F. );
#3197 = ORIENTED_EDGE( '', *, *, #4971, .F. );
#3198 = ORIENTED_EDGE( '', *, *, #4591, .T. );
#3199 = ORIENTED_EDGE( '', *, *, #5056, .T. );
#3200 = ORIENTED_EDGE( '', *, *, #5057, .T. );
#3201 = ORIENTED_EDGE( '', *, *, #4761, .T. );
#3202 = CARTESIAN_POINT( '', ( 1.62166964383884, 2.20597423758882, -5.55000000000000 ) );
#3203 = DIRECTION( '', ( 0.000000000000000, 0.000000000000000, 1.00000000000000 ) );
#3204 = DIRECTION( '', ( 1.00000000000000, 0.000000000000000, 0.000000000000000 ) );
#3205 = SURFACE_STYLE_FILL_AREA( #5058 );
#3206 = ORIENTED_EDGE( '', *, *, #4784, .F. );
#3207 = ORIENTED_EDGE( '', *, *, #5059, .F. );
#3208 = ORIENTED_EDGE( '', *, *, #4868, .T. );
#3209 = ORIENTED_EDGE( '', *, *, #5060, .F. );
#3210 = CARTESIAN_POINT( '', ( 5.65999760000000, -2.44407121127492, -12.7197180000000 ) );
#3211 = DIRECTION( '', ( 0.000000000000000, 0.342020143325669, -0.939692620785908 ) );
#3212 = DIRECTION( '', ( 0.000000000000000, -0.939692620785908, -0.342020143325669 ) );
#3213 = SURFACE_STYLE_FILL_AREA( #5061 );
#3214 = ORIENTED_EDGE( '', *, *, #5062, .F. );
#3215 = ORIENTED_EDGE( '', *, *, #5063, .T. );
#3216 = ORIENTED_EDGE( '', *, *, #5064, .T. );
#3217 = ORIENTED_EDGE( '', *, *, #5065, .T. );
#3218 = CARTESIAN_POINT( '', ( 15.2000024000000, 12.8000000000000, -0.300000000000000 ) );
#3219 = DIRECTION( '', ( 0.000000000000000, -1.00000000000000, 0.000000000000000 ) );
#3220 = DIRECTION( '', ( 0.000000000000000, 0.000000000000000, -1.00000000000000 ) );
#3221 = SURFACE_STYLE_FILL_AREA( #5066 );
#3222 = ORIENTED_EDGE( '', *, *, #5067, .F. );
#3223 = ORIENTED_EDGE( '', *, *, #4711, .F. );
#3224 = ORIENTED_EDGE( '', *, *, #5068, .F. );
#3225 = ORIENTED_EDGE( '', *, *, #5069, .T. );
#3226 = CARTESIAN_POINT( '', ( -2.77500000000000, 9.80000000000000, -1.45000000000000 ) );
#3227 = DIRECTION( '', ( 0.000000000000000, 0.000000000000000, 1.00000000000000 ) );
#3228 = DIRECTION( '', ( 1.00000000000000, 0.000000000000000, 0.000000000000000 ) );
#3229 = SURFACE_STYLE_FILL_AREA( #5070 );
#3230 = ORIENTED_EDGE( '', *, *, #5015, .F. );
#3231 = ORIENTED_EDGE( '', *, *, #5048, .T. );
#3232 = ORIENTED_EDGE( '', *, *, #4648, .T. );
#3233 = ORIENTED_EDGE( '', *, *, #5071, .F. );
#3234 = ORIENTED_EDGE( '', *, *, #4955, .T. );
#3235 = ORIENTED_EDGE( '', *, *, #4791, .T. );
#3236 = CARTESIAN_POINT( '', ( 0.000000000000000, -4.40000000000000, -13.8018876112894 ) );
#3237 = DIRECTION( '', ( -0.000000000000000, -0.000000000000000, -1.00000000000000 ) );
#3238 = DIRECTION( '', ( 0.000000000000000, -1.00000000000000, 0.000000000000000 ) );
#3239 = SURFACE_STYLE_FILL_AREA( #5072 );
#3240 = ORIENTED_EDGE( '', *, *, #5073, .F. );
#3241 = ORIENTED_EDGE( '', *, *, #5074, .T. );
#3242 = ORIENTED_EDGE( '', *, *, #4677, .T. );
#3243 = ORIENTED_EDGE( '', *, *, #4634, .T. );
#3244 = ORIENTED_EDGE( '', *, *, #5075, .F. );
#3245 = ORIENTED_EDGE( '', *, *, #4770, .T. );
#3246 = ORIENTED_EDGE( '', *, *, #5076, .F. );
#3247 = ORIENTED_EDGE( '', *, *, #4932, .F. );
#3248 = CARTESIAN_POINT( '', ( 2.80000000000000, 3.73999760000000, -0.300000000000000 ) );
#3249 = DIRECTION( '', ( -1.00000000000000, 0.000000000000000, 0.000000000000000 ) );
#3250 = DIRECTION( '', ( 0.000000000000000, 0.000000000000000, -1.00000000000000 ) );
#3251 = SURFACE_STYLE_FILL_AREA( #5077 );
#3252 = ORIENTED_EDGE( '', *, *, #4766, .F. );
#3253 = ORIENTED_EDGE( '', *, *, #5078, .T. );
#3254 = ORIENTED_EDGE( '', *, *, #4982, .T. );
#3255 = ORIENTED_EDGE( '', *, *, #4852, .F. );
#3256 = ORIENTED_EDGE( '', *, *, #4576, .F. );
#3257 = ORIENTED_EDGE( '', *, *, #5053, .T. );
#3258 = CARTESIAN_POINT( '', ( 6.70166964383886, 2.20597423758882, -6.75000000000000 ) );
#3259 = DIRECTION( '', ( 0.000000000000000, 0.000000000000000, 1.00000000000000 ) );
#3260 = DIRECTION( '', ( 1.00000000000000, 0.000000000000000, 0.000000000000000 ) );
#3261 = SURFACE_STYLE_FILL_AREA( #5079 );
#3262 = ORIENTED_EDGE( '', *, *, #5080, .F. );
#3263 = ORIENTED_EDGE( '', *, *, #5081, .T. );
#3264 = ORIENTED_EDGE( '', *, *, #5082, .T. );
#3265 = ORIENTED_EDGE( '', *, *, #5083, .F. );
#3266 = CARTESIAN_POINT( '', ( 0.600000000000000, 2.20597423758882, -9.60833035616114 ) );
#3267 = DIRECTION( '', ( -1.00000000000000, 0.000000000000000, 0.000000000000000 ) );
#3268 = DIRECTION( '', ( 0.000000000000000, 0.000000000000000, 1.00000000000000 ) );
#3269 = SURFACE_STYLE_FILL_AREA( #5084 );
#3270 = ORIENTED_EDGE( '', *, *, #5085, .F. );
#3271 = ORIENTED_EDGE( '', *, *, #5086, .T. );
#3272 = ORIENTED_EDGE( '', *, *, #4726, .F. );
#3273 = ORIENTED_EDGE( '', *, *, #4878, .T. );
#3274 = CARTESIAN_POINT( '', ( 6.09600240000000, 15.4000000000000, -12.2000000000000 ) );
#3275 = DIRECTION( '', ( 0.000000000000000, 0.000000000000000, -1.00000000000000 ) );
#3276 = DIRECTION( '', ( 0.000000000000000, 1.00000000000000, 0.000000000000000 ) );
#3277 = SURFACE_STYLE_FILL_AREA( #5087 );
#3278 = ORIENTED_EDGE( '', *, *, #5088, .F. );
#3279 = ORIENTED_EDGE( '', *, *, #4890, .T. );
#3280 = ORIENTED_EDGE( '', *, *, #5089, .T. );
#3281 = ORIENTED_EDGE( '', *, *, #4756, .F. );
#3282 = CARTESIAN_POINT( '', ( 2.30500000000000, 9.80000000000000, -1.45000000000000 ) );
#3283 = DIRECTION( '', ( 0.000000000000000, 0.000000000000000, 1.00000000000000 ) );
#3284 = DIRECTION( '', ( 1.00000000000000, 0.000000000000000, 0.000000000000000 ) );
#3285 = SURFACE_STYLE_FILL_AREA( #5090 );
#3286 = ORIENTED_EDGE( '', *, *, #4972, .F. );
#3287 = ORIENTED_EDGE( '', *, *, #5055, .T. );
#3288 = ORIENTED_EDGE( '', *, *, #4760, .T. );
#3289 = ORIENTED_EDGE( '', *, *, #5030, .F. );
#3290 = CARTESIAN_POINT( '', ( 4.48000000000000, 2.20597423758882, -9.60833035616114 ) );
#3291 = DIRECTION( '', ( -1.00000000000000, 0.000000000000000, 0.000000000000000 ) );
#3292 = DIRECTION( '', ( 0.000000000000000, 0.000000000000000, 1.00000000000000 ) );
#3293 = SURFACE_STYLE_FILL_AREA( #5091 );
#3294 = ORIENTED_EDGE( '', *, *, #5092, .F. );
#3295 = ORIENTED_EDGE( '', *, *, #5093, .T. );
#3296 = ORIENTED_EDGE( '', *, *, #4555, .F. );
#3297 = ORIENTED_EDGE( '', *, *, #4781, .F. );
#3298 = ORIENTED_EDGE( '', *, *, #5094, .T. );
#3299 = ORIENTED_EDGE( '', *, *, #4779, .F. );
#3300 = ORIENTED_EDGE( '', *, *, #4773, .F. );
#3301 = ORIENTED_EDGE( '', *, *, #5095, .T. );
#3302 = ORIENTED_EDGE( '', *, *, #5096, .T. );
#3303 = ORIENTED_EDGE( '', *, *, #4727, .T. );
#3304 = ORIENTED_EDGE( '', *, *, #5086, .F. );
#3305 = ORIENTED_EDGE( '', *, *, #5097, .T. );
#3306 = ORIENTED_EDGE( '', *, *, #5098, .T. );
#3307 = ORIENTED_EDGE( '', *, *, #4934, .F. );
#3308 = ORIENTED_EDGE( '', *, *, #5099, .F. );
#3309 = ORIENTED_EDGE( '', *, *, #4768, .T. );
#3310 = ORIENTED_EDGE( '', *, *, #5003, .T. );
#3311 = ORIENTED_EDGE( '', *, *, #5100, .F. );
#3312 = ORIENTED_EDGE( '', *, *, #4549, .T. );
#3313 = ORIENTED_EDGE( '', *, *, #4811, .T. );
#3314 = ORIENTED_EDGE( '', *, *, #4541, .T. );
#3315 = ORIENTED_EDGE( '', *, *, #5101, .T. );
#3316 = ORIENTED_EDGE( '', *, *, #5102, .F. );
#3317 = ORIENTED_EDGE( '', *, *, #5103, .T. );
#3318 = ORIENTED_EDGE( '', *, *, #4864, .F. );
#3319 = ORIENTED_EDGE( '', *, *, #5104, .F. );
#3320 = ORIENTED_EDGE( '', *, *, #5105, .F. );
#3321 = ORIENTED_EDGE( '', *, *, #5008, .T. );
#3322 = ORIENTED_EDGE( '', *, *, #5106, .T. );
#3323 = ORIENTED_EDGE( '', *, *, #5107, .T. );
#3324 = ORIENTED_EDGE( '', *, *, #4840, .T. );
#3325 = ORIENTED_EDGE( '', *, *, #5036, .T. );
#3326 = ORIENTED_EDGE( '', *, *, #5026, .T. );
#3327 = ORIENTED_EDGE( '', *, *, #4944, .T. );
#3328 = ORIENTED_EDGE( '', *, *, #4884, .T. );
#3329 = ORIENTED_EDGE( '', *, *, #5108, .F. );
#3330 = ORIENTED_EDGE( '', *, *, #5109, .T. );
#3331 = ORIENTED_EDGE( '', *, *, #4988, .F. );
#3332 = ORIENTED_EDGE( '', *, *, #5110, .F. );
#3333 = ORIENTED_EDGE( '', *, *, #4953, .T. );
#3334 = ORIENTED_EDGE( '', *, *, #5111, .T. );
#3335 = ORIENTED_EDGE( '', *, *, #4956, .F. );
#3336 = ORIENTED_EDGE( '', *, *, #5071, .T. );
#3337 = ORIENTED_EDGE( '', *, *, #4647, .F. );
#3338 = ORIENTED_EDGE( '', *, *, #5112, .T. );
#3339 = ORIENTED_EDGE( '', *, *, #4948, .T. );
#3340 = ORIENTED_EDGE( '', *, *, #5113, .F. );
#3341 = ORIENTED_EDGE( '', *, *, #5114, .F. );
#3342 = ORIENTED_EDGE( '', *, *, #4553, .T. );
#3343 = ORIENTED_EDGE( '', *, *, #5115, .T. );
#3344 = ORIENTED_EDGE( '', *, *, #4736, .T. );
#3345 = ORIENTED_EDGE( '', *, *, #4636, .T. );
#3346 = ORIENTED_EDGE( '', *, *, #4679, .F. );
#3347 = ORIENTED_EDGE( '', *, *, #5116, .F. );
#3348 = CARTESIAN_POINT( '', ( 0.000000000000000, 31.6868693548637, -17.4300024000000 ) );
#3349 = DIRECTION( '', ( 1.00000000000000, 1.20024110770287E-016, 0.000000000000000 ) );
#3350 = DIRECTION( '', ( 1.20024110770287E-016, -1.00000000000000, 0.000000000000000 ) );
#3351 = SURFACE_STYLE_FILL_AREA( #5117 );
#3352 = ORIENTED_EDGE( '', *, *, #5118, .F. );
#3353 = ORIENTED_EDGE( '', *, *, #5119, .T. );
#3354 = ORIENTED_EDGE( '', *, *, #5120, .F. );
#3355 = ORIENTED_EDGE( '', *, *, #5121, .T. );
#3356 = CARTESIAN_POINT( '', ( 5.46698517557821, 4.80000000000000, 3.11466685472233 ) );
#3357 = DIRECTION( '', ( 0.000000000000000, 1.00000000000000, 0.000000000000000 ) );
#3358 = DIRECTION( '', ( 0.000000000000000, 0.000000000000000, 1.00000000000000 ) );
#3359 = SURFACE_STYLE_FILL_AREA( #5122 );
#3360 = ORIENTED_EDGE( '', *, *, #5123, .F. );
#3361 = ORIENTED_EDGE( '', *, *, #5124, .F. );
#3362 = ORIENTED_EDGE( '', *, *, #4696, .F. );
#3363 = ORIENTED_EDGE( '', *, *, #4587, .F. );
#3364 = CARTESIAN_POINT( '', ( -4.50000240000000, -5.43182000000000, -14.1928303734392 ) );
#3365 = DIRECTION( '', ( 0.000000000000000, 0.342020143325669, 0.939692620785908 ) );
#3366 = DIRECTION( '', ( 0.000000000000000, 0.939692620785908, -0.342020143325669 ) );
#3367 = SURFACE_STYLE_FILL_AREA( #5125 );
#3368 = ORIENTED_EDGE( '', *, *, #5126, .T. );
#3369 = ORIENTED_EDGE( '', *, *, #5127, .T. );
#3370 = ORIENTED_EDGE( '', *, *, #5128, .T. );
#3371 = ORIENTED_EDGE( '', *, *, #5039, .F. );
#3372 = CARTESIAN_POINT( '', ( -10.1600000000000, 16.4000000000000, 2.00000000000000 ) );
#3373 = DIRECTION( '', ( 0.000000000000000, 1.00000000000000, 0.000000000000000 ) );
#3374 = DIRECTION( '', ( 0.000000000000000, 0.000000000000000, 1.00000000000000 ) );
#3375 = SURFACE_STYLE_FILL_AREA( #5129 );
#3376 = ORIENTED_EDGE( '', *, *, #5130, .F. );
#3377 = ORIENTED_EDGE( '', *, *, #4965, .T. );
#3378 = ORIENTED_EDGE( '', *, *, #4983, .T. );
#3379 = ORIENTED_EDGE( '', *, *, #5078, .F. );
#3380 = ORIENTED_EDGE( '', *, *, #4765, .F. );
#3381 = ORIENTED_EDGE( '', *, *, #4663, .T. );
#3382 = ORIENTED_EDGE( '', *, *, #4993, .T. );
#3383 = ORIENTED_EDGE( '', *, *, #4849, .T. );
#3384 = CARTESIAN_POINT( '', ( 11.3345348228683, 24.8000000000012, -6.15000000000000 ) );
#3385 = DIRECTION( '', ( 0.000000000000000, -1.00000000000000, 0.000000000000000 ) );
#3386 = DIRECTION( '', ( -1.00000000000000, 0.000000000000000, 0.000000000000000 ) );
#3387 = SURFACE_STYLE_FILL_AREA( #5131 );
#3388 = ORIENTED_EDGE( '', *, *, #5132, .T. );
#3389 = ORIENTED_EDGE( '', *, *, #5133, .F. );
#3390 = ORIENTED_EDGE( '', *, *, #5134, .T. );
#3391 = ORIENTED_EDGE( '', *, *, #5135, .F. );
#3392 = CARTESIAN_POINT( '', ( -5.08000000000000, 16.4000000000000, -13.6000000000000 ) );
#3393 = DIRECTION( '', ( 0.000000000000000, 0.204863154122693, -0.978790625252869 ) );
#3394 = DIRECTION( '', ( 0.000000000000000, -0.978790625252869, -0.204863154122693 ) );
#3395 = SURFACE_STYLE_FILL_AREA( #5136 );
#3396 = ORIENTED_EDGE( '', *, *, #4693, .F. );
#3397 = ORIENTED_EDGE( '', *, *, #5137, .T. );
#3398 = ORIENTED_EDGE( '', *, *, #5138, .T. );
#3399 = ORIENTED_EDGE( '', *, *, #5139, .F. );
#3400 = CARTESIAN_POINT( '', ( 10.1600000000000, -5.20000000000000, -3.24000000000000 ) );
#3401 = DIRECTION( '', ( 0.000000000000000, 0.000000000000000, 1.00000000000000 ) );
#3402 = DIRECTION( '', ( 0.000000000000000, -1.00000000000000, 0.000000000000000 ) );
#3403 = SURFACE_STYLE_FILL_AREA( #5140 );
#3404 = ORIENTED_EDGE( '', *, *, #5141, .F. );
#3405 = ORIENTED_EDGE( '', *, *, #4718, .F. );
#3406 = ORIENTED_EDGE( '', *, *, #4805, .F. );
#3407 = ORIENTED_EDGE( '', *, *, #5142, .T. );
#3408 = CARTESIAN_POINT( '', ( 2.80000000000000, 6.70000000000000, -1.50000000000000 ) );
#3409 = DIRECTION( '', ( 0.000000000000000, -1.00000000000000, 0.000000000000000 ) );
#3410 = DIRECTION( '', ( -1.00000000000000, 0.000000000000000, 0.000000000000000 ) );
#3411 = SURFACE_STYLE_FILL_AREA( #5143 );
#3412 = ORIENTED_EDGE( '', *, *, #4946, .T. );
#3413 = ORIENTED_EDGE( '', *, *, #5028, .T. );
#3414 = ORIENTED_EDGE( '', *, *, #5035, .T. );
#3415 = ORIENTED_EDGE( '', *, *, #4842, .T. );
#3416 = ORIENTED_EDGE( '', *, *, #5144, .T. );
#3417 = ORIENTED_EDGE( '', *, *, #4543, .T. );
#3418 = ORIENTED_EDGE( '', *, *, #4812, .T. );
#3419 = ORIENTED_EDGE( '', *, *, #4547, .T. );
#3420 = ORIENTED_EDGE( '', *, *, #5145, .T. );
#3421 = ORIENTED_EDGE( '', *, *, #5146, .F. );
#3422 = CARTESIAN_POINT( '', ( 5.08000000000000, 1.54439230379567, -1.71336549916107 ) );
#3423 = DIRECTION( '', ( 1.00000000000000, 0.000000000000000, 0.000000000000000 ) );
#3424 = DIRECTION( '', ( 0.000000000000000, 0.000000000000000, -1.00000000000000 ) );
#3425 = SURFACE_STYLE_FILL_AREA( #5147 );
#3426 = ORIENTED_EDGE( '', *, *, #5148, .T. );
#3427 = ORIENTED_EDGE( '', *, *, #5149, .F. );
#3428 = ORIENTED_EDGE( '', *, *, #4920, .T. );
#3429 = ORIENTED_EDGE( '', *, *, #4861, .T. );
#3430 = ORIENTED_EDGE( '', *, *, #4641, .T. );
#3431 = CARTESIAN_POINT( '', ( -4.11384179664706, 26.8000000000012, -10.0902740315453 ) );
#3432 = DIRECTION( '', ( 0.000000000000000, 1.00000000000000, 0.000000000000000 ) );
#3433 = DIRECTION( '', ( 0.000000000000000, 0.000000000000000, 1.00000000000000 ) );
#3434 = SURFACE_STYLE_FILL_AREA( #5150 );
#3435 = ORIENTED_EDGE( '', *, *, #5151, .T. );
#3436 = ORIENTED_EDGE( '', *, *, #5152, .F. );
#3437 = ORIENTED_EDGE( '', *, *, #4580, .F. );
#3438 = ORIENTED_EDGE( '', *, *, #5153, .F. );
#3439 = ORIENTED_EDGE( '', *, *, #5120, .T. );
#3440 = CARTESIAN_POINT( '', ( 16.2560024000000, 6.80000000000000, -0.300000000000000 ) );
#3441 = DIRECTION( '', ( 0.000000000000000, 0.707106781186548, 0.707106781186547 ) );
#3442 = DIRECTION( '', ( 0.000000000000000, -0.707106781186547, 0.707106781186548 ) );
#3443 = SURFACE_STYLE_FILL_AREA( #5154 );
#3444 = ORIENTED_EDGE( '', *, *, #5155, .T. );
#3445 = ORIENTED_EDGE( '', *, *, #5069, .F. );
#3446 = ORIENTED_EDGE( '', *, *, #5156, .T. );
#3447 = ORIENTED_EDGE( '', *, *, #5152, .T. );
#3448 = CARTESIAN_POINT( '', ( 16.2560024000000, 6.80000000000000, -0.676616000000000 ) );
#3449 = DIRECTION( '', ( 0.000000000000000, 1.00000000000000, 0.000000000000000 ) );
#3450 = DIRECTION( '', ( 0.000000000000000, 0.000000000000000, 1.00000000000000 ) );
#3451 = SURFACE_STYLE_FILL_AREA( #5157 );
#3452 = ORIENTED_EDGE( '', *, *, #5099, .T. );
#3453 = ORIENTED_EDGE( '', *, *, #4933, .T. );
#3454 = ORIENTED_EDGE( '', *, *, #5076, .T. );
#3455 = ORIENTED_EDGE( '', *, *, #4769, .T. );
#3456 = CARTESIAN_POINT( '', ( -12.9350000000000, 9.80000000000000, -1.45000000000000 ) );
#3457 = DIRECTION( '', ( 0.000000000000000, 0.000000000000000, 1.00000000000000 ) );
#3458 = DIRECTION( '', ( 1.00000000000000, 0.000000000000000, 0.000000000000000 ) );
#3459 = SURFACE_STYLE_FILL_AREA( #5158 );
#3460 = ORIENTED_EDGE( '', *, *, #5115, .F. );
#3461 = ORIENTED_EDGE( '', *, *, #4552, .F. );
#3462 = ORIENTED_EDGE( '', *, *, #5159, .F. );
#3463 = ORIENTED_EDGE( '', *, *, #4737, .F. );
#3464 = CARTESIAN_POINT( '', ( -4.69301482442179, 4.80000000000000, 3.11466685472233 ) );
#3465 = DIRECTION( '', ( 0.000000000000000, 1.00000000000000, 0.000000000000000 ) );
#3466 = DIRECTION( '', ( 0.000000000000000, 0.000000000000000, 1.00000000000000 ) );
#3467 = SURFACE_STYLE_FILL_AREA( #5160 );
#3468 = ORIENTED_EDGE( '', *, *, #5161, .T. );
#3469 = ORIENTED_EDGE( '', *, *, #4818, .F. );
#3470 = ORIENTED_EDGE( '', *, *, #5162, .F. );
#3471 = ORIENTED_EDGE( '', *, *, #5163, .T. );
#3472 = CARTESIAN_POINT( '', ( -0.600000000000000, 2.27932400000000, -4.44000000000000 ) );
#3473 = DIRECTION( '', ( 0.000000000000000, 0.000000000000000, -1.00000000000000 ) );
#3474 = DIRECTION( '', ( 0.000000000000000, 1.00000000000000, 0.000000000000000 ) );
#3475 = SURFACE_STYLE_FILL_AREA( #5164 );
#3476 = ORIENTED_EDGE( '', *, *, #4562, .T. );
#3477 = ORIENTED_EDGE( '', *, *, #4530, .T. );
#3478 = ORIENTED_EDGE( '', *, *, #4751, .T. );
#3479 = ORIENTED_EDGE( '', *, *, #5165, .T. );
#3480 = CARTESIAN_POINT( '', ( 2.28000000000000, 15.4000000000000, -0.300000000000000 ) );
#3481 = DIRECTION( '', ( -0.819152044288992, 0.000000000000000, -0.573576436351046 ) );
#3482 = DIRECTION( '', ( 0.573576436351046, 0.000000000000000, -0.819152044288992 ) );
#3483 = SURFACE_STYLE_FILL_AREA( #5166 );
#3484 = ORIENTED_EDGE( '', *, *, #5065, .F. );
#3485 = ORIENTED_EDGE( '', *, *, #4581, .F. );
#3486 = ORIENTED_EDGE( '', *, *, #5156, .F. );
#3487 = ORIENTED_EDGE( '', *, *, #5068, .T. );
#3488 = ORIENTED_EDGE( '', *, *, #4710, .F. );
#3489 = ORIENTED_EDGE( '', *, *, #5167, .F. );
#3490 = ORIENTED_EDGE( '', *, *, #4619, .T. );
#3491 = ORIENTED_EDGE( '', *, *, #5168, .F. );
#3492 = CARTESIAN_POINT( '', ( 7.36000000000000, 3.73999760000000, -2.17903900000000 ) );
#3493 = DIRECTION( '', ( 1.00000000000000, 0.000000000000000, -0.000000000000000 ) );
#3494 = DIRECTION( '', ( 0.000000000000000, 0.000000000000000, 1.00000000000000 ) );
#3495 = SURFACE_STYLE_FILL_AREA( #5169 );
#3496 = ORIENTED_EDGE( '', *, *, #5170, .F. );
#3497 = ORIENTED_EDGE( '', *, *, #5171, .T. );
#3498 = ORIENTED_EDGE( '', *, *, #5104, .T. );
#3499 = ORIENTED_EDGE( '', *, *, #4863, .T. );
#3500 = ORIENTED_EDGE( '', *, *, #4730, .F. );
#3501 = ORIENTED_EDGE( '', *, *, #5172, .T. );
#3502 = ORIENTED_EDGE( '', *, *, #4720, .T. );
#3503 = ORIENTED_EDGE( '', *, *, #5173, .F. );
#3504 = CARTESIAN_POINT( '', ( 1.17453482286830, 24.8000000000012, -6.15000000000000 ) );
#3505 = DIRECTION( '', ( 0.000000000000000, -1.00000000000000, 0.000000000000000 ) );
#3506 = DIRECTION( '', ( -1.00000000000000, 0.000000000000000, 0.000000000000000 ) );
#3507 = SURFACE_STYLE_FILL_AREA( #5174 );
#3508 = ORIENTED_EDGE( '', *, *, #4899, .T. );
#3509 = ORIENTED_EDGE( '', *, *, #4746, .F. );
#3510 = ORIENTED_EDGE( '', *, *, #4622, .T. );
#3511 = ORIENTED_EDGE( '', *, *, #4925, .F. );
#3512 = CARTESIAN_POINT( '', ( 31.4960024000000, 3.80000000000000, 0.000000000000000 ) );
#3513 = DIRECTION( '', ( 0.000000000000000, 1.00000000000000, 0.000000000000000 ) );
#3514 = DIRECTION( '', ( 0.000000000000000, 0.000000000000000, 1.00000000000000 ) );
#3515 = SURFACE_STYLE_FILL_AREA( #5175 );
#3516 = ORIENTED_EDGE( '', *, *, #5176, .F. );
#3517 = ORIENTED_EDGE( '', *, *, #4568, .T. );
#3518 = ORIENTED_EDGE( '', *, *, #5177, .F. );
#3519 = ORIENTED_EDGE( '', *, *, #5044, .T. );
#3520 = ORIENTED_EDGE( '', *, *, #5178, .F. );
#3521 = ORIENTED_EDGE( '', *, *, #4929, .T. );
#3522 = CARTESIAN_POINT( '', ( 4.20000000000000, 1.86174122228114, -13.9669407616018 ) );
#3523 = DIRECTION( '', ( -1.00000000000000, 0.000000000000000, 0.000000000000000 ) );
#3524 = DIRECTION( '', ( 0.000000000000000, 0.000000000000000, 1.00000000000000 ) );
#3525 = SURFACE_STYLE_FILL_AREA( #5179 );
#3526 = ORIENTED_EDGE( '', *, *, #5172, .F. );
#3527 = ORIENTED_EDGE( '', *, *, #4729, .T. );
#3528 = ORIENTED_EDGE( '', *, *, #5180, .T. );
#3529 = ORIENTED_EDGE( '', *, *, #5181, .F. );
#3530 = ORIENTED_EDGE( '', *, *, #4701, .T. );
#3531 = ORIENTED_EDGE( '', *, *, #4721, .F. );
#3532 = CARTESIAN_POINT( '', ( -3.45833035616114, 2.20597423758882, -5.55000000000000 ) );
#3533 = DIRECTION( '', ( 0.000000000000000, 0.000000000000000, 1.00000000000000 ) );
#3534 = DIRECTION( '', ( 1.00000000000000, 0.000000000000000, 0.000000000000000 ) );
#3535 = SURFACE_STYLE_FILL_AREA( #5182 );
#3536 = ORIENTED_EDGE( '', *, *, #5183, .F. );
#3537 = ORIENTED_EDGE( '', *, *, #5184, .F. );
#3538 = ORIENTED_EDGE( '', *, *, #5185, .T. );
#3539 = ORIENTED_EDGE( '', *, *, #5082, .F. );
#3540 = CARTESIAN_POINT( '', ( 0.000000000000000, 27.5611360000000, -3.62876916846992 ) );
#3541 = DIRECTION( '', ( 0.000000000000000, -0.438371146789078, 0.898794046299167 ) );
#3542 = DIRECTION( '', ( 0.000000000000000, -0.898794046299167, -0.438371146789078 ) );
#3543 = SURFACE_STYLE_FILL_AREA( #5186 );
#3544 = ORIENTED_EDGE( '', *, *, #5187, .F. );
#3545 = ORIENTED_EDGE( '', *, *, #5108, .T. );
#3546 = ORIENTED_EDGE( '', *, *, #4883, .F. );
#3547 = ORIENTED_EDGE( '', *, *, #5188, .F. );
#3548 = CARTESIAN_POINT( '', ( -4.50000240000000, -5.43182000000000, -14.1928303734392 ) );
#3549 = DIRECTION( '', ( 0.000000000000000, 0.342020143325669, 0.939692620785908 ) );
#3550 = DIRECTION( '', ( 0.000000000000000, 0.939692620785908, -0.342020143325669 ) );
#3551 = SURFACE_STYLE_FILL_AREA( #5189 );
#3552 = ORIENTED_EDGE( '', *, *, #4625, .F. );
#3553 = ORIENTED_EDGE( '', *, *, #4826, .T. );
#3554 = ORIENTED_EDGE( '', *, *, #4887, .F. );
#3555 = ORIENTED_EDGE( '', *, *, #4681, .T. );
#3556 = CARTESIAN_POINT( '', ( -50.8000000000000, 29.3000000000000, -1.40000000000000 ) );
#3557 = DIRECTION( '', ( 0.000000000000000, 0.254862252319700, 0.966977369095332 ) );
#3558 = DIRECTION( '', ( 0.000000000000000, 0.966977369095332, -0.254862252319700 ) );
#3559 = SURFACE_STYLE_FILL_AREA( #5190 );
#3560 = ORIENTED_EDGE( '', *, *, #5191, .F. );
#3561 = ORIENTED_EDGE( '', *, *, #5192, .F. );
#3562 = ORIENTED_EDGE( '', *, *, #5193, .T. );
#3563 = ORIENTED_EDGE( '', *, *, #4815, .T. );
#3564 = CARTESIAN_POINT( '', ( 0.600000000000000, -4.16904566318510, -3.84063064193088 ) );
#3565 = DIRECTION( '', ( -1.00000000000000, 0.000000000000000, 0.000000000000000 ) );
#3566 = DIRECTION( '', ( 0.000000000000000, 0.000000000000000, 1.00000000000000 ) );
#3567 = SURFACE_STYLE_FILL_AREA( #5194 );
#3568 = ORIENTED_EDGE( '', *, *, #4909, .T. );
#3569 = ORIENTED_EDGE( '', *, *, #5195, .F. );
#3570 = ORIENTED_EDGE( '', *, *, #5196, .F. );
#3571 = ORIENTED_EDGE( '', *, *, #4525, .F. );
#3572 = CARTESIAN_POINT( '', ( 0.579997599999980, -5.43182000000000, -14.1928303734392 ) );
#3573 = DIRECTION( '', ( 0.000000000000000, 0.342020143325669, 0.939692620785908 ) );
#3574 = DIRECTION( '', ( 0.000000000000000, 0.939692620785908, -0.342020143325669 ) );
#3575 = SURFACE_STYLE_FILL_AREA( #5197 );
#3576 = ORIENTED_EDGE( '', *, *, #5198, .F. );
#3577 = ORIENTED_EDGE( '', *, *, #5095, .F. );
#3578 = ORIENTED_EDGE( '', *, *, #4776, .F. );
#3579 = ORIENTED_EDGE( '', *, *, #5199, .T. );
#3580 = ORIENTED_EDGE( '', *, *, #4556, .T. );
#3581 = ORIENTED_EDGE( '', *, *, #5093, .F. );
#3582 = CARTESIAN_POINT( '', ( -116.406736788368, 23.5000000000000, -15.1712437056908 ) );
#3583 = DIRECTION( '', ( 0.000000000000000, -1.00000000000000, 0.000000000000000 ) );
#3584 = DIRECTION( '', ( 1.00000000000000, 0.000000000000000, 0.000000000000000 ) );
#3585 = SURFACE_STYLE_FILL_AREA( #5200 );
#3586 = ORIENTED_EDGE( '', *, *, #4754, .T. );
#3587 = ORIENTED_EDGE( '', *, *, #5018, .F. );
#3588 = ORIENTED_EDGE( '', *, *, #4895, .T. );
#3589 = ORIENTED_EDGE( '', *, *, #4615, .T. );
#3590 = CARTESIAN_POINT( '', ( 7.88000000000000, 6.70000000000000, -1.50000000000000 ) );
#3591 = DIRECTION( '', ( 0.000000000000000, -1.00000000000000, 0.000000000000000 ) );
#3592 = DIRECTION( '', ( -1.00000000000000, 0.000000000000000, 0.000000000000000 ) );
#3593 = SURFACE_STYLE_FILL_AREA( #5201 );
#3594 = ORIENTED_EDGE( '', *, *, #5202, .T. );
#3595 = ORIENTED_EDGE( '', *, *, #4620, .F. );
#3596 = ORIENTED_EDGE( '', *, *, #5167, .T. );
#3597 = ORIENTED_EDGE( '', *, *, #4713, .T. );
#3598 = ORIENTED_EDGE( '', *, *, #5203, .T. );
#3599 = ORIENTED_EDGE( '', *, *, #4802, .F. );
#3600 = ORIENTED_EDGE( '', *, *, #4939, .T. );
#3601 = ORIENTED_EDGE( '', *, *, #5204, .F. );
#3602 = CARTESIAN_POINT( '', ( 5.08000000000000, 10.1000000000000, -1.50000000000000 ) );
#3603 = DIRECTION( '', ( 0.000000000000000, 0.000000000000000, 1.00000000000000 ) );
#3604 = DIRECTION( '', ( 1.00000000000000, 0.000000000000000, 0.000000000000000 ) );
#3605 = SURFACE_STYLE_FILL_AREA( #5205 );
#3606 = ORIENTED_EDGE( '', *, *, #4952, .T. );
#3607 = ORIENTED_EDGE( '', *, *, #4793, .F. );
#3608 = ORIENTED_EDGE( '', *, *, #4957, .F. );
#3609 = ORIENTED_EDGE( '', *, *, #5111, .F. );
#3610 = CARTESIAN_POINT( '', ( -0.600000000000000, 2.27932400000000, -4.44000000000000 ) );
#3611 = DIRECTION( '', ( 0.000000000000000, 0.000000000000000, -1.00000000000000 ) );
#3612 = DIRECTION( '', ( 0.000000000000000, 1.00000000000000, 0.000000000000000 ) );
#3613 = SURFACE_STYLE_FILL_AREA( #5206 );
#3614 = ORIENTED_EDGE( '', *, *, #5207, .T. );
#3615 = ORIENTED_EDGE( '', *, *, #5121, .F. );
#3616 = ORIENTED_EDGE( '', *, *, #5153, .T. );
#3617 = ORIENTED_EDGE( '', *, *, #4579, .F. );
#3618 = ORIENTED_EDGE( '', *, *, #5208, .T. );
#3619 = ORIENTED_EDGE( '', *, *, #5209, .T. );
#3620 = CARTESIAN_POINT( '', ( 5.96000000000000, 15.4000000000000, 1.69940720943896 ) );
#3621 = DIRECTION( '', ( -1.00000000000000, 0.000000000000000, 0.000000000000000 ) );
#3622 = DIRECTION( '', ( 0.000000000000000, 0.000000000000000, -1.00000000000000 ) );
#3623 = SURFACE_STYLE_FILL_AREA( #5210 );
#3624 = ORIENTED_EDGE( '', *, *, #5211, .T. );
#3625 = ORIENTED_EDGE( '', *, *, #5135, .T. );
#3626 = ORIENTED_EDGE( '', *, *, #5212, .T. );
#3627 = ORIENTED_EDGE( '', *, *, #5213, .F. );
#3628 = CARTESIAN_POINT( '', ( -10.1600000000000, 16.4000000000000, -15.6000000000000 ) );
#3629 = DIRECTION( '', ( 0.000000000000000, 1.00000000000000, 0.000000000000000 ) );
#3630 = DIRECTION( '', ( 0.000000000000000, 0.000000000000000, 1.00000000000000 ) );
#3631 = SURFACE_STYLE_FILL_AREA( #5214 );
#3632 = ORIENTED_EDGE( '', *, *, #4904, .T. );
#3633 = ORIENTED_EDGE( '', *, *, #4985, .T. );
#3634 = ORIENTED_EDGE( '', *, *, #4604, .T. );
#3635 = ORIENTED_EDGE( '', *, *, #5215, .F. );
#3636 = ORIENTED_EDGE( '', *, *, #5216, .T. );
#3637 = ORIENTED_EDGE( '', *, *, #4829, .T. );
#3638 = CARTESIAN_POINT( '', ( 5.08000000000000, -4.40000000000000, -13.8018876112894 ) );
#3639 = DIRECTION( '', ( -0.000000000000000, -0.000000000000000, -1.00000000000000 ) );
#3640 = DIRECTION( '', ( 0.000000000000000, -1.00000000000000, 0.000000000000000 ) );
#3641 = SURFACE_STYLE_FILL_AREA( #5217 );
#3642 = ORIENTED_EDGE( '', *, *, #4808, .T. );
#3643 = ORIENTED_EDGE( '', *, *, #5218, .F. );
#3644 = ORIENTED_EDGE( '', *, *, #5219, .T. );
#3645 = ORIENTED_EDGE( '', *, *, #4742, .F. );
#3646 = CARTESIAN_POINT( '', ( 5.04000240000002, 12.8000000000000, -0.300000000000000 ) );
#3647 = DIRECTION( '', ( 0.000000000000000, -1.00000000000000, 0.000000000000000 ) );
#3648 = DIRECTION( '', ( 0.000000000000000, 0.000000000000000, -1.00000000000000 ) );
#3649 = SURFACE_STYLE_FILL_AREA( #5220 );
#3650 = ORIENTED_EDGE( '', *, *, #5221, .T. );
#3651 = ORIENTED_EDGE( '', *, *, #5222, .T. );
#3652 = ORIENTED_EDGE( '', *, *, #5223, .F. );
#3653 = ORIENTED_EDGE( '', *, *, #5224, .T. );
#3654 = ORIENTED_EDGE( '', *, *, #4707, .F. );
#3655 = CARTESIAN_POINT( '', ( 4.88000000000000, 7.76723869684921, -13.8000000000000 ) );
#3656 = DIRECTION( '', ( -0.000000000000000, 1.00000000000000, -0.000000000000000 ) );
#3657 = DIRECTION( '', ( 0.000000000000000, 0.000000000000000, -1.00000000000000 ) );
#3658 = SURFACE_STYLE_FILL_AREA( #5225 );
#3659 = ORIENTED_EDGE( '', *, *, #5226, .F. );
#3660 = ORIENTED_EDGE( '', *, *, #5227, .F. );
#3661 = ORIENTED_EDGE( '', *, *, #4937, .T. );
#3662 = ORIENTED_EDGE( '', *, *, #4800, .F. );
#3663 = CARTESIAN_POINT( '', ( 16.2560024000000, 15.4000000000000, -12.2000000000000 ) );
#3664 = DIRECTION( '', ( 0.000000000000000, 0.000000000000000, -1.00000000000000 ) );
#3665 = DIRECTION( '', ( 0.000000000000000, 1.00000000000000, 0.000000000000000 ) );
#3666 = SURFACE_STYLE_FILL_AREA( #5228 );
#3667 = ORIENTED_EDGE( '', *, *, #5208, .F. );
#3668 = ORIENTED_EDGE( '', *, *, #4582, .F. );
#3669 = ORIENTED_EDGE( '', *, *, #5064, .F. );
#3670 = ORIENTED_EDGE( '', *, *, #5229, .T. );
#3671 = ORIENTED_EDGE( '', *, *, #5230, .F. );
#3672 = CARTESIAN_POINT( '', ( 16.2560024000000, 16.0869630000000, 2.45808944099336 ) );
#3673 = DIRECTION( '', ( 0.000000000000000, -0.642787609686539, 0.766044443118978 ) );
#3674 = DIRECTION( '', ( 0.000000000000000, -0.766044443118978, -0.642787609686539 ) );
#3675 = SURFACE_STYLE_FILL_AREA( #5231 );
#3676 = ORIENTED_EDGE( '', *, *, #5116, .T. );
#3677 = ORIENTED_EDGE( '', *, *, #4678, .T. );
#3678 = ORIENTED_EDGE( '', *, *, #5074, .F. );
#3679 = ORIENTED_EDGE( '', *, *, #5232, .F. );
#3680 = CARTESIAN_POINT( '', ( 2.80000000000000, 6.70000000000000, -1.50000000000000 ) );
#3681 = DIRECTION( '', ( 0.000000000000000, -1.00000000000000, 0.000000000000000 ) );
#3682 = DIRECTION( '', ( -1.00000000000000, 0.000000000000000, 0.000000000000000 ) );
#3683 = SURFACE_STYLE_FILL_AREA( #5233 );
#3684 = ORIENTED_EDGE( '', *, *, #4526, .F. );
#3685 = ORIENTED_EDGE( '', *, *, #5196, .T. );
#3686 = ORIENTED_EDGE( '', *, *, #5234, .F. );
#3687 = ORIENTED_EDGE( '', *, *, #5235, .T. );
#3688 = ORIENTED_EDGE( '', *, *, #5236, .F. );
#3689 = CARTESIAN_POINT( '', ( 4.88000000000000, 7.76723869684921, -14.2000000000000 ) );
#3690 = DIRECTION( '', ( -0.000000000000000, -1.00000000000000, -0.000000000000000 ) );
#3691 = DIRECTION( '', ( 0.000000000000000, 0.000000000000000, 1.00000000000000 ) );
#3692 = SURFACE_STYLE_FILL_AREA( #5237 );
#3693 = ORIENTED_EDGE( '', *, *, #5238, .F. );
#3694 = ORIENTED_EDGE( '', *, *, #5239, .F. );
#3695 = ORIENTED_EDGE( '', *, *, #5240, .F. );
#3696 = ORIENTED_EDGE( '', *, *, #4996, .T. );
#3697 = CARTESIAN_POINT( '', ( 6.09600240000003, -0.178881000000000, 0.000000000000000 ) );
#3698 = DIRECTION( '', ( 0.000000000000000, 0.000000000000000, -1.00000000000000 ) );
#3699 = DIRECTION( '', ( 0.000000000000000, 1.00000000000000, 0.000000000000000 ) );
#3700 = SURFACE_STYLE_FILL_AREA( #5241 );
#3701 = ORIENTED_EDGE( '', *, *, #5242, .F. );
#3702 = ORIENTED_EDGE( '', *, *, #4787, .F. );
#3703 = ORIENTED_EDGE( '', *, *, #4672, .F. );
#3704 = ORIENTED_EDGE( '', *, *, #4845, .F. );
#3705 = CARTESIAN_POINT( '', ( 5.65999760000000, -5.43182000000000, -14.1928303734392 ) );
#3706 = DIRECTION( '', ( 0.000000000000000, 0.342020143325669, 0.939692620785908 ) );
#3707 = DIRECTION( '', ( 0.000000000000000, 0.939692620785908, -0.342020143325669 ) );
#3708 = SURFACE_STYLE_FILL_AREA( #5243 );
#3709 = ORIENTED_EDGE( '', *, *, #5244, .T. );
#3710 = ORIENTED_EDGE( '', *, *, #5245, .F. );
#3711 = ORIENTED_EDGE( '', *, *, #5246, .F. );
#3712 = ORIENTED_EDGE( '', *, *, #5247, .F. );
#3713 = CARTESIAN_POINT( '', ( 2.75000000000000, 6.80000000000000, -1.50000000000000 ) );
#3714 = DIRECTION( '', ( 1.00000000000000, 0.000000000000000, 0.000000000000000 ) );
#3715 = DIRECTION( '', ( 0.000000000000000, -1.00000000000000, 0.000000000000000 ) );
#3716 = SURFACE_STYLE_FILL_AREA( #5248 );
#3717 = ORIENTED_EDGE( '', *, *, #4804, .T. );
#3718 = ORIENTED_EDGE( '', *, *, #5033, .T. );
#3719 = ORIENTED_EDGE( '', *, *, #5249, .T. );
#3720 = ORIENTED_EDGE( '', *, *, #5250, .F. );
#3721 = ORIENTED_EDGE( '', *, *, #5247, .T. );
#3722 = ORIENTED_EDGE( '', *, *, #5251, .F. );
#3723 = ORIENTED_EDGE( '', *, *, #5252, .T. );
#3724 = ORIENTED_EDGE( '', *, *, #5142, .F. );
#3725 = CARTESIAN_POINT( '', ( 5.08000000000000, 10.1000000000000, -1.50000000000000 ) );
#3726 = DIRECTION( '', ( 0.000000000000000, 0.000000000000000, 1.00000000000000 ) );
#3727 = DIRECTION( '', ( 1.00000000000000, 0.000000000000000, 0.000000000000000 ) );
#3728 = SURFACE_STYLE_FILL_AREA( #5253 );
#3729 = ORIENTED_EDGE( '', *, *, #5113, .T. );
#3730 = ORIENTED_EDGE( '', *, *, #4947, .F. );
#3731 = ORIENTED_EDGE( '', *, *, #5146, .T. );
#3732 = ORIENTED_EDGE( '', *, *, #5254, .T. );
#3733 = CARTESIAN_POINT( '', ( -4.06399759999997, -0.178881000000000, 0.000000000000000 ) );
#3734 = DIRECTION( '', ( 0.000000000000000, 0.000000000000000, -1.00000000000000 ) );
#3735 = DIRECTION( '', ( 0.000000000000000, 1.00000000000000, 0.000000000000000 ) );
#3736 = SURFACE_STYLE_FILL_AREA( #5255 );
#3737 = ORIENTED_EDGE( '', *, *, #4654, .F. );
#3738 = ORIENTED_EDGE( '', *, *, #5256, .T. );
#3739 = ORIENTED_EDGE( '', *, *, #4989, .T. );
#3740 = ORIENTED_EDGE( '', *, *, #5109, .F. );
#3741 = ORIENTED_EDGE( '', *, *, #5187, .T. );
#3742 = ORIENTED_EDGE( '', *, *, #5257, .T. );
#3743 = CARTESIAN_POINT( '', ( 0.000000000000000, -4.40000000000000, -9.79877921050629 ) );
#3744 = DIRECTION( '', ( -0.000000000000000, -0.000000000000000, -1.00000000000000 ) );
#3745 = DIRECTION( '', ( 0.000000000000000, -1.00000000000000, 0.000000000000000 ) );
#3746 = SURFACE_STYLE_FILL_AREA( #5258 );
#3747 = ORIENTED_EDGE( '', *, *, #5198, .T. );
#3748 = ORIENTED_EDGE( '', *, *, #5092, .T. );
#3749 = ORIENTED_EDGE( '', *, *, #4780, .F. );
#3750 = ORIENTED_EDGE( '', *, *, #5094, .F. );
#3751 = CARTESIAN_POINT( '', ( 0.000000000000000, 24.2000000000012, -6.15000000000000 ) );
#3752 = DIRECTION( '', ( -0.000000000000000, 1.00000000000000, -0.000000000000000 ) );
#3753 = DIRECTION( '', ( 1.00000000000000, 0.000000000000000, 0.000000000000000 ) );
#3754 = SURFACE_STYLE_FILL_AREA( #5259 );
#3755 = ORIENTED_EDGE( '', *, *, #4872, .T. );
#3756 = ORIENTED_EDGE( '', *, *, #4835, .T. );
#3757 = ORIENTED_EDGE( '', *, *, #5260, .T. );
#3758 = ORIENTED_EDGE( '', *, *, #5261, .T. );
#3759 = CARTESIAN_POINT( '', ( 9.56000000000000, -4.16904566318510, -3.84063064193088 ) );
#3760 = DIRECTION( '', ( -1.00000000000000, 0.000000000000000, 0.000000000000000 ) );
#3761 = DIRECTION( '', ( 0.000000000000000, 0.000000000000000, 1.00000000000000 ) );
#3762 = SURFACE_STYLE_FILL_AREA( #5262 );
#3763 = ORIENTED_EDGE( '', *, *, #5051, .T. );
#3764 = ORIENTED_EDGE( '', *, *, #5263, .F. );
#3765 = ORIENTED_EDGE( '', *, *, #4959, .F. );
#3766 = ORIENTED_EDGE( '', *, *, #4610, .F. );
#3767 = CARTESIAN_POINT( '', ( 2.33000000000000, 12.8000000000000, -1.50000000000000 ) );
#3768 = DIRECTION( '', ( -1.00000000000000, 0.000000000000000, 0.000000000000000 ) );
#3769 = DIRECTION( '', ( 0.000000000000000, 1.00000000000000, 0.000000000000000 ) );
#3770 = SURFACE_STYLE_FILL_AREA( #5264 );
#3771 = ORIENTED_EDGE( '', *, *, #4563, .F. );
#3772 = ORIENTED_EDGE( '', *, *, #5165, .F. );
#3773 = ORIENTED_EDGE( '', *, *, #5265, .T. );
#3774 = ORIENTED_EDGE( '', *, *, #4888, .F. );
#3775 = ORIENTED_EDGE( '', *, *, #4688, .F. );
#3776 = CARTESIAN_POINT( '', ( 11.1760024000000, 16.0869630000000, 2.45808944099336 ) );
#3777 = DIRECTION( '', ( 0.000000000000000, -0.642787609686539, 0.766044443118978 ) );
#3778 = DIRECTION( '', ( 0.000000000000000, -0.766044443118978, -0.642787609686539 ) );
#3779 = SURFACE_STYLE_FILL_AREA( #5266 );
#3780 = ORIENTED_EDGE( '', *, *, #5267, .F. );
#3781 = ORIENTED_EDGE( '', *, *, #5268, .T. );
#3782 = ORIENTED_EDGE( '', *, *, #5269, .T. );
#3783 = ORIENTED_EDGE( '', *, *, #4859, .F. );
#3784 = CARTESIAN_POINT( '', ( 2.52123083153008, 27.5611360000000, -6.15000000000000 ) );
#3785 = DIRECTION( '', ( 0.898794046299167, -0.438371146789078, 0.000000000000000 ) );
#3786 = DIRECTION( '', ( -0.438371146789078, -0.898794046299167, 0.000000000000000 ) );
#3787 = SURFACE_STYLE_FILL_AREA( #5270 );
#3788 = ORIENTED_EDGE( '', *, *, #4645, .T. );
#3789 = ORIENTED_EDGE( '', *, *, #5271, .F. );
#3790 = ORIENTED_EDGE( '', *, *, #5083, .T. );
#3791 = ORIENTED_EDGE( '', *, *, #5185, .F. );
#3792 = ORIENTED_EDGE( '', *, *, #5272, .T. );
#3793 = CARTESIAN_POINT( '', ( -4.11384179664706, 26.8000000000012, -10.0902740315453 ) );
#3794 = DIRECTION( '', ( 0.000000000000000, 1.00000000000000, 0.000000000000000 ) );
#3795 = DIRECTION( '', ( 0.000000000000000, 0.000000000000000, 1.00000000000000 ) );
#3796 = SURFACE_STYLE_FILL_AREA( #5273 );
#3797 = ORIENTED_EDGE( '', *, *, #5274, .F. );
#3798 = ORIENTED_EDGE( '', *, *, #5275, .T. );
#3799 = ORIENTED_EDGE( '', *, *, #4658, .T. );
#3800 = ORIENTED_EDGE( '', *, *, #5276, .F. );
#3801 = ORIENTED_EDGE( '', *, *, #5123, .T. );
#3802 = ORIENTED_EDGE( '', *, *, #4586, .T. );
#3803 = CARTESIAN_POINT( '', ( -3.33066907387547E-016, -4.40000000000000, -9.79877921050629 ) );
#3804 = DIRECTION( '', ( -0.000000000000000, -0.000000000000000, -1.00000000000000 ) );
#3805 = DIRECTION( '', ( 0.000000000000000, -1.00000000000000, 0.000000000000000 ) );
#3806 = SURFACE_STYLE_FILL_AREA( #5277 );
#3807 = ORIENTED_EDGE( '', *, *, #5278, .T. );
#3808 = ORIENTED_EDGE( '', *, *, #4795, .T. );
#3809 = ORIENTED_EDGE( '', *, *, #4600, .F. );
#3810 = ORIENTED_EDGE( '', *, *, #5279, .F. );
#3811 = CARTESIAN_POINT( '', ( 0.000000000000000, 23.3000000000000, -1.70000000000000 ) );
#3812 = DIRECTION( '', ( 1.00000000000000, -0.000000000000000, -0.000000000000000 ) );
#3813 = DIRECTION( '', ( 0.000000000000000, 0.000000000000000, 1.00000000000000 ) );
#3814 = SURFACE_STYLE_FILL_AREA( #5280 );
#3815 = ORIENTED_EDGE( '', *, *, #4908, .T. );
#3816 = ORIENTED_EDGE( '', *, *, #5281, .T. );
#3817 = ORIENTED_EDGE( '', *, *, #5223, .T. );
#3818 = ORIENTED_EDGE( '', *, *, #5282, .F. );
#3819 = ORIENTED_EDGE( '', *, *, #5234, .T. );
#3820 = ORIENTED_EDGE( '', *, *, #5195, .T. );
#3821 = CARTESIAN_POINT( '', ( 5.08000000000000, -4.40000000000000, -9.79877921050629 ) );
#3822 = DIRECTION( '', ( -0.000000000000000, -0.000000000000000, -1.00000000000000 ) );
#3823 = DIRECTION( '', ( 0.000000000000000, -1.00000000000000, 0.000000000000000 ) );
#3824 = SURFACE_STYLE_FILL_AREA( #5283 );
#3825 = ORIENTED_EDGE( '', *, *, #5105, .T. );
#3826 = ORIENTED_EDGE( '', *, *, #5171, .F. );
#3827 = ORIENTED_EDGE( '', *, *, #5284, .T. );
#3828 = ORIENTED_EDGE( '', *, *, #5009, .T. );
#3829 = CARTESIAN_POINT( '', ( 0.000000000000000, 27.5611360000000, -8.67123083153008 ) );
#3830 = DIRECTION( '', ( 0.000000000000000, -0.438371146789078, -0.898794046299167 ) );
#3831 = DIRECTION( '', ( 0.000000000000000, 0.898794046299167, -0.438371146789078 ) );
#3832 = SURFACE_STYLE_FILL_AREA( #5285 );
#3833 = ORIENTED_EDGE( '', *, *, #5286, .T. );
#3834 = ORIENTED_EDGE( '', *, *, #5056, .F. );
#3835 = ORIENTED_EDGE( '', *, *, #4590, .F. );
#3836 = ORIENTED_EDGE( '', *, *, #5287, .F. );
#3837 = CARTESIAN_POINT( '', ( 3.60697400000000, 25.6000000000012, -3.91229600000000 ) );
#3838 = DIRECTION( '', ( -0.000000000000000, 1.00000000000000, 0.000000000000000 ) );
#3839 = DIRECTION( '', ( 1.00000000000000, 0.000000000000000, 0.000000000000000 ) );
#3840 = SURFACE_STYLE_FILL_AREA( #5288 );
#3841 = ORIENTED_EDGE( '', *, *, #5272, .F. );
#3842 = ORIENTED_EDGE( '', *, *, #5184, .T. );
#3843 = ORIENTED_EDGE( '', *, *, #5289, .T. );
#3844 = ORIENTED_EDGE( '', *, *, #5290, .T. );
#3845 = ORIENTED_EDGE( '', *, *, #5148, .F. );
#3846 = ORIENTED_EDGE( '', *, *, #4640, .T. );
#3847 = ORIENTED_EDGE( '', *, *, #5291, .F. );
#3848 = ORIENTED_EDGE( '', *, *, #5132, .F. );
#3849 = ORIENTED_EDGE( '', *, *, #5211, .F. );
#3850 = ORIENTED_EDGE( '', *, *, #5292, .F. );
#3851 = ORIENTED_EDGE( '', *, *, #5293, .F. );
#3852 = ORIENTED_EDGE( '', *, *, #4697, .F. );
#3853 = ORIENTED_EDGE( '', *, *, #5124, .T. );
#3854 = ORIENTED_EDGE( '', *, *, #5276, .T. );
#3855 = ORIENTED_EDGE( '', *, *, #4657, .T. );
#3856 = ORIENTED_EDGE( '', *, *, #5294, .T. );
#3857 = ORIENTED_EDGE( '', *, *, #5295, .F. );
#3858 = ORIENTED_EDGE( '', *, *, #5163, .F. );
#3859 = ORIENTED_EDGE( '', *, *, #5296, .T. );
#3860 = ORIENTED_EDGE( '', *, *, #5297, .T. );
#3861 = ORIENTED_EDGE( '', *, *, #4519, .T. );
#3862 = ORIENTED_EDGE( '', *, *, #4667, .F. );
#3863 = ORIENTED_EDGE( '', *, *, #5298, .F. );
#3864 = ORIENTED_EDGE( '', *, *, #5238, .T. );
#3865 = ORIENTED_EDGE( '', *, *, #4995, .T. );
#3866 = ORIENTED_EDGE( '', *, *, #5299, .F. );
#3867 = ORIENTED_EDGE( '', *, *, #4927, .F. );
#3868 = ORIENTED_EDGE( '', *, *, #5300, .F. );
#3869 = ORIENTED_EDGE( '', *, *, #5301, .F. );
#3870 = ORIENTED_EDGE( '', *, *, #4715, .T. );
#3871 = ORIENTED_EDGE( '', *, *, #5141, .T. );
#3872 = ORIENTED_EDGE( '', *, *, #5252, .F. );
#3873 = ORIENTED_EDGE( '', *, *, #5302, .F. );
#3874 = ORIENTED_EDGE( '', *, *, #5303, .T. );
#3875 = ORIENTED_EDGE( '', *, *, #5304, .F. );
#3876 = ORIENTED_EDGE( '', *, *, #5249, .F. );
#3877 = ORIENTED_EDGE( '', *, *, #5032, .T. );
#3878 = ORIENTED_EDGE( '', *, *, #4739, .T. );
#3879 = ORIENTED_EDGE( '', *, *, #5219, .F. );
#3880 = ORIENTED_EDGE( '', *, *, #5305, .F. );
#3881 = ORIENTED_EDGE( '', *, *, #4566, .T. );
#3882 = ORIENTED_EDGE( '', *, *, #5306, .F. );
#3883 = ORIENTED_EDGE( '', *, *, #5126, .F. );
#3884 = ORIENTED_EDGE( '', *, *, #5038, .F. );
#3885 = ORIENTED_EDGE( '', *, *, #5307, .F. );
#3886 = ORIENTED_EDGE( '', *, *, #4638, .F. );
#3887 = CARTESIAN_POINT( '', ( 0.000000000000000, -5.31313064513630, -17.4300024000000 ) );
#3888 = DIRECTION( '', ( -1.00000000000000, 0.000000000000000, 0.000000000000000 ) );
#3889 = DIRECTION( '', ( 0.000000000000000, 1.00000000000000, 0.000000000000000 ) );
#3890 = SURFACE_STYLE_FILL_AREA( #5308 );
#3891 = ORIENTED_EDGE( '', *, *, #5050, .F. );
#3892 = ORIENTED_EDGE( '', *, *, #4893, .T. );
#3893 = ORIENTED_EDGE( '', *, *, #4960, .F. );
#3894 = ORIENTED_EDGE( '', *, *, #5263, .T. );
#3895 = CARTESIAN_POINT( '', ( 11.1760024000000, 15.4000000000000, -12.2000000000000 ) );
#3896 = DIRECTION( '', ( 0.000000000000000, 0.000000000000000, -1.00000000000000 ) );
#3897 = DIRECTION( '', ( 0.000000000000000, 1.00000000000000, 0.000000000000000 ) );
#3898 = SURFACE_STYLE_FILL_AREA( #5309 );
#3899 = ORIENTED_EDGE( '', *, *, #5073, .T. );
#3900 = ORIENTED_EDGE( '', *, *, #4935, .F. );
#3901 = ORIENTED_EDGE( '', *, *, #5098, .F. );
#3902 = ORIENTED_EDGE( '', *, *, #5310, .F. );
#3903 = ORIENTED_EDGE( '', *, *, #4879, .T. );
#3904 = ORIENTED_EDGE( '', *, *, #4724, .F. );
#3905 = ORIENTED_EDGE( '', *, *, #5096, .F. );
#3906 = ORIENTED_EDGE( '', *, *, #5232, .T. );
#3907 = CARTESIAN_POINT( '', ( -5.08000000000000, 10.1000000000000, -1.50000000000000 ) );
#3908 = DIRECTION( '', ( 0.000000000000000, 0.000000000000000, 1.00000000000000 ) );
#3909 = DIRECTION( '', ( 1.00000000000000, 0.000000000000000, 0.000000000000000 ) );
#3910 = SURFACE_STYLE_FILL_AREA( #5311 );
#3911 = ORIENTED_EDGE( '', *, *, #5312, .F. );
#3912 = ORIENTED_EDGE( '', *, *, #4550, .T. );
#3913 = ORIENTED_EDGE( '', *, *, #5100, .T. );
#3914 = ORIENTED_EDGE( '', *, *, #5006, .T. );
#3915 = CARTESIAN_POINT( '', ( -4.69301482442180, 15.4000000000000, 3.11466685472233 ) );
#3916 = DIRECTION( '', ( 0.000000000000000, 1.00000000000000, 0.000000000000000 ) );
#3917 = DIRECTION( '', ( 0.000000000000000, 0.000000000000000, 1.00000000000000 ) );
#3918 = SURFACE_STYLE_FILL_AREA( #5313 );
#3919 = ORIENTED_EDGE( '', *, *, #5110, .T. );
#3920 = ORIENTED_EDGE( '', *, *, #4991, .F. );
#3921 = ORIENTED_EDGE( '', *, *, #5314, .T. );
#3922 = ORIENTED_EDGE( '', *, *, #4941, .F. );
#3923 = CARTESIAN_POINT( '', ( 1.27734121107700, -3.46097004054130, -13.4000000000000 ) );
#3924 = DIRECTION( '', ( 0.000000000000000, 0.000000000000000, -1.00000000000000 ) );
#3925 = DIRECTION( '', ( -1.00000000000000, 0.000000000000000, 0.000000000000000 ) );
#3926 = SURFACE_STYLE_FILL_AREA( #5315 );
#3927 = ORIENTED_EDGE( '', *, *, #5204, .T. );
#3928 = ORIENTED_EDGE( '', *, *, #4938, .T. );
#3929 = ORIENTED_EDGE( '', *, *, #5227, .T. );
#3930 = ORIENTED_EDGE( '', *, *, #5316, .T. );
#3931 = CARTESIAN_POINT( '', ( 15.2000024000000, 12.8000000000000, -0.300000000000000 ) );
#3932 = DIRECTION( '', ( 0.000000000000000, -1.00000000000000, 0.000000000000000 ) );
#3933 = DIRECTION( '', ( 0.000000000000000, 0.000000000000000, -1.00000000000000 ) );
#3934 = SURFACE_STYLE_FILL_AREA( #5317 );
#3935 = ORIENTED_EDGE( '', *, *, #5318, .T. );
#3936 = ORIENTED_EDGE( '', *, *, #5180, .F. );
#3937 = ORIENTED_EDGE( '', *, *, #4732, .T. );
#3938 = ORIENTED_EDGE( '', *, *, #4865, .F. );
#3939 = ORIENTED_EDGE( '', *, *, #5103, .F. );
#3940 = CARTESIAN_POINT( '', ( -4.11384179664706, 26.8000000000012, -10.0902740315453 ) );
#3941 = DIRECTION( '', ( 0.000000000000000, 1.00000000000000, 0.000000000000000 ) );
#3942 = DIRECTION( '', ( 0.000000000000000, 0.000000000000000, 1.00000000000000 ) );
#3943 = SURFACE_STYLE_FILL_AREA( #5319 );
#3944 = ORIENTED_EDGE( '', *, *, #5320, .T. );
#3945 = ORIENTED_EDGE( '', *, *, #5010, .F. );
#3946 = ORIENTED_EDGE( '', *, *, #5284, .F. );
#3947 = ORIENTED_EDGE( '', *, *, #5170, .T. );
#3948 = CARTESIAN_POINT( '', ( 0.600000000000000, 2.20597423758882, -9.60833035616114 ) );
#3949 = DIRECTION( '', ( -1.00000000000000, 0.000000000000000, 0.000000000000000 ) );
#3950 = DIRECTION( '', ( 0.000000000000000, 0.000000000000000, 1.00000000000000 ) );
#3951 = SURFACE_STYLE_FILL_AREA( #5321 );
#3952 = ORIENTED_EDGE( '', *, *, #5022, .T. );
#3953 = ORIENTED_EDGE( '', *, *, #5322, .T. );
#3954 = ORIENTED_EDGE( '', *, *, #5279, .T. );
#3955 = ORIENTED_EDGE( '', *, *, #4599, .F. );
#3956 = ORIENTED_EDGE( '', *, *, #5023, .F. );
#3957 = ORIENTED_EDGE( '', *, *, #4597, .F. );
#3958 = ORIENTED_EDGE( '', *, *, #5323, .T. );
#3959 = ORIENTED_EDGE( '', *, *, #5324, .T. );
#3960 = ORIENTED_EDGE( '', *, *, #5203, .F. );
#3961 = ORIENTED_EDGE( '', *, *, #4712, .T. );
#3962 = ORIENTED_EDGE( '', *, *, #5067, .T. );
#3963 = ORIENTED_EDGE( '', *, *, #5155, .F. );
#3964 = ORIENTED_EDGE( '', *, *, #5151, .F. );
#3965 = ORIENTED_EDGE( '', *, *, #5119, .F. );
#3966 = ORIENTED_EDGE( '', *, *, #5325, .F. );
#3967 = ORIENTED_EDGE( '', *, *, #4997, .T. );
#3968 = ORIENTED_EDGE( '', *, *, #5240, .T. );
#3969 = ORIENTED_EDGE( '', *, *, #5326, .F. );
#3970 = ORIENTED_EDGE( '', *, *, #5137, .F. );
#3971 = ORIENTED_EDGE( '', *, *, #4692, .T. );
#3972 = ORIENTED_EDGE( '', *, *, #4833, .F. );
#3973 = ORIENTED_EDGE( '', *, *, #5327, .T. );
#3974 = ORIENTED_EDGE( '', *, *, #4975, .F. );
#3975 = ORIENTED_EDGE( '', *, *, #5328, .F. );
#3976 = ORIENTED_EDGE( '', *, *, #4869, .T. );
#3977 = ORIENTED_EDGE( '', *, *, #5059, .T. );
#3978 = ORIENTED_EDGE( '', *, *, #4783, .F. );
#3979 = ORIENTED_EDGE( '', *, *, #5242, .T. );
#3980 = ORIENTED_EDGE( '', *, *, #4844, .F. );
#3981 = ORIENTED_EDGE( '', *, *, #5329, .F. );
#3982 = ORIENTED_EDGE( '', *, *, #5330, .F. );
#3983 = ORIENTED_EDGE( '', *, *, #5212, .F. );
#3984 = ORIENTED_EDGE( '', *, *, #5134, .F. );
#3985 = ORIENTED_EDGE( '', *, *, #5331, .F. );
#3986 = ORIENTED_EDGE( '', *, *, #4571, .F. );
#3987 = ORIENTED_EDGE( '', *, *, #4855, .F. );
#3988 = ORIENTED_EDGE( '', *, *, #4966, .T. );
#3989 = ORIENTED_EDGE( '', *, *, #5130, .T. );
#3990 = ORIENTED_EDGE( '', *, *, #4848, .T. );
#3991 = ORIENTED_EDGE( '', *, *, #4535, .F. );
#3992 = ORIENTED_EDGE( '', *, *, #4573, .T. );
#3993 = ORIENTED_EDGE( '', *, *, #5332, .F. );
#3994 = ORIENTED_EDGE( '', *, *, #5040, .F. );
#3995 = ORIENTED_EDGE( '', *, *, #5128, .F. );
#3996 = ORIENTED_EDGE( '', *, *, #5333, .F. );
#3997 = ORIENTED_EDGE( '', *, *, #5334, .T. );
#3998 = ORIENTED_EDGE( '', *, *, #5229, .F. );
#3999 = ORIENTED_EDGE( '', *, *, #5063, .F. );
#4000 = ORIENTED_EDGE( '', *, *, #5335, .T. );
#4001 = ORIENTED_EDGE( '', *, *, #4617, .T. );
#4002 = ORIENTED_EDGE( '', *, *, #5202, .F. );
#4003 = ORIENTED_EDGE( '', *, *, #5316, .F. );
#4004 = ORIENTED_EDGE( '', *, *, #5226, .T. );
#4005 = ORIENTED_EDGE( '', *, *, #4799, .F. );
#4006 = CARTESIAN_POINT( '', ( 10.1600000000000, 31.6868693548637, -17.4300024000000 ) );
#4007 = DIRECTION( '', ( 1.00000000000000, 1.20024110770287E-016, 0.000000000000000 ) );
#4008 = DIRECTION( '', ( 1.20024110770287E-016, -1.00000000000000, 0.000000000000000 ) );
#4009 = SURFACE_STYLE_FILL_AREA( #5336 );
#4010 = ORIENTED_EDGE( '', *, *, #5337, .F. );
#4011 = ORIENTED_EDGE( '', *, *, #4668, .F. );
#4012 = ORIENTED_EDGE( '', *, *, #4521, .T. );
#4013 = ORIENTED_EDGE( '', *, *, #5338, .F. );
#4014 = ORIENTED_EDGE( '', *, *, #5192, .T. );
#4015 = CARTESIAN_POINT( '', ( 0.200000000000000, 7.07093599974894, -3.64000000000000 ) );
#4016 = DIRECTION( '', ( -0.000000000000000, -1.00000000000000, -0.000000000000000 ) );
#4017 = DIRECTION( '', ( 0.000000000000000, 0.000000000000000, 1.00000000000000 ) );
#4018 = SURFACE_STYLE_FILL_AREA( #5339 );
#4019 = ORIENTED_EDGE( '', *, *, #4529, .F. );
#4020 = ORIENTED_EDGE( '', *, *, #4897, .F. );
#4021 = ORIENTED_EDGE( '', *, *, #5017, .F. );
#4022 = ORIENTED_EDGE( '', *, *, #4752, .F. );
#4023 = CARTESIAN_POINT( '', ( 11.1760024000000, 6.80000000000000, -0.676616000000000 ) );
#4024 = DIRECTION( '', ( 0.000000000000000, 1.00000000000000, 0.000000000000000 ) );
#4025 = DIRECTION( '', ( 0.000000000000000, 0.000000000000000, 1.00000000000000 ) );
#4026 = SURFACE_STYLE_FILL_AREA( #5340 );
#4027 = ORIENTED_EDGE( '', *, *, #5269, .F. );
#4028 = ORIENTED_EDGE( '', *, *, #5341, .F. );
#4029 = ORIENTED_EDGE( '', *, *, #4643, .T. );
#4030 = ORIENTED_EDGE( '', *, *, #4860, .F. );
#4031 = CARTESIAN_POINT( '', ( -1.47302600000000, 25.6000000000012, -3.91229600000000 ) );
#4032 = DIRECTION( '', ( -0.000000000000000, 1.00000000000000, 0.000000000000000 ) );
#4033 = DIRECTION( '', ( 1.00000000000000, 0.000000000000000, 0.000000000000000 ) );
#4034 = SURFACE_STYLE_FILL_AREA( #5342 );
#4035 = ORIENTED_EDGE( '', *, *, #5343, .F. );
#4036 = ORIENTED_EDGE( '', *, *, #5260, .F. );
#4037 = ORIENTED_EDGE( '', *, *, #4834, .F. );
#4038 = ORIENTED_EDGE( '', *, *, #4694, .T. );
#4039 = ORIENTED_EDGE( '', *, *, #5139, .T. );
#4040 = CARTESIAN_POINT( '', ( 9.96000000000000, 7.07093599974894, -3.64000000000000 ) );
#4041 = DIRECTION( '', ( -0.000000000000000, -1.00000000000000, -0.000000000000000 ) );
#4042 = DIRECTION( '', ( 0.000000000000000, 0.000000000000000, 1.00000000000000 ) );
#4043 = SURFACE_STYLE_FILL_AREA( #5344 );
#4044 = ORIENTED_EDGE( '', *, *, #5345, .F. );
#4045 = ORIENTED_EDGE( '', *, *, #5080, .T. );
#4046 = ORIENTED_EDGE( '', *, *, #5271, .T. );
#4047 = ORIENTED_EDGE( '', *, *, #4644, .F. );
#4048 = ORIENTED_EDGE( '', *, *, #5341, .T. );
#4049 = ORIENTED_EDGE( '', *, *, #5268, .F. );
#4050 = CARTESIAN_POINT( '', ( -3.45833035616114, 2.20597423758882, -5.55000000000000 ) );
#4051 = DIRECTION( '', ( 0.000000000000000, 0.000000000000000, 1.00000000000000 ) );
#4052 = DIRECTION( '', ( 1.00000000000000, 0.000000000000000, 0.000000000000000 ) );
#4053 = SURFACE_STYLE_FILL_AREA( #5346 );
#4054 = ORIENTED_EDGE( '', *, *, #4698, .F. );
#4055 = ORIENTED_EDGE( '', *, *, #5293, .T. );
#4056 = ORIENTED_EDGE( '', *, *, #5347, .F. );
#4057 = ORIENTED_EDGE( '', *, *, #5329, .T. );
#4058 = ORIENTED_EDGE( '', *, *, #4846, .F. );
#4059 = ORIENTED_EDGE( '', *, *, #4675, .T. );
#4060 = ORIENTED_EDGE( '', *, *, #4979, .T. );
#4061 = ORIENTED_EDGE( '', *, *, #5348, .F. );
#4062 = ORIENTED_EDGE( '', *, *, #4870, .T. );
#4063 = ORIENTED_EDGE( '', *, *, #5328, .T. );
#4064 = ORIENTED_EDGE( '', *, *, #4977, .F. );
#4065 = ORIENTED_EDGE( '', *, *, #4873, .F. );
#4066 = ORIENTED_EDGE( '', *, *, #5261, .F. );
#4067 = ORIENTED_EDGE( '', *, *, #5343, .T. );
#4068 = ORIENTED_EDGE( '', *, *, #5138, .F. );
#4069 = ORIENTED_EDGE( '', *, *, #5326, .T. );
#4070 = ORIENTED_EDGE( '', *, *, #5239, .T. );
#4071 = ORIENTED_EDGE( '', *, *, #5298, .T. );
#4072 = ORIENTED_EDGE( '', *, *, #4669, .F. );
#4073 = ORIENTED_EDGE( '', *, *, #5337, .T. );
#4074 = ORIENTED_EDGE( '', *, *, #5191, .T. );
#4075 = ORIENTED_EDGE( '', *, *, #4814, .T. );
#4076 = ORIENTED_EDGE( '', *, *, #5161, .F. );
#4077 = ORIENTED_EDGE( '', *, *, #5295, .T. );
#4078 = ORIENTED_EDGE( '', *, *, #5349, .T. );
#4079 = ORIENTED_EDGE( '', *, *, #5350, .T. );
#4080 = ORIENTED_EDGE( '', *, *, #5351, .T. );
#4081 = ORIENTED_EDGE( '', *, *, #4584, .F. );
#4082 = CARTESIAN_POINT( '', ( -44.9247170470067, 0.000000000000000, -15.0510267354763 ) );
#4083 = DIRECTION( '', ( 0.000000000000000, -1.00000000000000, 0.000000000000000 ) );
#4084 = DIRECTION( '', ( 1.00000000000000, 0.000000000000000, 0.000000000000000 ) );
#4085 = SURFACE_STYLE_FILL_AREA( #5352 );
#4086 = ORIENTED_EDGE( '', *, *, #5301, .T. );
#4087 = ORIENTED_EDGE( '', *, *, #5353, .F. );
#4088 = ORIENTED_EDGE( '', *, *, #4806, .F. );
#4089 = ORIENTED_EDGE( '', *, *, #4716, .F. );
#4090 = CARTESIAN_POINT( '', ( 6.09600240000000, 6.80000000000000, -0.676616000000000 ) );
#4091 = DIRECTION( '', ( 0.000000000000000, 1.00000000000000, 0.000000000000000 ) );
#4092 = DIRECTION( '', ( 0.000000000000000, 0.000000000000000, 1.00000000000000 ) );
#4093 = SURFACE_STYLE_FILL_AREA( #5354 );
#4094 = ORIENTED_EDGE( '', *, *, #5097, .F. );
#4095 = ORIENTED_EDGE( '', *, *, #5085, .T. );
#4096 = ORIENTED_EDGE( '', *, *, #4877, .F. );
#4097 = ORIENTED_EDGE( '', *, *, #5310, .T. );
#4098 = CARTESIAN_POINT( '', ( 5.04000240000000, 12.8000000000000, -0.300000000000000 ) );
#4099 = DIRECTION( '', ( 0.000000000000000, -1.00000000000000, 0.000000000000000 ) );
#4100 = DIRECTION( '', ( 0.000000000000000, 0.000000000000000, -1.00000000000000 ) );
#4101 = SURFACE_STYLE_FILL_AREA( #5355 );
#4102 = ORIENTED_EDGE( '', *, *, #5193, .F. );
#4103 = ORIENTED_EDGE( '', *, *, #5338, .T. );
#4104 = ORIENTED_EDGE( '', *, *, #4520, .T. );
#4105 = ORIENTED_EDGE( '', *, *, #5297, .F. );
#4106 = ORIENTED_EDGE( '', *, *, #5356, .T. );
#4107 = ORIENTED_EDGE( '', *, *, #4816, .T. );
#4108 = CARTESIAN_POINT( '', ( 3.33066907387547E-016, -4.40000000000000, -13.8018876112894 ) );
#4109 = DIRECTION( '', ( -0.000000000000000, -0.000000000000000, -1.00000000000000 ) );
#4110 = DIRECTION( '', ( 0.000000000000000, -1.00000000000000, 0.000000000000000 ) );
#4111 = SURFACE_STYLE_FILL_AREA( #5357 );
#4112 = ORIENTED_EDGE( '', *, *, #5290, .F. );
#4113 = ORIENTED_EDGE( '', *, *, #5358, .F. );
#4114 = ORIENTED_EDGE( '', *, *, #4921, .T. );
#4115 = ORIENTED_EDGE( '', *, *, #5149, .T. );
#4116 = CARTESIAN_POINT( '', ( 0.000000000000000, 27.5611360000000, -8.67123083153008 ) );
#4117 = DIRECTION( '', ( 0.000000000000000, -0.438371146789078, -0.898794046299167 ) );
#4118 = DIRECTION( '', ( 0.000000000000000, 0.898794046299167, -0.438371146789078 ) );
#4119 = SURFACE_STYLE_FILL_AREA( #5359 );
#4120 = ORIENTED_EDGE( '', *, *, #5075, .T. );
#4121 = ORIENTED_EDGE( '', *, *, #4735, .T. );
#4122 = ORIENTED_EDGE( '', *, *, #5360, .F. );
#4123 = ORIENTED_EDGE( '', *, *, #5004, .T. );
#4124 = CARTESIAN_POINT( '', ( 4.20000000000000, 15.4000000000000, 1.69940720943896 ) );
#4125 = DIRECTION( '', ( 0.819152044288992, 0.000000000000000, -0.573576436351046 ) );
#4126 = DIRECTION( '', ( 0.573576436351046, 0.000000000000000, 0.819152044288992 ) );
#4127 = SURFACE_STYLE_FILL_AREA( #5361 );
#4128 = ORIENTED_EDGE( '', *, *, #5112, .F. );
#4129 = ORIENTED_EDGE( '', *, *, #4650, .F. );
#4130 = ORIENTED_EDGE( '', *, *, #5047, .T. );
#4131 = ORIENTED_EDGE( '', *, *, #4949, .T. );
#4132 = CARTESIAN_POINT( '', ( 0.000000000000000, -5.20000000000000, -3.24000000000000 ) );
#4133 = DIRECTION( '', ( 0.000000000000000, 0.000000000000000, 1.00000000000000 ) );
#4134 = DIRECTION( '', ( 0.000000000000000, -1.00000000000000, 0.000000000000000 ) );
#4135 = SURFACE_STYLE_FILL_AREA( #5362 );
#4136 = ORIENTED_EDGE( '', *, *, #5305, .T. );
#4137 = ORIENTED_EDGE( '', *, *, #5218, .T. );
#4138 = ORIENTED_EDGE( '', *, *, #5045, .F. );
#4139 = ORIENTED_EDGE( '', *, *, #5177, .T. );
#4140 = ORIENTED_EDGE( '', *, *, #4567, .F. );
#4141 = CARTESIAN_POINT( '', ( 6.09600240000000, 16.0869630000000, 2.45808944099336 ) );
#4142 = DIRECTION( '', ( 0.000000000000000, -0.642787609686539, 0.766044443118978 ) );
#4143 = DIRECTION( '', ( 0.000000000000000, -0.766044443118978, -0.642787609686539 ) );
#4144 = SURFACE_STYLE_FILL_AREA( #5363 );
#4145 = ORIENTED_EDGE( '', *, *, #5303, .F. );
#4146 = ORIENTED_EDGE( '', *, *, #5364, .F. );
#4147 = ORIENTED_EDGE( '', *, *, #5245, .T. );
#4148 = ORIENTED_EDGE( '', *, *, #5365, .F. );
#4149 = CARTESIAN_POINT( '', ( 6.09600240000000, 15.4000000000000, -12.2000000000000 ) );
#4150 = DIRECTION( '', ( 0.000000000000000, 0.000000000000000, -1.00000000000000 ) );
#4151 = DIRECTION( '', ( 0.000000000000000, 1.00000000000000, 0.000000000000000 ) );
#4152 = SURFACE_STYLE_FILL_AREA( #5366 );
#4153 = ORIENTED_EDGE( '', *, *, #5281, .F. );
#4154 = ORIENTED_EDGE( '', *, *, #4907, .T. );
#4155 = ORIENTED_EDGE( '', *, *, #4708, .T. );
#4156 = ORIENTED_EDGE( '', *, *, #5224, .F. );
#4157 = CARTESIAN_POINT( '', ( 0.579997599999980, -2.44407121127492, -12.7197180000000 ) );
#4158 = DIRECTION( '', ( 0.000000000000000, 0.342020143325669, -0.939692620785908 ) );
#4159 = DIRECTION( '', ( 0.000000000000000, -0.939692620785908, -0.342020143325669 ) );
#4160 = SURFACE_STYLE_FILL_AREA( #5367 );
#4161 = ORIENTED_EDGE( '', *, *, #5118, .T. );
#4162 = ORIENTED_EDGE( '', *, *, #5207, .F. );
#4163 = ORIENTED_EDGE( '', *, *, #5368, .F. );
#4164 = ORIENTED_EDGE( '', *, *, #5333, .T. );
#4165 = ORIENTED_EDGE( '', *, *, #5127, .F. );
#4166 = ORIENTED_EDGE( '', *, *, #5306, .T. );
#4167 = ORIENTED_EDGE( '', *, *, #4569, .F. );
#4168 = ORIENTED_EDGE( '', *, *, #5176, .T. );
#4169 = ORIENTED_EDGE( '', *, *, #4928, .T. );
#4170 = ORIENTED_EDGE( '', *, *, #5299, .T. );
#4171 = ORIENTED_EDGE( '', *, *, #4998, .T. );
#4172 = ORIENTED_EDGE( '', *, *, #5325, .T. );
#4173 = CARTESIAN_POINT( '', ( 91.4400000000000, 16.4000000000000, 2.70000000000000 ) );
#4174 = DIRECTION( '', ( 0.000000000000000, 0.000000000000000, 1.00000000000000 ) );
#4175 = DIRECTION( '', ( 0.000000000000000, -1.00000000000000, 0.000000000000000 ) );
#4176 = SURFACE_STYLE_FILL_AREA( #5369 );
#4177 = ORIENTED_EDGE( '', *, *, #4551, .F. );
#4178 = ORIENTED_EDGE( '', *, *, #5312, .T. );
#4179 = ORIENTED_EDGE( '', *, *, #5005, .F. );
#4180 = ORIENTED_EDGE( '', *, *, #5360, .T. );
#4181 = ORIENTED_EDGE( '', *, *, #4734, .F. );
#4182 = ORIENTED_EDGE( '', *, *, #5159, .T. );
#4183 = CARTESIAN_POINT( '', ( 4.20000000000000, 1.86174122228114, -13.9669407616018 ) );
#4184 = DIRECTION( '', ( -1.00000000000000, 0.000000000000000, 0.000000000000000 ) );
#4185 = DIRECTION( '', ( 0.000000000000000, 0.000000000000000, 1.00000000000000 ) );
#4186 = SURFACE_STYLE_FILL_AREA( #5370 );
#4187 = ORIENTED_EDGE( '', *, *, #4593, .F. );
#4188 = ORIENTED_EDGE( '', *, *, #4970, .T. );
#4189 = ORIENTED_EDGE( '', *, *, #4820, .T. );
#4190 = ORIENTED_EDGE( '', *, *, #5371, .F. );
#4191 = ORIENTED_EDGE( '', *, *, #5372, .F. );
#4192 = ORIENTED_EDGE( '', *, *, #5287, .T. );
#4193 = CARTESIAN_POINT( '', ( 1.62166964383884, 2.20597423758882, -6.75000000000000 ) );
#4194 = DIRECTION( '', ( 0.000000000000000, 0.000000000000000, 1.00000000000000 ) );
#4195 = DIRECTION( '', ( 1.00000000000000, 0.000000000000000, 0.000000000000000 ) );
#4196 = SURFACE_STYLE_FILL_AREA( #5373 );
#4197 = ORIENTED_EDGE( '', *, *, #5251, .T. );
#4198 = ORIENTED_EDGE( '', *, *, #5246, .T. );
#4199 = ORIENTED_EDGE( '', *, *, #5364, .T. );
#4200 = ORIENTED_EDGE( '', *, *, #5302, .T. );
#4201 = CARTESIAN_POINT( '', ( 6.09600240000000, 6.80000000000000, -0.676616000000000 ) );
#4202 = DIRECTION( '', ( 0.000000000000000, 1.00000000000000, 0.000000000000000 ) );
#4203 = DIRECTION( '', ( 0.000000000000000, 0.000000000000000, 1.00000000000000 ) );
#4204 = SURFACE_STYLE_FILL_AREA( #5374 );
#4205 = ORIENTED_EDGE( '', *, *, #5199, .F. );
#4206 = ORIENTED_EDGE( '', *, *, #4775, .T. );
#4207 = ORIENTED_EDGE( '', *, *, #4778, .T. );
#4208 = ORIENTED_EDGE( '', *, *, #4557, .T. );
#4209 = CARTESIAN_POINT( '', ( 3.88000000000000, 23.3000000000000, -9.05599943172105 ) );
#4210 = DIRECTION( '', ( -0.000000000000000, -0.000000000000000, -1.00000000000000 ) );
#4211 = DIRECTION( '', ( 0.000000000000000, -1.00000000000000, 0.000000000000000 ) );
#4212 = SURFACE_STYLE_FILL_AREA( #5375 );
#4213 = ORIENTED_EDGE( '', *, *, #5314, .F. );
#4214 = ORIENTED_EDGE( '', *, *, #4990, .T. );
#4215 = ORIENTED_EDGE( '', *, *, #5256, .F. );
#4216 = ORIENTED_EDGE( '', *, *, #4653, .T. );
#4217 = ORIENTED_EDGE( '', *, *, #4942, .F. );
#4218 = CARTESIAN_POINT( '', ( 0.200000000000000, 7.76723869684921, -13.8000000000000 ) );
#4219 = DIRECTION( '', ( -0.000000000000000, -1.00000000000000, -0.000000000000000 ) );
#4220 = DIRECTION( '', ( 0.000000000000000, 0.000000000000000, 1.00000000000000 ) );
#4221 = SURFACE_STYLE_FILL_AREA( #5376 );
#4222 = ORIENTED_EDGE( '', *, *, #5286, .F. );
#4223 = ORIENTED_EDGE( '', *, *, #5372, .T. );
#4224 = ORIENTED_EDGE( '', *, *, #5377, .F. );
#4225 = ORIENTED_EDGE( '', *, *, #4914, .T. );
#4226 = ORIENTED_EDGE( '', *, *, #4683, .T. );
#4227 = ORIENTED_EDGE( '', *, *, #4886, .F. );
#4228 = ORIENTED_EDGE( '', *, *, #4762, .F. );
#4229 = ORIENTED_EDGE( '', *, *, #5057, .F. );
#4230 = CARTESIAN_POINT( '', ( 5.08000000000000, 29.2000000000000, -6.15000000000000 ) );
#4231 = DIRECTION( '', ( -0.000000000000000, -1.00000000000000, -0.000000000000000 ) );
#4232 = DIRECTION( '', ( 0.000000000000000, 0.000000000000000, 1.00000000000000 ) );
#4233 = SURFACE_STYLE_FILL_AREA( #5378 );
#4234 = ORIENTED_EDGE( '', *, *, #4913, .F. );
#4235 = ORIENTED_EDGE( '', *, *, #4963, .F. );
#4236 = ORIENTED_EDGE( '', *, *, #4627, .F. );
#4237 = ORIENTED_EDGE( '', *, *, #4685, .F. );
#4238 = CARTESIAN_POINT( '', ( 0.000000000000000, 16.4000000000000, -13.6000000000000 ) );
#4239 = DIRECTION( '', ( 0.000000000000000, 0.204863154122693, -0.978790625252869 ) );
#4240 = DIRECTION( '', ( 0.000000000000000, -0.978790625252869, -0.204863154122693 ) );
#4241 = SURFACE_STYLE_FILL_AREA( #5379 );
#4242 = ORIENTED_EDGE( '', *, *, #4943, .T. );
#4243 = ORIENTED_EDGE( '', *, *, #4655, .T. );
#4244 = ORIENTED_EDGE( '', *, *, #5257, .F. );
#4245 = ORIENTED_EDGE( '', *, *, #5188, .T. );
#4246 = ORIENTED_EDGE( '', *, *, #4882, .F. );
#4247 = CARTESIAN_POINT( '', ( 0.200000000000000, 7.76723869684921, -14.2000000000000 ) );
#4248 = DIRECTION( '', ( -0.000000000000000, 1.00000000000000, -0.000000000000000 ) );
#4249 = DIRECTION( '', ( 0.000000000000000, 0.000000000000000, -1.00000000000000 ) );
#4250 = SURFACE_STYLE_FILL_AREA( #5380 );
#4251 = ORIENTED_EDGE( '', *, *, #5348, .T. );
#4252 = ORIENTED_EDGE( '', *, *, #4980, .T. );
#4253 = ORIENTED_EDGE( '', *, *, #4785, .F. );
#4254 = ORIENTED_EDGE( '', *, *, #5060, .T. );
#4255 = ORIENTED_EDGE( '', *, *, #4867, .F. );
#4256 = CARTESIAN_POINT( '', ( 9.96000000000000, 7.76723869684921, -13.8000000000000 ) );
#4257 = DIRECTION( '', ( -0.000000000000000, 1.00000000000000, -0.000000000000000 ) );
#4258 = DIRECTION( '', ( 0.000000000000000, 0.000000000000000, -1.00000000000000 ) );
#4259 = SURFACE_STYLE_FILL_AREA( #5381 );
#4260 = ORIENTED_EDGE( '', *, *, #5351, .F. );
#4261 = ORIENTED_EDGE( '', *, *, #5382, .F. );
#4262 = ORIENTED_EDGE( '', *, *, #5274, .T. );
#4263 = ORIENTED_EDGE( '', *, *, #4585, .F. );
#4264 = CARTESIAN_POINT( '', ( 0.600000000000000, 1.00000000000000, 0.140002400000000 ) );
#4265 = DIRECTION( '', ( -1.00000000000000, 0.000000000000000, 0.000000000000000 ) );
#4266 = DIRECTION( '', ( 0.000000000000000, -1.00000000000000, 0.000000000000000 ) );
#4267 = SURFACE_STYLE_FILL_AREA( #5383 );
#4268 = ORIENTED_EDGE( '', *, *, #5384, .F. );
#4269 = ORIENTED_EDGE( '', *, *, #4910, .F. );
#4270 = ORIENTED_EDGE( '', *, *, #4527, .F. );
#4271 = ORIENTED_EDGE( '', *, *, #5236, .T. );
#4272 = ORIENTED_EDGE( '', *, *, #5385, .T. );
#4273 = ORIENTED_EDGE( '', *, *, #5221, .F. );
#4274 = ORIENTED_EDGE( '', *, *, #4706, .T. );
#4275 = ORIENTED_EDGE( '', *, *, #4906, .F. );
#4276 = ORIENTED_EDGE( '', *, *, #5001, .F. );
#4277 = ORIENTED_EDGE( '', *, *, #5386, .F. );
#4278 = ORIENTED_EDGE( '', *, *, #5387, .F. );
#4279 = ORIENTED_EDGE( '', *, *, #4602, .T. );
#4280 = ORIENTED_EDGE( '', *, *, #5020, .F. );
#4281 = ORIENTED_EDGE( '', *, *, #4901, .F. );
#4282 = ORIENTED_EDGE( '', *, *, #4924, .T. );
#4283 = ORIENTED_EDGE( '', *, *, #4630, .T. );
#4284 = CARTESIAN_POINT( '', ( -39.8447170470067, 0.000000000000000, -15.0510267354763 ) );
#4285 = DIRECTION( '', ( 0.000000000000000, -1.00000000000000, 0.000000000000000 ) );
#4286 = DIRECTION( '', ( 1.00000000000000, 0.000000000000000, 0.000000000000000 ) );
#4287 = SURFACE_STYLE_FILL_AREA( #5388 );
#4288 = ORIENTED_EDGE( '', *, *, #5322, .F. );
#4289 = ORIENTED_EDGE( '', *, *, #5024, .T. );
#4290 = ORIENTED_EDGE( '', *, *, #5324, .F. );
#4291 = ORIENTED_EDGE( '', *, *, #5389, .T. );
#4292 = ORIENTED_EDGE( '', *, *, #4796, .F. );
#4293 = ORIENTED_EDGE( '', *, *, #5278, .F. );
#4294 = CARTESIAN_POINT( '', ( 6.08000000000000, 23.3000000000000, -1.50000000000000 ) );
#4295 = DIRECTION( '', ( 0.000000000000000, -1.00000000000000, 0.000000000000000 ) );
#4296 = DIRECTION( '', ( -1.00000000000000, 0.000000000000000, 0.000000000000000 ) );
#4297 = SURFACE_STYLE_FILL_AREA( #5390 );
#4298 = ORIENTED_EDGE( '', *, *, #5349, .F. );
#4299 = ORIENTED_EDGE( '', *, *, #5294, .F. );
#4300 = ORIENTED_EDGE( '', *, *, #4660, .F. );
#4301 = ORIENTED_EDGE( '', *, *, #5391, .T. );
#4302 = CARTESIAN_POINT( '', ( 1.27734121107700, -3.46097004054130, -13.4000000000000 ) );
#4303 = DIRECTION( '', ( 0.000000000000000, 0.000000000000000, -1.00000000000000 ) );
#4304 = DIRECTION( '', ( -1.00000000000000, 0.000000000000000, 0.000000000000000 ) );
#4305 = SURFACE_STYLE_FILL_AREA( #5392 );
#4306 = ORIENTED_EDGE( '', *, *, #5327, .F. );
#4307 = ORIENTED_EDGE( '', *, *, #4837, .F. );
#4308 = ORIENTED_EDGE( '', *, *, #4875, .F. );
#4309 = ORIENTED_EDGE( '', *, *, #4976, .T. );
#4310 = CARTESIAN_POINT( '', ( 14.6600024000000, -3.74213340296080, -4.64782600000000 ) );
#4311 = DIRECTION( '', ( 0.000000000000000, 0.342020143325669, 0.939692620785908 ) );
#4312 = DIRECTION( '', ( 0.000000000000000, -0.939692620785908, 0.342020143325669 ) );
#4313 = SURFACE_STYLE_FILL_AREA( #5393 );
#4314 = ORIENTED_EDGE( '', *, *, #5356, .F. );
#4315 = ORIENTED_EDGE( '', *, *, #5296, .F. );
#4316 = ORIENTED_EDGE( '', *, *, #5162, .T. );
#4317 = ORIENTED_EDGE( '', *, *, #4817, .F. );
#4318 = CARTESIAN_POINT( '', ( 4.50000240000000, -3.74213340296080, -4.64782600000000 ) );
#4319 = DIRECTION( '', ( 0.000000000000000, 0.342020143325669, 0.939692620785908 ) );
#4320 = DIRECTION( '', ( 0.000000000000000, -0.939692620785908, 0.342020143325669 ) );
#4321 = SURFACE_STYLE_FILL_AREA( #5394 );
#4322 = ORIENTED_EDGE( '', *, *, #5395, .F. );
#4323 = ORIENTED_EDGE( '', *, *, #5386, .T. );
#4324 = ORIENTED_EDGE( '', *, *, #5000, .T. );
#4325 = ORIENTED_EDGE( '', *, *, #4830, .T. );
#4326 = ORIENTED_EDGE( '', *, *, #5216, .F. );
#4327 = CARTESIAN_POINT( '', ( 4.88000000000000, 7.07093599974894, -4.04000000000000 ) );
#4328 = DIRECTION( '', ( -0.000000000000000, 1.00000000000000, -0.000000000000000 ) );
#4329 = DIRECTION( '', ( 0.000000000000000, 0.000000000000000, -1.00000000000000 ) );
#4330 = SURFACE_STYLE_FILL_AREA( #5396 );
#4331 = ORIENTED_EDGE( '', *, *, #5307, .T. );
#4332 = ORIENTED_EDGE( '', *, *, #5041, .F. );
#4333 = ORIENTED_EDGE( '', *, *, #5332, .T. );
#4334 = ORIENTED_EDGE( '', *, *, #4572, .F. );
#4335 = ORIENTED_EDGE( '', *, *, #5331, .T. );
#4336 = ORIENTED_EDGE( '', *, *, #5133, .T. );
#4337 = ORIENTED_EDGE( '', *, *, #5291, .T. );
#4338 = ORIENTED_EDGE( '', *, *, #4639, .F. );
#4339 = CARTESIAN_POINT( '', ( -85.5908976906263, 29.3000000000000, -2.89644339075328 ) );
#4340 = DIRECTION( '', ( -0.000000000000000, 1.00000000000000, 0.000000000000000 ) );
#4341 = DIRECTION( '', ( 1.00000000000000, 0.000000000000000, 0.000000000000000 ) );
#4342 = SURFACE_STYLE_FILL_AREA( #5397 );
#4343 = ORIENTED_EDGE( '', *, *, #5385, .F. );
#4344 = ORIENTED_EDGE( '', *, *, #5235, .F. );
#4345 = ORIENTED_EDGE( '', *, *, #5282, .T. );
#4346 = ORIENTED_EDGE( '', *, *, #5222, .F. );
#4347 = CARTESIAN_POINT( '', ( 4.48000000000000, -6.16348200000000, 0.140002400000000 ) );
#4348 = DIRECTION( '', ( 1.00000000000000, 0.000000000000000, 0.000000000000000 ) );
#4349 = DIRECTION( '', ( 0.000000000000000, 1.00000000000000, 0.000000000000000 ) );
#4350 = SURFACE_STYLE_FILL_AREA( #5398 );
#4351 = ORIENTED_EDGE( '', *, *, #5334, .F. );
#4352 = ORIENTED_EDGE( '', *, *, #5368, .T. );
#4353 = ORIENTED_EDGE( '', *, *, #5209, .F. );
#4354 = ORIENTED_EDGE( '', *, *, #5230, .T. );
#4355 = CARTESIAN_POINT( '', ( 5.46698517557820, 15.4000000000000, 3.11466685472233 ) );
#4356 = DIRECTION( '', ( 0.000000000000000, 1.00000000000000, 0.000000000000000 ) );
#4357 = DIRECTION( '', ( 0.000000000000000, 0.000000000000000, 1.00000000000000 ) );
#4358 = SURFACE_STYLE_FILL_AREA( #5399 );
#4359 = ORIENTED_EDGE( '', *, *, #5304, .T. );
#4360 = ORIENTED_EDGE( '', *, *, #5365, .T. );
#4361 = ORIENTED_EDGE( '', *, *, #5244, .F. );
#4362 = ORIENTED_EDGE( '', *, *, #5250, .T. );
#4363 = CARTESIAN_POINT( '', ( 5.04000240000002, 12.8000000000000, -0.300000000000000 ) );
#4364 = DIRECTION( '', ( 0.000000000000000, -1.00000000000000, 0.000000000000000 ) );
#4365 = DIRECTION( '', ( 0.000000000000000, 0.000000000000000, -1.00000000000000 ) );
#4366 = SURFACE_STYLE_FILL_AREA( #5400 );
#4367 = ORIENTED_EDGE( '', *, *, #4546, .F. );
#4368 = ORIENTED_EDGE( '', *, *, #5114, .T. );
#4369 = ORIENTED_EDGE( '', *, *, #5254, .F. );
#4370 = ORIENTED_EDGE( '', *, *, #5145, .F. );
#4371 = CARTESIAN_POINT( '', ( 16.2560024000000, 3.80000000000000, 0.000000000000000 ) );
#4372 = DIRECTION( '', ( 0.000000000000000, 1.00000000000000, 0.000000000000000 ) );
#4373 = DIRECTION( '', ( 0.000000000000000, 0.000000000000000, 1.00000000000000 ) );
#4374 = SURFACE_STYLE_FILL_AREA( #5401 );
#4375 = ORIENTED_EDGE( '', *, *, #4891, .T. );
#4376 = ORIENTED_EDGE( '', *, *, #5088, .T. );
#4377 = ORIENTED_EDGE( '', *, *, #4755, .F. );
#4378 = ORIENTED_EDGE( '', *, *, #4613, .F. );
#4379 = CARTESIAN_POINT( '', ( 2.28000000000000, 12.9000000000000, -1.50000000000000 ) );
#4380 = DIRECTION( '', ( -0.000000000000000, 1.00000000000000, 0.000000000000000 ) );
#4381 = DIRECTION( '', ( 1.00000000000000, 0.000000000000000, 0.000000000000000 ) );
#4382 = SURFACE_STYLE_FILL_AREA( #5402 );
#4383 = ORIENTED_EDGE( '', *, *, #4922, .F. );
#4384 = ORIENTED_EDGE( '', *, *, #5358, .T. );
#4385 = ORIENTED_EDGE( '', *, *, #5289, .F. );
#4386 = ORIENTED_EDGE( '', *, *, #5183, .T. );
#4387 = ORIENTED_EDGE( '', *, *, #5081, .F. );
#4388 = ORIENTED_EDGE( '', *, *, #5345, .T. );
#4389 = ORIENTED_EDGE( '', *, *, #5267, .T. );
#4390 = ORIENTED_EDGE( '', *, *, #4858, .F. );
#4391 = CARTESIAN_POINT( '', ( 1.17453482286828, 24.8000000000012, -6.15000000000000 ) );
#4392 = DIRECTION( '', ( 0.000000000000000, -1.00000000000000, 0.000000000000000 ) );
#4393 = DIRECTION( '', ( -1.00000000000000, 0.000000000000000, 0.000000000000000 ) );
#4394 = SURFACE_STYLE_FILL_AREA( #5403 );
#4395 = ORIENTED_EDGE( '', *, *, #4748, .F. );
#4396 = ORIENTED_EDGE( '', *, *, #4898, .F. );
#4397 = ORIENTED_EDGE( '', *, *, #4532, .F. );
#4398 = ORIENTED_EDGE( '', *, *, #4561, .T. );
#4399 = CARTESIAN_POINT( '', ( 0.386985175578199, 4.80000000000000, 3.11466685472233 ) );
#4400 = DIRECTION( '', ( 0.000000000000000, 1.00000000000000, 0.000000000000000 ) );
#4401 = DIRECTION( '', ( 0.000000000000000, 0.000000000000000, 1.00000000000000 ) );
#4402 = SURFACE_STYLE_FILL_AREA( #5404 );
#4403 = ORIENTED_EDGE( '', *, *, #5384, .T. );
#4404 = ORIENTED_EDGE( '', *, *, #4629, .F. );
#4405 = ORIENTED_EDGE( '', *, *, #4962, .T. );
#4406 = ORIENTED_EDGE( '', *, *, #4911, .F. );
#4407 = CARTESIAN_POINT( '', ( 15.2400000000000, 16.4000000000000, -15.6000000000000 ) );
#4408 = DIRECTION( '', ( 0.000000000000000, 0.000000000000000, -1.00000000000000 ) );
#4409 = DIRECTION( '', ( 0.000000000000000, 1.00000000000000, 0.000000000000000 ) );
#4410 = SURFACE_STYLE_FILL_AREA( #5405 );
#4411 = ORIENTED_EDGE( '', *, *, #4969, .F. );
#4412 = ORIENTED_EDGE( '', *, *, #4916, .T. );
#4413 = ORIENTED_EDGE( '', *, *, #5406, .T. );
#4414 = ORIENTED_EDGE( '', *, *, #4822, .F. );
#4415 = CARTESIAN_POINT( '', ( 5.08000000000000, 27.5611360000000, -8.67123083153008 ) );
#4416 = DIRECTION( '', ( 0.000000000000000, -0.438371146789078, -0.898794046299167 ) );
#4417 = DIRECTION( '', ( 0.000000000000000, 0.898794046299167, -0.438371146789078 ) );
#4418 = SURFACE_STYLE_FILL_AREA( #5407 );
#4419 = ORIENTED_EDGE( '', *, *, #5168, .T. );
#4420 = ORIENTED_EDGE( '', *, *, #4618, .T. );
#4421 = ORIENTED_EDGE( '', *, *, #5335, .F. );
#4422 = ORIENTED_EDGE( '', *, *, #5062, .T. );
#4423 = CARTESIAN_POINT( '', ( -2.77500000000000, 9.80000000000000, -1.45000000000000 ) );
#4424 = DIRECTION( '', ( 0.000000000000000, 0.000000000000000, 1.00000000000000 ) );
#4425 = DIRECTION( '', ( 1.00000000000000, 0.000000000000000, 0.000000000000000 ) );
#4426 = SURFACE_STYLE_FILL_AREA( #5408 );
#4427 = ORIENTED_EDGE( '', *, *, #5389, .F. );
#4428 = ORIENTED_EDGE( '', *, *, #5323, .F. );
#4429 = ORIENTED_EDGE( '', *, *, #4596, .T. );
#4430 = ORIENTED_EDGE( '', *, *, #4797, .T. );
#4431 = CARTESIAN_POINT( '', ( 0.000000000000000, 23.3000000000000, -10.6000000000000 ) );
#4432 = DIRECTION( '', ( 1.00000000000000, -0.000000000000000, -0.000000000000000 ) );
#4433 = DIRECTION( '', ( 0.000000000000000, 0.000000000000000, 1.00000000000000 ) );
#4434 = SURFACE_STYLE_FILL_AREA( #5409 );
#4435 = ORIENTED_EDGE( '', *, *, #4702, .F. );
#4436 = ORIENTED_EDGE( '', *, *, #5181, .T. );
#4437 = ORIENTED_EDGE( '', *, *, #5318, .F. );
#4438 = ORIENTED_EDGE( '', *, *, #5102, .T. );
#4439 = ORIENTED_EDGE( '', *, *, #5410, .T. );
#4440 = ORIENTED_EDGE( '', *, *, #5106, .F. );
#4441 = ORIENTED_EDGE( '', *, *, #5012, .F. );
#4442 = ORIENTED_EDGE( '', *, *, #5411, .F. );
#4443 = CARTESIAN_POINT( '', ( 0.000000000000000, 29.2000000000000, -6.15000000000000 ) );
#4444 = DIRECTION( '', ( -0.000000000000000, -1.00000000000000, -0.000000000000000 ) );
#4445 = DIRECTION( '', ( 0.000000000000000, 0.000000000000000, 1.00000000000000 ) );
#4446 = SURFACE_STYLE_FILL_AREA( #5412 );
#4447 = ORIENTED_EDGE( '', *, *, #4889, .F. );
#4448 = ORIENTED_EDGE( '', *, *, #5265, .F. );
#4449 = ORIENTED_EDGE( '', *, *, #4750, .T. );
#4450 = ORIENTED_EDGE( '', *, *, #5089, .F. );
#4451 = CARTESIAN_POINT( '', ( 10.1200024000000, 12.8000000000000, -0.300000000000000 ) );
#4452 = DIRECTION( '', ( 0.000000000000000, -1.00000000000000, 0.000000000000000 ) );
#4453 = DIRECTION( '', ( 0.000000000000000, 0.000000000000000, -1.00000000000000 ) );
#4454 = SURFACE_STYLE_FILL_AREA( #5413 );
#4455 = ORIENTED_EDGE( '', *, *, #5300, .T. );
#4456 = ORIENTED_EDGE( '', *, *, #4930, .T. );
#4457 = ORIENTED_EDGE( '', *, *, #5178, .T. );
#4458 = ORIENTED_EDGE( '', *, *, #5043, .F. );
#4459 = ORIENTED_EDGE( '', *, *, #5353, .T. );
#4460 = CARTESIAN_POINT( '', ( 6.09600240000000, 6.80000000000000, -0.300000000000000 ) );
#4461 = DIRECTION( '', ( 0.000000000000000, 0.707106781186548, 0.707106781186547 ) );
#4462 = DIRECTION( '', ( 0.000000000000000, -0.707106781186547, 0.707106781186548 ) );
#4463 = SURFACE_STYLE_FILL_AREA( #5414 );
#4464 = ORIENTED_EDGE( '', *, *, #5391, .F. );
#4465 = ORIENTED_EDGE( '', *, *, #4659, .T. );
#4466 = ORIENTED_EDGE( '', *, *, #5275, .F. );
#4467 = ORIENTED_EDGE( '', *, *, #5382, .T. );
#4468 = ORIENTED_EDGE( '', *, *, #5350, .F. );
#4469 = CARTESIAN_POINT( '', ( 0.200000000000000, 7.76723869684921, -13.8000000000000 ) );
#4470 = DIRECTION( '', ( -0.000000000000000, -1.00000000000000, -0.000000000000000 ) );
#4471 = DIRECTION( '', ( 0.000000000000000, 0.000000000000000, 1.00000000000000 ) );
#4472 = SURFACE_STYLE_FILL_AREA( #5415 );
#4473 = ORIENTED_EDGE( '', *, *, #5410, .F. );
#4474 = ORIENTED_EDGE( '', *, *, #5101, .F. );
#4475 = ORIENTED_EDGE( '', *, *, #4544, .F. );
#4476 = ORIENTED_EDGE( '', *, *, #5144, .F. );
#4477 = ORIENTED_EDGE( '', *, *, #4841, .T. );
#4478 = ORIENTED_EDGE( '', *, *, #5107, .F. );
#4479 = CARTESIAN_POINT( '', ( -95.7508976906263, 29.3000000000000, -2.89644339075328 ) );
#4480 = DIRECTION( '', ( -0.000000000000000, 1.00000000000000, 0.000000000000000 ) );
#4481 = DIRECTION( '', ( 1.00000000000000, 0.000000000000000, 0.000000000000000 ) );
#4482 = SURFACE_STYLE_FILL_AREA( #5416 );
#4483 = ORIENTED_EDGE( '', *, *, #5377, .T. );
#4484 = ORIENTED_EDGE( '', *, *, #5371, .T. );
#4485 = ORIENTED_EDGE( '', *, *, #4823, .F. );
#4486 = ORIENTED_EDGE( '', *, *, #5406, .F. );
#4487 = ORIENTED_EDGE( '', *, *, #4915, .F. );
#4488 = CARTESIAN_POINT( '', ( 0.966158203352920, 26.8000000000012, -10.0902740315453 ) );
#4489 = DIRECTION( '', ( 0.000000000000000, 1.00000000000000, 0.000000000000000 ) );
#4490 = DIRECTION( '', ( 0.000000000000000, 0.000000000000000, 1.00000000000000 ) );
#4491 = SURFACE_STYLE_FILL_AREA( #5417 );
#4492 = ORIENTED_EDGE( '', *, *, #5292, .T. );
#4493 = ORIENTED_EDGE( '', *, *, #5213, .T. );
#4494 = ORIENTED_EDGE( '', *, *, #5330, .T. );
#4495 = ORIENTED_EDGE( '', *, *, #5347, .T. );
#4496 = CARTESIAN_POINT( '', ( 10.1600000000000, 16.4000000000000, -15.6000000000000 ) );
#4497 = DIRECTION( '', ( 0.000000000000000, 0.000000000000000, -1.00000000000000 ) );
#4498 = DIRECTION( '', ( 0.000000000000000, 1.00000000000000, 0.000000000000000 ) );
#4499 = SURFACE_STYLE_FILL_AREA( #5418 );
#4500 = ORIENTED_EDGE( '', *, *, #5395, .T. );
#4501 = ORIENTED_EDGE( '', *, *, #5215, .T. );
#4502 = ORIENTED_EDGE( '', *, *, #4603, .T. );
#4503 = ORIENTED_EDGE( '', *, *, #5387, .T. );
#4504 = CARTESIAN_POINT( '', ( 4.48000000000000, -4.16904566318510, -3.84063064193088 ) );
#4505 = DIRECTION( '', ( -1.00000000000000, 0.000000000000000, 0.000000000000000 ) );
#4506 = DIRECTION( '', ( 0.000000000000000, 0.000000000000000, 1.00000000000000 ) );
#4507 = SURFACE_STYLE_FILL_AREA( #5419 );
#4508 = ORIENTED_EDGE( '', *, *, #5320, .F. );
#4509 = ORIENTED_EDGE( '', *, *, #5173, .T. );
#4510 = ORIENTED_EDGE( '', *, *, #4722, .T. );
#4511 = ORIENTED_EDGE( '', *, *, #4703, .T. );
#4512 = ORIENTED_EDGE( '', *, *, #5411, .T. );
#4513 = ORIENTED_EDGE( '', *, *, #5011, .F. );
#4514 = CARTESIAN_POINT( '', ( -3.45833035616114, 2.20597423758882, -6.75000000000000 ) );
#4515 = DIRECTION( '', ( 0.000000000000000, 0.000000000000000, 1.00000000000000 ) );
#4516 = DIRECTION( '', ( 1.00000000000000, 0.000000000000000, 0.000000000000000 ) );
#4518 = FILL_AREA_STYLE( '', ( #5420 ) );
#4519 = EDGE_CURVE( '', #5421, #5422, #5423, .T. );
#4520 = EDGE_CURVE( '', #5424, #5421, #5425, .T. );
#4521 = EDGE_CURVE( '', #5426, #5424, #5427, .T. );
#4522 = EDGE_CURVE( '', #5426, #5422, #5428, .T. );
#4523 = FILL_AREA_STYLE( '', ( #5429 ) );
#4524 = EDGE_CURVE( '', #5430, #5431, #5432, .T. );
#4525 = EDGE_CURVE( '', #5430, #5433, #5434, .T. );
#4526 = EDGE_CURVE( '', #5433, #5435, #5436, .T. );
#4527 = EDGE_CURVE( '', #5435, #5431, #5437, .T. );
#4528 = FILL_AREA_STYLE( '', ( #5438 ) );
#4529 = EDGE_CURVE( '', #5439, #5440, #5441, .T. );
#4530 = EDGE_CURVE( '', #5442, #5440, #5443, .T. );
#4531 = EDGE_CURVE( '', #5444, #5442, #5445, .T. );
#4532 = EDGE_CURVE( '', #5444, #5446, #5447, .T. );
#4533 = EDGE_CURVE( '', #5439, #5446, #5448, .T. );
#4534 = FILL_AREA_STYLE( '', ( #5449 ) );
#4535 = EDGE_CURVE( '', #5450, #5451, #5452, .T. );
#4536 = EDGE_CURVE( '', #5453, #5451, #5454, .T. );
#4537 = EDGE_CURVE( '', #5455, #5453, #5456, .T. );
#4538 = EDGE_CURVE( '', #5457, #5455, #5458, .T. );
#4539 = EDGE_CURVE( '', #5457, #5450, #5459, .T. );
#4540 = FILL_AREA_STYLE( '', ( #5460 ) );
#4541 = EDGE_CURVE( '', #5461, #5462, #5463, .T. );
#4542 = EDGE_CURVE( '', #5461, #5464, #5465, .T. );
#4543 = EDGE_CURVE( '', #5466, #5464, #5467, .T. );
#4544 = EDGE_CURVE( '', #5466, #5462, #5468, .T. );
#4545 = FILL_AREA_STYLE( '', ( #5469 ) );
#4546 = EDGE_CURVE( '', #5470, #5471, #5472, .T. );
#4547 = EDGE_CURVE( '', #5473, #5471, #5474, .T. );
#4548 = EDGE_CURVE( '', #5475, #5473, #5476, .T. );
#4549 = EDGE_CURVE( '', #5477, #5475, #5478, .T. );
#4550 = EDGE_CURVE( '', #5479, #5477, #5480, .T. );
#4551 = EDGE_CURVE( '', #5479, #5481, #5482, .T. );
#4552 = EDGE_CURVE( '', #5481, #5483, #5484, .T. );
#4553 = EDGE_CURVE( '', #5470, #5483, #5485, .T. );
#4554 = FILL_AREA_STYLE( '', ( #5486 ) );
#4555 = EDGE_CURVE( '', #5487, #5488, #5489, .T. );
#4556 = EDGE_CURVE( '', #5490, #5488, #5491, .T. );
#4557 = EDGE_CURVE( '', #5492, #5490, #5493, .T. );
#4558 = EDGE_CURVE( '', #5492, #5487, #5494, .T. );
#4559 = FILL_AREA_STYLE( '', ( #5495 ) );
#4560 = EDGE_CURVE( '', #5496, #5497, #5498, .T. );
#4561 = EDGE_CURVE( '', #5444, #5497, #5499, .T. );
#4562 = EDGE_CURVE( '', #5500, #5442, #5501, .T. );
#4563 = EDGE_CURVE( '', #5500, #5502, #5503, .T. );
#4564 = EDGE_CURVE( '', #5502, #5496, #5504, .T. );
#4565 = FILL_AREA_STYLE( '', ( #5505 ) );
#4566 = EDGE_CURVE( '', #5506, #5507, #5508, .T. );
#4567 = EDGE_CURVE( '', #5506, #5509, #5510, .T. );
#4568 = EDGE_CURVE( '', #5511, #5509, #5512, .T. );
#4569 = EDGE_CURVE( '', #5511, #5507, #5513, .T. );
#4570 = FILL_AREA_STYLE( '', ( #5514 ) );
#4571 = EDGE_CURVE( '', #5515, #5516, #5517, .T. );
#4572 = EDGE_CURVE( '', #5516, #5518, #5519, .T. );
#4573 = EDGE_CURVE( '', #5450, #5518, #5520, .T. );
#4574 = EDGE_CURVE( '', #5521, #5457, #5522, .T. );
#4575 = EDGE_CURVE( '', #5523, #5521, #5524, .T. );
#4576 = EDGE_CURVE( '', #5523, #5525, #5526, .T. );
#4577 = EDGE_CURVE( '', #5515, #5525, #5527, .T. );
#4578 = FILL_AREA_STYLE( '', ( #5528 ) );
#4579 = EDGE_CURVE( '', #5529, #5530, #5531, .T. );
#4580 = EDGE_CURVE( '', #5530, #5532, #5533, .T. );
#4581 = EDGE_CURVE( '', #5532, #5534, #5535, .T. );
#4582 = EDGE_CURVE( '', #5534, #5529, #5536, .T. );
#4583 = FILL_AREA_STYLE( '', ( #5537 ) );
#4584 = EDGE_CURVE( '', #5538, #5539, #5540, .T. );
#4585 = EDGE_CURVE( '', #5539, #5541, #5542, .T. );
#4586 = EDGE_CURVE( '', #5543, #5541, #5544, .T. );
#4587 = EDGE_CURVE( '', #5543, #5545, #5546, .T. );
#4588 = EDGE_CURVE( '', #5538, #5545, #5547, .T. );
#4589 = FILL_AREA_STYLE( '', ( #5548 ) );
#4590 = EDGE_CURVE( '', #5549, #5550, #5551, .T. );
#4591 = EDGE_CURVE( '', #5552, #5550, #5553, .T. );
#4592 = EDGE_CURVE( '', #5552, #5554, #5555, .T. );
#4593 = EDGE_CURVE( '', #5554, #5549, #5556, .T. );
#4594 = FILL_AREA_STYLE( '', ( #5557 ) );
#4595 = EDGE_CURVE( '', #5558, #5559, #5560, .T. );
#4596 = EDGE_CURVE( '', #5561, #5559, #5562, .T. );
#4597 = EDGE_CURVE( '', #5561, #5563, #5564, .T. );
#4598 = EDGE_CURVE( '', #5565, #5563, #5566, .T. );
#4599 = EDGE_CURVE( '', #5565, #5567, #5568, .T. );
#4600 = EDGE_CURVE( '', #5567, #5558, #5569, .T. );
#4601 = FILL_AREA_STYLE( '', ( #5570 ) );
#4602 = EDGE_CURVE( '', #5571, #5572, #5573, .T. );
#4603 = EDGE_CURVE( '', #5574, #5571, #5575, .T. );
#4604 = EDGE_CURVE( '', #5576, #5574, #5577, .T. );
#4605 = EDGE_CURVE( '', #5576, #5578, #5579, .T. );
#4606 = EDGE_CURVE( '', #5578, #5572, #5580, .T. );
#4607 = FILL_AREA_STYLE( '', ( #5581 ) );
#4608 = EDGE_CURVE( '', #5582, #5583, #5584, .T. );
#4609 = EDGE_CURVE( '', #5585, #5582, #5586, .T. );
#4610 = EDGE_CURVE( '', #5585, #5587, #5588, .T. );
#4611 = EDGE_CURVE( '', #5589, #5587, #5590, .T. );
#4612 = EDGE_CURVE( '', #5591, #5589, #5592, .T. );
#4613 = EDGE_CURVE( '', #5591, #5593, #5594, .T. );
#4614 = EDGE_CURVE( '', #5593, #5595, #5596, .T. );
#4615 = EDGE_CURVE( '', #5583, #5595, #5597, .T. );
#4616 = FILL_AREA_STYLE( '', ( #5598 ) );
#4617 = EDGE_CURVE( '', #5599, #5600, #5601, .T. );
#4618 = EDGE_CURVE( '', #5602, #5599, #5603, .T. );
#4619 = EDGE_CURVE( '', #5604, #5602, #5605, .T. );
#4620 = EDGE_CURVE( '', #5604, #5600, #5606, .T. );
#4621 = FILL_AREA_STYLE( '', ( #5607 ) );
#4622 = EDGE_CURVE( '', #5608, #5609, #5610, .T. );
#4623 = EDGE_CURVE( '', #5611, #5608, #5612, .T. );
#4624 = EDGE_CURVE( '', #5611, #5613, #5614, .T. );
#4625 = EDGE_CURVE( '', #5613, #5615, #5616, .T. );
#4626 = EDGE_CURVE( '', #5615, #5617, #5618, .T. );
#4627 = EDGE_CURVE( '', #5617, #5619, #5620, .T. );
#4628 = EDGE_CURVE( '', #5621, #5619, #5622, .T. );
#4629 = EDGE_CURVE( '', #5621, #5623, #5624, .T. );
#4630 = EDGE_CURVE( '', #5625, #5623, #5626, .T. );
#4631 = EDGE_CURVE( '', #5609, #5625, #5627, .T. );
#4632 = FILL_AREA_STYLE( '', ( #5628 ) );
#4633 = EDGE_CURVE( '', #5629, #5630, #5631, .T. );
#4634 = EDGE_CURVE( '', #5632, #5630, #5633, .T. );
#4635 = EDGE_CURVE( '', #5634, #5632, #5635, .T. );
#4636 = EDGE_CURVE( '', #5629, #5634, #5636, .T. );
#4637 = FILL_AREA_STYLE( '', ( #5637 ) );
#4638 = EDGE_CURVE( '', #5638, #5639, #5640, .T. );
#4639 = EDGE_CURVE( '', #5639, #5641, #5642, .T. );
#4640 = EDGE_CURVE( '', #5643, #5641, #5644, .T. );
#4641 = EDGE_CURVE( '', #5645, #5643, #5646, .T. );
#4642 = EDGE_CURVE( '', #5647, #5645, #5648, .T. );
#4643 = EDGE_CURVE( '', #5649, #5647, #5650, .T. );
#4644 = EDGE_CURVE( '', #5649, #5651, #5652, .T. );
#4645 = EDGE_CURVE( '', #5638, #5651, #5653, .T. );
#4646 = FILL_AREA_STYLE( '', ( #5654 ) );
#4647 = EDGE_CURVE( '', #5655, #5656, #5657, .T. );
#4648 = EDGE_CURVE( '', #5658, #5656, #5659, .T. );
#4649 = EDGE_CURVE( '', #5660, #5658, #5661, .T. );
#4650 = EDGE_CURVE( '', #5660, #5655, #5662, .T. );
#4651 = FILL_AREA_STYLE( '', ( #5663 ) );
#4652 = EDGE_CURVE( '', #5664, #5665, #5666, .T. );
#4653 = EDGE_CURVE( '', #5667, #5664, #5668, .T. );
#4654 = EDGE_CURVE( '', #5667, #5669, #5670, .T. );
#4655 = EDGE_CURVE( '', #5665, #5669, #5671, .T. );
#4656 = FILL_AREA_STYLE( '', ( #5672 ) );
#4657 = EDGE_CURVE( '', #5673, #5674, #5675, .T. );
#4658 = EDGE_CURVE( '', #5676, #5673, #5677, .T. );
#4659 = EDGE_CURVE( '', #5678, #5676, #5679, .T. );
#4660 = EDGE_CURVE( '', #5678, #5674, #5680, .T. );
#4661 = FILL_AREA_STYLE( '', ( #5681 ) );
#4662 = EDGE_CURVE( '', #5682, #5455, #5683, .T. );
#4663 = EDGE_CURVE( '', #5684, #5682, #5685, .T. );
#4664 = EDGE_CURVE( '', #5684, #5686, #5687, .T. );
#4665 = EDGE_CURVE( '', #5686, #5521, #5688, .T. );
#4666 = FILL_AREA_STYLE( '', ( #5689 ) );
#4667 = EDGE_CURVE( '', #5690, #5422, #5691, .T. );
#4668 = EDGE_CURVE( '', #5426, #5692, #5693, .T. );
#4669 = EDGE_CURVE( '', #5692, #5690, #5694, .T. );
#4670 = FILL_AREA_STYLE( '', ( #5695 ) );
#4671 = EDGE_CURVE( '', #5696, #5697, #5698, .T. );
#4672 = EDGE_CURVE( '', #5696, #5699, #5700, .T. );
#4673 = EDGE_CURVE( '', #5701, #5699, #5702, .T. );
#4674 = EDGE_CURVE( '', #5701, #5703, #5704, .T. );
#4675 = EDGE_CURVE( '', #5697, #5703, #5705, .T. );
#4676 = FILL_AREA_STYLE( '', ( #5706 ) );
#4677 = EDGE_CURVE( '', #5707, #5632, #5708, .T. );
#4678 = EDGE_CURVE( '', #5709, #5707, #5710, .T. );
#4679 = EDGE_CURVE( '', #5709, #5634, #5711, .T. );
#4680 = FILL_AREA_STYLE( '', ( #5712 ) );
#4681 = EDGE_CURVE( '', #5713, #5615, #5714, .T. );
#4682 = EDGE_CURVE( '', #5715, #5713, #5716, .T. );
#4683 = EDGE_CURVE( '', #5717, #5715, #5718, .T. );
#4684 = EDGE_CURVE( '', #5719, #5717, #5720, .T. );
#4685 = EDGE_CURVE( '', #5719, #5617, #5721, .T. );
#4686 = FILL_AREA_STYLE( '', ( #5722 ) );
#4687 = EDGE_CURVE( '', #5723, #5496, #5724, .T. );
#4688 = EDGE_CURVE( '', #5502, #5725, #5726, .T. );
#4689 = EDGE_CURVE( '', #5725, #5723, #5727, .T. );
#4690 = FILL_AREA_STYLE( '', ( #5728 ) );
#4691 = EDGE_CURVE( '', #5729, #5730, #5731, .T. );
#4692 = EDGE_CURVE( '', #5732, #5729, #5733, .T. );
#4693 = EDGE_CURVE( '', #5732, #5734, #5735, .T. );
#4694 = EDGE_CURVE( '', #5730, #5734, #5736, .T. );
#4695 = FILL_AREA_STYLE( '', ( #5737 ) );
#4696 = EDGE_CURVE( '', #5545, #5738, #5739, .T. );
#4697 = EDGE_CURVE( '', #5738, #5740, #5741, .T. );
#4698 = EDGE_CURVE( '', #5740, #5538, #5742, .T. );
#4699 = FILL_AREA_STYLE( '', ( #5743 ) );
#4700 = EDGE_CURVE( '', #5744, #5745, #5746, .T. );
#4701 = EDGE_CURVE( '', #5747, #5744, #5748, .T. );
#4702 = EDGE_CURVE( '', #5747, #5749, #5750, .T. );
#4703 = EDGE_CURVE( '', #5745, #5749, #5751, .T. );
#4704 = FILL_AREA_STYLE( '', ( #5752 ) );
#4705 = EDGE_CURVE( '', #5753, #5754, #5755, .T. );
#4706 = EDGE_CURVE( '', #5756, #5754, #5757, .T. );
#4707 = EDGE_CURVE( '', #5756, #5758, #5759, .T. );
#4708 = EDGE_CURVE( '', #5753, #5758, #5760, .T. );
#4709 = FILL_AREA_STYLE( '', ( #5761 ) );
#4710 = EDGE_CURVE( '', #5762, #5763, #5764, .T. );
#4711 = EDGE_CURVE( '', #5763, #5765, #5766, .T. );
#4712 = EDGE_CURVE( '', #5767, #5765, #5768, .T. );
#4713 = EDGE_CURVE( '', #5762, #5767, #5769, .T. );
#4714 = FILL_AREA_STYLE( '', ( #5770 ) );
#4715 = EDGE_CURVE( '', #5771, #5772, #5773, .T. );
#4716 = EDGE_CURVE( '', #5771, #5774, #5775, .T. );
#4717 = EDGE_CURVE( '', #5774, #5776, #5777, .T. );
#4718 = EDGE_CURVE( '', #5776, #5772, #5778, .T. );
#4719 = FILL_AREA_STYLE( '', ( #5779 ) );
#4720 = EDGE_CURVE( '', #5780, #5781, #5782, .T. );
#4721 = EDGE_CURVE( '', #5780, #5744, #5783, .T. );
#4722 = EDGE_CURVE( '', #5781, #5745, #5784, .T. );
#4723 = FILL_AREA_STYLE( '', ( #5785 ) );
#4724 = EDGE_CURVE( '', #5786, #5787, #5788, .T. );
#4725 = EDGE_CURVE( '', #5787, #5789, #5790, .T. );
#4726 = EDGE_CURVE( '', #5789, #5791, #5792, .T. );
#4727 = EDGE_CURVE( '', #5786, #5791, #5793, .T. );
#4728 = FILL_AREA_STYLE( '', ( #5794 ) );
#4729 = EDGE_CURVE( '', #5795, #5796, #5797, .T. );
#4730 = EDGE_CURVE( '', #5795, #5798, #5799, .T. );
#4731 = EDGE_CURVE( '', #5798, #5800, #5801, .T. );
#4732 = EDGE_CURVE( '', #5796, #5800, #5802, .T. );
#4733 = FILL_AREA_STYLE( '', ( #5803 ) );
#4734 = EDGE_CURVE( '', #5804, #5805, #5806, .T. );
#4735 = EDGE_CURVE( '', #5630, #5805, #5807, .T. );
#4736 = EDGE_CURVE( '', #5808, #5629, #5809, .T. );
#4737 = EDGE_CURVE( '', #5808, #5804, #5810, .T. );
#4738 = FILL_AREA_STYLE( '', ( #5811 ) );
#4739 = EDGE_CURVE( '', #5812, #5813, #5814, .T. );
#4740 = EDGE_CURVE( '', #5815, #5812, #5816, .T. );
#4741 = EDGE_CURVE( '', #5817, #5815, #5818, .T. );
#4742 = EDGE_CURVE( '', #5817, #5813, #5819, .T. );
#4743 = FILL_AREA_STYLE( '', ( #5820 ) );
#4744 = EDGE_CURVE( '', #5821, #5723, #5822, .T. );
#4745 = EDGE_CURVE( '', #5611, #5821, #5823, .T. );
#4746 = EDGE_CURVE( '', #5608, #5824, #5825, .T. );
#4747 = EDGE_CURVE( '', #5826, #5824, #5827, .T. );
#4748 = EDGE_CURVE( '', #5826, #5497, #5828, .T. );
#4749 = FILL_AREA_STYLE( '', ( #5829 ) );
#4750 = EDGE_CURVE( '', #5830, #5831, #5832, .T. );
#4751 = EDGE_CURVE( '', #5440, #5830, #5833, .T. );
#4752 = EDGE_CURVE( '', #5440, #5834, #5835, .T. );
#4753 = EDGE_CURVE( '', #5836, #5834, #5837, .T. );
#4754 = EDGE_CURVE( '', #5595, #5836, #5838, .T. );
#4755 = EDGE_CURVE( '', #5593, #5839, #5840, .T. );
#4756 = EDGE_CURVE( '', #5839, #5831, #5841, .T. );
#4757 = FILL_AREA_STYLE( '', ( #5842 ) );
#4758 = EDGE_CURVE( '', #5843, #5844, #5845, .T. );
#4759 = EDGE_CURVE( '', #5846, #5843, #5847, .T. );
#4760 = EDGE_CURVE( '', #5848, #5846, #5849, .T. );
#4761 = EDGE_CURVE( '', #5850, #5848, #5851, .T. );
#4762 = EDGE_CURVE( '', #5850, #5844, #5852, .T. );
#4763 = FILL_AREA_STYLE( '', ( #5853 ) );
#4764 = EDGE_CURVE( '', #5854, #5686, #5855, .T. );
#4765 = EDGE_CURVE( '', #5684, #5856, #5857, .T. );
#4766 = EDGE_CURVE( '', #5856, #5854, #5858, .T. );
#4767 = FILL_AREA_STYLE( '', ( #5859 ) );
#4768 = EDGE_CURVE( '', #5860, #5861, #5862, .T. );
#4769 = EDGE_CURVE( '', #5863, #5860, #5864, .T. );
#4770 = EDGE_CURVE( '', #5865, #5863, #5866, .T. );
#4771 = EDGE_CURVE( '', #5865, #5861, #5867, .T. );
#4772 = FILL_AREA_STYLE( '', ( #5868 ) );
#4773 = EDGE_CURVE( '', #5869, #5870, #5871, .T. );
#4774 = EDGE_CURVE( '', #5872, #5870, #5873, .T. );
#4775 = EDGE_CURVE( '', #5874, #5872, #5875, .T. );
#4776 = EDGE_CURVE( '', #5874, #5869, #5876, .T. );
#4777 = FILL_AREA_STYLE( '', ( #5877 ) );
#4778 = EDGE_CURVE( '', #5872, #5492, #5878, .T. );
#4779 = EDGE_CURVE( '', #5870, #5879, #5880, .T. );
#4780 = EDGE_CURVE( '', #5879, #5881, #5882, .T. );
#4781 = EDGE_CURVE( '', #5881, #5487, #5883, .T. );
#4782 = FILL_AREA_STYLE( '', ( #5884 ) );
#4783 = EDGE_CURVE( '', #5885, #5886, #5887, .T. );
#4784 = EDGE_CURVE( '', #5886, #5888, #5889, .T. );
#4785 = EDGE_CURVE( '', #5888, #5890, #5891, .T. );
#4786 = EDGE_CURVE( '', #5701, #5890, #5892, .T. );
#4787 = EDGE_CURVE( '', #5699, #5885, #5893, .T. );
#4788 = FILL_AREA_STYLE( '', ( #5894 ) );
#4789 = EDGE_CURVE( '', #5895, #5896, #5897, .T. );
#4790 = EDGE_CURVE( '', #5898, #5895, #5899, .T. );
#4791 = EDGE_CURVE( '', #5900, #5898, #5901, .T. );
#4792 = EDGE_CURVE( '', #5900, #5902, #5903, .T. );
#4793 = EDGE_CURVE( '', #5902, #5896, #5904, .T. );
#4794 = FILL_AREA_STYLE( '', ( #5905 ) );
#4795 = EDGE_CURVE( '', #5906, #5558, #5907, .T. );
#4796 = EDGE_CURVE( '', #5906, #5908, #5909, .T. );
#4797 = EDGE_CURVE( '', #5559, #5908, #5910, .T. );
#4798 = FILL_AREA_STYLE( '', ( #5911 ) );
#4799 = EDGE_CURVE( '', #5912, #5913, #5914, .T. );
#4800 = EDGE_CURVE( '', #5913, #5915, #5916, .T. );
#4801 = EDGE_CURVE( '', #5917, #5915, #5918, .T. );
#4802 = EDGE_CURVE( '', #5917, #5912, #5919, .T. );
#4803 = FILL_AREA_STYLE( '', ( #5920 ) );
#4804 = EDGE_CURVE( '', #5921, #5922, #5923, .T. );
#4805 = EDGE_CURVE( '', #5921, #5776, #5924, .T. );
#4806 = EDGE_CURVE( '', #5774, #5925, #5926, .T. );
#4807 = EDGE_CURVE( '', #5927, #5925, #5928, .T. );
#4808 = EDGE_CURVE( '', #5817, #5927, #5929, .T. );
#4809 = EDGE_CURVE( '', #5922, #5815, #5930, .T. );
#4810 = FILL_AREA_STYLE( '', ( #5931 ) );
#4811 = EDGE_CURVE( '', #5475, #5461, #5932, .T. );
#4812 = EDGE_CURVE( '', #5464, #5473, #5933, .T. );
#4813 = FILL_AREA_STYLE( '', ( #5934 ) );
#4814 = EDGE_CURVE( '', #5935, #5936, #5937, .T. );
#4815 = EDGE_CURVE( '', #5938, #5935, #5939, .T. );
#4816 = EDGE_CURVE( '', #5940, #5938, #5941, .T. );
#4817 = EDGE_CURVE( '', #5940, #5942, #5943, .T. );
#4818 = EDGE_CURVE( '', #5942, #5936, #5944, .T. );
#4819 = FILL_AREA_STYLE( '', ( #5945 ) );
#4820 = EDGE_CURVE( '', #5946, #5947, #5948, .T. );
#4821 = EDGE_CURVE( '', #5949, #5946, #5950, .T. );
#4822 = EDGE_CURVE( '', #5949, #5951, #5952, .T. );
#4823 = EDGE_CURVE( '', #5951, #5947, #5953, .T. );
#4824 = FILL_AREA_STYLE( '', ( #5954 ) );
#4825 = EDGE_CURVE( '', #5955, #5821, #5956, .T. );
#4826 = EDGE_CURVE( '', #5613, #5955, #5957, .T. );
#4827 = FILL_AREA_STYLE( '', ( #5958 ) );
#4828 = EDGE_CURVE( '', #5959, #5960, #5961, .T. );
#4829 = EDGE_CURVE( '', #5962, #5960, #5963, .T. );
#4830 = EDGE_CURVE( '', #5964, #5962, #5965, .T. );
#4831 = EDGE_CURVE( '', #5964, #5959, #5966, .T. );
#4832 = FILL_AREA_STYLE( '', ( #5967 ) );
#4833 = EDGE_CURVE( '', #5968, #5729, #5969, .T. );
#4834 = EDGE_CURVE( '', #5730, #5970, #5971, .T. );
#4835 = EDGE_CURVE( '', #5972, #5970, #5973, .T. );
#4836 = EDGE_CURVE( '', #5972, #5974, #5975, .T. );
#4837 = EDGE_CURVE( '', #5974, #5968, #5976, .T. );
#4838 = FILL_AREA_STYLE( '', ( #5977 ) );
#4839 = EDGE_CURVE( '', #5978, #5979, #5980, .T. );
#4840 = EDGE_CURVE( '', #5981, #5978, #5982, .T. );
#4841 = EDGE_CURVE( '', #5983, #5981, #5984, .T. );
#4842 = EDGE_CURVE( '', #5979, #5983, #5985, .T. );
#4843 = FILL_AREA_STYLE( '', ( #5986 ) );
#4844 = EDGE_CURVE( '', #5987, #5988, #5989, .T. );
#4845 = EDGE_CURVE( '', #5988, #5696, #5990, .T. );
#4846 = EDGE_CURVE( '', #5697, #5987, #5991, .T. );
#4847 = FILL_AREA_STYLE( '', ( #5992 ) );
#4848 = EDGE_CURVE( '', #5993, #5451, #5994, .T. );
#4849 = EDGE_CURVE( '', #5995, #5993, #5996, .T. );
#4850 = EDGE_CURVE( '', #5995, #5453, #5997, .T. );
#4851 = FILL_AREA_STYLE( '', ( #5998 ) );
#4852 = EDGE_CURVE( '', #5525, #5999, #6000, .T. );
#4853 = EDGE_CURVE( '', #6001, #5999, #6002, .T. );
#4854 = EDGE_CURVE( '', #6003, #6001, #6004, .T. );
#4855 = EDGE_CURVE( '', #6003, #5515, #6005, .T. );
#4856 = FILL_AREA_STYLE( '', ( #6006 ) );
#4857 = EDGE_CURVE( '', #6007, #6008, #6009, .T. );
#4858 = EDGE_CURVE( '', #6007, #6010, #6011, .T. );
#4859 = EDGE_CURVE( '', #6010, #6012, #6013, .T. );
#4860 = EDGE_CURVE( '', #6012, #5647, #6014, .T. );
#4861 = EDGE_CURVE( '', #6008, #5645, #6015, .T. );
#4862 = FILL_AREA_STYLE( '', ( #6016 ) );
#4863 = EDGE_CURVE( '', #6017, #5798, #6018, .T. );
#4864 = EDGE_CURVE( '', #6017, #6019, #6020, .T. );
#4865 = EDGE_CURVE( '', #6019, #5800, #6021, .T. );
#4866 = FILL_AREA_STYLE( '', ( #6022 ) );
#4867 = EDGE_CURVE( '', #6023, #6024, #6025, .T. );
#4868 = EDGE_CURVE( '', #6026, #6024, #6027, .T. );
#4869 = EDGE_CURVE( '', #6028, #6026, #6029, .T. );
#4870 = EDGE_CURVE( '', #6023, #6028, #6030, .T. );
#4871 = FILL_AREA_STYLE( '', ( #6031 ) );
#4872 = EDGE_CURVE( '', #6032, #5972, #6033, .T. );
#4873 = EDGE_CURVE( '', #6032, #6034, #6035, .T. );
#4874 = EDGE_CURVE( '', #6034, #6036, #6037, .T. );
#4875 = EDGE_CURVE( '', #6036, #5974, #6038, .T. );
#4876 = FILL_AREA_STYLE( '', ( #6039 ) );
#4877 = EDGE_CURVE( '', #6040, #6041, #6042, .T. );
#4878 = EDGE_CURVE( '', #5789, #6041, #6043, .T. );
#4879 = EDGE_CURVE( '', #6040, #5787, #6044, .T. );
#4880 = FILL_AREA_STYLE( '', ( #6045 ) );
#4881 = EDGE_CURVE( '', #6046, #6047, #6048, .T. );
#4882 = EDGE_CURVE( '', #6047, #6049, #6050, .T. );
#4883 = EDGE_CURVE( '', #6049, #6051, #6052, .T. );
#4884 = EDGE_CURVE( '', #6046, #6051, #6053, .T. );
#4885 = FILL_AREA_STYLE( '', ( #6054 ) );
#4886 = EDGE_CURVE( '', #5844, #5715, #6055, .T. );
#4887 = EDGE_CURVE( '', #5713, #5955, #6056, .T. );
#4888 = EDGE_CURVE( '', #5725, #6057, #6058, .T. );
#4889 = EDGE_CURVE( '', #6057, #6059, #6060, .T. );
#4890 = EDGE_CURVE( '', #6061, #6059, #6062, .T. );
#4891 = EDGE_CURVE( '', #5591, #6061, #6063, .T. );
#4892 = EDGE_CURVE( '', #5589, #6064, #6065, .T. );
#4893 = EDGE_CURVE( '', #6066, #6064, #6067, .T. );
#4894 = EDGE_CURVE( '', #6066, #5582, #6068, .T. );
#4895 = EDGE_CURVE( '', #6069, #5583, #6070, .T. );
#4896 = EDGE_CURVE( '', #6071, #6069, #6072, .T. );
#4897 = EDGE_CURVE( '', #6071, #5439, #6073, .T. );
#4898 = EDGE_CURVE( '', #5446, #5826, #6074, .T. );
#4899 = EDGE_CURVE( '', #6075, #5824, #6076, .T. );
#4900 = EDGE_CURVE( '', #6077, #6075, #6078, .T. );
#4901 = EDGE_CURVE( '', #6077, #6079, #6080, .T. );
#4902 = EDGE_CURVE( '', #6079, #6081, #6082, .T. );
#4903 = EDGE_CURVE( '', #6083, #6081, #6084, .T. );
#4904 = EDGE_CURVE( '', #5960, #6083, #6085, .T. );
#4905 = EDGE_CURVE( '', #5959, #6086, #6087, .T. );
#4906 = EDGE_CURVE( '', #6086, #5754, #6088, .T. );
#4907 = EDGE_CURVE( '', #6089, #5753, #6090, .T. );
#4908 = EDGE_CURVE( '', #6091, #6089, #6092, .T. );
#4909 = EDGE_CURVE( '', #5430, #6091, #6093, .T. );
#4910 = EDGE_CURVE( '', #5431, #6094, #6095, .T. );
#4911 = EDGE_CURVE( '', #6094, #6096, #6097, .T. );
#4912 = EDGE_CURVE( '', #6096, #6098, #6099, .T. );
#4913 = EDGE_CURVE( '', #6098, #5719, #6100, .T. );
#4914 = EDGE_CURVE( '', #6101, #5717, #6102, .T. );
#4915 = EDGE_CURVE( '', #6101, #6103, #6104, .T. );
#4916 = EDGE_CURVE( '', #6105, #6103, #6106, .T. );
#4917 = EDGE_CURVE( '', #6107, #6105, #6108, .T. );
#4918 = EDGE_CURVE( '', #5843, #6107, #6109, .T. );
#4919 = FILL_AREA_STYLE( '', ( #6110 ) );
#4920 = EDGE_CURVE( '', #6111, #6008, #6112, .T. );
#4921 = EDGE_CURVE( '', #6113, #6111, #6114, .T. );
#4922 = EDGE_CURVE( '', #6113, #6007, #6115, .T. );
#4923 = FILL_AREA_STYLE( '', ( #6116 ) );
#4924 = EDGE_CURVE( '', #6077, #5625, #6117, .T. );
#4925 = EDGE_CURVE( '', #6075, #5609, #6118, .T. );
#4926 = FILL_AREA_STYLE( '', ( #6119 ) );
#4927 = EDGE_CURVE( '', #6120, #6121, #6122, .T. );
#4928 = EDGE_CURVE( '', #6123, #6121, #6124, .T. );
#4929 = EDGE_CURVE( '', #6125, #6123, #6126, .T. );
#4930 = EDGE_CURVE( '', #6120, #6125, #6127, .T. );
#4931 = FILL_AREA_STYLE( '', ( #6128 ) );
#4932 = EDGE_CURVE( '', #6129, #6130, #6131, .T. );
#4933 = EDGE_CURVE( '', #6132, #6130, #6133, .T. );
#4934 = EDGE_CURVE( '', #6132, #6134, #6135, .T. );
#4935 = EDGE_CURVE( '', #6134, #6129, #6136, .T. );
#4936 = FILL_AREA_STYLE( '', ( #6137 ) );
#4937 = EDGE_CURVE( '', #6138, #5915, #6139, .T. );
#4938 = EDGE_CURVE( '', #6140, #6138, #6141, .T. );
#4939 = EDGE_CURVE( '', #5917, #6140, #6142, .T. );
#4940 = FILL_AREA_STYLE( '', ( #6143 ) );
#4941 = EDGE_CURVE( '', #6144, #6145, #6146, .T. );
#4942 = EDGE_CURVE( '', #6145, #5664, #6147, .T. );
#4943 = EDGE_CURVE( '', #6047, #5665, #6148, .T. );
#4944 = EDGE_CURVE( '', #6149, #6046, #6150, .T. );
#4945 = EDGE_CURVE( '', #6151, #6149, #6152, .T. );
#4946 = EDGE_CURVE( '', #6153, #6151, #6154, .T. );
#4947 = EDGE_CURVE( '', #6153, #6155, #6156, .T. );
#4948 = EDGE_CURVE( '', #6157, #6155, #6158, .T. );
#4949 = EDGE_CURVE( '', #6159, #6157, #6160, .T. );
#4950 = EDGE_CURVE( '', #6159, #6161, #6162, .T. );
#4951 = EDGE_CURVE( '', #6161, #5895, #6163, .T. );
#4952 = EDGE_CURVE( '', #6164, #5896, #6165, .T. );
#4953 = EDGE_CURVE( '', #6144, #6164, #6166, .T. );
#4954 = FILL_AREA_STYLE( '', ( #6167 ) );
#4955 = EDGE_CURVE( '', #6168, #5900, #6169, .T. );
#4956 = EDGE_CURVE( '', #6168, #6170, #6171, .T. );
#4957 = EDGE_CURVE( '', #6170, #5902, #6172, .T. );
#4958 = FILL_AREA_STYLE( '', ( #6173 ) );
#4959 = EDGE_CURVE( '', #5587, #6174, #6175, .T. );
#4960 = EDGE_CURVE( '', #6174, #6064, #6176, .T. );
#4961 = FILL_AREA_STYLE( '', ( #6177 ) );
#4962 = EDGE_CURVE( '', #5621, #6096, #6178, .T. );
#4963 = EDGE_CURVE( '', #5619, #6098, #6179, .T. );
#4964 = FILL_AREA_STYLE( '', ( #6180 ) );
#4965 = EDGE_CURVE( '', #6181, #6182, #6183, .T. );
#4966 = EDGE_CURVE( '', #6003, #6181, #6184, .T. );
#4967 = EDGE_CURVE( '', #6182, #6001, #6185, .T. );
#4968 = FILL_AREA_STYLE( '', ( #6186 ) );
#4969 = EDGE_CURVE( '', #6105, #5949, #6187, .T. );
#4970 = EDGE_CURVE( '', #5554, #5946, #6188, .T. );
#4971 = EDGE_CURVE( '', #5552, #6189, #6190, .T. );
#4972 = EDGE_CURVE( '', #6189, #6191, #6192, .T. );
#4973 = EDGE_CURVE( '', #6191, #6107, #6193, .T. );
#4974 = FILL_AREA_STYLE( '', ( #6194 ) );
#4975 = EDGE_CURVE( '', #6195, #6196, #6197, .T. );
#4976 = EDGE_CURVE( '', #6036, #6196, #6198, .T. );
#4977 = EDGE_CURVE( '', #6034, #6195, #6199, .T. );
#4978 = FILL_AREA_STYLE( '', ( #6200 ) );
#4979 = EDGE_CURVE( '', #5703, #6201, #6202, .T. );
#4980 = EDGE_CURVE( '', #6201, #5890, #6203, .T. );
#4981 = FILL_AREA_STYLE( '', ( #6204 ) );
#4982 = EDGE_CURVE( '', #6205, #5999, #6206, .T. );
#4983 = EDGE_CURVE( '', #6182, #6205, #6207, .T. );
#4984 = FILL_AREA_STYLE( '', ( #6208 ) );
#4985 = EDGE_CURVE( '', #6083, #5576, #6209, .T. );
#4986 = EDGE_CURVE( '', #6081, #5578, #6210, .T. );
#4987 = FILL_AREA_STYLE( '', ( #6211 ) );
#4988 = EDGE_CURVE( '', #6212, #6213, #6214, .T. );
#4989 = EDGE_CURVE( '', #6215, #6213, #6216, .T. );
#4990 = EDGE_CURVE( '', #6217, #6215, #6218, .T. );
#4991 = EDGE_CURVE( '', #6217, #6212, #6219, .T. );
#4992 = FILL_AREA_STYLE( '', ( #6220 ) );
#4993 = EDGE_CURVE( '', #5682, #5995, #6221, .T. );
#4994 = FILL_AREA_STYLE( '', ( #6222 ) );
#4995 = EDGE_CURVE( '', #6223, #6224, #6225, .T. );
#4996 = EDGE_CURVE( '', #6226, #6223, #6227, .T. );
#4997 = EDGE_CURVE( '', #6228, #6226, #6229, .T. );
#4998 = EDGE_CURVE( '', #6224, #6228, #6230, .T. );
#4999 = FILL_AREA_STYLE( '', ( #6231 ) );
#5000 = EDGE_CURVE( '', #6232, #5964, #6233, .T. );
#5001 = EDGE_CURVE( '', #6232, #6086, #6234, .T. );
#5002 = FILL_AREA_STYLE( '', ( #6235 ) );
#5003 = EDGE_CURVE( '', #5861, #6236, #6237, .T. );
#5004 = EDGE_CURVE( '', #6238, #5865, #6239, .T. );
#5005 = EDGE_CURVE( '', #6238, #6240, #6241, .T. );
#5006 = EDGE_CURVE( '', #6236, #6240, #6242, .T. );
#5007 = FILL_AREA_STYLE( '', ( #6243 ) );
#5008 = EDGE_CURVE( '', #6244, #6245, #6246, .T. );
#5009 = EDGE_CURVE( '', #6247, #6244, #6248, .T. );
#5010 = EDGE_CURVE( '', #6247, #6249, #6250, .T. );
#5011 = EDGE_CURVE( '', #6249, #6251, #6252, .T. );
#5012 = EDGE_CURVE( '', #6251, #6245, #6253, .T. );
#5013 = FILL_AREA_STYLE( '', ( #6254 ) );
#5014 = EDGE_CURVE( '', #6255, #6161, #6256, .T. );
#5015 = EDGE_CURVE( '', #6255, #5898, #6257, .T. );
#5016 = FILL_AREA_STYLE( '', ( #6258 ) );
#5017 = EDGE_CURVE( '', #5834, #6071, #6259, .T. );
#5018 = EDGE_CURVE( '', #6069, #5836, #6260, .T. );
#5019 = FILL_AREA_STYLE( '', ( #6261 ) );
#5020 = EDGE_CURVE( '', #6079, #5572, #6262, .T. );
#5021 = FILL_AREA_STYLE( '', ( #6263 ) );
#5022 = EDGE_CURVE( '', #5565, #6264, #6265, .T. );
#5023 = EDGE_CURVE( '', #5563, #6266, #6267, .T. );
#5024 = EDGE_CURVE( '', #6264, #6266, #6268, .T. );
#5025 = FILL_AREA_STYLE( '', ( #6269 ) );
#5026 = EDGE_CURVE( '', #6270, #6149, #6271, .T. );
#5027 = EDGE_CURVE( '', #6270, #6272, #6273, .T. );
#5028 = EDGE_CURVE( '', #6151, #6272, #6274, .T. );
#5029 = FILL_AREA_STYLE( '', ( #6275 ) );
#5030 = EDGE_CURVE( '', #6191, #5846, #6276, .T. );
#5031 = FILL_AREA_STYLE( '', ( #6277 ) );
#5032 = EDGE_CURVE( '', #6278, #5812, #6279, .T. );
#5033 = EDGE_CURVE( '', #5922, #6278, #6280, .T. );
#5034 = FILL_AREA_STYLE( '', ( #6281 ) );
#5035 = EDGE_CURVE( '', #6272, #5979, #6282, .T. );
#5036 = EDGE_CURVE( '', #5978, #6270, #6283, .T. );
#5037 = FILL_AREA_STYLE( '', ( #6284 ) );
#5038 = EDGE_CURVE( '', #6285, #6286, #6287, .T. );
#5039 = EDGE_CURVE( '', #6286, #6288, #6289, .T. );
#5040 = EDGE_CURVE( '', #6288, #6290, #6291, .T. );
#5041 = EDGE_CURVE( '', #6290, #6285, #6292, .T. );
#5042 = FILL_AREA_STYLE( '', ( #6293 ) );
#5043 = EDGE_CURVE( '', #5925, #6294, #6295, .T. );
#5044 = EDGE_CURVE( '', #6296, #6294, #6297, .T. );
#5045 = EDGE_CURVE( '', #6296, #5927, #6298, .T. );
#5046 = FILL_AREA_STYLE( '', ( #6299 ) );
#5047 = EDGE_CURVE( '', #5660, #6159, #6300, .T. );
#5048 = EDGE_CURVE( '', #6255, #5658, #6301, .T. );
#5049 = FILL_AREA_STYLE( '', ( #6302 ) );
#5050 = EDGE_CURVE( '', #6066, #6303, #6304, .T. );
#5051 = EDGE_CURVE( '', #5585, #6303, #6305, .T. );
#5052 = FILL_AREA_STYLE( '', ( #6306 ) );
#5053 = EDGE_CURVE( '', #5523, #5854, #6307, .T. );
#5054 = FILL_AREA_STYLE( '', ( #6308 ) );
#5055 = EDGE_CURVE( '', #6189, #5848, #6309, .T. );
#5056 = EDGE_CURVE( '', #5550, #6310, #6311, .T. );
#5057 = EDGE_CURVE( '', #6310, #5850, #6312, .T. );
#5058 = FILL_AREA_STYLE( '', ( #6313 ) );
#5059 = EDGE_CURVE( '', #6026, #5886, #6314, .T. );
#5060 = EDGE_CURVE( '', #5888, #6024, #6315, .T. );
#5061 = FILL_AREA_STYLE( '', ( #6316 ) );
#5062 = EDGE_CURVE( '', #6317, #6318, #6319, .T. );
#5063 = EDGE_CURVE( '', #6317, #6320, #6321, .T. );
#5064 = EDGE_CURVE( '', #6320, #5534, #6322, .T. );
#5065 = EDGE_CURVE( '', #5534, #6318, #6323, .T. );
#5066 = FILL_AREA_STYLE( '', ( #6324 ) );
#5067 = EDGE_CURVE( '', #5765, #6325, #6326, .T. );
#5068 = EDGE_CURVE( '', #6327, #5763, #6328, .T. );
#5069 = EDGE_CURVE( '', #6327, #6325, #6329, .T. );
#5070 = FILL_AREA_STYLE( '', ( #6330 ) );
#5071 = EDGE_CURVE( '', #6168, #5656, #6331, .T. );
#5072 = FILL_AREA_STYLE( '', ( #6332 ) );
#5073 = EDGE_CURVE( '', #6333, #6129, #6334, .T. );
#5074 = EDGE_CURVE( '', #6333, #5707, #6335, .T. );
#5075 = EDGE_CURVE( '', #5865, #5630, #6336, .T. );
#5076 = EDGE_CURVE( '', #6130, #5863, #6337, .T. );
#5077 = FILL_AREA_STYLE( '', ( #6338 ) );
#5078 = EDGE_CURVE( '', #5856, #6205, #6339, .T. );
#5079 = FILL_AREA_STYLE( '', ( #6340 ) );
#5080 = EDGE_CURVE( '', #6341, #6342, #6343, .T. );
#5081 = EDGE_CURVE( '', #6341, #6344, #6345, .T. );
#5082 = EDGE_CURVE( '', #6344, #6346, #6347, .T. );
#5083 = EDGE_CURVE( '', #6342, #6346, #6348, .T. );
#5084 = FILL_AREA_STYLE( '', ( #6349 ) );
#5085 = EDGE_CURVE( '', #6350, #6041, #6351, .T. );
#5086 = EDGE_CURVE( '', #6350, #5791, #6352, .T. );
#5087 = FILL_AREA_STYLE( '', ( #6353 ) );
#5088 = EDGE_CURVE( '', #6061, #5839, #6354, .T. );
#5089 = EDGE_CURVE( '', #6059, #5831, #6355, .T. );
#5090 = FILL_AREA_STYLE( '', ( #6356 ) );
#5091 = FILL_AREA_STYLE( '', ( #6357 ) );
#5092 = EDGE_CURVE( '', #6358, #5881, #6359, .T. );
#5093 = EDGE_CURVE( '', #6358, #5488, #6360, .T. );
#5094 = EDGE_CURVE( '', #6361, #5879, #6362, .T. );
#5095 = EDGE_CURVE( '', #5869, #6361, #6363, .T. );
#5096 = EDGE_CURVE( '', #6364, #5786, #6365, .T. );
#5097 = EDGE_CURVE( '', #6350, #6366, #6367, .T. );
#5098 = EDGE_CURVE( '', #6366, #6134, #6368, .T. );
#5099 = EDGE_CURVE( '', #5860, #6132, #6369, .T. );
#5100 = EDGE_CURVE( '', #5477, #6236, #6370, .T. );
#5101 = EDGE_CURVE( '', #5462, #6371, #6372, .T. );
#5102 = EDGE_CURVE( '', #6373, #6371, #6374, .T. );
#5103 = EDGE_CURVE( '', #6373, #6019, #6375, .T. );
#5104 = EDGE_CURVE( '', #6376, #6017, #6377, .T. );
#5105 = EDGE_CURVE( '', #6244, #6376, #6378, .T. );
#5106 = EDGE_CURVE( '', #6245, #6379, #6380, .T. );
#5107 = EDGE_CURVE( '', #6379, #5981, #6381, .T. );
#5108 = EDGE_CURVE( '', #6382, #6051, #6383, .T. );
#5109 = EDGE_CURVE( '', #6382, #6213, #6384, .T. );
#5110 = EDGE_CURVE( '', #6144, #6212, #6385, .T. );
#5111 = EDGE_CURVE( '', #6164, #6170, #6386, .T. );
#5112 = EDGE_CURVE( '', #5655, #6157, #6387, .T. );
#5113 = EDGE_CURVE( '', #6388, #6155, #6389, .T. );
#5114 = EDGE_CURVE( '', #5470, #6388, #6390, .T. );
#5115 = EDGE_CURVE( '', #5483, #5808, #6391, .T. );
#5116 = EDGE_CURVE( '', #6364, #5709, #6392, .T. );
#5117 = FILL_AREA_STYLE( '', ( #6393 ) );
#5118 = EDGE_CURVE( '', #6394, #6395, #6396, .T. );
#5119 = EDGE_CURVE( '', #6394, #6397, #6398, .T. );
#5120 = EDGE_CURVE( '', #6399, #6397, #6400, .T. );
#5121 = EDGE_CURVE( '', #6399, #6395, #6401, .T. );
#5122 = FILL_AREA_STYLE( '', ( #6402 ) );
#5123 = EDGE_CURVE( '', #6403, #5543, #6404, .T. );
#5124 = EDGE_CURVE( '', #5738, #6403, #6405, .T. );
#5125 = FILL_AREA_STYLE( '', ( #6406 ) );
#5126 = EDGE_CURVE( '', #6286, #6407, #6408, .T. );
#5127 = EDGE_CURVE( '', #6407, #6409, #6410, .T. );
#5128 = EDGE_CURVE( '', #6409, #6288, #6411, .T. );
#5129 = FILL_AREA_STYLE( '', ( #6412 ) );
#5130 = EDGE_CURVE( '', #6181, #5993, #6413, .T. );
#5131 = FILL_AREA_STYLE( '', ( #6414 ) );
#5132 = EDGE_CURVE( '', #6415, #6416, #6417, .T. );
#5133 = EDGE_CURVE( '', #6418, #6416, #6419, .T. );
#5134 = EDGE_CURVE( '', #6418, #6420, #6421, .T. );
#5135 = EDGE_CURVE( '', #6415, #6420, #6422, .T. );
#5136 = FILL_AREA_STYLE( '', ( #6423 ) );
#5137 = EDGE_CURVE( '', #5732, #6424, #6425, .T. );
#5138 = EDGE_CURVE( '', #6424, #6426, #6427, .T. );
#5139 = EDGE_CURVE( '', #5734, #6426, #6428, .T. );
#5140 = FILL_AREA_STYLE( '', ( #6429 ) );
#5141 = EDGE_CURVE( '', #5772, #6430, #6431, .T. );
#5142 = EDGE_CURVE( '', #5921, #6430, #6432, .T. );
#5143 = FILL_AREA_STYLE( '', ( #6433 ) );
#5144 = EDGE_CURVE( '', #5983, #5466, #6434, .T. );
#5145 = EDGE_CURVE( '', #5471, #6435, #6436, .T. );
#5146 = EDGE_CURVE( '', #6153, #6435, #6437, .T. );
#5147 = FILL_AREA_STYLE( '', ( #6438 ) );
#5148 = EDGE_CURVE( '', #5643, #6439, #6440, .T. );
#5149 = EDGE_CURVE( '', #6111, #6439, #6441, .T. );
#5150 = FILL_AREA_STYLE( '', ( #6442 ) );
#5151 = EDGE_CURVE( '', #6397, #6443, #6444, .T. );
#5152 = EDGE_CURVE( '', #5532, #6443, #6445, .T. );
#5153 = EDGE_CURVE( '', #6399, #5530, #6446, .T. );
#5154 = FILL_AREA_STYLE( '', ( #6447 ) );
#5155 = EDGE_CURVE( '', #6443, #6325, #6448, .T. );
#5156 = EDGE_CURVE( '', #6327, #5532, #6449, .T. );
#5157 = FILL_AREA_STYLE( '', ( #6450 ) );
#5158 = FILL_AREA_STYLE( '', ( #6451 ) );
#5159 = EDGE_CURVE( '', #5804, #5481, #6452, .T. );
#5160 = FILL_AREA_STYLE( '', ( #6453 ) );
#5161 = EDGE_CURVE( '', #6454, #5936, #6455, .T. );
#5162 = EDGE_CURVE( '', #6456, #5942, #6457, .T. );
#5163 = EDGE_CURVE( '', #6456, #6454, #6458, .T. );
#5164 = FILL_AREA_STYLE( '', ( #6459 ) );
#5165 = EDGE_CURVE( '', #5830, #5500, #6460, .T. );
#5166 = FILL_AREA_STYLE( '', ( #6461 ) );
#5167 = EDGE_CURVE( '', #5604, #5762, #6462, .T. );
#5168 = EDGE_CURVE( '', #6318, #5602, #6463, .T. );
#5169 = FILL_AREA_STYLE( '', ( #6464 ) );
#5170 = EDGE_CURVE( '', #6465, #6466, #6467, .T. );
#5171 = EDGE_CURVE( '', #6465, #6376, #6468, .T. );
#5172 = EDGE_CURVE( '', #5795, #5780, #6469, .T. );
#5173 = EDGE_CURVE( '', #6466, #5781, #6470, .T. );
#5174 = FILL_AREA_STYLE( '', ( #6471 ) );
#5175 = FILL_AREA_STYLE( '', ( #6472 ) );
#5176 = EDGE_CURVE( '', #5511, #6123, #6473, .T. );
#5177 = EDGE_CURVE( '', #6296, #5509, #6474, .T. );
#5178 = EDGE_CURVE( '', #6125, #6294, #6475, .T. );
#5179 = FILL_AREA_STYLE( '', ( #6476 ) );
#5180 = EDGE_CURVE( '', #5796, #6477, #6478, .T. );
#5181 = EDGE_CURVE( '', #5747, #6477, #6479, .T. );
#5182 = FILL_AREA_STYLE( '', ( #6480 ) );
#5183 = EDGE_CURVE( '', #6481, #6344, #6482, .T. );
#5184 = EDGE_CURVE( '', #6483, #6481, #6484, .T. );
#5185 = EDGE_CURVE( '', #6483, #6346, #6485, .T. );
#5186 = FILL_AREA_STYLE( '', ( #6486 ) );
#5187 = EDGE_CURVE( '', #6382, #6487, #6488, .T. );
#5188 = EDGE_CURVE( '', #6487, #6049, #6489, .T. );
#5189 = FILL_AREA_STYLE( '', ( #6490 ) );
#5190 = FILL_AREA_STYLE( '', ( #6491 ) );
#5191 = EDGE_CURVE( '', #6492, #5935, #6493, .T. );
#5192 = EDGE_CURVE( '', #6494, #6492, #6495, .T. );
#5193 = EDGE_CURVE( '', #6494, #5938, #6496, .T. );
#5194 = FILL_AREA_STYLE( '', ( #6497 ) );
#5195 = EDGE_CURVE( '', #6498, #6091, #6499, .T. );
#5196 = EDGE_CURVE( '', #5433, #6498, #6500, .T. );
#5197 = FILL_AREA_STYLE( '', ( #6501 ) );
#5198 = EDGE_CURVE( '', #6361, #6358, #6502, .T. );
#5199 = EDGE_CURVE( '', #5874, #5490, #6503, .T. );
#5200 = FILL_AREA_STYLE( '', ( #6504 ) );
#5201 = FILL_AREA_STYLE( '', ( #6505 ) );
#5202 = EDGE_CURVE( '', #6506, #5600, #6507, .T. );
#5203 = EDGE_CURVE( '', #5767, #5912, #6508, .T. );
#5204 = EDGE_CURVE( '', #6506, #6140, #6509, .T. );
#5205 = FILL_AREA_STYLE( '', ( #6510 ) );
#5206 = FILL_AREA_STYLE( '', ( #6511 ) );
#5207 = EDGE_CURVE( '', #6512, #6395, #6513, .T. );
#5208 = EDGE_CURVE( '', #5529, #6514, #6515, .T. );
#5209 = EDGE_CURVE( '', #6514, #6512, #6516, .T. );
#5210 = FILL_AREA_STYLE( '', ( #6517 ) );
#5211 = EDGE_CURVE( '', #6518, #6415, #6519, .T. );
#5212 = EDGE_CURVE( '', #6420, #6520, #6521, .T. );
#5213 = EDGE_CURVE( '', #6518, #6520, #6522, .T. );
#5214 = FILL_AREA_STYLE( '', ( #6523 ) );
#5215 = EDGE_CURVE( '', #6524, #5574, #6525, .T. );
#5216 = EDGE_CURVE( '', #6524, #5962, #6526, .T. );
#5217 = FILL_AREA_STYLE( '', ( #6527 ) );
#5218 = EDGE_CURVE( '', #6528, #5927, #6529, .T. );
#5219 = EDGE_CURVE( '', #6528, #5813, #6530, .T. );
#5220 = FILL_AREA_STYLE( '', ( #6531 ) );
#5221 = EDGE_CURVE( '', #5756, #6532, #6533, .T. );
#5222 = EDGE_CURVE( '', #6532, #6534, #6535, .T. );
#5223 = EDGE_CURVE( '', #6536, #6534, #6537, .T. );
#5224 = EDGE_CURVE( '', #6536, #5758, #6538, .T. );
#5225 = FILL_AREA_STYLE( '', ( #6539 ) );
#5226 = EDGE_CURVE( '', #6540, #5913, #6541, .T. );
#5227 = EDGE_CURVE( '', #6138, #6540, #6542, .T. );
#5228 = FILL_AREA_STYLE( '', ( #6543 ) );
#5229 = EDGE_CURVE( '', #6320, #6544, #6545, .T. );
#5230 = EDGE_CURVE( '', #6514, #6544, #6546, .T. );
#5231 = FILL_AREA_STYLE( '', ( #6547 ) );
#5232 = EDGE_CURVE( '', #6364, #6333, #6548, .T. );
#5233 = FILL_AREA_STYLE( '', ( #6549 ) );
#5234 = EDGE_CURVE( '', #6550, #6498, #6551, .T. );
#5235 = EDGE_CURVE( '', #6550, #6552, #6553, .T. );
#5236 = EDGE_CURVE( '', #5435, #6552, #6554, .T. );
#5237 = FILL_AREA_STYLE( '', ( #6555 ) );
#5238 = EDGE_CURVE( '', #6556, #6223, #6557, .T. );
#5239 = EDGE_CURVE( '', #6558, #6556, #6559, .T. );
#5240 = EDGE_CURVE( '', #6226, #6558, #6560, .T. );
#5241 = FILL_AREA_STYLE( '', ( #6561 ) );
#5242 = EDGE_CURVE( '', #5885, #5988, #6562, .T. );
#5243 = FILL_AREA_STYLE( '', ( #6563 ) );
#5244 = EDGE_CURVE( '', #6564, #6565, #6566, .T. );
#5245 = EDGE_CURVE( '', #6567, #6565, #6568, .T. );
#5246 = EDGE_CURVE( '', #6569, #6567, #6570, .T. );
#5247 = EDGE_CURVE( '', #6564, #6569, #6571, .T. );
#5248 = FILL_AREA_STYLE( '', ( #6572 ) );
#5249 = EDGE_CURVE( '', #6278, #6573, #6574, .T. );
#5250 = EDGE_CURVE( '', #6564, #6573, #6575, .T. );
#5251 = EDGE_CURVE( '', #6576, #6569, #6577, .T. );
#5252 = EDGE_CURVE( '', #6576, #6430, #6578, .T. );
#5253 = FILL_AREA_STYLE( '', ( #6579 ) );
#5254 = EDGE_CURVE( '', #6435, #6388, #6580, .T. );
#5255 = FILL_AREA_STYLE( '', ( #6581 ) );
#5256 = EDGE_CURVE( '', #5667, #6215, #6582, .T. );
#5257 = EDGE_CURVE( '', #6487, #5669, #6583, .T. );
#5258 = FILL_AREA_STYLE( '', ( #6584 ) );
#5259 = FILL_AREA_STYLE( '', ( #6585 ) );
#5260 = EDGE_CURVE( '', #5970, #6586, #6587, .T. );
#5261 = EDGE_CURVE( '', #6586, #6032, #6588, .T. );
#5262 = FILL_AREA_STYLE( '', ( #6589 ) );
#5263 = EDGE_CURVE( '', #6174, #6303, #6590, .T. );
#5264 = FILL_AREA_STYLE( '', ( #6591 ) );
#5265 = EDGE_CURVE( '', #5830, #6057, #6592, .T. );
#5266 = FILL_AREA_STYLE( '', ( #6593 ) );
#5267 = EDGE_CURVE( '', #6594, #6010, #6595, .T. );
#5268 = EDGE_CURVE( '', #6594, #6596, #6597, .T. );
#5269 = EDGE_CURVE( '', #6596, #6012, #6598, .T. );
#5270 = FILL_AREA_STYLE( '', ( #6599 ) );
#5271 = EDGE_CURVE( '', #6342, #5651, #6600, .T. );
#5272 = EDGE_CURVE( '', #6483, #5638, #6601, .T. );
#5273 = FILL_AREA_STYLE( '', ( #6602 ) );
#5274 = EDGE_CURVE( '', #6603, #5541, #6604, .T. );
#5275 = EDGE_CURVE( '', #6603, #5676, #6605, .T. );
#5276 = EDGE_CURVE( '', #6403, #5673, #6606, .T. );
#5277 = FILL_AREA_STYLE( '', ( #6607 ) );
#5278 = EDGE_CURVE( '', #6608, #5906, #6609, .T. );
#5279 = EDGE_CURVE( '', #6608, #5567, #6610, .T. );
#5280 = FILL_AREA_STYLE( '', ( #6611 ) );
#5281 = EDGE_CURVE( '', #6089, #6536, #6612, .T. );
#5282 = EDGE_CURVE( '', #6550, #6534, #6613, .T. );
#5283 = FILL_AREA_STYLE( '', ( #6614 ) );
#5284 = EDGE_CURVE( '', #6465, #6247, #6615, .T. );
#5285 = FILL_AREA_STYLE( '', ( #6616 ) );
#5286 = EDGE_CURVE( '', #6617, #6310, #6618, .T. );
#5287 = EDGE_CURVE( '', #6617, #5549, #6619, .T. );
#5288 = FILL_AREA_STYLE( '', ( #6620 ) );
#5289 = EDGE_CURVE( '', #6481, #6621, #6622, .T. );
#5290 = EDGE_CURVE( '', #6621, #6439, #6623, .T. );
#5291 = EDGE_CURVE( '', #6416, #5641, #6624, .T. );
#5292 = EDGE_CURVE( '', #6625, #6518, #6626, .T. );
#5293 = EDGE_CURVE( '', #5740, #6625, #6627, .T. );
#5294 = EDGE_CURVE( '', #5674, #6628, #6629, .T. );
#5295 = EDGE_CURVE( '', #6454, #6628, #6630, .T. );
#5296 = EDGE_CURVE( '', #6456, #6631, #6632, .T. );
#5297 = EDGE_CURVE( '', #6631, #5421, #6633, .T. );
#5298 = EDGE_CURVE( '', #6556, #5690, #6634, .T. );
#5299 = EDGE_CURVE( '', #6121, #6224, #6635, .T. );
#5300 = EDGE_CURVE( '', #6636, #6120, #6637, .T. );
#5301 = EDGE_CURVE( '', #5771, #6636, #6638, .T. );
#5302 = EDGE_CURVE( '', #6639, #6576, #6640, .T. );
#5303 = EDGE_CURVE( '', #6639, #6641, #6642, .T. );
#5304 = EDGE_CURVE( '', #6573, #6641, #6643, .T. );
#5305 = EDGE_CURVE( '', #5506, #6528, #6644, .T. );
#5306 = EDGE_CURVE( '', #6407, #5507, #6645, .T. );
#5307 = EDGE_CURVE( '', #5639, #6285, #6646, .T. );
#5308 = FILL_AREA_STYLE( '', ( #6647 ) );
#5309 = FILL_AREA_STYLE( '', ( #6648 ) );
#5310 = EDGE_CURVE( '', #6040, #6366, #6649, .T. );
#5311 = FILL_AREA_STYLE( '', ( #6650 ) );
#5312 = EDGE_CURVE( '', #5479, #6240, #6651, .T. );
#5313 = FILL_AREA_STYLE( '', ( #6652 ) );
#5314 = EDGE_CURVE( '', #6217, #6145, #6653, .T. );
#5315 = FILL_AREA_STYLE( '', ( #6654 ) );
#5316 = EDGE_CURVE( '', #6540, #6506, #6655, .T. );
#5317 = FILL_AREA_STYLE( '', ( #6656 ) );
#5318 = EDGE_CURVE( '', #6373, #6477, #6657, .T. );
#5319 = FILL_AREA_STYLE( '', ( #6658 ) );
#5320 = EDGE_CURVE( '', #6466, #6249, #6659, .T. );
#5321 = FILL_AREA_STYLE( '', ( #6660 ) );
#5322 = EDGE_CURVE( '', #6264, #6608, #6661, .T. );
#5323 = EDGE_CURVE( '', #5561, #6662, #6663, .T. );
#5324 = EDGE_CURVE( '', #6662, #6266, #6664, .T. );
#5325 = EDGE_CURVE( '', #6228, #6394, #6665, .T. );
#5326 = EDGE_CURVE( '', #6424, #6558, #6666, .T. );
#5327 = EDGE_CURVE( '', #5968, #6196, #6667, .T. );
#5328 = EDGE_CURVE( '', #6028, #6195, #6668, .T. );
#5329 = EDGE_CURVE( '', #6669, #5987, #6670, .T. );
#5330 = EDGE_CURVE( '', #6520, #6669, #6671, .T. );
#5331 = EDGE_CURVE( '', #5516, #6418, #6672, .T. );
#5332 = EDGE_CURVE( '', #6290, #5518, #6673, .T. );
#5333 = EDGE_CURVE( '', #6674, #6409, #6675, .T. );
#5334 = EDGE_CURVE( '', #6674, #6544, #6676, .T. );
#5335 = EDGE_CURVE( '', #6317, #5599, #6677, .T. );
#5336 = FILL_AREA_STYLE( '', ( #6678 ) );
#5337 = EDGE_CURVE( '', #5692, #6492, #6679, .T. );
#5338 = EDGE_CURVE( '', #6494, #5424, #6680, .T. );
#5339 = FILL_AREA_STYLE( '', ( #6681 ) );
#5340 = FILL_AREA_STYLE( '', ( #6682 ) );
#5341 = EDGE_CURVE( '', #5649, #6596, #6683, .T. );
#5342 = FILL_AREA_STYLE( '', ( #6684 ) );
#5343 = EDGE_CURVE( '', #6586, #6426, #6685, .T. );
#5344 = FILL_AREA_STYLE( '', ( #6686 ) );
#5345 = EDGE_CURVE( '', #6341, #6594, #6687, .T. );
#5346 = FILL_AREA_STYLE( '', ( #6688 ) );
#5347 = EDGE_CURVE( '', #6669, #6625, #6689, .T. );
#5348 = EDGE_CURVE( '', #6023, #6201, #6690, .T. );
#5349 = EDGE_CURVE( '', #6628, #6691, #6692, .T. );
#5350 = EDGE_CURVE( '', #6691, #6693, #6694, .T. );
#5351 = EDGE_CURVE( '', #6693, #5539, #6695, .T. );
#5352 = FILL_AREA_STYLE( '', ( #6696 ) );
#5353 = EDGE_CURVE( '', #5925, #6636, #6697, .T. );
#5354 = FILL_AREA_STYLE( '', ( #6698 ) );
#5355 = FILL_AREA_STYLE( '', ( #6699 ) );
#5356 = EDGE_CURVE( '', #6631, #5940, #6700, .T. );
#5357 = FILL_AREA_STYLE( '', ( #6701 ) );
#5358 = EDGE_CURVE( '', #6113, #6621, #6702, .T. );
#5359 = FILL_AREA_STYLE( '', ( #6703 ) );
#5360 = EDGE_CURVE( '', #6238, #5805, #6704, .T. );
#5361 = FILL_AREA_STYLE( '', ( #6705 ) );
#5362 = FILL_AREA_STYLE( '', ( #6706 ) );
#5363 = FILL_AREA_STYLE( '', ( #6707 ) );
#5364 = EDGE_CURVE( '', #6567, #6639, #6708, .T. );
#5365 = EDGE_CURVE( '', #6641, #6565, #6709, .T. );
#5366 = FILL_AREA_STYLE( '', ( #6710 ) );
#5367 = FILL_AREA_STYLE( '', ( #6711 ) );
#5368 = EDGE_CURVE( '', #6674, #6512, #6712, .T. );
#5369 = FILL_AREA_STYLE( '', ( #6713 ) );
#5370 = FILL_AREA_STYLE( '', ( #6714 ) );
#5371 = EDGE_CURVE( '', #6715, #5947, #6716, .T. );
#5372 = EDGE_CURVE( '', #6617, #6715, #6717, .T. );
#5373 = FILL_AREA_STYLE( '', ( #6718 ) );
#5374 = FILL_AREA_STYLE( '', ( #6719 ) );
#5375 = FILL_AREA_STYLE( '', ( #6720 ) );
#5376 = FILL_AREA_STYLE( '', ( #6721 ) );
#5377 = EDGE_CURVE( '', #6101, #6715, #6722, .T. );
#5378 = FILL_AREA_STYLE( '', ( #6723 ) );
#5379 = FILL_AREA_STYLE( '', ( #6724 ) );
#5380 = FILL_AREA_STYLE( '', ( #6725 ) );
#5381 = FILL_AREA_STYLE( '', ( #6726 ) );
#5382 = EDGE_CURVE( '', #6603, #6693, #6727, .T. );
#5383 = FILL_AREA_STYLE( '', ( #6728 ) );
#5384 = EDGE_CURVE( '', #6094, #5623, #6729, .T. );
#5385 = EDGE_CURVE( '', #6552, #6532, #6730, .T. );
#5386 = EDGE_CURVE( '', #6731, #6232, #6732, .T. );
#5387 = EDGE_CURVE( '', #5571, #6731, #6733, .T. );
#5388 = FILL_AREA_STYLE( '', ( #6734 ) );
#5389 = EDGE_CURVE( '', #6662, #5908, #6735, .T. );
#5390 = FILL_AREA_STYLE( '', ( #6736 ) );
#5391 = EDGE_CURVE( '', #5678, #6691, #6737, .T. );
#5392 = FILL_AREA_STYLE( '', ( #6738 ) );
#5393 = FILL_AREA_STYLE( '', ( #6739 ) );
#5394 = FILL_AREA_STYLE( '', ( #6740 ) );
#5395 = EDGE_CURVE( '', #6731, #6524, #6741, .T. );
#5396 = FILL_AREA_STYLE( '', ( #6742 ) );
#5397 = FILL_AREA_STYLE( '', ( #6743 ) );
#5398 = FILL_AREA_STYLE( '', ( #6744 ) );
#5399 = FILL_AREA_STYLE( '', ( #6745 ) );
#5400 = FILL_AREA_STYLE( '', ( #6746 ) );
#5401 = FILL_AREA_STYLE( '', ( #6747 ) );
#5402 = FILL_AREA_STYLE( '', ( #6748 ) );
#5403 = FILL_AREA_STYLE( '', ( #6749 ) );
#5404 = FILL_AREA_STYLE( '', ( #6750 ) );
#5405 = FILL_AREA_STYLE( '', ( #6751 ) );
#5406 = EDGE_CURVE( '', #6103, #5951, #6752, .T. );
#5407 = FILL_AREA_STYLE( '', ( #6753 ) );
#5408 = FILL_AREA_STYLE( '', ( #6754 ) );
#5409 = FILL_AREA_STYLE( '', ( #6755 ) );
#5410 = EDGE_CURVE( '', #6371, #6379, #6756, .T. );
#5411 = EDGE_CURVE( '', #5749, #6251, #6757, .T. );
#5412 = FILL_AREA_STYLE( '', ( #6758 ) );
#5413 = FILL_AREA_STYLE( '', ( #6759 ) );
#5414 = FILL_AREA_STYLE( '', ( #6760 ) );
#5415 = FILL_AREA_STYLE( '', ( #6761 ) );
#5416 = FILL_AREA_STYLE( '', ( #6762 ) );
#5417 = FILL_AREA_STYLE( '', ( #6763 ) );
#5418 = FILL_AREA_STYLE( '', ( #6764 ) );
#5419 = FILL_AREA_STYLE( '', ( #6765 ) );
#5420 = FILL_AREA_STYLE_COLOUR( '', #6766 );
#5421 = VERTEX_POINT( '', #6767 );
#5422 = VERTEX_POINT( '', #6768 );
#5423 = LINE( '', #6769, #6770 );
#5424 = VERTEX_POINT( '', #6771 );
#5425 = ELLIPSE( '', #6772, 0.638506663500000, 0.600000000000000 );
#5426 = VERTEX_POINT( '', #6773 );
#5427 = ELLIPSE( '', #6774, 1.16952176010000, 0.400000000000000 );
#5428 = LINE( '', #6775, #6776 );
#5429 = FILL_AREA_STYLE_COLOUR( '', #6777 );
#5430 = VERTEX_POINT( '', #6778 );
#5431 = VERTEX_POINT( '', #6779 );
#5432 = LINE( '', #6780, #6781 );
#5433 = VERTEX_POINT( '', #6782 );
#5434 = LINE( '', #6783, #6784 );
#5435 = VERTEX_POINT( '', #6785 );
#5436 = LINE( '', #6786, #6787 );
#5437 = LINE( '', #6788, #6789 );
#5438 = FILL_AREA_STYLE_COLOUR( '', #6790 );
#5439 = VERTEX_POINT( '', #6791 );
#5440 = VERTEX_POINT( '', #6792 );
#5441 = LINE( '', #6793, #6794 );
#5442 = VERTEX_POINT( '', #6795 );
#5443 = LINE( '', #6796, #6797 );
#5444 = VERTEX_POINT( '', #6798 );
#5445 = LINE( '', #6799, #6800 );
#5446 = VERTEX_POINT( '', #6801 );
#5447 = LINE( '', #6802, #6803 );
#5448 = LINE( '', #6804, #6805 );
#5449 = FILL_AREA_STYLE_COLOUR( '', #6806 );
#5450 = VERTEX_POINT( '', #6807 );
#5451 = VERTEX_POINT( '', #6808 );
#5452 = LINE( '', #6809, #6810 );
#5453 = VERTEX_POINT( '', #6811 );
#5454 = LINE( '', #6812, #6813 );
#5455 = VERTEX_POINT( '', #6814 );
#5456 = LINE( '', #6815, #6816 );
#5457 = VERTEX_POINT( '', #6817 );
#5458 = LINE( '', #6818, #6819 );
#5459 = CIRCLE( '', #6820, 3.70000000000000 );
#5460 = FILL_AREA_STYLE_COLOUR( '', #6821 );
#5461 = VERTEX_POINT( '', #6822 );
#5462 = VERTEX_POINT( '', #6823 );
#5463 = LINE( '', #6824, #6825 );
#5464 = VERTEX_POINT( '', #6826 );
#5465 = LINE( '', #6827, #6828 );
#5466 = VERTEX_POINT( '', #6829 );
#5467 = LINE( '', #6830, #6831 );
#5468 = LINE( '', #6832, #6833 );
#5469 = FILL_AREA_STYLE_COLOUR( '', #6834 );
#5470 = VERTEX_POINT( '', #6835 );
#5471 = VERTEX_POINT( '', #6836 );
#5472 = LINE( '', #6837, #6838 );
#5473 = VERTEX_POINT( '', #6839 );
#5474 = LINE( '', #6840, #6841 );
#5475 = VERTEX_POINT( '', #6842 );
#5476 = LINE( '', #6843, #6844 );
#5477 = VERTEX_POINT( '', #6845 );
#5478 = LINE( '', #6846, #6847 );
#5479 = VERTEX_POINT( '', #6848 );
#5480 = LINE( '', #6849, #6850 );
#5481 = VERTEX_POINT( '', #6851 );
#5482 = LINE( '', #6852, #6853 );
#5483 = VERTEX_POINT( '', #6854 );
#5484 = LINE( '', #6855, #6856 );
#5485 = LINE( '', #6857, #6858 );
#5486 = FILL_AREA_STYLE_COLOUR( '', #6859 );
#5487 = VERTEX_POINT( '', #6860 );
#5488 = VERTEX_POINT( '', #6861 );
#5489 = CIRCLE( '', #6862, 0.200000000000000 );
#5490 = VERTEX_POINT( '', #6863 );
#5491 = LINE( '', #6864, #6865 );
#5492 = VERTEX_POINT( '', #6866 );
#5493 = ELLIPSE( '', #6867, 0.282842712500000, 0.200000000000000 );
#5494 = LINE( '', #6868, #6869 );
#5495 = FILL_AREA_STYLE_COLOUR( '', #6870 );
#5496 = VERTEX_POINT( '', #6871 );
#5497 = VERTEX_POINT( '', #6872 );
#5498 = LINE( '', #6873, #6874 );
#5499 = LINE( '', #6875, #6876 );
#5500 = VERTEX_POINT( '', #6877 );
#5501 = LINE( '', #6878, #6879 );
#5502 = VERTEX_POINT( '', #6880 );
#5503 = LINE( '', #6881, #6882 );
#5504 = LINE( '', #6883, #6884 );
#5505 = FILL_AREA_STYLE_COLOUR( '', #6885 );
#5506 = VERTEX_POINT( '', #6886 );
#5507 = VERTEX_POINT( '', #6887 );
#5508 = LINE( '', #6888, #6889 );
#5509 = VERTEX_POINT( '', #6890 );
#5510 = LINE( '', #6891, #6892 );
#5511 = VERTEX_POINT( '', #6893 );
#5512 = LINE( '', #6894, #6895 );
#5513 = LINE( '', #6896, #6897 );
#5514 = FILL_AREA_STYLE_COLOUR( '', #6898 );
#5515 = VERTEX_POINT( '', #6899 );
#5516 = VERTEX_POINT( '', #6900 );
#5517 = LINE( '', #6901, #6902 );
#5518 = VERTEX_POINT( '', #6903 );
#5519 = CIRCLE( '', #6904, 3.70000000000000 );
#5520 = LINE( '', #6905, #6906 );
#5521 = VERTEX_POINT( '', #6907 );
#5522 = LINE( '', #6908, #6909 );
#5523 = VERTEX_POINT( '', #6910 );
#5524 = CIRCLE( '', #6911, 3.70000000000000 );
#5525 = VERTEX_POINT( '', #6912 );
#5526 = LINE( '', #6913, #6914 );
#5527 = CIRCLE( '', #6915, 3.70000000000000 );
#5528 = FILL_AREA_STYLE_COLOUR( '', #6916 );
#5529 = VERTEX_POINT( '', #6917 );
#5530 = VERTEX_POINT( '', #6918 );
#5531 = LINE( '', #6919, #6920 );
#5532 = VERTEX_POINT( '', #6921 );
#5533 = LINE( '', #6922, #6923 );
#5534 = VERTEX_POINT( '', #6924 );
#5535 = LINE( '', #6925, #6926 );
#5536 = LINE( '', #6927, #6928 );
#5537 = FILL_AREA_STYLE_COLOUR( '', #6929 );
#5538 = VERTEX_POINT( '', #6930 );
#5539 = VERTEX_POINT( '', #6931 );
#5540 = CIRCLE( '', #6932, 0.400000000000000 );
#5541 = VERTEX_POINT( '', #6933 );
#5542 = LINE( '', #6934, #6935 );
#5543 = VERTEX_POINT( '', #6936 );
#5544 = B_SPLINE_CURVE_WITH_KNOTS( '', 3, ( #6937, #6938, #6939, #6940, #6941, #6942, #6943, #6944, #6945, #6946, #6947, #6948, #6949, #6950, #6951, #6952 ), .UNSPECIFIED., .F., .F., ( 4, 3, 3, 3, 3, 4 ), ( 0.000000000000000, 0.104605045378757, 0.156868809773379, 0.209208708306347, 0.314143455278264, 0.418904337184182 ), .UNSPECIFIED. );
#5545 = VERTEX_POINT( '', #6953 );
#5546 = ELLIPSE( '', #6954, 1.16952176010000, 0.400000000000000 );
#5547 = LINE( '', #6955, #6956 );
#5548 = FILL_AREA_STYLE_COLOUR( '', #6957 );
#5549 = VERTEX_POINT( '', #6958 );
#5550 = VERTEX_POINT( '', #6959 );
#5551 = LINE( '', #6960, #6961 );
#5552 = VERTEX_POINT( '', #6962 );
#5553 = LINE( '', #6963, #6964 );
#5554 = VERTEX_POINT( '', #6965 );
#5555 = LINE( '', #6966, #6967 );
#5556 = LINE( '', #6968, #6969 );
#5557 = FILL_AREA_STYLE_COLOUR( '', #6970 );
#5558 = VERTEX_POINT( '', #6971 );
#5559 = VERTEX_POINT( '', #6972 );
#5560 = LINE( '', #6973, #6974 );
#5561 = VERTEX_POINT( '', #6975 );
#5562 = LINE( '', #6976, #6977 );
#5563 = VERTEX_POINT( '', #6978 );
#5564 = LINE( '', #6979, #6980 );
#5565 = VERTEX_POINT( '', #6981 );
#5566 = CIRCLE( '', #6982, 2.35074787290000 );
#5567 = VERTEX_POINT( '', #6983 );
#5568 = LINE( '', #6984, #6985 );
#5569 = LINE( '', #6986, #6987 );
#5570 = FILL_AREA_STYLE_COLOUR( '', #6988 );
#5571 = VERTEX_POINT( '', #6989 );
#5572 = VERTEX_POINT( '', #6990 );
#5573 = CIRCLE( '', #6991, 0.400000000000000 );
#5574 = VERTEX_POINT( '', #6992 );
#5575 = LINE( '', #6993, #6994 );
#5576 = VERTEX_POINT( '', #6995 );
#5577 = B_SPLINE_CURVE_WITH_KNOTS( '', 3, ( #6996, #6997, #6998, #6999, #7000, #7001, #7002, #7003, #7004, #7005, #7006, #7007, #7008, #7009, #7010, #7011 ), .UNSPECIFIED., .F., .F., ( 4, 3, 3, 3, 3, 4 ), ( 0.000000000000000, 0.104605045378756, 0.156868809773384, 0.209208708306402, 0.314143455278304, 0.418904337184178 ), .UNSPECIFIED. );
#5578 = VERTEX_POINT( '', #7012 );
#5579 = ELLIPSE( '', #7013, 1.16952176010000, 0.400000000000000 );
#5580 = LINE( '', #7014, #7015 );
#5581 = FILL_AREA_STYLE_COLOUR( '', #7016 );
#5582 = VERTEX_POINT( '', #7017 );
#5583 = VERTEX_POINT( '', #7018 );
#5584 = LINE( '', #7019, #7020 );
#5585 = VERTEX_POINT( '', #7021 );
#5586 = LINE( '', #7022, #7023 );
#5587 = VERTEX_POINT( '', #7024 );
#5588 = LINE( '', #7025, #7026 );
#5589 = VERTEX_POINT( '', #7027 );
#5590 = LINE( '', #7028, #7029 );
#5591 = VERTEX_POINT( '', #7030 );
#5592 = LINE( '', #7031, #7032 );
#5593 = VERTEX_POINT( '', #7033 );
#5594 = LINE( '', #7034, #7035 );
#5595 = VERTEX_POINT( '', #7036 );
#5596 = LINE( '', #7037, #7038 );
#5597 = LINE( '', #7039, #7040 );
#5598 = FILL_AREA_STYLE_COLOUR( '', #7041 );
#5599 = VERTEX_POINT( '', #7042 );
#5600 = VERTEX_POINT( '', #7043 );
#5601 = LINE( '', #7044, #7045 );
#5602 = VERTEX_POINT( '', #7046 );
#5603 = LINE( '', #7047, #7048 );
#5604 = VERTEX_POINT( '', #7049 );
#5605 = LINE( '', #7050, #7051 );
#5606 = LINE( '', #7052, #7053 );
#5607 = FILL_AREA_STYLE_COLOUR( '', #7054 );
#5608 = VERTEX_POINT( '', #7055 );
#5609 = VERTEX_POINT( '', #7056 );
#5610 = LINE( '', #7057, #7058 );
#5611 = VERTEX_POINT( '', #7059 );
#5612 = LINE( '', #7060, #7061 );
#5613 = VERTEX_POINT( '', #7062 );
#5614 = LINE( '', #7063, #7064 );
#5615 = VERTEX_POINT( '', #7065 );
#5616 = LINE( '', #7066, #7067 );
#5617 = VERTEX_POINT( '', #7068 );
#5618 = LINE( '', #7069, #7070 );
#5619 = VERTEX_POINT( '', #7071 );
#5620 = LINE( '', #7072, #7073 );
#5621 = VERTEX_POINT( '', #7074 );
#5622 = LINE( '', #7075, #7076 );
#5623 = VERTEX_POINT( '', #7077 );
#5624 = LINE( '', #7078, #7079 );
#5625 = VERTEX_POINT( '', #7080 );
#5626 = LINE( '', #7081, #7082 );
#5627 = LINE( '', #7083, #7084 );
#5628 = FILL_AREA_STYLE_COLOUR( '', #7085 );
#5629 = VERTEX_POINT( '', #7086 );
#5630 = VERTEX_POINT( '', #7087 );
#5631 = LINE( '', #7088, #7089 );
#5632 = VERTEX_POINT( '', #7090 );
#5633 = LINE( '', #7091, #7092 );
#5634 = VERTEX_POINT( '', #7093 );
#5635 = LINE( '', #7094, #7095 );
#5636 = LINE( '', #7096, #7097 );
#5637 = FILL_AREA_STYLE_COLOUR( '', #7098 );
#5638 = VERTEX_POINT( '', #7099 );
#5639 = VERTEX_POINT( '', #7100 );
#5640 = LINE( '', #7101, #7102 );
#5641 = VERTEX_POINT( '', #7103 );
#5642 = CIRCLE( '', #7104, 3.70000000000000 );
#5643 = VERTEX_POINT( '', #7105 );
#5644 = LINE( '', #7106, #7107 );
#5645 = VERTEX_POINT( '', #7108 );
#5646 = CIRCLE( '', #7109, 3.70000000000000 );
#5647 = VERTEX_POINT( '', #7110 );
#5648 = LINE( '', #7111, #7112 );
#5649 = VERTEX_POINT( '', #7113 );
#5650 = CIRCLE( '', #7114, 3.70000000000000 );
#5651 = VERTEX_POINT( '', #7115 );
#5652 = LINE( '', #7116, #7117 );
#5653 = CIRCLE( '', #7118, 3.70000000000000 );
#5654 = FILL_AREA_STYLE_COLOUR( '', #7119 );
#5655 = VERTEX_POINT( '', #7120 );
#5656 = VERTEX_POINT( '', #7121 );
#5657 = LINE( '', #7122, #7123 );
#5658 = VERTEX_POINT( '', #7124 );
#5659 = ELLIPSE( '', #7125, 0.638506663500000, 0.600000000000000 );
#5660 = VERTEX_POINT( '', #7126 );
#5661 = ELLIPSE( '', #7127, 1.16952176010000, 0.400000000000000 );
#5662 = LINE( '', #7128, #7129 );
#5663 = FILL_AREA_STYLE_COLOUR( '', #7130 );
#5664 = VERTEX_POINT( '', #7131 );
#5665 = VERTEX_POINT( '', #7132 );
#5666 = LINE( '', #7133, #7134 );
#5667 = VERTEX_POINT( '', #7135 );
#5668 = LINE( '', #7136, #7137 );
#5669 = VERTEX_POINT( '', #7138 );
#5670 = LINE( '', #7139, #7140 );
#5671 = LINE( '', #7141, #7142 );
#5672 = FILL_AREA_STYLE_COLOUR( '', #7143 );
#5673 = VERTEX_POINT( '', #7144 );
#5674 = VERTEX_POINT( '', #7145 );
#5675 = LINE( '', #7146, #7147 );
#5676 = VERTEX_POINT( '', #7148 );
#5677 = ELLIPSE( '', #7149, 0.638506663500000, 0.600000000000000 );
#5678 = VERTEX_POINT( '', #7150 );
#5679 = ELLIPSE( '', #7151, 1.16952176010000, 0.400000000000000 );
#5680 = LINE( '', #7152, #7153 );
#5681 = FILL_AREA_STYLE_COLOUR( '', #7154 );
#5682 = VERTEX_POINT( '', #7155 );
#5683 = LINE( '', #7156, #7157 );
#5684 = VERTEX_POINT( '', #7158 );
#5685 = LINE( '', #7159, #7160 );
#5686 = VERTEX_POINT( '', #7161 );
#5687 = LINE( '', #7162, #7163 );
#5688 = LINE( '', #7164, #7165 );
#5689 = FILL_AREA_STYLE_COLOUR( '', #7166 );
#5690 = VERTEX_POINT( '', #7167 );
#5691 = LINE( '', #7168, #7169 );
#5692 = VERTEX_POINT( '', #7170 );
#5693 = LINE( '', #7171, #7172 );
#5694 = LINE( '', #7173, #7174 );
#5695 = FILL_AREA_STYLE_COLOUR( '', #7175 );
#5696 = VERTEX_POINT( '', #7176 );
#5697 = VERTEX_POINT( '', #7177 );
#5698 = LINE( '', #7178, #7179 );
#5699 = VERTEX_POINT( '', #7180 );
#5700 = ELLIPSE( '', #7181, 1.16952176010000, 0.400000000000000 );
#5701 = VERTEX_POINT( '', #7182 );
#5702 = B_SPLINE_CURVE_WITH_KNOTS( '', 3, ( #7183, #7184, #7185, #7186, #7187, #7188, #7189, #7190, #7191, #7192, #7193, #7194, #7195, #7196, #7197, #7198 ), .UNSPECIFIED., .F., .F., ( 4, 3, 3, 3, 3, 4 ), ( 0.000000000000000, 0.104760881905871, 0.209695628877767, 0.262035527410792, 0.314299291805414, 0.418904337184175 ), .UNSPECIFIED. );
#5703 = VERTEX_POINT( '', #7199 );
#5704 = LINE( '', #7200, #7201 );
#5705 = CIRCLE( '', #7202, 0.400000000000000 );
#5706 = FILL_AREA_STYLE_COLOUR( '', #7203 );
#5707 = VERTEX_POINT( '', #7204 );
#5708 = LINE( '', #7205, #7206 );
#5709 = VERTEX_POINT( '', #7207 );
#5710 = LINE( '', #7208, #7209 );
#5711 = LINE( '', #7210, #7211 );
#5712 = FILL_AREA_STYLE_COLOUR( '', #7212 );
#5713 = VERTEX_POINT( '', #7213 );
#5714 = LINE( '', #7214, #7215 );
#5715 = VERTEX_POINT( '', #7216 );
#5716 = LINE( '', #7217, #7218 );
#5717 = VERTEX_POINT( '', #7219 );
#5718 = CIRCLE( '', #7220, 3.70000000000000 );
#5719 = VERTEX_POINT( '', #7221 );
#5720 = LINE( '', #7222, #7223 );
#5721 = LINE( '', #7224, #7225 );
#5722 = FILL_AREA_STYLE_COLOUR( '', #7226 );
#5723 = VERTEX_POINT( '', #7227 );
#5724 = LINE( '', #7228, #7229 );
#5725 = VERTEX_POINT( '', #7230 );
#5726 = LINE( '', #7231, #7232 );
#5727 = LINE( '', #7233, #7234 );
#5728 = FILL_AREA_STYLE_COLOUR( '', #7235 );
#5729 = VERTEX_POINT( '', #7236 );
#5730 = VERTEX_POINT( '', #7237 );
#5731 = ELLIPSE( '', #7238, 0.638506663500000, 0.600000000000000 );
#5732 = VERTEX_POINT( '', #7239 );
#5733 = LINE( '', #7240, #7241 );
#5734 = VERTEX_POINT( '', #7242 );
#5735 = LINE( '', #7243, #7244 );
#5736 = ELLIPSE( '', #7245, 1.16952176010000, 0.400000000000000 );
#5737 = FILL_AREA_STYLE_COLOUR( '', #7246 );
#5738 = VERTEX_POINT( '', #7247 );
#5739 = LINE( '', #7248, #7249 );
#5740 = VERTEX_POINT( '', #7250 );
#5741 = LINE( '', #7251, #7252 );
#5742 = LINE( '', #7253, #7254 );
#5743 = FILL_AREA_STYLE_COLOUR( '', #7255 );
#5744 = VERTEX_POINT( '', #7256 );
#5745 = VERTEX_POINT( '', #7257 );
#5746 = LINE( '', #7258, #7259 );
#5747 = VERTEX_POINT( '', #7260 );
#5748 = LINE( '', #7261, #7262 );
#5749 = VERTEX_POINT( '', #7263 );
#5750 = CIRCLE( '', #7264, 3.70000000000000 );
#5751 = LINE( '', #7265, #7266 );
#5752 = FILL_AREA_STYLE_COLOUR( '', #7267 );
#5753 = VERTEX_POINT( '', #7268 );
#5754 = VERTEX_POINT( '', #7269 );
#5755 = LINE( '', #7270, #7271 );
#5756 = VERTEX_POINT( '', #7272 );
#5757 = LINE( '', #7273, #7274 );
#5758 = VERTEX_POINT( '', #7275 );
#5759 = LINE( '', #7276, #7277 );
#5760 = LINE( '', #7278, #7279 );
#5761 = FILL_AREA_STYLE_COLOUR( '', #7280 );
#5762 = VERTEX_POINT( '', #7281 );
#5763 = VERTEX_POINT( '', #7282 );
#5764 = LINE( '', #7283, #7284 );
#5765 = VERTEX_POINT( '', #7285 );
#5766 = LINE( '', #7286, #7287 );
#5767 = VERTEX_POINT( '', #7288 );
#5768 = LINE( '', #7289, #7290 );
#5769 = LINE( '', #7291, #7292 );
#5770 = FILL_AREA_STYLE_COLOUR( '', #7293 );
#5771 = VERTEX_POINT( '', #7294 );
#5772 = VERTEX_POINT( '', #7295 );
#5773 = LINE( '', #7296, #7297 );
#5774 = VERTEX_POINT( '', #7298 );
#5775 = LINE( '', #7299, #7300 );
#5776 = VERTEX_POINT( '', #7301 );
#5777 = LINE( '', #7302, #7303 );
#5778 = LINE( '', #7304, #7305 );
#5779 = FILL_AREA_STYLE_COLOUR( '', #7306 );
#5780 = VERTEX_POINT( '', #7307 );
#5781 = VERTEX_POINT( '', #7308 );
#5782 = LINE( '', #7309, #7310 );
#5783 = LINE( '', #7311, #7312 );
#5784 = LINE( '', #7313, #7314 );
#5785 = FILL_AREA_STYLE_COLOUR( '', #7315 );
#5786 = VERTEX_POINT( '', #7316 );
#5787 = VERTEX_POINT( '', #7317 );
#5788 = LINE( '', #7318, #7319 );
#5789 = VERTEX_POINT( '', #7320 );
#5790 = LINE( '', #7321, #7322 );
#5791 = VERTEX_POINT( '', #7323 );
#5792 = LINE( '', #7324, #7325 );
#5793 = LINE( '', #7326, #7327 );
#5794 = FILL_AREA_STYLE_COLOUR( '', #7328 );
#5795 = VERTEX_POINT( '', #7329 );
#5796 = VERTEX_POINT( '', #7330 );
#5797 = LINE( '', #7331, #7332 );
#5798 = VERTEX_POINT( '', #7333 );
#5799 = LINE( '', #7334, #7335 );
#5800 = VERTEX_POINT( '', #7336 );
#5801 = LINE( '', #7337, #7338 );
#5802 = LINE( '', #7339, #7340 );
#5803 = FILL_AREA_STYLE_COLOUR( '', #7341 );
#5804 = VERTEX_POINT( '', #7342 );
#5805 = VERTEX_POINT( '', #7343 );
#5806 = LINE( '', #7344, #7345 );
#5807 = LINE( '', #7346, #7347 );
#5808 = VERTEX_POINT( '', #7348 );
#5809 = LINE( '', #7349, #7350 );
#5810 = LINE( '', #7351, #7352 );
#5811 = FILL_AREA_STYLE_COLOUR( '', #7353 );
#5812 = VERTEX_POINT( '', #7354 );
#5813 = VERTEX_POINT( '', #7355 );
#5814 = LINE( '', #7356, #7357 );
#5815 = VERTEX_POINT( '', #7358 );
#5816 = LINE( '', #7359, #7360 );
#5817 = VERTEX_POINT( '', #7361 );
#5818 = LINE( '', #7362, #7363 );
#5819 = LINE( '', #7364, #7365 );
#5820 = FILL_AREA_STYLE_COLOUR( '', #7366 );
#5821 = VERTEX_POINT( '', #7367 );
#5822 = LINE( '', #7368, #7369 );
#5823 = LINE( '', #7370, #7371 );
#5824 = VERTEX_POINT( '', #7372 );
#5825 = LINE( '', #7373, #7374 );
#5826 = VERTEX_POINT( '', #7375 );
#5827 = LINE( '', #7376, #7377 );
#5828 = LINE( '', #7378, #7379 );
#5829 = FILL_AREA_STYLE_COLOUR( '', #7380 );
#5830 = VERTEX_POINT( '', #7381 );
#5831 = VERTEX_POINT( '', #7382 );
#5832 = LINE( '', #7383, #7384 );
#5833 = LINE( '', #7385, #7386 );
#5834 = VERTEX_POINT( '', #7387 );
#5835 = LINE( '', #7388, #7389 );
#5836 = VERTEX_POINT( '', #7390 );
#5837 = LINE( '', #7391, #7392 );
#5838 = LINE( '', #7393, #7394 );
#5839 = VERTEX_POINT( '', #7395 );
#5840 = LINE( '', #7396, #7397 );
#5841 = LINE( '', #7398, #7399 );
#5842 = FILL_AREA_STYLE_COLOUR( '', #7400 );
#5843 = VERTEX_POINT( '', #7401 );
#5844 = VERTEX_POINT( '', #7402 );
#5845 = LINE( '', #7403, #7404 );
#5846 = VERTEX_POINT( '', #7405 );
#5847 = LINE( '', #7406, #7407 );
#5848 = VERTEX_POINT( '', #7408 );
#5849 = LINE( '', #7409, #7410 );
#5850 = VERTEX_POINT( '', #7411 );
#5851 = LINE( '', #7412, #7413 );
#5852 = CIRCLE( '', #7414, 3.70000000000000 );
#5853 = FILL_AREA_STYLE_COLOUR( '', #7415 );
#5854 = VERTEX_POINT( '', #7416 );
#5855 = LINE( '', #7417, #7418 );
#5856 = VERTEX_POINT( '', #7419 );
#5857 = LINE( '', #7420, #7421 );
#5858 = LINE( '', #7422, #7423 );
#5859 = FILL_AREA_STYLE_COLOUR( '', #7424 );
#5860 = VERTEX_POINT( '', #7425 );
#5861 = VERTEX_POINT( '', #7426 );
#5862 = LINE( '', #7427, #7428 );
#5863 = VERTEX_POINT( '', #7429 );
#5864 = LINE( '', #7430, #7431 );
#5865 = VERTEX_POINT( '', #7432 );
#5866 = LINE( '', #7433, #7434 );
#5867 = LINE( '', #7435, #7436 );
#5868 = FILL_AREA_STYLE_COLOUR( '', #7437 );
#5869 = VERTEX_POINT( '', #7438 );
#5870 = VERTEX_POINT( '', #7439 );
#5871 = CIRCLE( '', #7440, 0.200000000000000 );
#5872 = VERTEX_POINT( '', #7441 );
#5873 = LINE( '', #7442, #7443 );
#5874 = VERTEX_POINT( '', #7444 );
#5875 = ELLIPSE( '', #7445, 0.282842712500000, 0.200000000000000 );
#5876 = LINE( '', #7446, #7447 );
#5877 = FILL_AREA_STYLE_COLOUR( '', #7448 );
#5878 = LINE( '', #7449, #7450 );
#5879 = VERTEX_POINT( '', #7451 );
#5880 = LINE( '', #7452, #7453 );
#5881 = VERTEX_POINT( '', #7454 );
#5882 = CIRCLE( '', #7455, 2.35074787290000 );
#5883 = LINE( '', #7456, #7457 );
#5884 = FILL_AREA_STYLE_COLOUR( '', #7458 );
#5885 = VERTEX_POINT( '', #7459 );
#5886 = VERTEX_POINT( '', #7460 );
#5887 = LINE( '', #7461, #7462 );
#5888 = VERTEX_POINT( '', #7463 );
#5889 = ELLIPSE( '', #7464, 0.638506663500000, 0.600000000000000 );
#5890 = VERTEX_POINT( '', #7465 );
#5891 = B_SPLINE_CURVE_WITH_KNOTS( '', 3, ( #7466, #7467, #7468, #7469, #7470, #7471, #7472, #7473, #7474, #7475, #7476, #7477, #7478, #7479, #7480, #7481 ), .UNSPECIFIED., .F., .F., ( 4, 3, 3, 3, 3, 4 ), ( 0.000000000000000, 0.104605045378762, 0.156868809773386, 0.209208708306408, 0.314143455278315, 0.418904337184186 ), .UNSPECIFIED. );
#5892 = LINE( '', #7482, #7483 );
#5893 = ELLIPSE( '', #7484, 0.638506663500000, 0.600000000000000 );
#5894 = FILL_AREA_STYLE_COLOUR( '', #7485 );
#5895 = VERTEX_POINT( '', #7486 );
#5896 = VERTEX_POINT( '', #7487 );
#5897 = CIRCLE( '', #7488, 0.400000000000000 );
#5898 = VERTEX_POINT( '', #7489 );
#5899 = LINE( '', #7490, #7491 );
#5900 = VERTEX_POINT( '', #7492 );
#5901 = B_SPLINE_CURVE_WITH_KNOTS( '', 3, ( #7493, #7494, #7495, #7496, #7497, #7498, #7499, #7500, #7501, #7502, #7503, #7504, #7505, #7506, #7507, #7508 ), .UNSPECIFIED., .F., .F., ( 4, 3, 3, 3, 3, 4 ), ( 0.000000000000000, 0.104605045378758, 0.156868809773383, 0.209208708306409, 0.314143455278310, 0.418904337184183 ), .UNSPECIFIED. );
#5902 = VERTEX_POINT( '', #7509 );
#5903 = ELLIPSE( '', #7510, 1.16952176010000, 0.400000000000000 );
#5904 = LINE( '', #7511, #7512 );
#5905 = FILL_AREA_STYLE_COLOUR( '', #7513 );
#5906 = VERTEX_POINT( '', #7514 );
#5907 = ELLIPSE( '', #7515, 0.282842712500000, 0.200000000000000 );
#5908 = VERTEX_POINT( '', #7516 );
#5909 = LINE( '', #7517, #7518 );
#5910 = ELLIPSE( '', #7519, 0.282842712500000, 0.200000000000000 );
#5911 = FILL_AREA_STYLE_COLOUR( '', #7520 );
#5912 = VERTEX_POINT( '', #7521 );
#5913 = VERTEX_POINT( '', #7522 );
#5914 = LINE( '', #7523, #7524 );
#5915 = VERTEX_POINT( '', #7525 );
#5916 = LINE( '', #7526, #7527 );
#5917 = VERTEX_POINT( '', #7528 );
#5918 = LINE( '', #7529, #7530 );
#5919 = LINE( '', #7531, #7532 );
#5920 = FILL_AREA_STYLE_COLOUR( '', #7533 );
#5921 = VERTEX_POINT( '', #7534 );
#5922 = VERTEX_POINT( '', #7535 );
#5923 = LINE( '', #7536, #7537 );
#5924 = LINE( '', #7538, #7539 );
#5925 = VERTEX_POINT( '', #7540 );
#5926 = LINE( '', #7541, #7542 );
#5927 = VERTEX_POINT( '', #7543 );
#5928 = LINE( '', #7544, #7545 );
#5929 = LINE( '', #7546, #7547 );
#5930 = LINE( '', #7548, #7549 );
#5931 = FILL_AREA_STYLE_COLOUR( '', #7550 );
#5932 = LINE( '', #7551, #7552 );
#5933 = LINE( '', #7553, #7554 );
#5934 = FILL_AREA_STYLE_COLOUR( '', #7555 );
#5935 = VERTEX_POINT( '', #7556 );
#5936 = VERTEX_POINT( '', #7557 );
#5937 = CIRCLE( '', #7558, 0.400000000000000 );
#5938 = VERTEX_POINT( '', #7559 );
#5939 = LINE( '', #7560, #7561 );
#5940 = VERTEX_POINT( '', #7562 );
#5941 = B_SPLINE_CURVE_WITH_KNOTS( '', 3, ( #7563, #7564, #7565, #7566, #7567, #7568, #7569, #7570, #7571, #7572, #7573, #7574, #7575, #7576, #7577, #7578 ), .UNSPECIFIED., .F., .F., ( 4, 3, 3, 3, 3, 4 ), ( 0.000000000000000, 0.104605045378758, 0.156868809773383, 0.209208708306407, 0.314143455278308, 0.418904337184180 ), .UNSPECIFIED. );
#5942 = VERTEX_POINT( '', #7579 );
#5943 = ELLIPSE( '', #7580, 1.16952176010000, 0.400000000000000 );
#5944 = LINE( '', #7581, #7582 );
#5945 = FILL_AREA_STYLE_COLOUR( '', #7583 );
#5946 = VERTEX_POINT( '', #7584 );
#5947 = VERTEX_POINT( '', #7585 );
#5948 = LINE( '', #7586, #7587 );
#5949 = VERTEX_POINT( '', #7588 );
#5950 = LINE( '', #7589, #7590 );
#5951 = VERTEX_POINT( '', #7591 );
#5952 = LINE( '', #7592, #7593 );
#5953 = LINE( '', #7594, #7595 );
#5954 = FILL_AREA_STYLE_COLOUR( '', #7596 );
#5955 = VERTEX_POINT( '', #7597 );
#5956 = LINE( '', #7598, #7599 );
#5957 = LINE( '', #7600, #7601 );
#5958 = FILL_AREA_STYLE_COLOUR( '', #7602 );
#5959 = VERTEX_POINT( '', #7603 );
#5960 = VERTEX_POINT( '', #7604 );
#5961 = LINE( '', #7605, #7606 );
#5962 = VERTEX_POINT( '', #7607 );
#5963 = ELLIPSE( '', #7608, 0.638506663500000, 0.600000000000000 );
#5964 = VERTEX_POINT( '', #7609 );
#5965 = ELLIPSE( '', #7610, 1.16952176010000, 0.400000000000000 );
#5966 = LINE( '', #7611, #7612 );
#5967 = FILL_AREA_STYLE_COLOUR( '', #7613 );
#5968 = VERTEX_POINT( '', #7614 );
#5969 = LINE( '', #7615, #7616 );
#5970 = VERTEX_POINT( '', #7617 );
#5971 = B_SPLINE_CURVE_WITH_KNOTS( '', 3, ( #7618, #7619, #7620, #7621, #7622, #7623, #7624, #7625, #7626, #7627, #7628, #7629, #7630, #7631, #7632, #7633 ), .UNSPECIFIED., .F., .F., ( 4, 3, 3, 3, 3, 4 ), ( 0.000000000000000, 0.104605045378757, 0.156868809773386, 0.209208708306411, 0.314143455278315, 0.418904337184189 ), .UNSPECIFIED. );
#5972 = VERTEX_POINT( '', #7634 );
#5973 = LINE( '', #7635, #7636 );
#5974 = VERTEX_POINT( '', #7637 );
#5975 = B_SPLINE_CURVE_WITH_KNOTS( '', 3, ( #7638, #7639, #7640, #7641, #7642, #7643, #7644, #7645, #7646, #7647, #7648, #7649, #7650, #7651, #7652, #7653 ), .UNSPECIFIED., .F., .F., ( 4, 3, 3, 3, 3, 4 ), ( 0.000000000000000, 0.104760881905873, 0.209695628877781, 0.262035527410802, 0.314299291805427, 0.418904337184183 ), .UNSPECIFIED. );
#5976 = ELLIPSE( '', #7654, 0.638506663500000, 0.600000000000000 );
#5977 = FILL_AREA_STYLE_COLOUR( '', #7655 );
#5978 = VERTEX_POINT( '', #7656 );
#5979 = VERTEX_POINT( '', #7657 );
#5980 = LINE( '', #7658, #7659 );
#5981 = VERTEX_POINT( '', #7660 );
#5982 = LINE( '', #7661, #7662 );
#5983 = VERTEX_POINT( '', #7663 );
#5984 = LINE( '', #7664, #7665 );
#5985 = LINE( '', #7666, #7667 );
#5986 = FILL_AREA_STYLE_COLOUR( '', #7668 );
#5987 = VERTEX_POINT( '', #7669 );
#5988 = VERTEX_POINT( '', #7670 );
#5989 = LINE( '', #7671, #7672 );
#5990 = LINE( '', #7673, #7674 );
#5991 = LINE( '', #7675, #7676 );
#5992 = FILL_AREA_STYLE_COLOUR( '', #7677 );
#5993 = VERTEX_POINT( '', #7678 );
#5994 = LINE( '', #7679, #7680 );
#5995 = VERTEX_POINT( '', #7681 );
#5996 = LINE( '', #7682, #7683 );
#5997 = LINE( '', #7684, #7685 );
#5998 = FILL_AREA_STYLE_COLOUR( '', #7686 );
#5999 = VERTEX_POINT( '', #7687 );
#6000 = LINE( '', #7688, #7689 );
#6001 = VERTEX_POINT( '', #7690 );
#6002 = LINE( '', #7691, #7692 );
#6003 = VERTEX_POINT( '', #7693 );
#6004 = LINE( '', #7694, #7695 );
#6005 = LINE( '', #7696, #7697 );
#6006 = FILL_AREA_STYLE_COLOUR( '', #7698 );
#6007 = VERTEX_POINT( '', #7699 );
#6008 = VERTEX_POINT( '', #7700 );
#6009 = LINE( '', #7701, #7702 );
#6010 = VERTEX_POINT( '', #7703 );
#6011 = LINE( '', #7704, #7705 );
#6012 = VERTEX_POINT( '', #7706 );
#6013 = LINE( '', #7707, #7708 );
#6014 = LINE( '', #7709, #7710 );
#6015 = LINE( '', #7711, #7712 );
#6016 = FILL_AREA_STYLE_COLOUR( '', #7713 );
#6017 = VERTEX_POINT( '', #7714 );
#6018 = LINE( '', #7715, #7716 );
#6019 = VERTEX_POINT( '', #7717 );
#6020 = LINE( '', #7718, #7719 );
#6021 = LINE( '', #7720, #7721 );
#6022 = FILL_AREA_STYLE_COLOUR( '', #7722 );
#6023 = VERTEX_POINT( '', #7723 );
#6024 = VERTEX_POINT( '', #7724 );
#6025 = LINE( '', #7725, #7726 );
#6026 = VERTEX_POINT( '', #7727 );
#6027 = LINE( '', #7728, #7729 );
#6028 = VERTEX_POINT( '', #7730 );
#6029 = LINE( '', #7731, #7732 );
#6030 = LINE( '', #7733, #7734 );
#6031 = FILL_AREA_STYLE_COLOUR( '', #7735 );
#6032 = VERTEX_POINT( '', #7736 );
#6033 = LINE( '', #7737, #7738 );
#6034 = VERTEX_POINT( '', #7739 );
#6035 = CIRCLE( '', #7740, 0.400000000000000 );
#6036 = VERTEX_POINT( '', #7741 );
#6037 = LINE( '', #7742, #7743 );
#6038 = ELLIPSE( '', #7744, 1.16952176010000, 0.400000000000000 );
#6039 = FILL_AREA_STYLE_COLOUR( '', #7745 );
#6040 = VERTEX_POINT( '', #7746 );
#6041 = VERTEX_POINT( '', #7747 );
#6042 = LINE( '', #7748, #7749 );
#6043 = LINE( '', #7750, #7751 );
#6044 = LINE( '', #7752, #7753 );
#6045 = FILL_AREA_STYLE_COLOUR( '', #7754 );
#6046 = VERTEX_POINT( '', #7755 );
#6047 = VERTEX_POINT( '', #7756 );
#6048 = LINE( '', #7757, #7758 );
#6049 = VERTEX_POINT( '', #7759 );
#6050 = LINE( '', #7760, #7761 );
#6051 = VERTEX_POINT( '', #7762 );
#6052 = LINE( '', #7763, #7764 );
#6053 = LINE( '', #7765, #7766 );
#6054 = FILL_AREA_STYLE_COLOUR( '', #7767 );
#6055 = LINE( '', #7768, #7769 );
#6056 = LINE( '', #7770, #7771 );
#6057 = VERTEX_POINT( '', #7772 );
#6058 = LINE( '', #7773, #7774 );
#6059 = VERTEX_POINT( '', #7775 );
#6060 = LINE( '', #7776, #7777 );
#6061 = VERTEX_POINT( '', #7778 );
#6062 = LINE( '', #7779, #7780 );
#6063 = LINE( '', #7781, #7782 );
#6064 = VERTEX_POINT( '', #7783 );
#6065 = LINE( '', #7784, #7785 );
#6066 = VERTEX_POINT( '', #7786 );
#6067 = LINE( '', #7787, #7788 );
#6068 = LINE( '', #7789, #7790 );
#6069 = VERTEX_POINT( '', #7791 );
#6070 = LINE( '', #7792, #7793 );
#6071 = VERTEX_POINT( '', #7794 );
#6072 = LINE( '', #7795, #7796 );
#6073 = LINE( '', #7797, #7798 );
#6074 = LINE( '', #7799, #7800 );
#6075 = VERTEX_POINT( '', #7801 );
#6076 = LINE( '', #7802, #7803 );
#6077 = VERTEX_POINT( '', #7804 );
#6078 = LINE( '', #7805, #7806 );
#6079 = VERTEX_POINT( '', #7807 );
#6080 = LINE( '', #7808, #7809 );
#6081 = VERTEX_POINT( '', #7810 );
#6082 = LINE( '', #7811, #7812 );
#6083 = VERTEX_POINT( '', #7813 );
#6084 = LINE( '', #7814, #7815 );
#6085 = LINE( '', #7816, #7817 );
#6086 = VERTEX_POINT( '', #7818 );
#6087 = LINE( '', #7819, #7820 );
#6088 = LINE( '', #7821, #7822 );
#6089 = VERTEX_POINT( '', #7823 );
#6090 = LINE( '', #7824, #7825 );
#6091 = VERTEX_POINT( '', #7826 );
#6092 = LINE( '', #7827, #7828 );
#6093 = LINE( '', #7829, #7830 );
#6094 = VERTEX_POINT( '', #7831 );
#6095 = LINE( '', #7832, #7833 );
#6096 = VERTEX_POINT( '', #7834 );
#6097 = LINE( '', #7835, #7836 );
#6098 = VERTEX_POINT( '', #7837 );
#6099 = LINE( '', #7838, #7839 );
#6100 = LINE( '', #7840, #7841 );
#6101 = VERTEX_POINT( '', #7842 );
#6102 = LINE( '', #7843, #7844 );
#6103 = VERTEX_POINT( '', #7845 );
#6104 = LINE( '', #7846, #7847 );
#6105 = VERTEX_POINT( '', #7848 );
#6106 = LINE( '', #7849, #7850 );
#6107 = VERTEX_POINT( '', #7851 );
#6108 = LINE( '', #7852, #7853 );
#6109 = LINE( '', #7854, #7855 );
#6110 = FILL_AREA_STYLE_COLOUR( '', #7856 );
#6111 = VERTEX_POINT( '', #7857 );
#6112 = LINE( '', #7858, #7859 );
#6113 = VERTEX_POINT( '', #7860 );
#6114 = LINE( '', #7861, #7862 );
#6115 = LINE( '', #7863, #7864 );
#6116 = FILL_AREA_STYLE_COLOUR( '', #7865 );
#6117 = LINE( '', #7866, #7867 );
#6118 = LINE( '', #7868, #7869 );
#6119 = FILL_AREA_STYLE_COLOUR( '', #7870 );
#6120 = VERTEX_POINT( '', #7871 );
#6121 = VERTEX_POINT( '', #7872 );
#6122 = LINE( '', #7873, #7874 );
#6123 = VERTEX_POINT( '', #7875 );
#6124 = LINE( '', #7876, #7877 );
#6125 = VERTEX_POINT( '', #7878 );
#6126 = LINE( '', #7879, #7880 );
#6127 = LINE( '', #7881, #7882 );
#6128 = FILL_AREA_STYLE_COLOUR( '', #7883 );
#6129 = VERTEX_POINT( '', #7884 );
#6130 = VERTEX_POINT( '', #7885 );
#6131 = LINE( '', #7886, #7887 );
#6132 = VERTEX_POINT( '', #7888 );
#6133 = LINE( '', #7889, #7890 );
#6134 = VERTEX_POINT( '', #7891 );
#6135 = LINE( '', #7892, #7893 );
#6136 = LINE( '', #7894, #7895 );
#6137 = FILL_AREA_STYLE_COLOUR( '', #7896 );
#6138 = VERTEX_POINT( '', #7897 );
#6139 = LINE( '', #7898, #7899 );
#6140 = VERTEX_POINT( '', #7900 );
#6141 = LINE( '', #7901, #7902 );
#6142 = LINE( '', #7903, #7904 );
#6143 = FILL_AREA_STYLE_COLOUR( '', #7905 );
#6144 = VERTEX_POINT( '', #7906 );
#6145 = VERTEX_POINT( '', #7907 );
#6146 = LINE( '', #7908, #7909 );
#6147 = CIRCLE( '', #7910, 0.400000000000000 );
#6148 = CIRCLE( '', #7911, 0.400000000000000 );
#6149 = VERTEX_POINT( '', #7912 );
#6150 = LINE( '', #7913, #7914 );
#6151 = VERTEX_POINT( '', #7915 );
#6152 = LINE( '', #7916, #7917 );
#6153 = VERTEX_POINT( '', #7918 );
#6154 = LINE( '', #7919, #7920 );
#6155 = VERTEX_POINT( '', #7921 );
#6156 = LINE( '', #7922, #7923 );
#6157 = VERTEX_POINT( '', #7924 );
#6158 = LINE( '', #7925, #7926 );
#6159 = VERTEX_POINT( '', #7927 );
#6160 = LINE( '', #7928, #7929 );
#6161 = VERTEX_POINT( '', #7930 );
#6162 = CIRCLE( '', #7931, 0.400000000000000 );
#6163 = LINE( '', #7932, #7933 );
#6164 = VERTEX_POINT( '', #7934 );
#6165 = LINE( '', #7935, #7936 );
#6166 = LINE( '', #7937, #7938 );
#6167 = FILL_AREA_STYLE_COLOUR( '', #7939 );
#6168 = VERTEX_POINT( '', #7940 );
#6169 = ELLIPSE( '', #7941, 0.638506663500000, 0.600000000000000 );
#6170 = VERTEX_POINT( '', #7942 );
#6171 = LINE( '', #7943, #7944 );
#6172 = LINE( '', #7945, #7946 );
#6173 = FILL_AREA_STYLE_COLOUR( '', #7947 );
#6174 = VERTEX_POINT( '', #7948 );
#6175 = LINE( '', #7949, #7950 );
#6176 = LINE( '', #7951, #7952 );
#6177 = FILL_AREA_STYLE_COLOUR( '', #7953 );
#6178 = LINE( '', #7954, #7955 );
#6179 = LINE( '', #7956, #7957 );
#6180 = FILL_AREA_STYLE_COLOUR( '', #7958 );
#6181 = VERTEX_POINT( '', #7959 );
#6182 = VERTEX_POINT( '', #7960 );
#6183 = LINE( '', #7961, #7962 );
#6184 = LINE( '', #7963, #7964 );
#6185 = LINE( '', #7965, #7966 );
#6186 = FILL_AREA_STYLE_COLOUR( '', #7967 );
#6187 = LINE( '', #7968, #7969 );
#6188 = LINE( '', #7970, #7971 );
#6189 = VERTEX_POINT( '', #7972 );
#6190 = LINE( '', #7973, #7974 );
#6191 = VERTEX_POINT( '', #7975 );
#6192 = LINE( '', #7976, #7977 );
#6193 = LINE( '', #7978, #7979 );
#6194 = FILL_AREA_STYLE_COLOUR( '', #7980 );
#6195 = VERTEX_POINT( '', #7981 );
#6196 = VERTEX_POINT( '', #7982 );
#6197 = LINE( '', #7983, #7984 );
#6198 = LINE( '', #7985, #7986 );
#6199 = LINE( '', #7987, #7988 );
#6200 = FILL_AREA_STYLE_COLOUR( '', #7989 );
#6201 = VERTEX_POINT( '', #7990 );
#6202 = LINE( '', #7991, #7992 );
#6203 = LINE( '', #7993, #7994 );
#6204 = FILL_AREA_STYLE_COLOUR( '', #7995 );
#6205 = VERTEX_POINT( '', #7996 );
#6206 = LINE( '', #7997, #7998 );
#6207 = LINE( '', #7999, #8000 );
#6208 = FILL_AREA_STYLE_COLOUR( '', #8001 );
#6209 = ELLIPSE( '', #8002, 0.638506663500000, 0.600000000000000 );
#6210 = LINE( '', #8003, #8004 );
#6211 = FILL_AREA_STYLE_COLOUR( '', #8005 );
#6212 = VERTEX_POINT( '', #8006 );
#6213 = VERTEX_POINT( '', #8007 );
#6214 = LINE( '', #8008, #8009 );
#6215 = VERTEX_POINT( '', #8010 );
#6216 = ELLIPSE( '', #8011, 0.638506663500000, 0.600000000000000 );
#6217 = VERTEX_POINT( '', #8012 );
#6218 = ELLIPSE( '', #8013, 1.16952176010000, 0.400000000000000 );
#6219 = LINE( '', #8014, #8015 );
#6220 = FILL_AREA_STYLE_COLOUR( '', #8016 );
#6221 = LINE( '', #8017, #8018 );
#6222 = FILL_AREA_STYLE_COLOUR( '', #8019 );
#6223 = VERTEX_POINT( '', #8020 );
#6224 = VERTEX_POINT( '', #8021 );
#6225 = LINE( '', #8022, #8023 );
#6226 = VERTEX_POINT( '', #8024 );
#6227 = LINE( '', #8025, #8026 );
#6228 = VERTEX_POINT( '', #8027 );
#6229 = LINE( '', #8028, #8029 );
#6230 = LINE( '', #8030, #8031 );
#6231 = FILL_AREA_STYLE_COLOUR( '', #8032 );
#6232 = VERTEX_POINT( '', #8033 );
#6233 = LINE( '', #8034, #8035 );
#6234 = LINE( '', #8036, #8037 );
#6235 = FILL_AREA_STYLE_COLOUR( '', #8038 );
#6236 = VERTEX_POINT( '', #8039 );
#6237 = LINE( '', #8040, #8041 );
#6238 = VERTEX_POINT( '', #8042 );
#6239 = LINE( '', #8043, #8044 );
#6240 = VERTEX_POINT( '', #8045 );
#6241 = LINE( '', #8046, #8047 );
#6242 = LINE( '', #8048, #8049 );
#6243 = FILL_AREA_STYLE_COLOUR( '', #8050 );
#6244 = VERTEX_POINT( '', #8051 );
#6245 = VERTEX_POINT( '', #8052 );
#6246 = LINE( '', #8053, #8054 );
#6247 = VERTEX_POINT( '', #8055 );
#6248 = LINE( '', #8056, #8057 );
#6249 = VERTEX_POINT( '', #8058 );
#6250 = LINE( '', #8059, #8060 );
#6251 = VERTEX_POINT( '', #8061 );
#6252 = LINE( '', #8062, #8063 );
#6253 = CIRCLE( '', #8064, 3.70000000000000 );
#6254 = FILL_AREA_STYLE_COLOUR( '', #8065 );
#6255 = VERTEX_POINT( '', #8066 );
#6256 = LINE( '', #8067, #8068 );
#6257 = LINE( '', #8069, #8070 );
#6258 = FILL_AREA_STYLE_COLOUR( '', #8071 );
#6259 = LINE( '', #8072, #8073 );
#6260 = LINE( '', #8074, #8075 );
#6261 = FILL_AREA_STYLE_COLOUR( '', #8076 );
#6262 = LINE( '', #8077, #8078 );
#6263 = FILL_AREA_STYLE_COLOUR( '', #8079 );
#6264 = VERTEX_POINT( '', #8080 );
#6265 = LINE( '', #8081, #8082 );
#6266 = VERTEX_POINT( '', #8083 );
#6267 = LINE( '', #8084, #8085 );
#6268 = CIRCLE( '', #8086, 2.35074787290000 );
#6269 = FILL_AREA_STYLE_COLOUR( '', #8087 );
#6270 = VERTEX_POINT( '', #8088 );
#6271 = LINE( '', #8089, #8090 );
#6272 = VERTEX_POINT( '', #8091 );
#6273 = LINE( '', #8092, #8093 );
#6274 = LINE( '', #8094, #8095 );
#6275 = FILL_AREA_STYLE_COLOUR( '', #8096 );
#6276 = LINE( '', #8097, #8098 );
#6277 = FILL_AREA_STYLE_COLOUR( '', #8099 );
#6278 = VERTEX_POINT( '', #8100 );
#6279 = LINE( '', #8101, #8102 );
#6280 = LINE( '', #8103, #8104 );
#6281 = FILL_AREA_STYLE_COLOUR( '', #8105 );
#6282 = LINE( '', #8106, #8107 );
#6283 = LINE( '', #8108, #8109 );
#6284 = FILL_AREA_STYLE_COLOUR( '', #8110 );
#6285 = VERTEX_POINT( '', #8111 );
#6286 = VERTEX_POINT( '', #8112 );
#6287 = LINE( '', #8113, #8114 );
#6288 = VERTEX_POINT( '', #8115 );
#6289 = LINE( '', #8116, #8117 );
#6290 = VERTEX_POINT( '', #8118 );
#6291 = LINE( '', #8119, #8120 );
#6292 = LINE( '', #8121, #8122 );
#6293 = FILL_AREA_STYLE_COLOUR( '', #8123 );
#6294 = VERTEX_POINT( '', #8124 );
#6295 = LINE( '', #8125, #8126 );
#6296 = VERTEX_POINT( '', #8127 );
#6297 = LINE( '', #8128, #8129 );
#6298 = LINE( '', #8130, #8131 );
#6299 = FILL_AREA_STYLE_COLOUR( '', #8132 );
#6300 = LINE( '', #8133, #8134 );
#6301 = B_SPLINE_CURVE_WITH_KNOTS( '', 3, ( #8135, #8136, #8137, #8138, #8139, #8140, #8141, #8142, #8143, #8144, #8145, #8146, #8147, #8148, #8149, #8150 ), .UNSPECIFIED., .F., .F., ( 4, 3, 3, 3, 3, 4 ), ( 0.000000000000000, 0.104760881905873, 0.209695628877780, 0.262035527410800, 0.314299291805420, 0.418904337184180 ), .UNSPECIFIED. );
#6302 = FILL_AREA_STYLE_COLOUR( '', #8151 );
#6303 = VERTEX_POINT( '', #8152 );
#6304 = LINE( '', #8153, #8154 );
#6305 = LINE( '', #8155, #8156 );
#6306 = FILL_AREA_STYLE_COLOUR( '', #8157 );
#6307 = LINE( '', #8158, #8159 );
#6308 = FILL_AREA_STYLE_COLOUR( '', #8160 );
#6309 = LINE( '', #8161, #8162 );
#6310 = VERTEX_POINT( '', #8163 );
#6311 = LINE( '', #8164, #8165 );
#6312 = LINE( '', #8166, #8167 );
#6313 = FILL_AREA_STYLE_COLOUR( '', #8168 );
#6314 = LINE( '', #8169, #8170 );
#6315 = ELLIPSE( '', #8171, 1.16952176010000, 0.400000000000000 );
#6316 = FILL_AREA_STYLE_COLOUR( '', #8172 );
#6317 = VERTEX_POINT( '', #8173 );
#6318 = VERTEX_POINT( '', #8174 );
#6319 = LINE( '', #8175, #8176 );
#6320 = VERTEX_POINT( '', #8177 );
#6321 = LINE( '', #8178, #8179 );
#6322 = LINE( '', #8180, #8181 );
#6323 = LINE( '', #8182, #8183 );
#6324 = FILL_AREA_STYLE_COLOUR( '', #8184 );
#6325 = VERTEX_POINT( '', #8185 );
#6326 = LINE( '', #8186, #8187 );
#6327 = VERTEX_POINT( '', #8188 );
#6328 = LINE( '', #8189, #8190 );
#6329 = LINE( '', #8191, #8192 );
#6330 = FILL_AREA_STYLE_COLOUR( '', #8193 );
#6331 = LINE( '', #8194, #8195 );
#6332 = FILL_AREA_STYLE_COLOUR( '', #8196 );
#6333 = VERTEX_POINT( '', #8197 );
#6334 = LINE( '', #8198, #8199 );
#6335 = LINE( '', #8200, #8201 );
#6336 = LINE( '', #8202, #8203 );
#6337 = LINE( '', #8204, #8205 );
#6338 = FILL_AREA_STYLE_COLOUR( '', #8206 );
#6339 = LINE( '', #8207, #8208 );
#6340 = FILL_AREA_STYLE_COLOUR( '', #8209 );
#6341 = VERTEX_POINT( '', #8210 );
#6342 = VERTEX_POINT( '', #8211 );
#6343 = LINE( '', #8212, #8213 );
#6344 = VERTEX_POINT( '', #8214 );
#6345 = LINE( '', #8215, #8216 );
#6346 = VERTEX_POINT( '', #8217 );
#6347 = LINE( '', #8218, #8219 );
#6348 = LINE( '', #8220, #8221 );
#6349 = FILL_AREA_STYLE_COLOUR( '', #8222 );
#6350 = VERTEX_POINT( '', #8223 );
#6351 = LINE( '', #8224, #8225 );
#6352 = LINE( '', #8226, #8227 );
#6353 = FILL_AREA_STYLE_COLOUR( '', #8228 );
#6354 = LINE( '', #8229, #8230 );
#6355 = LINE( '', #8231, #8232 );
#6356 = FILL_AREA_STYLE_COLOUR( '', #8233 );
#6357 = FILL_AREA_STYLE_COLOUR( '', #8234 );
#6358 = VERTEX_POINT( '', #8235 );
#6359 = LINE( '', #8236, #8237 );
#6360 = LINE( '', #8238, #8239 );
#6361 = VERTEX_POINT( '', #8240 );
#6362 = LINE( '', #8241, #8242 );
#6363 = LINE( '', #8243, #8244 );
#6364 = VERTEX_POINT( '', #8245 );
#6365 = LINE( '', #8246, #8247 );
#6366 = VERTEX_POINT( '', #8248 );
#6367 = LINE( '', #8249, #8250 );
#6368 = LINE( '', #8251, #8252 );
#6369 = LINE( '', #8253, #8254 );
#6370 = LINE( '', #8255, #8256 );
#6371 = VERTEX_POINT( '', #8257 );
#6372 = LINE( '', #8258, #8259 );
#6373 = VERTEX_POINT( '', #8260 );
#6374 = LINE( '', #8261, #8262 );
#6375 = LINE( '', #8263, #8264 );
#6376 = VERTEX_POINT( '', #8265 );
#6377 = LINE( '', #8266, #8267 );
#6378 = LINE( '', #8268, #8269 );
#6379 = VERTEX_POINT( '', #8270 );
#6380 = LINE( '', #8271, #8272 );
#6381 = LINE( '', #8273, #8274 );
#6382 = VERTEX_POINT( '', #8275 );
#6383 = LINE( '', #8276, #8277 );
#6384 = LINE( '', #8278, #8279 );
#6385 = LINE( '', #8280, #8281 );
#6386 = LINE( '', #8282, #8283 );
#6387 = LINE( '', #8284, #8285 );
#6388 = VERTEX_POINT( '', #8286 );
#6389 = LINE( '', #8287, #8288 );
#6390 = LINE( '', #8289, #8290 );
#6391 = LINE( '', #8291, #8292 );
#6392 = LINE( '', #8293, #8294 );
#6393 = FILL_AREA_STYLE_COLOUR( '', #8295 );
#6394 = VERTEX_POINT( '', #8296 );
#6395 = VERTEX_POINT( '', #8297 );
#6396 = LINE( '', #8298, #8299 );
#6397 = VERTEX_POINT( '', #8300 );
#6398 = LINE( '', #8301, #8302 );
#6399 = VERTEX_POINT( '', #8303 );
#6400 = LINE( '', #8304, #8305 );
#6401 = LINE( '', #8306, #8307 );
#6402 = FILL_AREA_STYLE_COLOUR( '', #8308 );
#6403 = VERTEX_POINT( '', #8309 );
#6404 = ELLIPSE( '', #8310, 0.638506663500000, 0.600000000000000 );
#6405 = LINE( '', #8311, #8312 );
#6406 = FILL_AREA_STYLE_COLOUR( '', #8313 );
#6407 = VERTEX_POINT( '', #8314 );
#6408 = LINE( '', #8315, #8316 );
#6409 = VERTEX_POINT( '', #8317 );
#6410 = LINE( '', #8318, #8319 );
#6411 = LINE( '', #8320, #8321 );
#6412 = FILL_AREA_STYLE_COLOUR( '', #8322 );
#6413 = LINE( '', #8323, #8324 );
#6414 = FILL_AREA_STYLE_COLOUR( '', #8325 );
#6415 = VERTEX_POINT( '', #8326 );
#6416 = VERTEX_POINT( '', #8327 );
#6417 = LINE( '', #8328, #8329 );
#6418 = VERTEX_POINT( '', #8330 );
#6419 = LINE( '', #8331, #8332 );
#6420 = VERTEX_POINT( '', #8333 );
#6421 = LINE( '', #8334, #8335 );
#6422 = LINE( '', #8336, #8337 );
#6423 = FILL_AREA_STYLE_COLOUR( '', #8338 );
#6424 = VERTEX_POINT( '', #8339 );
#6425 = LINE( '', #8340, #8341 );
#6426 = VERTEX_POINT( '', #8342 );
#6427 = LINE( '', #8343, #8344 );
#6428 = LINE( '', #8345, #8346 );
#6429 = FILL_AREA_STYLE_COLOUR( '', #8347 );
#6430 = VERTEX_POINT( '', #8348 );
#6431 = LINE( '', #8349, #8350 );
#6432 = LINE( '', #8351, #8352 );
#6433 = FILL_AREA_STYLE_COLOUR( '', #8353 );
#6434 = LINE( '', #8354, #8355 );
#6435 = VERTEX_POINT( '', #8356 );
#6436 = LINE( '', #8357, #8358 );
#6437 = LINE( '', #8359, #8360 );
#6438 = FILL_AREA_STYLE_COLOUR( '', #8361 );
#6439 = VERTEX_POINT( '', #8362 );
#6440 = LINE( '', #8363, #8364 );
#6441 = LINE( '', #8365, #8366 );
#6442 = FILL_AREA_STYLE_COLOUR( '', #8367 );
#6443 = VERTEX_POINT( '', #8368 );
#6444 = LINE( '', #8369, #8370 );
#6445 = LINE( '', #8371, #8372 );
#6446 = LINE( '', #8373, #8374 );
#6447 = FILL_AREA_STYLE_COLOUR( '', #8375 );
#6448 = LINE( '', #8376, #8377 );
#6449 = LINE( '', #8378, #8379 );
#6450 = FILL_AREA_STYLE_COLOUR( '', #8380 );
#6451 = FILL_AREA_STYLE_COLOUR( '', #8381 );
#6452 = LINE( '', #8382, #8383 );
#6453 = FILL_AREA_STYLE_COLOUR( '', #8384 );
#6454 = VERTEX_POINT( '', #8385 );
#6455 = LINE( '', #8386, #8387 );
#6456 = VERTEX_POINT( '', #8388 );
#6457 = LINE( '', #8389, #8390 );
#6458 = LINE( '', #8391, #8392 );
#6459 = FILL_AREA_STYLE_COLOUR( '', #8393 );
#6460 = LINE( '', #8394, #8395 );
#6461 = FILL_AREA_STYLE_COLOUR( '', #8396 );
#6462 = LINE( '', #8397, #8398 );
#6463 = LINE( '', #8399, #8400 );
#6464 = FILL_AREA_STYLE_COLOUR( '', #8401 );
#6465 = VERTEX_POINT( '', #8402 );
#6466 = VERTEX_POINT( '', #8403 );
#6467 = LINE( '', #8404, #8405 );
#6468 = LINE( '', #8406, #8407 );
#6469 = LINE( '', #8408, #8409 );
#6470 = LINE( '', #8410, #8411 );
#6471 = FILL_AREA_STYLE_COLOUR( '', #8412 );
#6472 = FILL_AREA_STYLE_COLOUR( '', #8413 );
#6473 = LINE( '', #8414, #8415 );
#6474 = LINE( '', #8416, #8417 );
#6475 = LINE( '', #8418, #8419 );
#6476 = FILL_AREA_STYLE_COLOUR( '', #8420 );
#6477 = VERTEX_POINT( '', #8421 );
#6478 = LINE( '', #8422, #8423 );
#6479 = LINE( '', #8424, #8425 );
#6480 = FILL_AREA_STYLE_COLOUR( '', #8426 );
#6481 = VERTEX_POINT( '', #8427 );
#6482 = LINE( '', #8428, #8429 );
#6483 = VERTEX_POINT( '', #8430 );
#6484 = LINE( '', #8431, #8432 );
#6485 = LINE( '', #8433, #8434 );
#6486 = FILL_AREA_STYLE_COLOUR( '', #8435 );
#6487 = VERTEX_POINT( '', #8436 );
#6488 = ELLIPSE( '', #8437, 0.638506663500000, 0.600000000000000 );
#6489 = ELLIPSE( '', #8438, 1.16952176010000, 0.400000000000000 );
#6490 = FILL_AREA_STYLE_COLOUR( '', #8439 );
#6491 = FILL_AREA_STYLE_COLOUR( '', #8440 );
#6492 = VERTEX_POINT( '', #8441 );
#6493 = LINE( '', #8442, #8443 );
#6494 = VERTEX_POINT( '', #8444 );
#6495 = LINE( '', #8445, #8446 );
#6496 = LINE( '', #8447, #8448 );
#6497 = FILL_AREA_STYLE_COLOUR( '', #8449 );
#6498 = VERTEX_POINT( '', #8450 );
#6499 = ELLIPSE( '', #8451, 0.638506663500000, 0.600000000000000 );
#6500 = ELLIPSE( '', #8452, 1.16952176010000, 0.400000000000000 );
#6501 = FILL_AREA_STYLE_COLOUR( '', #8453 );
#6502 = CIRCLE( '', #8454, 2.35074787290000 );
#6503 = LINE( '', #8455, #8456 );
#6504 = FILL_AREA_STYLE_COLOUR( '', #8457 );
#6505 = FILL_AREA_STYLE_COLOUR( '', #8458 );
#6506 = VERTEX_POINT( '', #8459 );
#6507 = LINE( '', #8460, #8461 );
#6508 = LINE( '', #8462, #8463 );
#6509 = LINE( '', #8464, #8465 );
#6510 = FILL_AREA_STYLE_COLOUR( '', #8466 );
#6511 = FILL_AREA_STYLE_COLOUR( '', #8467 );
#6512 = VERTEX_POINT( '', #8468 );
#6513 = LINE( '', #8469, #8470 );
#6514 = VERTEX_POINT( '', #8471 );
#6515 = LINE( '', #8472, #8473 );
#6516 = LINE( '', #8474, #8475 );
#6517 = FILL_AREA_STYLE_COLOUR( '', #8476 );
#6518 = VERTEX_POINT( '', #8477 );
#6519 = LINE( '', #8478, #8479 );
#6520 = VERTEX_POINT( '', #8480 );
#6521 = LINE( '', #8481, #8482 );
#6522 = LINE( '', #8483, #8484 );
#6523 = FILL_AREA_STYLE_COLOUR( '', #8485 );
#6524 = VERTEX_POINT( '', #8486 );
#6525 = LINE( '', #8487, #8488 );
#6526 = B_SPLINE_CURVE_WITH_KNOTS( '', 3, ( #8489, #8490, #8491, #8492, #8493, #8494, #8495, #8496, #8497, #8498, #8499, #8500, #8501, #8502, #8503, #8504 ), .UNSPECIFIED., .F., .F., ( 4, 3, 3, 3, 3, 4 ), ( 0.000000000000000, 0.104760881905870, 0.209695628877778, 0.262035527410800, 0.314299291805424, 0.418904337184182 ), .UNSPECIFIED. );
#6527 = FILL_AREA_STYLE_COLOUR( '', #8505 );
#6528 = VERTEX_POINT( '', #8506 );
#6529 = LINE( '', #8507, #8508 );
#6530 = LINE( '', #8509, #8510 );
#6531 = FILL_AREA_STYLE_COLOUR( '', #8511 );
#6532 = VERTEX_POINT( '', #8512 );
#6533 = CIRCLE( '', #8513, 0.400000000000000 );
#6534 = VERTEX_POINT( '', #8514 );
#6535 = LINE( '', #8515, #8516 );
#6536 = VERTEX_POINT( '', #8517 );
#6537 = B_SPLINE_CURVE_WITH_KNOTS( '', 3, ( #8518, #8519, #8520, #8521, #8522, #8523, #8524, #8525, #8526, #8527, #8528, #8529, #8530, #8531, #8532, #8533 ), .UNSPECIFIED., .F., .F., ( 4, 3, 3, 3, 3, 4 ), ( 0.000000000000000, 0.104605045378763, 0.156868809773390, 0.209208708306410, 0.314143455278314, 0.418904337184185 ), .UNSPECIFIED. );
#6538 = ELLIPSE( '', #8534, 1.16952176010000, 0.400000000000000 );
#6539 = FILL_AREA_STYLE_COLOUR( '', #8535 );
#6540 = VERTEX_POINT( '', #8536 );
#6541 = LINE( '', #8537, #8538 );
#6542 = LINE( '', #8539, #8540 );
#6543 = FILL_AREA_STYLE_COLOUR( '', #8541 );
#6544 = VERTEX_POINT( '', #8542 );
#6545 = LINE( '', #8543, #8544 );
#6546 = LINE( '', #8545, #8546 );
#6547 = FILL_AREA_STYLE_COLOUR( '', #8547 );
#6548 = LINE( '', #8548, #8549 );
#6549 = FILL_AREA_STYLE_COLOUR( '', #8550 );
#6550 = VERTEX_POINT( '', #8551 );
#6551 = B_SPLINE_CURVE_WITH_KNOTS( '', 3, ( #8552, #8553, #8554, #8555, #8556, #8557, #8558, #8559, #8560, #8561, #8562, #8563, #8564, #8565, #8566, #8567 ), .UNSPECIFIED., .F., .F., ( 4, 3, 3, 3, 3, 4 ), ( 0.000000000000000, 0.104760881905872, 0.209695628877768, 0.262035527410791, 0.314299291805414, 0.418904337184173 ), .UNSPECIFIED. );
#6552 = VERTEX_POINT( '', #8568 );
#6553 = LINE( '', #8569, #8570 );
#6554 = CIRCLE( '', #8571, 0.400000000000000 );
#6555 = FILL_AREA_STYLE_COLOUR( '', #8572 );
#6556 = VERTEX_POINT( '', #8573 );
#6557 = LINE( '', #8574, #8575 );
#6558 = VERTEX_POINT( '', #8576 );
#6559 = LINE( '', #8577, #8578 );
#6560 = LINE( '', #8579, #8580 );
#6561 = FILL_AREA_STYLE_COLOUR( '', #8581 );
#6562 = LINE( '', #8582, #8583 );
#6563 = FILL_AREA_STYLE_COLOUR( '', #8584 );
#6564 = VERTEX_POINT( '', #8585 );
#6565 = VERTEX_POINT( '', #8586 );
#6566 = LINE( '', #8587, #8588 );
#6567 = VERTEX_POINT( '', #8589 );
#6568 = LINE( '', #8590, #8591 );
#6569 = VERTEX_POINT( '', #8592 );
#6570 = LINE( '', #8593, #8594 );
#6571 = LINE( '', #8595, #8596 );
#6572 = FILL_AREA_STYLE_COLOUR( '', #8597 );
#6573 = VERTEX_POINT( '', #8598 );
#6574 = LINE( '', #8599, #8600 );
#6575 = LINE( '', #8601, #8602 );
#6576 = VERTEX_POINT( '', #8603 );
#6577 = LINE( '', #8604, #8605 );
#6578 = LINE( '', #8606, #8607 );
#6579 = FILL_AREA_STYLE_COLOUR( '', #8608 );
#6580 = LINE( '', #8609, #8610 );
#6581 = FILL_AREA_STYLE_COLOUR( '', #8611 );
#6582 = B_SPLINE_CURVE_WITH_KNOTS( '', 3, ( #8612, #8613, #8614, #8615, #8616, #8617, #8618, #8619, #8620, #8621, #8622, #8623, #8624, #8625, #8626, #8627 ), .UNSPECIFIED., .F., .F., ( 4, 3, 3, 3, 3, 4 ), ( 0.000000000000000, 0.104760881905856, 0.209695628877755, 0.262035527410800, 0.314299291805428, 0.418904337184184 ), .UNSPECIFIED. );
#6583 = B_SPLINE_CURVE_WITH_KNOTS( '', 3, ( #8628, #8629, #8630, #8631, #8632, #8633, #8634, #8635, #8636, #8637, #8638, #8639, #8640, #8641, #8642, #8643 ), .UNSPECIFIED., .F., .F., ( 4, 3, 3, 3, 3, 4 ), ( 0.000000000000000, 0.104605045378755, 0.156868809773378, 0.209208708306342, 0.314143455278259, 0.418904337184179 ), .UNSPECIFIED. );
#6584 = FILL_AREA_STYLE_COLOUR( '', #8644 );
#6585 = FILL_AREA_STYLE_COLOUR( '', #8645 );
#6586 = VERTEX_POINT( '', #8646 );
#6587 = LINE( '', #8647, #8648 );
#6588 = LINE( '', #8649, #8650 );
#6589 = FILL_AREA_STYLE_COLOUR( '', #8651 );
#6590 = LINE( '', #8652, #8653 );
#6591 = FILL_AREA_STYLE_COLOUR( '', #8654 );
#6592 = LINE( '', #8655, #8656 );
#6593 = FILL_AREA_STYLE_COLOUR( '', #8657 );
#6594 = VERTEX_POINT( '', #8658 );
#6595 = LINE( '', #8659, #8660 );
#6596 = VERTEX_POINT( '', #8661 );
#6597 = LINE( '', #8662, #8663 );
#6598 = LINE( '', #8664, #8665 );
#6599 = FILL_AREA_STYLE_COLOUR( '', #8666 );
#6600 = LINE( '', #8667, #8668 );
#6601 = LINE( '', #8669, #8670 );
#6602 = FILL_AREA_STYLE_COLOUR( '', #8671 );
#6603 = VERTEX_POINT( '', #8672 );
#6604 = LINE( '', #8673, #8674 );
#6605 = B_SPLINE_CURVE_WITH_KNOTS( '', 3, ( #8675, #8676, #8677, #8678, #8679, #8680, #8681, #8682, #8683, #8684, #8685, #8686, #8687, #8688, #8689, #8690 ), .UNSPECIFIED., .F., .F., ( 4, 3, 3, 3, 3, 4 ), ( 0.000000000000000, 0.104760881905854, 0.209695628877751, 0.262035527410796, 0.314299291805424, 0.418904337184180 ), .UNSPECIFIED. );
#6606 = LINE( '', #8691, #8692 );
#6607 = FILL_AREA_STYLE_COLOUR( '', #8693 );
#6608 = VERTEX_POINT( '', #8694 );
#6609 = LINE( '', #8695, #8696 );
#6610 = CIRCLE( '', #8697, 0.200000000000000 );
#6611 = FILL_AREA_STYLE_COLOUR( '', #8698 );
#6612 = ELLIPSE( '', #8699, 0.638506663500000, 0.600000000000000 );
#6613 = LINE( '', #8700, #8701 );
#6614 = FILL_AREA_STYLE_COLOUR( '', #8702 );
#6615 = LINE( '', #8703, #8704 );
#6616 = FILL_AREA_STYLE_COLOUR( '', #8705 );
#6617 = VERTEX_POINT( '', #8706 );
#6618 = CIRCLE( '', #8707, 3.70000000000000 );
#6619 = LINE( '', #8708, #8709 );
#6620 = FILL_AREA_STYLE_COLOUR( '', #8710 );
#6621 = VERTEX_POINT( '', #8711 );
#6622 = LINE( '', #8712, #8713 );
#6623 = LINE( '', #8714, #8715 );
#6624 = LINE( '', #8716, #8717 );
#6625 = VERTEX_POINT( '', #8718 );
#6626 = LINE( '', #8719, #8720 );
#6627 = LINE( '', #8721, #8722 );
#6628 = VERTEX_POINT( '', #8723 );
#6629 = LINE( '', #8724, #8725 );
#6630 = LINE( '', #8726, #8727 );
#6631 = VERTEX_POINT( '', #8728 );
#6632 = LINE( '', #8729, #8730 );
#6633 = LINE( '', #8731, #8732 );
#6634 = LINE( '', #8733, #8734 );
#6635 = LINE( '', #8735, #8736 );
#6636 = VERTEX_POINT( '', #8737 );
#6637 = LINE( '', #8738, #8739 );
#6638 = LINE( '', #8740, #8741 );
#6639 = VERTEX_POINT( '', #8742 );
#6640 = LINE( '', #8743, #8744 );
#6641 = VERTEX_POINT( '', #8745 );
#6642 = LINE( '', #8746, #8747 );
#6643 = LINE( '', #8748, #8749 );
#6644 = LINE( '', #8750, #8751 );
#6645 = LINE( '', #8752, #8753 );
#6646 = LINE( '', #8754, #8755 );
#6647 = FILL_AREA_STYLE_COLOUR( '', #8756 );
#6648 = FILL_AREA_STYLE_COLOUR( '', #8757 );
#6649 = LINE( '', #8758, #8759 );
#6650 = FILL_AREA_STYLE_COLOUR( '', #8760 );
#6651 = LINE( '', #8761, #8762 );
#6652 = FILL_AREA_STYLE_COLOUR( '', #8763 );
#6653 = LINE( '', #8764, #8765 );
#6654 = FILL_AREA_STYLE_COLOUR( '', #8766 );
#6655 = LINE( '', #8767, #8768 );
#6656 = FILL_AREA_STYLE_COLOUR( '', #8769 );
#6657 = CIRCLE( '', #8770, 3.70000000000000 );
#6658 = FILL_AREA_STYLE_COLOUR( '', #8771 );
#6659 = LINE( '', #8772, #8773 );
#6660 = FILL_AREA_STYLE_COLOUR( '', #8774 );
#6661 = LINE( '', #8775, #8776 );
#6662 = VERTEX_POINT( '', #8777 );
#6663 = CIRCLE( '', #8778, 0.200000000000000 );
#6664 = LINE( '', #8779, #8780 );
#6665 = LINE( '', #8781, #8782 );
#6666 = LINE( '', #8783, #8784 );
#6667 = LINE( '', #8785, #8786 );
#6668 = LINE( '', #8787, #8788 );
#6669 = VERTEX_POINT( '', #8789 );
#6670 = LINE( '', #8790, #8791 );
#6671 = LINE( '', #8792, #8793 );
#6672 = LINE( '', #8794, #8795 );
#6673 = LINE( '', #8796, #8797 );
#6674 = VERTEX_POINT( '', #8798 );
#6675 = LINE( '', #8799, #8800 );
#6676 = LINE( '', #8801, #8802 );
#6677 = LINE( '', #8803, #8804 );
#6678 = FILL_AREA_STYLE_COLOUR( '', #8805 );
#6679 = CIRCLE( '', #8806, 0.400000000000000 );
#6680 = B_SPLINE_CURVE_WITH_KNOTS( '', 3, ( #8807, #8808, #8809, #8810, #8811, #8812, #8813, #8814, #8815, #8816, #8817, #8818, #8819, #8820, #8821, #8822 ), .UNSPECIFIED., .F., .F., ( 4, 3, 3, 3, 3, 4 ), ( 0.000000000000000, 0.104760881905871, 0.209695628877779, 0.262035527410801, 0.314299291805427, 0.418904337184188 ), .UNSPECIFIED. );
#6681 = FILL_AREA_STYLE_COLOUR( '', #8823 );
#6682 = FILL_AREA_STYLE_COLOUR( '', #8824 );
#6683 = LINE( '', #8825, #8826 );
#6684 = FILL_AREA_STYLE_COLOUR( '', #8827 );
#6685 = CIRCLE( '', #8828, 0.400000000000000 );
#6686 = FILL_AREA_STYLE_COLOUR( '', #8829 );
#6687 = LINE( '', #8830, #8831 );
#6688 = FILL_AREA_STYLE_COLOUR( '', #8832 );
#6689 = LINE( '', #8833, #8834 );
#6690 = CIRCLE( '', #8835, 0.400000000000000 );
#6691 = VERTEX_POINT( '', #8836 );
#6692 = LINE( '', #8837, #8838 );
#6693 = VERTEX_POINT( '', #8839 );
#6694 = CIRCLE( '', #8840, 0.400000000000000 );
#6695 = LINE( '', #8841, #8842 );
#6696 = FILL_AREA_STYLE_COLOUR( '', #8843 );
#6697 = LINE( '', #8844, #8845 );
#6698 = FILL_AREA_STYLE_COLOUR( '', #8846 );
#6699 = FILL_AREA_STYLE_COLOUR( '', #8847 );
#6700 = ELLIPSE( '', #8848, 0.638506663500000, 0.600000000000000 );
#6701 = FILL_AREA_STYLE_COLOUR( '', #8849 );
#6702 = LINE( '', #8850, #8851 );
#6703 = FILL_AREA_STYLE_COLOUR( '', #8852 );
#6704 = LINE( '', #8853, #8854 );
#6705 = FILL_AREA_STYLE_COLOUR( '', #8855 );
#6706 = FILL_AREA_STYLE_COLOUR( '', #8856 );
#6707 = FILL_AREA_STYLE_COLOUR( '', #8857 );
#6708 = LINE( '', #8858, #8859 );
#6709 = LINE( '', #8860, #8861 );
#6710 = FILL_AREA_STYLE_COLOUR( '', #8862 );
#6711 = FILL_AREA_STYLE_COLOUR( '', #8863 );
#6712 = LINE( '', #8864, #8865 );
#6713 = FILL_AREA_STYLE_COLOUR( '', #8866 );
#6714 = FILL_AREA_STYLE_COLOUR( '', #8867 );
#6715 = VERTEX_POINT( '', #8868 );
#6716 = LINE( '', #8869, #8870 );
#6717 = LINE( '', #8871, #8872 );
#6718 = FILL_AREA_STYLE_COLOUR( '', #8873 );
#6719 = FILL_AREA_STYLE_COLOUR( '', #8874 );
#6720 = FILL_AREA_STYLE_COLOUR( '', #8875 );
#6721 = FILL_AREA_STYLE_COLOUR( '', #8876 );
#6722 = CIRCLE( '', #8877, 3.70000000000000 );
#6723 = FILL_AREA_STYLE_COLOUR( '', #8878 );
#6724 = FILL_AREA_STYLE_COLOUR( '', #8879 );
#6725 = FILL_AREA_STYLE_COLOUR( '', #8880 );
#6726 = FILL_AREA_STYLE_COLOUR( '', #8881 );
#6727 = LINE( '', #8882, #8883 );
#6728 = FILL_AREA_STYLE_COLOUR( '', #8884 );
#6729 = LINE( '', #8885, #8886 );
#6730 = LINE( '', #8887, #8888 );
#6731 = VERTEX_POINT( '', #8889 );
#6732 = CIRCLE( '', #8890, 0.400000000000000 );
#6733 = LINE( '', #8891, #8892 );
#6734 = FILL_AREA_STYLE_COLOUR( '', #8893 );
#6735 = LINE( '', #8894, #8895 );
#6736 = FILL_AREA_STYLE_COLOUR( '', #8896 );
#6737 = LINE( '', #8897, #8898 );
#6738 = FILL_AREA_STYLE_COLOUR( '', #8899 );
#6739 = FILL_AREA_STYLE_COLOUR( '', #8900 );
#6740 = FILL_AREA_STYLE_COLOUR( '', #8901 );
#6741 = LINE( '', #8902, #8903 );
#6742 = FILL_AREA_STYLE_COLOUR( '', #8904 );
#6743 = FILL_AREA_STYLE_COLOUR( '', #8905 );
#6744 = FILL_AREA_STYLE_COLOUR( '', #8906 );
#6745 = FILL_AREA_STYLE_COLOUR( '', #8907 );
#6746 = FILL_AREA_STYLE_COLOUR( '', #8908 );
#6747 = FILL_AREA_STYLE_COLOUR( '', #8909 );
#6748 = FILL_AREA_STYLE_COLOUR( '', #8910 );
#6749 = FILL_AREA_STYLE_COLOUR( '', #8911 );
#6750 = FILL_AREA_STYLE_COLOUR( '', #8912 );
#6751 = FILL_AREA_STYLE_COLOUR( '', #8913 );
#6752 = LINE( '', #8914, #8915 );
#6753 = FILL_AREA_STYLE_COLOUR( '', #8916 );
#6754 = FILL_AREA_STYLE_COLOUR( '', #8917 );
#6755 = FILL_AREA_STYLE_COLOUR( '', #8918 );
#6756 = CIRCLE( '', #8919, 3.70000000000000 );
#6757 = LINE( '', #8920, #8921 );
#6758 = FILL_AREA_STYLE_COLOUR( '', #8922 );
#6759 = FILL_AREA_STYLE_COLOUR( '', #8923 );
#6760 = FILL_AREA_STYLE_COLOUR( '', #8924 );
#6761 = FILL_AREA_STYLE_COLOUR( '', #8925 );
#6762 = FILL_AREA_STYLE_COLOUR( '', #8926 );
#6763 = FILL_AREA_STYLE_COLOUR( '', #8927 );
#6764 = FILL_AREA_STYLE_COLOUR( '', #8928 );
#6765 = FILL_AREA_STYLE_COLOUR( '', #8929 );
#6766 = COLOUR_RGB( '', 0.866666674600000, 0.866666674600000, 0.866666674600000 );
#6767 = CARTESIAN_POINT( '', ( 0.000000000000000, -5.00000000000000, -3.49000000000000 ) );
#6768 = CARTESIAN_POINT( '', ( 0.000000000000000, -4.31313064513630, -3.24000000000000 ) );
#6769 = CARTESIAN_POINT( '', ( 0.000000000000000, 7.83550830638944, 1.18174296520236 ) );
#6770 = VECTOR( '', #8930, 1000.00000000000 );
#6771 = CARTESIAN_POINT( '', ( 0.509692119699652, -4.71656585905000, -3.38683840931939 ) );
#6772 = AXIS2_PLACEMENT_3D( '', #8931, #8932, #8933 );
#6773 = CARTESIAN_POINT( '', ( 0.200000000000000, -4.31313064513630, -3.24000000000000 ) );
#6774 = AXIS2_PLACEMENT_3D( '', #8934, #8935, #8936 );
#6775 = CARTESIAN_POINT( '', ( 4.44089209850063E-016, -4.31313064513630, -3.24000000000000 ) );
#6776 = VECTOR( '', #8937, 1000.00000000000 );
#6777 = COLOUR_RGB( '', 0.866666674600000, 0.866666674600000, 0.866666674600000 );
#6778 = CARTESIAN_POINT( '', ( 5.08000000000000, -4.31313064513630, -14.6000000000000 ) );
#6779 = CARTESIAN_POINT( '', ( 5.08000000000000, 0.000000000000000, -14.6000000000000 ) );
#6780 = CARTESIAN_POINT( '', ( 5.08000000000000, 7.83550830638944, -14.6000000000000 ) );
#6781 = VECTOR( '', #8938, 1000.00000000000 );
#6782 = CARTESIAN_POINT( '', ( 4.88000000000000, -4.31313064513630, -14.6000000000000 ) );
#6783 = CARTESIAN_POINT( '', ( 5.08000000000000, -4.31313064513630, -14.6000000000000 ) );
#6784 = VECTOR( '', #8939, 1000.00000000000 );
#6785 = CARTESIAN_POINT( '', ( 4.88000000000000, 0.000000000000000, -14.6000000000000 ) );
#6786 = CARTESIAN_POINT( '', ( 4.88000000000000, 7.76723869684921, -14.6000000000000 ) );
#6787 = VECTOR( '', #8940, 1000.00000000000 );
#6788 = CARTESIAN_POINT( '', ( 5.08000000000000, 0.000000000000000, -14.6000000000000 ) );
#6789 = VECTOR( '', #8941, 1000.00000000000 );
#6790 = COLOUR_RGB( '', 0.666666686500000, 0.733333349200000, 0.733333349200000 );
#6791 = CARTESIAN_POINT( '', ( 5.08000000000000, 6.80000000000000, -0.300000000000000 ) );
#6792 = CARTESIAN_POINT( '', ( 2.28000000000000, 6.80000000000000, -0.300000000000000 ) );
#6793 = CARTESIAN_POINT( '', ( 5.08000000000000, 6.80000000000000, -0.300000000000000 ) );
#6794 = VECTOR( '', #8942, 1000.00000000000 );
#6795 = CARTESIAN_POINT( '', ( 0.879999999999979, 4.80059279056104, 1.69940720943896 ) );
#6796 = CARTESIAN_POINT( '', ( 0.179377385370849, 3.80000000000000, 2.70000000000000 ) );
#6797 = VECTOR( '', #8943, 1000.00000000000 );
#6798 = CARTESIAN_POINT( '', ( 0.879999999999979, 4.80000000000000, 1.70000000000000 ) );
#6799 = CARTESIAN_POINT( '', ( 0.879999999999979, 3.80000000000000, 2.70000000000000 ) );
#6800 = VECTOR( '', #8944, 1000.00000000000 );
#6801 = CARTESIAN_POINT( '', ( 5.08000000000000, 4.80000000000000, 1.70000000000000 ) );
#6802 = CARTESIAN_POINT( '', ( 1.24464231331921, 4.80000000000000, 1.70000000000000 ) );
#6803 = VECTOR( '', #8945, 1000.00000000000 );
#6804 = CARTESIAN_POINT( '', ( 5.08000000000000, 15.5559994317211, -9.05599943172105 ) );
#6805 = VECTOR( '', #8946, 1000.00000000000 );
#6806 = COLOUR_RGB( '', 0.866666674600000, 0.866666674600000, 0.866666674600000 );
#6807 = CARTESIAN_POINT( '', ( 10.1600000000000, 26.8000000000012, -2.45000000000000 ) );
#6808 = CARTESIAN_POINT( '', ( 10.1600000000000, 26.8000000000012, -4.00000000000000 ) );
#6809 = CARTESIAN_POINT( '', ( 10.1600000000000, 26.8000000000012, -9.05599943172105 ) );
#6810 = VECTOR( '', #8947, 1000.00000000000 );
#6811 = CARTESIAN_POINT( '', ( 9.56000000000000, 26.8000000000012, -4.00000000000000 ) );
#6812 = CARTESIAN_POINT( '', ( 6.04615820335294, 26.8000000000012, -4.00000000000000 ) );
#6813 = VECTOR( '', #8948, 1000.00000000000 );
#6814 = CARTESIAN_POINT( '', ( 9.56000000000000, 26.8000000000012, -5.55000000000000 ) );
#6815 = CARTESIAN_POINT( '', ( 9.56000000000000, 26.8000000000012, -10.0902740315453 ) );
#6816 = VECTOR( '', #8949, 1000.00000000000 );
#6817 = CARTESIAN_POINT( '', ( 6.50897274729426, 26.8000000000012, -5.55000000000000 ) );
#6818 = CARTESIAN_POINT( '', ( 6.04615820335294, 26.8000000000012, -5.55000000000000 ) );
#6819 = VECTOR( '', #8950, 1000.00000000000 );
#6820 = AXIS2_PLACEMENT_3D( '', #8951, #8952, #8953 );
#6821 = COLOUR_RGB( '', 0.666666686500000, 0.733333349200000, 0.733333349200000 );
#6822 = CARTESIAN_POINT( '', ( 0.000000000000000, 16.4000000000000, 2.00000000000000 ) );
#6823 = CARTESIAN_POINT( '', ( 0.000000000000000, 29.3000000000000, -1.40000000000000 ) );
#6824 = CARTESIAN_POINT( '', ( 0.000000000000000, 7.83550830638944, 4.25730788823846 ) );
#6825 = VECTOR( '', #8954, 1000.00000000000 );
#6826 = CARTESIAN_POINT( '', ( 5.08000000000000, 16.4000000000000, 2.00000000000000 ) );
#6827 = CARTESIAN_POINT( '', ( -20.3200000000000, 16.4000000000000, 2.00000000000000 ) );
#6828 = VECTOR( '', #8955, 1000.00000000000 );
#6829 = CARTESIAN_POINT( '', ( 5.08000000000000, 29.3000000000000, -1.40000000000000 ) );
#6830 = CARTESIAN_POINT( '', ( 5.08000000000000, 7.83550830638944, 4.25730788823846 ) );
#6831 = VECTOR( '', #8956, 1000.00000000000 );
#6832 = CARTESIAN_POINT( '', ( -15.2400000000000, 29.3000000000000, -1.40000000000000 ) );
#6833 = VECTOR( '', #8957, 1000.00000000000 );
#6834 = COLOUR_RGB( '', 0.666666686500000, 0.733333349200000, 0.733333349200000 );
#6835 = CARTESIAN_POINT( '', ( 0.000000000000000, 3.80000000000000, 2.70000000000000 ) );
#6836 = CARTESIAN_POINT( '', ( 5.08000000000000, 3.80000000000000, 2.70000000000000 ) );
#6837 = CARTESIAN_POINT( '', ( -10.1600000000000, 3.80000000000000, 2.70000000000000 ) );
#6838 = VECTOR( '', #8958, 1000.00000000000 );
#6839 = CARTESIAN_POINT( '', ( 5.08000000000000, 16.4000000000000, 2.70000000000000 ) );
#6840 = CARTESIAN_POINT( '', ( 5.08000000000000, 7.83550830638944, 2.70000000000000 ) );
#6841 = VECTOR( '', #8959, 1000.00000000000 );
#6842 = CARTESIAN_POINT( '', ( 0.000000000000000, 16.4000000000000, 2.70000000000000 ) );
#6843 = CARTESIAN_POINT( '', ( -10.1600000000000, 16.4000000000000, 2.70000000000000 ) );
#6844 = VECTOR( '', #8960, 1000.00000000000 );
#6845 = CARTESIAN_POINT( '', ( 0.000000000000000, 15.4000000000000, 2.70000000000000 ) );
#6846 = CARTESIAN_POINT( '', ( 0.000000000000000, 7.83550830638944, 2.70000000000000 ) );
#6847 = VECTOR( '', #8961, 1000.00000000000 );
#6848 = CARTESIAN_POINT( '', ( 4.20000000000000, 15.4000000000000, 2.70000000000000 ) );
#6849 = CARTESIAN_POINT( '', ( -10.1600000000000, 15.4000000000000, 2.70000000000000 ) );
#6850 = VECTOR( '', #8962, 1000.00000000000 );
#6851 = CARTESIAN_POINT( '', ( 4.20000000000000, 4.80000000000000, 2.70000000000000 ) );
#6852 = CARTESIAN_POINT( '', ( 4.20000000000000, 7.83550830638944, 2.70000000000000 ) );
#6853 = VECTOR( '', #8963, 1000.00000000000 );
#6854 = CARTESIAN_POINT( '', ( 0.000000000000000, 4.80000000000000, 2.70000000000000 ) );
#6855 = CARTESIAN_POINT( '', ( -10.1600000000000, 4.80000000000000, 2.70000000000000 ) );
#6856 = VECTOR( '', #8964, 1000.00000000000 );
#6857 = CARTESIAN_POINT( '', ( 0.000000000000000, 7.83550830638944, 2.70000000000000 ) );
#6858 = VECTOR( '', #8965, 1000.00000000000 );
#6859 = COLOUR_RGB( '', 0.666666686500000, 0.733333349200000, 0.733333349200000 );
#6860 = CARTESIAN_POINT( '', ( 0.000000000000000, 23.3000000000000, -1.50000000000000 ) );
#6861 = CARTESIAN_POINT( '', ( 0.000000000000000, 23.5000000000000, -1.70000000000000 ) );
#6862 = AXIS2_PLACEMENT_3D( '', #8966, #8967, #8968 );
#6863 = CARTESIAN_POINT( '', ( 3.88000000000000, 23.5000000000000, -1.70000000000000 ) );
#6864 = CARTESIAN_POINT( '', ( -10.1600000000000, 23.5000000000000, -1.70000000000000 ) );
#6865 = VECTOR( '', #8969, 1000.00000000000 );
#6866 = CARTESIAN_POINT( '', ( 4.08000000000000, 23.3000000000000, -1.50000000000000 ) );
#6867 = AXIS2_PLACEMENT_3D( '', #8970, #8971, #8972 );
#6868 = CARTESIAN_POINT( '', ( 4.08001500000000, 23.3000000000000, -1.50000000000000 ) );
#6869 = VECTOR( '', #8973, 1000.00000000000 );
#6870 = COLOUR_RGB( '', 0.666666686500000, 0.733333349200000, 0.733333349200000 );
#6871 = CARTESIAN_POINT( '', ( 0.879999999999979, 15.4000000000000, 2.70000000000000 ) );
#6872 = CARTESIAN_POINT( '', ( 0.879999999999979, 4.80000000000000, 2.70000000000000 ) );
#6873 = CARTESIAN_POINT( '', ( 0.879999999999979, 7.83550830638944, 2.70000000000000 ) );
#6874 = VECTOR( '', #8974, 1000.00000000000 );
#6875 = CARTESIAN_POINT( '', ( 0.879999999999979, 4.80000000000000, 1.88165904106093 ) );
#6876 = VECTOR( '', #8975, 1000.00000000000 );
#6877 = CARTESIAN_POINT( '', ( 0.879999999999979, 15.1828007249077, 1.69940720943896 ) );
#6878 = CARTESIAN_POINT( '', ( 0.879999999999979, 15.4000000000000, 1.69940720943896 ) );
#6879 = VECTOR( '', #8976, 1000.00000000000 );
#6880 = CARTESIAN_POINT( '', ( 0.879999999999979, 15.4000000000000, 1.88165904106093 ) );
#6881 = CARTESIAN_POINT( '', ( 0.879999999999979, 4.39009331078496, -7.35674960115568 ) );
#6882 = VECTOR( '', #8977, 1000.00000000000 );
#6883 = CARTESIAN_POINT( '', ( 0.879999999999979, 15.4000000000000, 1.88165904106093 ) );
#6884 = VECTOR( '', #8978, 1000.00000000000 );
#6885 = COLOUR_RGB( '', 0.666666686500000, 0.733333349200000, 0.733333349200000 );
#6886 = CARTESIAN_POINT( '', ( 0.000000000000000, 15.4000000000000, 1.88165904106093 ) );
#6887 = CARTESIAN_POINT( '', ( 0.000000000000000, 15.4000000000000, 2.70000000000000 ) );
#6888 = CARTESIAN_POINT( '', ( 0.000000000000000, 15.4000000000000, -9.05599943172105 ) );
#6889 = VECTOR( '', #8979, 1000.00000000000 );
#6890 = CARTESIAN_POINT( '', ( 4.20000000000000, 15.4000000000000, 1.88165904106093 ) );
#6891 = CARTESIAN_POINT( '', ( -3.83535768668077, 15.4000000000000, 1.88165904106093 ) );
#6892 = VECTOR( '', #8980, 1000.00000000000 );
#6893 = CARTESIAN_POINT( '', ( 4.20000000000000, 15.4000000000000, 2.70000000000000 ) );
#6894 = CARTESIAN_POINT( '', ( 4.20000000000000, 15.4000000000000, 12.7000000000000 ) );
#6895 = VECTOR( '', #8981, 1000.00000000000 );
#6896 = CARTESIAN_POINT( '', ( 0.000000000000000, 15.4000000000000, 2.70000000000000 ) );
#6897 = VECTOR( '', #8982, 1000.00000000000 );
#6898 = COLOUR_RGB( '', 0.666666686500000, 0.733333349200000, 0.733333349200000 );
#6899 = CARTESIAN_POINT( '', ( 10.1600000000000, 26.8000000000012, -9.85000000000000 ) );
#6900 = CARTESIAN_POINT( '', ( 10.1600000000000, 29.3000000000000, -9.85000000000000 ) );
#6901 = CARTESIAN_POINT( '', ( 10.1600000000000, 29.2000000000000, -9.85000000000000 ) );
#6902 = VECTOR( '', #8983, 1000.00000000000 );
#6903 = CARTESIAN_POINT( '', ( 10.1600000000000, 29.3000000000000, -2.45000000000000 ) );
#6904 = AXIS2_PLACEMENT_3D( '', #8984, #8985, #8986 );
#6905 = CARTESIAN_POINT( '', ( 10.1600000000000, 29.2000000000000, -2.45000000000000 ) );
#6906 = VECTOR( '', #8987, 1000.00000000000 );
#6907 = CARTESIAN_POINT( '', ( 6.50897274729426, 25.6000000000012, -5.55000000000000 ) );
#6908 = CARTESIAN_POINT( '', ( 6.50897274729426, 29.2000000000000, -5.55000000000000 ) );
#6909 = VECTOR( '', #8988, 1000.00000000000 );
#6910 = CARTESIAN_POINT( '', ( 6.50897274729426, 25.6000000000012, -6.75000000000000 ) );
#6911 = AXIS2_PLACEMENT_3D( '', #8989, #8990, #8991 );
#6912 = CARTESIAN_POINT( '', ( 6.50897274729426, 26.8000000000012, -6.75000000000000 ) );
#6913 = CARTESIAN_POINT( '', ( 6.50897274729426, 29.2000000000000, -6.75000000000000 ) );
#6914 = VECTOR( '', #8992, 1000.00000000000 );
#6915 = AXIS2_PLACEMENT_3D( '', #8993, #8994, #8995 );
#6916 = COLOUR_RGB( '', 0.666666686500000, 0.733333349200000, 0.733333349200000 );
#6917 = CARTESIAN_POINT( '', ( 5.96000000000000, 15.1828007249077, 1.69940720943896 ) );
#6918 = CARTESIAN_POINT( '', ( 5.96000000000000, 4.80059279056104, 1.69940720943896 ) );
#6919 = CARTESIAN_POINT( '', ( 5.96000000000000, 15.4000000000000, 1.69940720943896 ) );
#6920 = VECTOR( '', #8996, 1000.00000000000 );
#6921 = CARTESIAN_POINT( '', ( 7.36000000000000, 6.80000000000000, -0.300000000000000 ) );
#6922 = CARTESIAN_POINT( '', ( 5.25937738537087, 3.80000000000000, 2.70000000000000 ) );
#6923 = VECTOR( '', #8997, 1000.00000000000 );
#6924 = CARTESIAN_POINT( '', ( 7.36000000000000, 12.8000000000000, -0.300000000000000 ) );
#6925 = CARTESIAN_POINT( '', ( 7.36000000000000, 7.83550830638944, -0.300000000000020 ) );
#6926 = VECTOR( '', #8998, 1000.00000000000 );
#6927 = CARTESIAN_POINT( '', ( 12.3011892659876, 4.39009331078496, -7.35674960115568 ) );
#6928 = VECTOR( '', #8999, 1000.00000000000 );
#6929 = COLOUR_RGB( '', 0.866666674600000, 0.866666674600000, 0.866666674600000 );
#6930 = CARTESIAN_POINT( '', ( 0.200000000000000, 0.000000000000000, -14.6000000000000 ) );
#6931 = CARTESIAN_POINT( '', ( 0.600000000000000, 0.000000000000000, -14.2000000000000 ) );
#6932 = AXIS2_PLACEMENT_3D( '', #9000, #9001, #9002 );
#6933 = CARTESIAN_POINT( '', ( 0.600000000000000, -4.40000000000000, -14.2000000000000 ) );
#6934 = CARTESIAN_POINT( '', ( 0.600000000000000, 7.76723869684921, -14.2000000000000 ) );
#6935 = VECTOR( '', #9003, 1000.00000000000 );
#6936 = CARTESIAN_POINT( '', ( 0.509692119699656, -4.71656585905000, -14.4531615906806 ) );
#6937 = CARTESIAN_POINT( '', ( 0.509692119699655, -4.71656585905000, -14.4531615906806 ) );
#6938 = CARTESIAN_POINT( '', ( 0.525128576902592, -4.69171213472220, -14.4342782002777 ) );
#6939 = CARTESIAN_POINT( '', ( 0.538470399376028, -4.66617484832710, -14.4144356120047 ) );
#6940 = CARTESIAN_POINT( '', ( 0.549792582807716, -4.64026675985170, -14.3940235784968 ) );
#6941 = CARTESIAN_POINT( '', ( 0.555455482149262, -4.62730857929820, -14.3838143028912 ) );
#6942 = CARTESIAN_POINT( '', ( 0.560606633653934, -4.61427571588660, -14.3734764081303 ) );
#6943 = CARTESIAN_POINT( '', ( 0.565274856673423, -4.60115749156530, -14.3630161926994 ) );
#6944 = CARTESIAN_POINT( '', ( 0.569944901378214, -4.58803414810630, -14.3525518953682 ) );
#6945 = CARTESIAN_POINT( '', ( 0.574135661868513, -4.57481100118610, -14.3419535452822 ) );
#6946 = CARTESIAN_POINT( '', ( 0.577852459651699, -4.56151326532040, -14.3312536427502 ) );
#6947 = CARTESIAN_POINT( '', ( 0.585286047606805, -4.53491782082010, -14.3098538595973 ) );
#6948 = CARTESIAN_POINT( '', ( 0.590823857734543, -4.50802341012510, -14.2880479697861 ) );
#6949 = CARTESIAN_POINT( '', ( 0.594502541417606, -4.48103535183920, -14.2660889159789 ) );
#6950 = CARTESIAN_POINT( '', ( 0.598181249777978, -4.45404711251230, -14.2441297148662 ) );
#6951 = CARTESIAN_POINT( '', ( 0.600000000000000, -4.42696580599360, -14.2220174883955 ) );
#6952 = CARTESIAN_POINT( '', ( 0.600000000000000, -4.40000000000000, -14.2000000000000 ) );
#6953 = CARTESIAN_POINT( '', ( 0.200000000000000, -4.31313064513630, -14.6000000000000 ) );
#6954 = AXIS2_PLACEMENT_3D( '', #9004, #9005, #9006 );
#6955 = CARTESIAN_POINT( '', ( 0.200000000000000, 7.76723869684921, -14.6000000000000 ) );
#6956 = VECTOR( '', #9007, 1000.00000000000 );
#6957 = COLOUR_RGB( '', 0.866666674600000, 0.866666674600000, 0.866666674600000 );
#6958 = CARTESIAN_POINT( '', ( 3.51527910627901, 25.6000000000012, -6.75000000000000 ) );
#6959 = CARTESIAN_POINT( '', ( 3.51527910627901, 25.6000000000012, -5.55000000000000 ) );
#6960 = CARTESIAN_POINT( '', ( 3.51527910627901, 25.6000000000012, -10.0902740315453 ) );
#6961 = VECTOR( '', #9008, 1000.00000000000 );
#6962 = CARTESIAN_POINT( '', ( 3.90546517713170, 24.8000000000012, -5.55000000000000 ) );
#6963 = CARTESIAN_POINT( '', ( 2.93000000000000, 26.8000000000012, -5.55000000000000 ) );
#6964 = VECTOR( '', #9009, 1000.00000000000 );
#6965 = CARTESIAN_POINT( '', ( 3.90546517713170, 24.8000000000012, -6.75000000000000 ) );
#6966 = CARTESIAN_POINT( '', ( 3.90546517713170, 24.8000000000012, -6.15000000000000 ) );
#6967 = VECTOR( '', #9010, 1000.00000000000 );
#6968 = CARTESIAN_POINT( '', ( 2.93000000000000, 26.8000000000012, -6.75000000000000 ) );
#6969 = VECTOR( '', #9011, 1000.00000000000 );
#6970 = COLOUR_RGB( '', 0.666666686500000, 0.733333349200000, 0.733333349200000 );
#6971 = CARTESIAN_POINT( '', ( 6.28000000000000, 23.5000000000000, -1.70000000000000 ) );
#6972 = CARTESIAN_POINT( '', ( 6.28000000000000, 23.5000000000000, -10.6000000000000 ) );
#6973 = CARTESIAN_POINT( '', ( 6.28000000000000, 23.5000000000000, -9.05599943172105 ) );
#6974 = VECTOR( '', #9012, 1000.00000000000 );
#6975 = CARTESIAN_POINT( '', ( 10.1600000000000, 23.5000000000000, -10.6000000000000 ) );
#6976 = CARTESIAN_POINT( '', ( 0.000000000000000, 23.5000000000000, -10.6000000000000 ) );
#6977 = VECTOR( '', #9013, 1000.00000000000 );
#6978 = CARTESIAN_POINT( '', ( 10.1600000000000, 23.5000000000000, -8.50074787290323 ) );
#6979 = CARTESIAN_POINT( '', ( 10.1600000000000, 23.5000000000000, -9.05599943172105 ) );
#6980 = VECTOR( '', #9014, 1000.00000000000 );
#6981 = CARTESIAN_POINT( '', ( 10.1600000000000, 23.5000000000000, -3.79925212709677 ) );
#6982 = AXIS2_PLACEMENT_3D( '', #9015, #9016, #9017 );
#6983 = CARTESIAN_POINT( '', ( 10.1600000000000, 23.5000000000000, -1.70000000000000 ) );
#6984 = CARTESIAN_POINT( '', ( 10.1600000000000, 23.5000000000000, -9.05599943172105 ) );
#6985 = VECTOR( '', #9018, 1000.00000000000 );
#6986 = CARTESIAN_POINT( '', ( 0.000000000000000, 23.5000000000000, -1.70000000000000 ) );
#6987 = VECTOR( '', #9019, 1000.00000000000 );
#6988 = COLOUR_RGB( '', 0.866666674600000, 0.866666674600000, 0.866666674600000 );
#6989 = CARTESIAN_POINT( '', ( 4.48000000000000, 0.000000000000000, -3.64000000000000 ) );
#6990 = CARTESIAN_POINT( '', ( 4.88000000000000, 0.000000000000000, -3.24000000000000 ) );
#6991 = AXIS2_PLACEMENT_3D( '', #9020, #9021, #9022 );
#6992 = CARTESIAN_POINT( '', ( 4.48000000000000, -4.40000000000000, -3.64000000000000 ) );
#6993 = CARTESIAN_POINT( '', ( 4.48000000000000, 7.07093599974894, -3.64000000000000 ) );
#6994 = VECTOR( '', #9023, 1000.00000000000 );
#6995 = CARTESIAN_POINT( '', ( 4.57030788030033, -4.71656585905000, -3.38683840931939 ) );
#6996 = CARTESIAN_POINT( '', ( 4.57030788030033, -4.71656585905000, -3.38683840931939 ) );
#6997 = CARTESIAN_POINT( '', ( 4.55487142309739, -4.69171213472220, -3.40572179972225 ) );
#6998 = CARTESIAN_POINT( '', ( 4.54152960062395, -4.66617484832710, -3.42556438799532 ) );
#6999 = CARTESIAN_POINT( '', ( 4.53020741719227, -4.64026675985170, -3.44597642150319 ) );
#7000 = CARTESIAN_POINT( '', ( 4.52454451785072, -4.62730857929820, -3.45618569710879 ) );
#7001 = CARTESIAN_POINT( '', ( 4.51939336634605, -4.61427571588660, -3.46652359186967 ) );
#7002 = CARTESIAN_POINT( '', ( 4.51472514332655, -4.60115749156530, -3.47698380730060 ) );
#7003 = CARTESIAN_POINT( '', ( 4.51005509862250, -4.58803414810840, -3.48744810463010 ) );
#7004 = CARTESIAN_POINT( '', ( 4.50586433813204, -4.57481100118820, -3.49804645471612 ) );
#7005 = CARTESIAN_POINT( '', ( 4.50214754034827, -4.56151326532040, -3.50874635724987 ) );
#7006 = CARTESIAN_POINT( '', ( 4.49471395239316, -4.53491782082000, -3.53014614040274 ) );
#7007 = CARTESIAN_POINT( '', ( 4.48917614226542, -4.50802341012510, -3.55195203021395 ) );
#7008 = CARTESIAN_POINT( '', ( 4.48549745858237, -4.48103535183920, -3.57391108402114 ) );
#7009 = CARTESIAN_POINT( '', ( 4.48181875022200, -4.45404711251230, -3.59587028513384 ) );
#7010 = CARTESIAN_POINT( '', ( 4.48000000000000, -4.42696580599350, -3.61798251160440 ) );
#7011 = CARTESIAN_POINT( '', ( 4.48000000000000, -4.40000000000000, -3.64000000000000 ) );
#7012 = CARTESIAN_POINT( '', ( 4.88000000000000, -4.31313064513630, -3.24000000000000 ) );
#7013 = AXIS2_PLACEMENT_3D( '', #9024, #9025, #9026 );
#7014 = CARTESIAN_POINT( '', ( 4.88000000000000, 7.07093599974894, -3.24000000000000 ) );
#7015 = VECTOR( '', #9027, 1000.00000000000 );
#7016 = COLOUR_RGB( '', 0.866666674600000, 0.866666674600000, 0.866666674600000 );
#7017 = CARTESIAN_POINT( '', ( 5.08000000000000, 6.80000000000000, -1.50000000000000 ) );
#7018 = CARTESIAN_POINT( '', ( 5.08000000000000, 6.70000000000000, -1.50000000000000 ) );
#7019 = CARTESIAN_POINT( '', ( 5.08000000000000, 7.83550830638944, -1.50000000000000 ) );
#7020 = VECTOR( '', #9028, 1000.00000000000 );
#7021 = CARTESIAN_POINT( '', ( 2.33000000000000, 6.80000000000000, -1.50000000000000 ) );
#7022 = CARTESIAN_POINT( '', ( 5.08000000000000, 6.80000000000000, -1.50000000000000 ) );
#7023 = VECTOR( '', #9029, 1000.00000000000 );
#7024 = CARTESIAN_POINT( '', ( 2.33000000000000, 12.8000000000000, -1.50000000000000 ) );
#7025 = CARTESIAN_POINT( '', ( 2.33000000000000, 6.80000000000000, -1.50000000000000 ) );
#7026 = VECTOR( '', #9030, 1000.00000000000 );
#7027 = CARTESIAN_POINT( '', ( 5.08000000000000, 12.8000000000000, -1.50000000000000 ) );
#7028 = CARTESIAN_POINT( '', ( 5.08000000000000, 12.8000000000000, -1.50000000000000 ) );
#7029 = VECTOR( '', #9031, 1000.00000000000 );
#7030 = CARTESIAN_POINT( '', ( 5.08000000000000, 12.9000000000000, -1.50000000000000 ) );
#7031 = CARTESIAN_POINT( '', ( 5.08000000000000, 7.83550830638944, -1.50000000000000 ) );
#7032 = VECTOR( '', #9032, 1000.00000000000 );
#7033 = CARTESIAN_POINT( '', ( 2.28000000000000, 12.9000000000000, -1.50000000000000 ) );
#7034 = CARTESIAN_POINT( '', ( 7.88000000000000, 12.9000000000000, -1.50000000000000 ) );
#7035 = VECTOR( '', #9033, 1000.00000000000 );
#7036 = CARTESIAN_POINT( '', ( 2.28000000000000, 6.70000000000000, -1.50000000000000 ) );
#7037 = CARTESIAN_POINT( '', ( 2.28000000000000, 7.83550830638944, -1.50000000000000 ) );
#7038 = VECTOR( '', #9034, 1000.00000000000 );
#7039 = CARTESIAN_POINT( '', ( 7.88000000000000, 6.70000000000000, -1.50000000000000 ) );
#7040 = VECTOR( '', #9035, 1000.00000000000 );
#7041 = COLOUR_RGB( '', 0.666666686500000, 0.733333349200000, 0.733333349200000 );
#7042 = CARTESIAN_POINT( '', ( 10.1600000000000, 12.9000000000000, -1.45000000000000 ) );
#7043 = CARTESIAN_POINT( '', ( 10.1600000000000, 12.9000000000000, -1.50000000000000 ) );
#7044 = CARTESIAN_POINT( '', ( 10.1600000000000, 12.9000000000000, -9.05599943172105 ) );
#7045 = VECTOR( '', #9036, 1000.00000000000 );
#7046 = CARTESIAN_POINT( '', ( 7.36000000000000, 12.9000000000000, -1.45000000000000 ) );
#7047 = CARTESIAN_POINT( '', ( 7.36000000000000, 12.9000000000000, -1.45000000000000 ) );
#7048 = VECTOR( '', #9037, 1000.00000000000 );
#7049 = CARTESIAN_POINT( '', ( 7.36000000000000, 12.9000000000000, -1.50000000000000 ) );
#7050 = CARTESIAN_POINT( '', ( 7.36000000000000, 12.9000000000000, -1.50000000000000 ) );
#7051 = VECTOR( '', #9038, 1000.00000000000 );
#7052 = CARTESIAN_POINT( '', ( 7.36000000000000, 12.9000000000000, -1.50000000000000 ) );
#7053 = VECTOR( '', #9039, 1000.00000000000 );
#7054 = COLOUR_RGB( '', 0.666666686500000, 0.733333349200000, 0.733333349200000 );
#7055 = CARTESIAN_POINT( '', ( -2.08166817117217E-014, 3.80000000000000, 2.70000000000000 ) );
#7056 = CARTESIAN_POINT( '', ( 0.000000000000000, 3.80000000000000, 0.000000000000000 ) );
#7057 = CARTESIAN_POINT( '', ( 0.000000000000000, 3.80000000000000, -9.05599943172105 ) );
#7058 = VECTOR( '', #9040, 1000.00000000000 );
#7059 = CARTESIAN_POINT( '', ( -2.08166817117217E-014, 16.4000000000000, 2.70000000000000 ) );
#7060 = CARTESIAN_POINT( '', ( -2.08166817117217E-014, 7.83550830638944, 2.70000000000000 ) );
#7061 = VECTOR( '', #9041, 1000.00000000000 );
#7062 = CARTESIAN_POINT( '', ( 0.000000000000000, 16.4000000000000, 2.00000000000000 ) );
#7063 = CARTESIAN_POINT( '', ( 0.000000000000000, 16.4000000000000, -9.05599943172105 ) );
#7064 = VECTOR( '', #9042, 1000.00000000000 );
#7065 = CARTESIAN_POINT( '', ( 0.000000000000000, 29.3000000000000, -1.40000000000000 ) );
#7066 = CARTESIAN_POINT( '', ( 0.000000000000000, 7.83550830638944, 4.25730788823846 ) );
#7067 = VECTOR( '', #9043, 1000.00000000000 );
#7068 = CARTESIAN_POINT( '', ( 0.000000000000000, 29.3000000000000, -10.9000000000000 ) );
#7069 = CARTESIAN_POINT( '', ( 0.000000000000000, 29.3000000000000, -9.05599943172105 ) );
#7070 = VECTOR( '', #9044, 1000.00000000000 );
#7071 = CARTESIAN_POINT( '', ( 0.000000000000000, 16.4000000000000, -13.6000000000000 ) );
#7072 = CARTESIAN_POINT( '', ( 0.000000000000000, 7.83550830638944, -15.3925680288952 ) );
#7073 = VECTOR( '', #9045, 1000.00000000000 );
#7074 = CARTESIAN_POINT( '', ( 0.000000000000000, 16.4000000000000, -15.6000000000000 ) );
#7075 = CARTESIAN_POINT( '', ( 0.000000000000000, 16.4000000000000, -9.05599943172105 ) );
#7076 = VECTOR( '', #9046, 1000.00000000000 );
#7077 = CARTESIAN_POINT( '', ( 0.000000000000000, 0.000000000000000, -15.6000000000000 ) );
#7078 = CARTESIAN_POINT( '', ( 0.000000000000000, 7.83550830638944, -15.6000000000000 ) );
#7079 = VECTOR( '', #9047, 1000.00000000000 );
#7080 = CARTESIAN_POINT( '', ( 0.000000000000000, 0.000000000000000, 0.000000000000000 ) );
#7081 = CARTESIAN_POINT( '', ( 0.000000000000000, 0.000000000000000, -9.05599943172105 ) );
#7082 = VECTOR( '', #9048, 1000.00000000000 );
#7083 = CARTESIAN_POINT( '', ( 0.000000000000000, 7.83550830638944, 0.000000000000000 ) );
#7084 = VECTOR( '', #9049, 1000.00000000000 );
#7085 = COLOUR_RGB( '', 0.666666686500000, 0.733333349200000, 0.733333349200000 );
#7086 = CARTESIAN_POINT( '', ( 0.000000000000000, 6.80000000000000, -0.300000000000000 ) );
#7087 = CARTESIAN_POINT( '', ( 2.80000000000000, 6.80000000000000, -0.300000000000000 ) );
#7088 = CARTESIAN_POINT( '', ( -111.760000000000, 6.80000000000000, -0.300000000000000 ) );
#7089 = VECTOR( '', #9050, 1000.00000000000 );
#7090 = CARTESIAN_POINT( '', ( 2.80000000000000, 6.80000000000000, -1.45000000000000 ) );
#7091 = CARTESIAN_POINT( '', ( 2.80000000000000, 6.80000000000000, -9.05599943172105 ) );
#7092 = VECTOR( '', #9051, 1000.00000000000 );
#7093 = CARTESIAN_POINT( '', ( 0.000000000000000, 6.80000000000000, -1.45000000000000 ) );
#7094 = CARTESIAN_POINT( '', ( -10.1600000000000, 6.80000000000000, -1.45000000000000 ) );
#7095 = VECTOR( '', #9052, 1000.00000000000 );
#7096 = CARTESIAN_POINT( '', ( 0.000000000000000, 6.80000000000000, -9.05599943172105 ) );
#7097 = VECTOR( '', #9053, 1000.00000000000 );
#7098 = COLOUR_RGB( '', 0.666666686500000, 0.733333349200000, 0.733333349200000 );
#7099 = CARTESIAN_POINT( '', ( 0.000000000000000, 26.8000000000012, -2.45000000000000 ) );
#7100 = CARTESIAN_POINT( '', ( 0.000000000000000, 29.3000000000000, -2.45000000000000 ) );
#7101 = CARTESIAN_POINT( '', ( 0.000000000000000, 29.2000000000000, -2.45000000000000 ) );
#7102 = VECTOR( '', #9054, 1000.00000000000 );
#7103 = CARTESIAN_POINT( '', ( 4.53119315684521E-016, 29.3000000000000, -9.85000000000000 ) );
#7104 = AXIS2_PLACEMENT_3D( '', #9055, #9056, #9057 );
#7105 = CARTESIAN_POINT( '', ( 4.53119315684521E-016, 26.8000000000012, -9.85000000000000 ) );
#7106 = CARTESIAN_POINT( '', ( 4.53119315684521E-016, 29.2000000000000, -9.85000000000000 ) );
#7107 = VECTOR( '', #9058, 1000.00000000000 );
#7108 = CARTESIAN_POINT( '', ( 3.65102725270574, 26.8000000000012, -6.75000000000000 ) );
#7109 = AXIS2_PLACEMENT_3D( '', #9059, #9060, #9061 );
#7110 = CARTESIAN_POINT( '', ( 3.65102725270574, 25.6000000000012, -6.75000000000000 ) );
#7111 = CARTESIAN_POINT( '', ( 3.65102725270574, 29.2000000000000, -6.75000000000000 ) );
#7112 = VECTOR( '', #9062, 1000.00000000000 );
#7113 = CARTESIAN_POINT( '', ( 3.65102725270574, 25.6000000000012, -5.55000000000000 ) );
#7114 = AXIS2_PLACEMENT_3D( '', #9063, #9064, #9065 );
#7115 = CARTESIAN_POINT( '', ( 3.65102725270574, 26.8000000000012, -5.55000000000000 ) );
#7116 = CARTESIAN_POINT( '', ( 3.65102725270574, 29.2000000000000, -5.55000000000000 ) );
#7117 = VECTOR( '', #9066, 1000.00000000000 );
#7118 = AXIS2_PLACEMENT_3D( '', #9067, #9068, #9069 );
#7119 = COLOUR_RGB( '', 0.866666674600000, 0.866666674600000, 0.866666674600000 );
#7120 = CARTESIAN_POINT( '', ( 0.000000000000000, -4.31313064513630, -3.24000000000000 ) );
#7121 = CARTESIAN_POINT( '', ( 0.000000000000000, -5.00000000000000, -3.49000000000000 ) );
#7122 = CARTESIAN_POINT( '', ( 0.000000000000000, 7.83550830638944, 1.18174296520236 ) );
#7123 = VECTOR( '', #9070, 1000.00000000000 );
#7124 = CARTESIAN_POINT( '', ( 0.509692119699701, -4.71656585905000, -3.38683840931939 ) );
#7125 = AXIS2_PLACEMENT_3D( '', #9071, #9072, #9073 );
#7126 = CARTESIAN_POINT( '', ( 0.200000000000000, -4.31313064513630, -3.24000000000000 ) );
#7127 = AXIS2_PLACEMENT_3D( '', #9074, #9075, #9076 );
#7128 = CARTESIAN_POINT( '', ( 0.000000000000000, -4.31313064513630, -3.24000000000000 ) );
#7129 = VECTOR( '', #9077, 1000.00000000000 );
#7130 = COLOUR_RGB( '', 0.866666674600000, 0.866666674600000, 0.866666674600000 );
#7131 = CARTESIAN_POINT( '', ( 0.600000000000000, 0.000000000000000, -13.8000000000000 ) );
#7132 = CARTESIAN_POINT( '', ( 0.600000000000000, 0.000000000000000, -14.2000000000000 ) );
#7133 = CARTESIAN_POINT( '', ( 0.600000000000000, 0.000000000000000, -9.05599943172105 ) );
#7134 = VECTOR( '', #9078, 1000.00000000000 );
#7135 = CARTESIAN_POINT( '', ( 0.600000000000000, -4.40000000000000, -13.8000000000000 ) );
#7136 = CARTESIAN_POINT( '', ( 0.600000000000000, 7.76723869684921, -13.8000000000000 ) );
#7137 = VECTOR( '', #9079, 1000.00000000000 );
#7138 = CARTESIAN_POINT( '', ( 0.600000000000000, -4.40000000000000, -14.2000000000000 ) );
#7139 = CARTESIAN_POINT( '', ( 0.600000000000000, -4.40000000000000, -9.79877921050629 ) );
#7140 = VECTOR( '', #9080, 1000.00000000000 );
#7141 = CARTESIAN_POINT( '', ( 0.600000000000000, 7.76723869684921, -14.2000000000000 ) );
#7142 = VECTOR( '', #9081, 1000.00000000000 );
#7143 = COLOUR_RGB( '', 0.866666674600000, 0.866666674600000, 0.866666674600000 );
#7144 = CARTESIAN_POINT( '', ( 1.47911419728940E-031, -5.00000000000000, -13.6500000000000 ) );
#7145 = CARTESIAN_POINT( '', ( 0.000000000000000, -4.31313064513630, -13.4000000000000 ) );
#7146 = CARTESIAN_POINT( '', ( 0.000000000000000, 7.83550830638944, -8.97825703479765 ) );
#7147 = VECTOR( '', #9082, 1000.00000000000 );
#7148 = CARTESIAN_POINT( '', ( 0.509692119699654, -4.71656585905000, -13.5468384093194 ) );
#7149 = AXIS2_PLACEMENT_3D( '', #9083, #9084, #9085 );
#7150 = CARTESIAN_POINT( '', ( 0.200000000000000, -4.31313064513630, -13.4000000000000 ) );
#7151 = AXIS2_PLACEMENT_3D( '', #9086, #9087, #9088 );
#7152 = CARTESIAN_POINT( '', ( 0.000000000000000, -4.31313064513630, -13.4000000000000 ) );
#7153 = VECTOR( '', #9089, 1000.00000000000 );
#7154 = COLOUR_RGB( '', 0.866666674600000, 0.866666674600000, 0.866666674600000 );
#7155 = CARTESIAN_POINT( '', ( 9.56000000000000, 24.8000000000012, -5.55000000000000 ) );
#7156 = CARTESIAN_POINT( '', ( 9.56000000000000, 26.9000000000012, -5.55000000000000 ) );
#7157 = VECTOR( '', #9090, 1000.00000000000 );
#7158 = CARTESIAN_POINT( '', ( 8.98546517713172, 24.8000000000012, -5.55000000000000 ) );
#7159 = CARTESIAN_POINT( '', ( 9.56000000000000, 24.8000000000012, -5.55000000000000 ) );
#7160 = VECTOR( '', #9091, 1000.00000000000 );
#7161 = CARTESIAN_POINT( '', ( 8.59527910627903, 25.6000000000012, -5.55000000000000 ) );
#7162 = CARTESIAN_POINT( '', ( 8.01000000000000, 26.8000000000012, -5.55000000000000 ) );
#7163 = VECTOR( '', #9092, 1000.00000000000 );
#7164 = CARTESIAN_POINT( '', ( 14.4979480000000, 25.6000000000012, -5.55000000000000 ) );
#7165 = VECTOR( '', #9093, 1000.00000000000 );
#7166 = COLOUR_RGB( '', 0.866666674600000, 0.866666674600000, 0.866666674600000 );
#7167 = CARTESIAN_POINT( '', ( 0.000000000000000, 0.000000000000000, -3.24000000000000 ) );
#7168 = CARTESIAN_POINT( '', ( 0.000000000000000, 7.83550830638944, -3.24000000000000 ) );
#7169 = VECTOR( '', #9094, 1000.00000000000 );
#7170 = CARTESIAN_POINT( '', ( 0.200000000000000, 0.000000000000000, -3.24000000000000 ) );
#7171 = CARTESIAN_POINT( '', ( 0.200000000000000, 7.07093599974894, -3.24000000000000 ) );
#7172 = VECTOR( '', #9095, 1000.00000000000 );
#7173 = CARTESIAN_POINT( '', ( 0.000000000000000, 0.000000000000000, -3.24000000000000 ) );
#7174 = VECTOR( '', #9096, 1000.00000000000 );
#7175 = COLOUR_RGB( '', 0.866666674600000, 0.866666674600000, 0.866666674600000 );
#7176 = CARTESIAN_POINT( '', ( 9.96000000000000, -4.31313064513630, -14.6000000000000 ) );
#7177 = CARTESIAN_POINT( '', ( 9.96000000000000, 0.000000000000000, -14.6000000000000 ) );
#7178 = CARTESIAN_POINT( '', ( 9.96000000000000, 7.76723869684921, -14.6000000000000 ) );
#7179 = VECTOR( '', #9097, 1000.00000000000 );
#7180 = CARTESIAN_POINT( '', ( 9.65030788030034, -4.71656585905000, -14.4531615906806 ) );
#7181 = AXIS2_PLACEMENT_3D( '', #9098, #9099, #9100 );
#7182 = CARTESIAN_POINT( '', ( 9.56000000000000, -4.40000000000000, -14.2000000000000 ) );
#7183 = CARTESIAN_POINT( '', ( 9.56000000000000, -4.40000000000000, -14.2000000000000 ) );
#7184 = CARTESIAN_POINT( '', ( 9.56000000000000, -4.42696580599380, -14.2220174883952 ) );
#7185 = CARTESIAN_POINT( '', ( 9.56181875022202, -4.45404711251230, -14.2441297148662 ) );
#7186 = CARTESIAN_POINT( '', ( 9.56549745858239, -4.48103535183920, -14.2660889159789 ) );
#7187 = CARTESIAN_POINT( '', ( 9.56917614226544, -4.50802341012500, -14.2880479697860 ) );
#7188 = CARTESIAN_POINT( '', ( 9.57471395239318, -4.53491782082000, -14.3098538595973 ) );
#7189 = CARTESIAN_POINT( '', ( 9.58214754034829, -4.56151326532030, -14.3312536427501 ) );
#7190 = CARTESIAN_POINT( '', ( 9.58586433813207, -4.57481100118820, -14.3419535452839 ) );
#7191 = CARTESIAN_POINT( '', ( 9.59005509862252, -4.58803414810840, -14.3525518953699 ) );
#7192 = CARTESIAN_POINT( '', ( 9.59472514332657, -4.60115749156530, -14.3630161926994 ) );
#7193 = CARTESIAN_POINT( '', ( 9.59939336634607, -4.61427571588660, -14.3734764081303 ) );
#7194 = CARTESIAN_POINT( '', ( 9.60454451785074, -4.62730857929810, -14.3838143028912 ) );
#7195 = CARTESIAN_POINT( '', ( 9.61020741719228, -4.64026675985170, -14.3940235784968 ) );
#7196 = CARTESIAN_POINT( '', ( 9.62152960062397, -4.66617484832710, -14.4144356120047 ) );
#7197 = CARTESIAN_POINT( '', ( 9.63487142309741, -4.69171213472220, -14.4342782002778 ) );
#7198 = CARTESIAN_POINT( '', ( 9.65030788030034, -4.71656585905000, -14.4531615906806 ) );
#7199 = CARTESIAN_POINT( '', ( 9.56000000000000, 0.000000000000000, -14.2000000000000 ) );
#7200 = CARTESIAN_POINT( '', ( 9.56000000000000, 7.76723869684921, -14.2000000000000 ) );
#7201 = VECTOR( '', #9101, 1000.00000000000 );
#7202 = AXIS2_PLACEMENT_3D( '', #9102, #9103, #9104 );
#7203 = COLOUR_RGB( '', 0.666666686500000, 0.733333349200000, 0.733333349200000 );
#7204 = CARTESIAN_POINT( '', ( 2.80000000000000, 6.70000000000000, -1.45000000000000 ) );
#7205 = CARTESIAN_POINT( '', ( 2.80000000000000, 6.70000000000000, -1.45000000000000 ) );
#7206 = VECTOR( '', #9105, 1000.00000000000 );
#7207 = CARTESIAN_POINT( '', ( 0.000000000000000, 6.70000000000000, -1.45000000000000 ) );
#7208 = CARTESIAN_POINT( '', ( -2.80000000000000, 6.70000000000000, -1.45000000000000 ) );
#7209 = VECTOR( '', #9106, 1000.00000000000 );
#7210 = CARTESIAN_POINT( '', ( 0.000000000000000, 7.83550830638944, -1.45000000000000 ) );
#7211 = VECTOR( '', #9107, 1000.00000000000 );
#7212 = COLOUR_RGB( '', 0.666666686500000, 0.733333349200000, 0.733333349200000 );
#7213 = CARTESIAN_POINT( '', ( 5.08000000000000, 29.3000000000000, -1.40000000000000 ) );
#7214 = CARTESIAN_POINT( '', ( -2.08166817117217E-014, 29.3000000000000, -1.40000000000000 ) );
#7215 = VECTOR( '', #9108, 1000.00000000000 );
#7216 = CARTESIAN_POINT( '', ( 5.08000000000000, 29.3000000000000, -2.45000000000000 ) );
#7217 = CARTESIAN_POINT( '', ( 5.08000000000000, 29.3000000000000, -9.05599943172105 ) );
#7218 = VECTOR( '', #9109, 1000.00000000000 );
#7219 = CARTESIAN_POINT( '', ( 5.08000000000000, 29.3000000000000, -9.85000000000000 ) );
#7220 = AXIS2_PLACEMENT_3D( '', #9110, #9111, #9112 );
#7221 = CARTESIAN_POINT( '', ( 5.08000000000000, 29.3000000000000, -10.9000000000000 ) );
#7222 = CARTESIAN_POINT( '', ( 5.08000000000000, 29.3000000000000, -9.05599943172105 ) );
#7223 = VECTOR( '', #9113, 1000.00000000000 );
#7224 = CARTESIAN_POINT( '', ( 20.3200000000000, 29.3000000000000, -10.9000000000000 ) );
#7225 = VECTOR( '', #9114, 1000.00000000000 );
#7226 = COLOUR_RGB( '', 0.666666686500000, 0.733333349200000, 0.733333349200000 );
#7227 = CARTESIAN_POINT( '', ( 5.08000000000000, 15.4000000000000, 2.70000000000000 ) );
#7228 = CARTESIAN_POINT( '', ( 5.08000000000000, 15.4000000000000, 2.70000000000000 ) );
#7229 = VECTOR( '', #9115, 1000.00000000000 );
#7230 = CARTESIAN_POINT( '', ( 5.08000000000000, 15.4000000000000, 1.88165904106093 ) );
#7231 = CARTESIAN_POINT( '', ( 1.24464231331921, 15.4000000000000, 1.88165904106093 ) );
#7232 = VECTOR( '', #9116, 1000.00000000000 );
#7233 = CARTESIAN_POINT( '', ( 5.08000000000000, 15.4000000000000, -9.05599943172105 ) );
#7234 = VECTOR( '', #9117, 1000.00000000000 );
#7235 = COLOUR_RGB( '', 0.866666674600000, 0.866666674600000, 0.866666674600000 );
#7236 = CARTESIAN_POINT( '', ( 10.1600000000000, -5.00000000000000, -3.49000000000000 ) );
#7237 = CARTESIAN_POINT( '', ( 9.65030788030035, -4.71656585905000, -3.38683840931939 ) );
#7238 = AXIS2_PLACEMENT_3D( '', #9118, #9119, #9120 );
#7239 = CARTESIAN_POINT( '', ( 10.1600000000000, -4.31313064513630, -3.24000000000000 ) );
#7240 = CARTESIAN_POINT( '', ( 10.1600000000000, 7.83550830638944, 1.18174296520236 ) );
#7241 = VECTOR( '', #9121, 1000.00000000000 );
#7242 = CARTESIAN_POINT( '', ( 9.96000000000000, -4.31313064513630, -3.24000000000000 ) );
#7243 = CARTESIAN_POINT( '', ( 10.1600000000000, -4.31313064513630, -3.24000000000000 ) );
#7244 = VECTOR( '', #9122, 1000.00000000000 );
#7245 = AXIS2_PLACEMENT_3D( '', #9123, #9124, #9125 );
#7246 = COLOUR_RGB( '', 0.866666674600000, 0.866666674600000, 0.866666674600000 );
#7247 = CARTESIAN_POINT( '', ( 0.000000000000000, -4.31313064513630, -14.6000000000000 ) );
#7248 = CARTESIAN_POINT( '', ( 0.000000000000000, -4.31313064513630, -14.6000000000000 ) );
#7249 = VECTOR( '', #9126, 1000.00000000000 );
#7250 = CARTESIAN_POINT( '', ( 0.000000000000000, 0.000000000000000, -14.6000000000000 ) );
#7251 = CARTESIAN_POINT( '', ( 0.000000000000000, 7.83550830638944, -14.6000000000000 ) );
#7252 = VECTOR( '', #9127, 1000.00000000000 );
#7253 = CARTESIAN_POINT( '', ( 0.000000000000000, 0.000000000000000, -14.6000000000000 ) );
#7254 = VECTOR( '', #9128, 1000.00000000000 );
#7255 = COLOUR_RGB( '', 0.866666674600000, 0.866666674600000, 0.866666674600000 );
#7256 = CARTESIAN_POINT( '', ( 1.56472089372100, 25.6000000000012, -5.55000000000000 ) );
#7257 = CARTESIAN_POINT( '', ( 1.56472089372100, 25.6000000000012, -6.75000000000000 ) );
#7258 = CARTESIAN_POINT( '', ( 1.56472089372100, 25.6000000000012, -10.0902740315453 ) );
#7259 = VECTOR( '', #9129, 1000.00000000000 );
#7260 = CARTESIAN_POINT( '', ( 3.65102725270570, 25.6000000000012, -5.55000000000000 ) );
#7261 = CARTESIAN_POINT( '', ( -4.11384179664706, 25.6000000000012, -5.55000000000000 ) );
#7262 = VECTOR( '', #9130, 1000.00000000000 );
#7263 = CARTESIAN_POINT( '', ( 3.65102725270570, 25.6000000000012, -6.75000000000000 ) );
#7264 = AXIS2_PLACEMENT_3D( '', #9131, #9132, #9133 );
#7265 = CARTESIAN_POINT( '', ( -4.11384179664706, 25.6000000000012, -6.75000000000000 ) );
#7266 = VECTOR( '', #9134, 1000.00000000000 );
#7267 = COLOUR_RGB( '', 0.866666674600000, 0.866666674600000, 0.866666674600000 );
#7268 = CARTESIAN_POINT( '', ( 5.08000000000000, -4.31313064513630, -13.4000000000000 ) );
#7269 = CARTESIAN_POINT( '', ( 5.08000000000000, 0.000000000000000, -13.4000000000000 ) );
#7270 = CARTESIAN_POINT( '', ( 5.08000000000000, 7.83550830638944, -13.4000000000000 ) );
#7271 = VECTOR( '', #9135, 1000.00000000000 );
#7272 = CARTESIAN_POINT( '', ( 4.88000000000000, 0.000000000000000, -13.4000000000000 ) );
#7273 = CARTESIAN_POINT( '', ( 5.08000000000000, 0.000000000000000, -13.4000000000000 ) );
#7274 = VECTOR( '', #9136, 1000.00000000000 );
#7275 = CARTESIAN_POINT( '', ( 4.88000000000000, -4.31313064513630, -13.4000000000000 ) );
#7276 = CARTESIAN_POINT( '', ( 4.88000000000000, 7.76723869684921, -13.4000000000000 ) );
#7277 = VECTOR( '', #9137, 1000.00000000000 );
#7278 = CARTESIAN_POINT( '', ( 5.08000000000000, -4.31313064513630, -13.4000000000000 ) );
#7279 = VECTOR( '', #9138, 1000.00000000000 );
#7280 = COLOUR_RGB( '', 0.666666686500000, 0.733333349200000, 0.733333349200000 );
#7281 = CARTESIAN_POINT( '', ( 7.36000000000000, 6.70000000000000, -1.50000000000000 ) );
#7282 = CARTESIAN_POINT( '', ( 7.36000000000000, 6.70000000000000, -1.45000000000000 ) );
#7283 = CARTESIAN_POINT( '', ( 7.36000000000000, 6.70000000000000, -1.50000000000000 ) );
#7284 = VECTOR( '', #9139, 1000.00000000000 );
#7285 = CARTESIAN_POINT( '', ( 10.1600000000000, 6.70000000000000, -1.45000000000000 ) );
#7286 = CARTESIAN_POINT( '', ( 7.36000000000000, 6.70000000000000, -1.45000000000000 ) );
#7287 = VECTOR( '', #9140, 1000.00000000000 );
#7288 = CARTESIAN_POINT( '', ( 10.1600000000000, 6.70000000000000, -1.50000000000000 ) );
#7289 = CARTESIAN_POINT( '', ( 10.1600000000000, 6.70000000000000, -9.05599943172105 ) );
#7290 = VECTOR( '', #9141, 1000.00000000000 );
#7291 = CARTESIAN_POINT( '', ( 7.36000000000000, 6.70000000000000, -1.50000000000000 ) );
#7292 = VECTOR( '', #9142, 1000.00000000000 );
#7293 = COLOUR_RGB( '', 0.666666686500000, 0.733333349200000, 0.733333349200000 );
#7294 = CARTESIAN_POINT( '', ( 0.000000000000000, 6.80000000000000, -1.45000000000000 ) );
#7295 = CARTESIAN_POINT( '', ( 0.000000000000000, 6.70000000000000, -1.45000000000000 ) );
#7296 = CARTESIAN_POINT( '', ( 0.000000000000000, 7.83550830638944, -1.45000000000000 ) );
#7297 = VECTOR( '', #9143, 1000.00000000000 );
#7298 = CARTESIAN_POINT( '', ( 2.80000000000000, 6.80000000000000, -1.45000000000000 ) );
#7299 = CARTESIAN_POINT( '', ( 0.000000000000000, 6.80000000000000, -1.45000000000000 ) );
#7300 = VECTOR( '', #9144, 1000.00000000000 );
#7301 = CARTESIAN_POINT( '', ( 2.80000000000000, 6.70000000000000, -1.45000000000000 ) );
#7302 = CARTESIAN_POINT( '', ( 2.80000000000000, 6.80000000000000, -1.45000000000000 ) );
#7303 = VECTOR( '', #9145, 1000.00000000000 );
#7304 = CARTESIAN_POINT( '', ( 2.80000000000000, 6.70000000000000, -1.45000000000000 ) );
#7305 = VECTOR( '', #9146, 1000.00000000000 );
#7306 = COLOUR_RGB( '', 0.866666674600000, 0.866666674600000, 0.866666674600000 );
#7307 = CARTESIAN_POINT( '', ( 1.17453482286830, 24.8000000000012, -5.55000000000000 ) );
#7308 = CARTESIAN_POINT( '', ( 1.17453482286830, 24.8000000000012, -6.75000000000000 ) );
#7309 = CARTESIAN_POINT( '', ( 1.17453482286830, 24.8000000000012, -6.15000000000000 ) );
#7310 = VECTOR( '', #9147, 1000.00000000000 );
#7311 = CARTESIAN_POINT( '', ( 2.15000000000000, 26.8000000000012, -5.55000000000000 ) );
#7312 = VECTOR( '', #9148, 1000.00000000000 );
#7313 = CARTESIAN_POINT( '', ( 2.15000000000000, 26.8000000000012, -6.75000000000000 ) );
#7314 = VECTOR( '', #9149, 1000.00000000000 );
#7315 = COLOUR_RGB( '', 0.866666674600000, 0.866666674600000, 0.866666674600000 );
#7316 = CARTESIAN_POINT( '', ( 0.000000000000000, 6.80000000000000, -1.50000000000000 ) );
#7317 = CARTESIAN_POINT( '', ( 2.75000000000000, 6.80000000000000, -1.50000000000000 ) );
#7318 = CARTESIAN_POINT( '', ( -10.1600000000000, 6.80000000000000, -1.50000000000000 ) );
#7319 = VECTOR( '', #9150, 1000.00000000000 );
#7320 = CARTESIAN_POINT( '', ( 2.75000000000000, 6.80000000000000, -12.2000000000000 ) );
#7321 = CARTESIAN_POINT( '', ( 2.75000000000000, 6.80000000000000, -9.05599943172105 ) );
#7322 = VECTOR( '', #9151, 1000.00000000000 );
#7323 = CARTESIAN_POINT( '', ( 0.000000000000000, 6.80000000000000, -12.2000000000000 ) );
#7324 = CARTESIAN_POINT( '', ( -10.1600000000000, 6.80000000000000, -12.2000000000000 ) );
#7325 = VECTOR( '', #9152, 1000.00000000000 );
#7326 = CARTESIAN_POINT( '', ( 0.000000000000000, 6.80000000000000, -9.05599943172105 ) );
#7327 = VECTOR( '', #9153, 1000.00000000000 );
#7328 = COLOUR_RGB( '', 0.866666674600000, 0.866666674600000, 0.866666674600000 );
#7329 = CARTESIAN_POINT( '', ( 0.600000000000000, 24.8000000000012, -5.55000000000000 ) );
#7330 = CARTESIAN_POINT( '', ( 0.600000000000000, 26.8000000000012, -5.55000000000000 ) );
#7331 = CARTESIAN_POINT( '', ( 0.600000000000000, 26.9000000000012, -5.55000000000000 ) );
#7332 = VECTOR( '', #9154, 1000.00000000000 );
#7333 = CARTESIAN_POINT( '', ( 0.600000000000000, 24.8000000000012, -4.97546517713172 ) );
#7334 = CARTESIAN_POINT( '', ( 0.600000000000000, 24.8000000000012, -6.75000000000000 ) );
#7335 = VECTOR( '', #9155, 1000.00000000000 );
#7336 = CARTESIAN_POINT( '', ( 0.600000000000000, 26.8000000000012, -4.00000000000000 ) );
#7337 = CARTESIAN_POINT( '', ( 0.600000000000000, 26.8000000000012, -4.00000000000000 ) );
#7338 = VECTOR( '', #9156, 1000.00000000000 );
#7339 = CARTESIAN_POINT( '', ( 0.600000000000000, 26.8000000000012, -10.0902740315453 ) );
#7340 = VECTOR( '', #9157, 1000.00000000000 );
#7341 = COLOUR_RGB( '', 0.666666686500000, 0.733333349200000, 0.733333349200000 );
#7342 = CARTESIAN_POINT( '', ( 4.20000000000000, 4.80000000000000, 1.70000000000000 ) );
#7343 = CARTESIAN_POINT( '', ( 4.20000000000000, 4.80059279056102, 1.69940720943898 ) );
#7344 = CARTESIAN_POINT( '', ( 4.20000000000000, 3.80000000000000, 2.70000000000000 ) );
#7345 = VECTOR( '', #9158, 1000.00000000000 );
#7346 = CARTESIAN_POINT( '', ( 4.90062261462910, 3.80000000000000, 2.70000000000000 ) );
#7347 = VECTOR( '', #9159, 1000.00000000000 );
#7348 = CARTESIAN_POINT( '', ( 0.000000000000000, 4.80000000000000, 1.70000000000000 ) );
#7349 = CARTESIAN_POINT( '', ( 0.000000000000000, 15.5559994317211, -9.05599943172105 ) );
#7350 = VECTOR( '', #9160, 1000.00000000000 );
#7351 = CARTESIAN_POINT( '', ( -3.83535768668078, 4.80000000000000, 1.70000000000000 ) );
#7352 = VECTOR( '', #9161, 1000.00000000000 );
#7353 = COLOUR_RGB( '', 0.666666686500000, 0.733333349200000, 0.733333349200000 );
#7354 = CARTESIAN_POINT( '', ( 0.000000000000000, 12.9000000000000, -1.45000000000000 ) );
#7355 = CARTESIAN_POINT( '', ( 0.000000000000000, 12.8000000000000, -1.45000000000000 ) );
#7356 = CARTESIAN_POINT( '', ( 0.000000000000000, 7.83550830638944, -1.45000000000000 ) );
#7357 = VECTOR( '', #9162, 1000.00000000000 );
#7358 = CARTESIAN_POINT( '', ( 2.80000000000000, 12.9000000000000, -1.45000000000000 ) );
#7359 = CARTESIAN_POINT( '', ( 2.80000000000000, 12.9000000000000, -1.45000000000000 ) );
#7360 = VECTOR( '', #9163, 1000.00000000000 );
#7361 = CARTESIAN_POINT( '', ( 2.80000000000000, 12.8000000000000, -1.45000000000000 ) );
#7362 = CARTESIAN_POINT( '', ( 2.80000000000000, 12.8000000000000, -1.45000000000000 ) );
#7363 = VECTOR( '', #9164, 1000.00000000000 );
#7364 = CARTESIAN_POINT( '', ( 0.000000000000000, 12.8000000000000, -1.45000000000000 ) );
#7365 = VECTOR( '', #9165, 1000.00000000000 );
#7366 = COLOUR_RGB( '', 0.666666686500000, 0.733333349200000, 0.733333349200000 );
#7367 = CARTESIAN_POINT( '', ( 5.08000000000000, 16.4000000000000, 2.70000000000000 ) );
#7368 = CARTESIAN_POINT( '', ( 5.08000000000000, 7.83550830638944, 2.70000000000000 ) );
#7369 = VECTOR( '', #9166, 1000.00000000000 );
#7370 = CARTESIAN_POINT( '', ( 5.08000000000000, 16.4000000000000, 2.70000000000000 ) );
#7371 = VECTOR( '', #9167, 1000.00000000000 );
#7372 = CARTESIAN_POINT( '', ( 5.08000000000000, 3.80000000000000, 2.70000000000000 ) );
#7373 = CARTESIAN_POINT( '', ( 5.08000000000000, 3.80000000000000, 2.70000000000000 ) );
#7374 = VECTOR( '', #9168, 1000.00000000000 );
#7375 = CARTESIAN_POINT( '', ( 5.08000000000000, 4.80000000000000, 2.70000000000000 ) );
#7376 = CARTESIAN_POINT( '', ( 5.08000000000000, 7.83550830638944, 2.70000000000000 ) );
#7377 = VECTOR( '', #9169, 1000.00000000000 );
#7378 = CARTESIAN_POINT( '', ( 5.08000000000000, 4.80000000000000, 2.70000000000000 ) );
#7379 = VECTOR( '', #9170, 1000.00000000000 );
#7380 = COLOUR_RGB( '', 0.666666686500000, 0.733333349200000, 0.733333349200000 );
#7381 = CARTESIAN_POINT( '', ( 2.28000000000000, 12.8000000000000, -0.300000000000000 ) );
#7382 = CARTESIAN_POINT( '', ( 2.28000000000000, 12.8000000000000, -1.45000000000000 ) );
#7383 = CARTESIAN_POINT( '', ( 2.28000000000000, 12.8000000000000, -9.05599943172105 ) );
#7384 = VECTOR( '', #9171, 1000.00000000000 );
#7385 = CARTESIAN_POINT( '', ( 2.28000000000000, 7.83550830638944, -0.300000000000000 ) );
#7386 = VECTOR( '', #9172, 1000.00000000000 );
#7387 = CARTESIAN_POINT( '', ( 2.28000000000000, 6.80000000000000, -1.45000000000000 ) );
#7388 = CARTESIAN_POINT( '', ( 2.28000000000000, 6.80000000000000, -9.05599943172105 ) );
#7389 = VECTOR( '', #9173, 1000.00000000000 );
#7390 = CARTESIAN_POINT( '', ( 2.28000000000000, 6.70000000000000, -1.45000000000000 ) );
#7391 = CARTESIAN_POINT( '', ( 2.28000000000000, 6.70000000000000, -1.45000000000000 ) );
#7392 = VECTOR( '', #9174, 1000.00000000000 );
#7393 = CARTESIAN_POINT( '', ( 2.28000000000000, 6.70000000000000, -1.50000000000000 ) );
#7394 = VECTOR( '', #9175, 1000.00000000000 );
#7395 = CARTESIAN_POINT( '', ( 2.28000000000000, 12.9000000000000, -1.45000000000000 ) );
#7396 = CARTESIAN_POINT( '', ( 2.28000000000000, 12.9000000000000, -1.50000000000000 ) );
#7397 = VECTOR( '', #9176, 1000.00000000000 );
#7398 = CARTESIAN_POINT( '', ( 2.28000000000000, 12.9000000000000, -1.45000000000000 ) );
#7399 = VECTOR( '', #9177, 1000.00000000000 );
#7400 = COLOUR_RGB( '', 0.866666674600000, 0.866666674600000, 0.866666674600000 );
#7401 = CARTESIAN_POINT( '', ( 5.08000000000000, 26.8000000000012, -4.00000000000000 ) );
#7402 = CARTESIAN_POINT( '', ( 5.08000000000000, 26.8000000000012, -2.45000000000000 ) );
#7403 = CARTESIAN_POINT( '', ( 5.08000000000000, 26.8000000000012, -9.05599943172105 ) );
#7404 = VECTOR( '', #9178, 1000.00000000000 );
#7405 = CARTESIAN_POINT( '', ( 4.48000000000000, 26.8000000000012, -4.00000000000000 ) );
#7406 = CARTESIAN_POINT( '', ( 0.966158203352920, 26.8000000000012, -4.00000000000000 ) );
#7407 = VECTOR( '', #9179, 1000.00000000000 );
#7408 = CARTESIAN_POINT( '', ( 4.48000000000000, 26.8000000000012, -5.55000000000000 ) );
#7409 = CARTESIAN_POINT( '', ( 4.48000000000000, 26.8000000000012, -10.0902740315453 ) );
#7410 = VECTOR( '', #9180, 1000.00000000000 );
#7411 = CARTESIAN_POINT( '', ( 1.42897274729424, 26.8000000000012, -5.55000000000000 ) );
#7412 = CARTESIAN_POINT( '', ( 0.966158203352920, 26.8000000000012, -5.55000000000000 ) );
#7413 = VECTOR( '', #9181, 1000.00000000000 );
#7414 = AXIS2_PLACEMENT_3D( '', #9182, #9183, #9184 );
#7415 = COLOUR_RGB( '', 0.866666674600000, 0.866666674600000, 0.866666674600000 );
#7416 = CARTESIAN_POINT( '', ( 8.59527910627903, 25.6000000000012, -6.75000000000000 ) );
#7417 = CARTESIAN_POINT( '', ( 8.59527910627903, 25.6000000000012, -10.0902740315453 ) );
#7418 = VECTOR( '', #9185, 1000.00000000000 );
#7419 = CARTESIAN_POINT( '', ( 8.98546517713172, 24.8000000000012, -6.75000000000000 ) );
#7420 = CARTESIAN_POINT( '', ( 8.98546517713172, 24.8000000000012, -6.15000000000000 ) );
#7421 = VECTOR( '', #9186, 1000.00000000000 );
#7422 = CARTESIAN_POINT( '', ( 8.01000000000000, 26.8000000000012, -6.75000000000000 ) );
#7423 = VECTOR( '', #9187, 1000.00000000000 );
#7424 = COLOUR_RGB( '', 0.666666686500000, 0.733333349200000, 0.733333349200000 );
#7425 = CARTESIAN_POINT( '', ( 0.000000000000000, 12.8000000000000, -1.45000000000000 ) );
#7426 = CARTESIAN_POINT( '', ( 0.000000000000000, 12.8000000000000, -0.300000000000000 ) );
#7427 = CARTESIAN_POINT( '', ( 0.000000000000000, 12.8000000000000, -9.05599943172105 ) );
#7428 = VECTOR( '', #9188, 1000.00000000000 );
#7429 = CARTESIAN_POINT( '', ( 2.80000000000000, 12.8000000000000, -1.45000000000000 ) );
#7430 = CARTESIAN_POINT( '', ( -10.1600000000000, 12.8000000000000, -1.45000000000000 ) );
#7431 = VECTOR( '', #9189, 1000.00000000000 );
#7432 = CARTESIAN_POINT( '', ( 2.80000000000000, 12.8000000000000, -0.300000000000000 ) );
#7433 = CARTESIAN_POINT( '', ( 2.80000000000000, 12.8000000000000, -9.05599943172105 ) );
#7434 = VECTOR( '', #9190, 1000.00000000000 );
#7435 = CARTESIAN_POINT( '', ( -10.1600000000000, 12.8000000000000, -0.300000000000000 ) );
#7436 = VECTOR( '', #9191, 1000.00000000000 );
#7437 = COLOUR_RGB( '', 0.666666686500000, 0.733333349200000, 0.733333349200000 );
#7438 = CARTESIAN_POINT( '', ( 0.000000000000000, 23.5000000000000, -10.6000000000000 ) );
#7439 = CARTESIAN_POINT( '', ( 0.000000000000000, 23.3000000000000, -10.8000000000000 ) );
#7440 = AXIS2_PLACEMENT_3D( '', #9192, #9193, #9194 );
#7441 = CARTESIAN_POINT( '', ( 4.08000000000000, 23.3000000000000, -10.8000000000000 ) );
#7442 = CARTESIAN_POINT( '', ( 4.08001500000000, 23.3000000000000, -10.8000000000000 ) );
#7443 = VECTOR( '', #9195, 1000.00000000000 );
#7444 = CARTESIAN_POINT( '', ( 3.88000000000000, 23.5000000000000, -10.6000000000000 ) );
#7445 = AXIS2_PLACEMENT_3D( '', #9196, #9197, #9198 );
#7446 = CARTESIAN_POINT( '', ( -10.1600000000000, 23.5000000000000, -10.6000000000000 ) );
#7447 = VECTOR( '', #9199, 1000.00000000000 );
#7448 = COLOUR_RGB( '', 0.666666686500000, 0.733333349200000, 0.733333349200000 );
#7449 = CARTESIAN_POINT( '', ( 4.08000000000000, 23.3000000000000, -10.8000150000000 ) );
#7450 = VECTOR( '', #9200, 1000.00000000000 );
#7451 = CARTESIAN_POINT( '', ( 0.000000000000000, 23.3000000000000, -8.50074787290323 ) );
#7452 = CARTESIAN_POINT( '', ( 0.000000000000000, 23.3000000000000, -9.05599943172105 ) );
#7453 = VECTOR( '', #9201, 1000.00000000000 );
#7454 = CARTESIAN_POINT( '', ( 0.000000000000000, 23.3000000000000, -3.79925212709677 ) );
#7455 = AXIS2_PLACEMENT_3D( '', #9202, #9203, #9204 );
#7456 = CARTESIAN_POINT( '', ( 0.000000000000000, 23.3000000000000, -9.05599943172105 ) );
#7457 = VECTOR( '', #9205, 1000.00000000000 );
#7458 = COLOUR_RGB( '', 0.866666674600000, 0.866666674600000, 0.866666674600000 );
#7459 = CARTESIAN_POINT( '', ( 10.1600000000000, -5.00000000000000, -14.3500000000000 ) );
#7460 = CARTESIAN_POINT( '', ( 10.1600000000000, -5.00000000000000, -13.6500000000000 ) );
#7461 = CARTESIAN_POINT( '', ( 10.1600000000000, -5.00000000000000, -9.79877921050629 ) );
#7462 = VECTOR( '', #9206, 1000.00000000000 );
#7463 = CARTESIAN_POINT( '', ( 9.65030788030035, -4.71656585905000, -13.5468384093194 ) );
#7464 = AXIS2_PLACEMENT_3D( '', #9207, #9208, #9209 );
#7465 = CARTESIAN_POINT( '', ( 9.56000000000000, -4.40000000000000, -13.8000000000000 ) );
#7466 = CARTESIAN_POINT( '', ( 9.65030788030035, -4.71656585905000, -13.5468384093194 ) );
#7467 = CARTESIAN_POINT( '', ( 9.63487142309742, -4.69171213472220, -13.5657217997222 ) );
#7468 = CARTESIAN_POINT( '', ( 9.62152960062397, -4.66617484832710, -13.5855643879953 ) );
#7469 = CARTESIAN_POINT( '', ( 9.61020741719229, -4.64026675985170, -13.6059764215032 ) );
#7470 = CARTESIAN_POINT( '', ( 9.60454451785075, -4.62730857929820, -13.6161856971088 ) );
#7471 = CARTESIAN_POINT( '', ( 9.59939336634606, -4.61427571588660, -13.6265235918697 ) );
#7472 = CARTESIAN_POINT( '', ( 9.59472514332657, -4.60115749156530, -13.6369838073006 ) );
#7473 = CARTESIAN_POINT( '', ( 9.59005509862178, -4.58803414810630, -13.6474481046318 ) );
#7474 = CARTESIAN_POINT( '', ( 9.58586433813148, -4.57481100118610, -13.6580464547178 ) );
#7475 = CARTESIAN_POINT( '', ( 9.58214754034829, -4.56151326532030, -13.6687463572499 ) );
#7476 = CARTESIAN_POINT( '', ( 9.57471395239318, -4.53491782082000, -13.6901461404027 ) );
#7477 = CARTESIAN_POINT( '', ( 9.56917614226545, -4.50802341012500, -13.7119520302139 ) );
#7478 = CARTESIAN_POINT( '', ( 9.56549745858239, -4.48103535183920, -13.7339110840211 ) );
#7479 = CARTESIAN_POINT( '', ( 9.56181875022270, -4.45404711251730, -13.7558702851298 ) );
#7480 = CARTESIAN_POINT( '', ( 9.56000000000000, -4.42696580599880, -13.7779825116007 ) );
#7481 = CARTESIAN_POINT( '', ( 9.56000000000000, -4.40000000000000, -13.8000000000000 ) );
#7482 = CARTESIAN_POINT( '', ( 9.56000000000000, -4.40000000000000, -9.79877921050629 ) );
#7483 = VECTOR( '', #9210, 1000.00000000000 );
#7484 = AXIS2_PLACEMENT_3D( '', #9211, #9212, #9213 );
#7485 = COLOUR_RGB( '', 0.866666674600000, 0.866666674600000, 0.866666674600000 );
#7486 = CARTESIAN_POINT( '', ( 0.600000000000000, 0.000000000000000, -4.04000000000000 ) );
#7487 = CARTESIAN_POINT( '', ( 0.200000000000000, 0.000000000000000, -4.44000000000000 ) );
#7488 = AXIS2_PLACEMENT_3D( '', #9214, #9215, #9216 );
#7489 = CARTESIAN_POINT( '', ( 0.600000000000000, -4.40000000000000, -4.04000000000000 ) );
#7490 = CARTESIAN_POINT( '', ( 0.600000000000000, 7.07093599974894, -4.04000000000000 ) );
#7491 = VECTOR( '', #9217, 1000.00000000000 );
#7492 = CARTESIAN_POINT( '', ( 0.509692119699701, -4.71656585905000, -4.29316159068060 ) );
#7493 = CARTESIAN_POINT( '', ( 0.509692119699701, -4.71656585905000, -4.29316159068060 ) );
#7494 = CARTESIAN_POINT( '', ( 0.525128576902598, -4.69171213472220, -4.27427820027774 ) );
#7495 = CARTESIAN_POINT( '', ( 0.538470399375999, -4.66617484832710, -4.25443561200468 ) );
#7496 = CARTESIAN_POINT( '', ( 0.549792582807698, -4.64026675985170, -4.23402357849681 ) );
#7497 = CARTESIAN_POINT( '', ( 0.555455482149300, -4.62730857929820, -4.22381430289120 ) );
#7498 = CARTESIAN_POINT( '', ( 0.560606633653898, -4.61427571588660, -4.21347640813033 ) );
#7499 = CARTESIAN_POINT( '', ( 0.565274856673400, -4.60115749156530, -4.20301619269940 ) );
#7500 = CARTESIAN_POINT( '', ( 0.569944901378201, -4.58803414810630, -4.19255189536823 ) );
#7501 = CARTESIAN_POINT( '', ( 0.574135661868499, -4.57481100118610, -4.18195354528219 ) );
#7502 = CARTESIAN_POINT( '', ( 0.577852459651699, -4.56151326532040, -4.17125364275012 ) );
#7503 = CARTESIAN_POINT( '', ( 0.585286047606800, -4.53491782082000, -4.14985385959726 ) );
#7504 = CARTESIAN_POINT( '', ( 0.590823857734599, -4.50802341012500, -4.12804796978604 ) );
#7505 = CARTESIAN_POINT( '', ( 0.594502541417599, -4.48103535183920, -4.10608891597886 ) );
#7506 = CARTESIAN_POINT( '', ( 0.598181249777299, -4.45404711251730, -4.08412971487021 ) );
#7507 = CARTESIAN_POINT( '', ( 0.600000000000000, -4.42696580599850, -4.06201748839972 ) );
#7508 = CARTESIAN_POINT( '', ( 0.600000000000000, -4.40000000000000, -4.04000000000000 ) );
#7509 = CARTESIAN_POINT( '', ( 0.200000000000000, -4.31313064513640, -4.44000000000000 ) );
#7510 = AXIS2_PLACEMENT_3D( '', #9218, #9219, #9220 );
#7511 = CARTESIAN_POINT( '', ( 0.200000000000000, 7.07093599974894, -4.44000000000000 ) );
#7512 = VECTOR( '', #9221, 1000.00000000000 );
#7513 = COLOUR_RGB( '', 0.666666686500000, 0.733333349200000, 0.733333349200000 );
#7514 = CARTESIAN_POINT( '', ( 6.08000000000000, 23.3000000000000, -1.50000000000000 ) );
#7515 = AXIS2_PLACEMENT_3D( '', #9222, #9223, #9224 );
#7516 = CARTESIAN_POINT( '', ( 6.08000000000000, 23.3000000000000, -10.8000000000000 ) );
#7517 = CARTESIAN_POINT( '', ( 6.08000000000000, 23.3000000000000, -1.49998500000000 ) );
#7518 = VECTOR( '', #9225, 1000.00000000000 );
#7519 = AXIS2_PLACEMENT_3D( '', #9226, #9227, #9228 );
#7520 = COLOUR_RGB( '', 0.866666674600000, 0.866666674600000, 0.866666674600000 );
#7521 = CARTESIAN_POINT( '', ( 10.1600000000000, 6.80000000000000, -1.50000000000000 ) );
#7522 = CARTESIAN_POINT( '', ( 10.1600000000000, 6.80000000000000, -12.2000000000000 ) );
#7523 = CARTESIAN_POINT( '', ( 10.1600000000000, 6.80000000000000, -9.05599943172105 ) );
#7524 = VECTOR( '', #9229, 1000.00000000000 );
#7525 = CARTESIAN_POINT( '', ( 7.41000000000000, 6.80000000000000, -12.2000000000000 ) );
#7526 = CARTESIAN_POINT( '', ( 0.000000000000000, 6.80000000000000, -12.2000000000000 ) );
#7527 = VECTOR( '', #9230, 1000.00000000000 );
#7528 = CARTESIAN_POINT( '', ( 7.41000000000000, 6.80000000000000, -1.50000000000000 ) );
#7529 = CARTESIAN_POINT( '', ( 7.41000000000000, 6.80000000000000, -9.05599943172105 ) );
#7530 = VECTOR( '', #9231, 1000.00000000000 );
#7531 = CARTESIAN_POINT( '', ( 0.000000000000000, 6.80000000000000, -1.50000000000000 ) );
#7532 = VECTOR( '', #9232, 1000.00000000000 );
#7533 = COLOUR_RGB( '', 0.666666686500000, 0.733333349200000, 0.733333349200000 );
#7534 = CARTESIAN_POINT( '', ( 2.80000000000000, 6.70000000000000, -1.50000000000000 ) );
#7535 = CARTESIAN_POINT( '', ( 2.80000000000000, 12.9000000000000, -1.50000000000000 ) );
#7536 = CARTESIAN_POINT( '', ( 2.80000000000000, 7.83550830638944, -1.50000000000000 ) );
#7537 = VECTOR( '', #9233, 1000.00000000000 );
#7538 = CARTESIAN_POINT( '', ( 2.80000000000000, 6.70000000000000, -1.50000000000000 ) );
#7539 = VECTOR( '', #9234, 1000.00000000000 );
#7540 = CARTESIAN_POINT( '', ( 2.80000000000000, 6.80000000000000, -0.300000000000000 ) );
#7541 = CARTESIAN_POINT( '', ( 2.80000000000000, 6.80000000000000, -9.05599943172105 ) );
#7542 = VECTOR( '', #9235, 1000.00000000000 );
#7543 = CARTESIAN_POINT( '', ( 2.80000000000000, 12.8000000000000, -0.300000000000000 ) );
#7544 = CARTESIAN_POINT( '', ( 2.80000000000000, 7.83550830638944, -0.300000000000000 ) );
#7545 = VECTOR( '', #9236, 1000.00000000000 );
#7546 = CARTESIAN_POINT( '', ( 2.80000000000000, 12.8000000000000, -9.05599943172105 ) );
#7547 = VECTOR( '', #9237, 1000.00000000000 );
#7548 = CARTESIAN_POINT( '', ( 2.80000000000000, 12.9000000000000, -1.50000000000000 ) );
#7549 = VECTOR( '', #9238, 1000.00000000000 );
#7550 = COLOUR_RGB( '', 0.666666686500000, 0.733333349200000, 0.733333349200000 );
#7551 = CARTESIAN_POINT( '', ( 0.000000000000000, 16.4000000000000, -9.05599943172105 ) );
#7552 = VECTOR( '', #9239, 1000.00000000000 );
#7553 = CARTESIAN_POINT( '', ( 5.08000000000000, 16.4000000000000, -9.05599943172105 ) );
#7554 = VECTOR( '', #9240, 1000.00000000000 );
#7555 = COLOUR_RGB( '', 0.866666674600000, 0.866666674600000, 0.866666674600000 );
#7556 = CARTESIAN_POINT( '', ( 0.600000000000000, 0.000000000000000, -4.04000000000000 ) );
#7557 = CARTESIAN_POINT( '', ( 0.200000000000000, 0.000000000000000, -4.44000000000000 ) );
#7558 = AXIS2_PLACEMENT_3D( '', #9241, #9242, #9243 );
#7559 = CARTESIAN_POINT( '', ( 0.600000000000000, -4.40000000000000, -4.04000000000000 ) );
#7560 = CARTESIAN_POINT( '', ( 0.600000000000000, 7.07093599974894, -4.04000000000000 ) );
#7561 = VECTOR( '', #9244, 1000.00000000000 );
#7562 = CARTESIAN_POINT( '', ( 0.509692119699654, -4.71656585905000, -4.29316159068060 ) );
#7563 = CARTESIAN_POINT( '', ( 0.509692119699654, -4.71656585905000, -4.29316159068061 ) );
#7564 = CARTESIAN_POINT( '', ( 0.525128576902590, -4.69171213472220, -4.27427820027775 ) );
#7565 = CARTESIAN_POINT( '', ( 0.538470399376028, -4.66617484832710, -4.25443561200467 ) );
#7566 = CARTESIAN_POINT( '', ( 0.549792582807715, -4.64026675985170, -4.23402357849681 ) );
#7567 = CARTESIAN_POINT( '', ( 0.555455482149264, -4.62730857929810, -4.22381430289120 ) );
#7568 = CARTESIAN_POINT( '', ( 0.560606633653933, -4.61427571588660, -4.21347640813032 ) );
#7569 = CARTESIAN_POINT( '', ( 0.565274856673425, -4.60115749156530, -4.20301619269940 ) );
#7570 = CARTESIAN_POINT( '', ( 0.569944901377479, -4.58803414810840, -4.19255189536989 ) );
#7571 = CARTESIAN_POINT( '', ( 0.574135661867939, -4.57481100118820, -4.18195354528388 ) );
#7572 = CARTESIAN_POINT( '', ( 0.577852459651713, -4.56151326532040, -4.17125364275012 ) );
#7573 = CARTESIAN_POINT( '', ( 0.585286047606822, -4.53491782082000, -4.14985385959726 ) );
#7574 = CARTESIAN_POINT( '', ( 0.590823857734553, -4.50802341012510, -4.12804796978605 ) );
#7575 = CARTESIAN_POINT( '', ( 0.594502541417611, -4.48103535183920, -4.10608891597886 ) );
#7576 = CARTESIAN_POINT( '', ( 0.598181249777979, -4.45404711251230, -4.08412971486615 ) );
#7577 = CARTESIAN_POINT( '', ( 0.600000000000000, -4.42696580599350, -4.06201748839563 ) );
#7578 = CARTESIAN_POINT( '', ( 0.600000000000000, -4.40000000000000, -4.04000000000000 ) );
#7579 = CARTESIAN_POINT( '', ( 0.200000000000000, -4.31313064513640, -4.44000000000000 ) );
#7580 = AXIS2_PLACEMENT_3D( '', #9245, #9246, #9247 );
#7581 = CARTESIAN_POINT( '', ( 0.200000000000000, 7.07093599974894, -4.44000000000000 ) );
#7582 = VECTOR( '', #9248, 1000.00000000000 );
#7583 = COLOUR_RGB( '', 0.866666674600000, 0.866666674600000, 0.866666674600000 );
#7584 = CARTESIAN_POINT( '', ( 4.48000000000000, 24.8000000000012, -6.75000000000000 ) );
#7585 = CARTESIAN_POINT( '', ( 4.48000000000000, 26.8000000000012, -6.75000000000000 ) );
#7586 = CARTESIAN_POINT( '', ( 4.48000000000000, 26.9000000000012, -6.75000000000000 ) );
#7587 = VECTOR( '', #9249, 1000.00000000000 );
#7588 = CARTESIAN_POINT( '', ( 4.48000000000000, 24.8000000000012, -7.32453482286828 ) );
#7589 = CARTESIAN_POINT( '', ( 4.48000000000000, 24.8000000000012, -6.75000000000000 ) );
#7590 = VECTOR( '', #9250, 1000.00000000000 );
#7591 = CARTESIAN_POINT( '', ( 4.48000000000000, 26.8000000000012, -8.30000000000000 ) );
#7592 = CARTESIAN_POINT( '', ( 4.48000000000000, 26.8000000000012, -8.30000000000000 ) );
#7593 = VECTOR( '', #9251, 1000.00000000000 );
#7594 = CARTESIAN_POINT( '', ( 4.48000000000000, 26.8000000000012, -10.0902740315453 ) );
#7595 = VECTOR( '', #9252, 1000.00000000000 );
#7596 = COLOUR_RGB( '', 0.666666686500000, 0.733333349200000, 0.733333349200000 );
#7597 = CARTESIAN_POINT( '', ( 5.08000000000000, 16.4000000000000, 2.00000000000000 ) );
#7598 = CARTESIAN_POINT( '', ( 5.08000000000000, 16.4000000000000, -9.05599943172105 ) );
#7599 = VECTOR( '', #9253, 1000.00000000000 );
#7600 = CARTESIAN_POINT( '', ( -5.08000000000000, 16.4000000000000, 2.00000000000000 ) );
#7601 = VECTOR( '', #9254, 1000.00000000000 );
#7602 = COLOUR_RGB( '', 0.866666674600000, 0.866666674600000, 0.866666674600000 );
#7603 = CARTESIAN_POINT( '', ( 5.08000000000000, -4.31313064513640, -4.44000000000000 ) );
#7604 = CARTESIAN_POINT( '', ( 5.08000000000000, -5.00000000000000, -4.19000000000000 ) );
#7605 = CARTESIAN_POINT( '', ( 5.08000000000000, 7.83550830638944, -8.86174296520235 ) );
#7606 = VECTOR( '', #9255, 1000.00000000000 );
#7607 = CARTESIAN_POINT( '', ( 4.57030788030033, -4.71656585905000, -4.29316159068061 ) );
#7608 = AXIS2_PLACEMENT_3D( '', #9256, #9257, #9258 );
#7609 = CARTESIAN_POINT( '', ( 4.88000000000000, -4.31313064513640, -4.44000000000000 ) );
#7610 = AXIS2_PLACEMENT_3D( '', #9259, #9260, #9261 );
#7611 = CARTESIAN_POINT( '', ( 5.08000000000000, -4.31313064513640, -4.44000000000000 ) );
#7612 = VECTOR( '', #9262, 1000.00000000000 );
#7613 = COLOUR_RGB( '', 0.866666674600000, 0.866666674600000, 0.866666674600000 );
#7614 = CARTESIAN_POINT( '', ( 10.1600000000000, -5.00000000000000, -4.19000000000000 ) );
#7615 = CARTESIAN_POINT( '', ( 10.1600000000000, -5.00000000000000, -13.8018876112894 ) );
#7616 = VECTOR( '', #9263, 1000.00000000000 );
#7617 = CARTESIAN_POINT( '', ( 9.56000000000000, -4.40000000000000, -3.64000000000000 ) );
#7618 = CARTESIAN_POINT( '', ( 9.65030788030035, -4.71656585905000, -3.38683840931939 ) );
#7619 = CARTESIAN_POINT( '', ( 9.63487142309741, -4.69171213472220, -3.40572179972225 ) );
#7620 = CARTESIAN_POINT( '', ( 9.62152960062397, -4.66617484832710, -3.42556438799532 ) );
#7621 = CARTESIAN_POINT( '', ( 9.61020741719229, -4.64026675985170, -3.44597642150319 ) );
#7622 = CARTESIAN_POINT( '', ( 9.60454451785074, -4.62730857929820, -3.45618569710879 ) );
#7623 = CARTESIAN_POINT( '', ( 9.59939336634607, -4.61427571588660, -3.46652359186967 ) );
#7624 = CARTESIAN_POINT( '', ( 9.59472514332657, -4.60115749156530, -3.47698380730060 ) );
#7625 = CARTESIAN_POINT( '', ( 9.59005509862252, -4.58803414810840, -3.48744810463011 ) );
#7626 = CARTESIAN_POINT( '', ( 9.58586433813206, -4.57481100118820, -3.49804645471612 ) );
#7627 = CARTESIAN_POINT( '', ( 9.58214754034829, -4.56151326532040, -3.50874635724988 ) );
#7628 = CARTESIAN_POINT( '', ( 9.57471395239318, -4.53491782082000, -3.53014614040274 ) );
#7629 = CARTESIAN_POINT( '', ( 9.56917614226545, -4.50802341012510, -3.55195203021395 ) );
#7630 = CARTESIAN_POINT( '', ( 9.56549745858239, -4.48103535183920, -3.57391108402114 ) );
#7631 = CARTESIAN_POINT( '', ( 9.56181875022202, -4.45404711251230, -3.59587028513384 ) );
#7632 = CARTESIAN_POINT( '', ( 9.56000000000000, -4.42696580599350, -3.61798251160441 ) );
#7633 = CARTESIAN_POINT( '', ( 9.56000000000000, -4.40000000000000, -3.64000000000000 ) );
#7634 = CARTESIAN_POINT( '', ( 9.56000000000000, -4.40000000000000, -4.04000000000000 ) );
#7635 = CARTESIAN_POINT( '', ( 9.56000000000000, -4.40000000000000, -13.8018876112894 ) );
#7636 = VECTOR( '', #9264, 1000.00000000000 );
#7637 = CARTESIAN_POINT( '', ( 9.65030788030035, -4.71656585905000, -4.29316159068061 ) );
#7638 = CARTESIAN_POINT( '', ( 9.56000000000000, -4.40000000000000, -4.04000000000000 ) );
#7639 = CARTESIAN_POINT( '', ( 9.56000000000000, -4.42696580599830, -4.06201748839993 ) );
#7640 = CARTESIAN_POINT( '', ( 9.56181875022270, -4.45404711251730, -4.08412971487021 ) );
#7641 = CARTESIAN_POINT( '', ( 9.56549745858239, -4.48103535183920, -4.10608891597885 ) );
#7642 = CARTESIAN_POINT( '', ( 9.56917614226545, -4.50802341012510, -4.12804796978605 ) );
#7643 = CARTESIAN_POINT( '', ( 9.57471395239318, -4.53491782082000, -4.14985385959725 ) );
#7644 = CARTESIAN_POINT( '', ( 9.58214754034829, -4.56151326532040, -4.17125364275012 ) );
#7645 = CARTESIAN_POINT( '', ( 9.58586433813147, -4.57481100118610, -4.18195354528218 ) );
#7646 = CARTESIAN_POINT( '', ( 9.59005509862178, -4.58803414810630, -4.19255189536823 ) );
#7647 = CARTESIAN_POINT( '', ( 9.59472514332658, -4.60115749156530, -4.20301619269940 ) );
#7648 = CARTESIAN_POINT( '', ( 9.59939336634606, -4.61427571588660, -4.21347640813031 ) );
#7649 = CARTESIAN_POINT( '', ( 9.60454451785074, -4.62730857929820, -4.22381430289121 ) );
#7650 = CARTESIAN_POINT( '', ( 9.61020741719229, -4.64026675985170, -4.23402357849681 ) );
#7651 = CARTESIAN_POINT( '', ( 9.62152960062397, -4.66617484832710, -4.25443561200467 ) );
#7652 = CARTESIAN_POINT( '', ( 9.63487142309742, -4.69171213472220, -4.27427820027775 ) );
#7653 = CARTESIAN_POINT( '', ( 9.65030788030035, -4.71656585905000, -4.29316159068060 ) );
#7654 = AXIS2_PLACEMENT_3D( '', #9265, #9266, #9267 );
#7655 = COLOUR_RGB( '', 0.666666686500000, 0.733333349200000, 0.733333349200000 );
#7656 = CARTESIAN_POINT( '', ( 0.000000000000000, 16.4000000000000, -13.6000000000000 ) );
#7657 = CARTESIAN_POINT( '', ( 5.08000000000000, 16.4000000000000, -13.6000000000000 ) );
#7658 = CARTESIAN_POINT( '', ( -10.1600000000000, 16.4000000000000, -13.6000000000000 ) );
#7659 = VECTOR( '', #9268, 1000.00000000000 );
#7660 = CARTESIAN_POINT( '', ( 0.000000000000000, 29.3000000000000, -10.9000000000000 ) );
#7661 = CARTESIAN_POINT( '', ( 0.000000000000000, 7.83550830638944, -15.3925680288952 ) );
#7662 = VECTOR( '', #9269, 1000.00000000000 );
#7663 = CARTESIAN_POINT( '', ( 5.08000000000000, 29.3000000000000, -10.9000000000000 ) );
#7664 = CARTESIAN_POINT( '', ( 5.08000000000000, 29.3000000000000, -10.9000000000000 ) );
#7665 = VECTOR( '', #9270, 1000.00000000000 );
#7666 = CARTESIAN_POINT( '', ( 5.08000000000000, 7.83550830638944, -15.3925680288952 ) );
#7667 = VECTOR( '', #9271, 1000.00000000000 );
#7668 = COLOUR_RGB( '', 0.866666674600000, 0.866666674600000, 0.866666674600000 );
#7669 = CARTESIAN_POINT( '', ( 10.1600000000000, 0.000000000000000, -14.6000000000000 ) );
#7670 = CARTESIAN_POINT( '', ( 10.1600000000000, -4.31313064513630, -14.6000000000000 ) );
#7671 = CARTESIAN_POINT( '', ( 10.1600000000000, 7.83550830638944, -14.6000000000000 ) );
#7672 = VECTOR( '', #9272, 1000.00000000000 );
#7673 = CARTESIAN_POINT( '', ( 10.1600000000000, -4.31313064513630, -14.6000000000000 ) );
#7674 = VECTOR( '', #9273, 1000.00000000000 );
#7675 = CARTESIAN_POINT( '', ( 0.000000000000000, 0.000000000000000, -14.6000000000000 ) );
#7676 = VECTOR( '', #9274, 1000.00000000000 );
#7677 = COLOUR_RGB( '', 0.866666674600000, 0.866666674600000, 0.866666674600000 );
#7678 = CARTESIAN_POINT( '', ( 10.1600000000000, 24.8000000000012, -4.97546517713172 ) );
#7679 = CARTESIAN_POINT( '', ( 10.1600000000000, 7.83550830638944, -13.2496006245611 ) );
#7680 = VECTOR( '', #9275, 1000.00000000000 );
#7681 = CARTESIAN_POINT( '', ( 9.56000000000000, 24.8000000000012, -4.97546517713172 ) );
#7682 = CARTESIAN_POINT( '', ( 10.1600000000000, 24.8000000000012, -4.97546517713172 ) );
#7683 = VECTOR( '', #9276, 1000.00000000000 );
#7684 = CARTESIAN_POINT( '', ( 9.56000000000000, 26.8000000000012, -4.00000000000000 ) );
#7685 = VECTOR( '', #9277, 1000.00000000000 );
#7686 = COLOUR_RGB( '', 0.866666674600000, 0.866666674600000, 0.866666674600000 );
#7687 = CARTESIAN_POINT( '', ( 9.56000000000000, 26.8000000000012, -6.75000000000000 ) );
#7688 = CARTESIAN_POINT( '', ( 6.04615820335294, 26.8000000000012, -6.75000000000000 ) );
#7689 = VECTOR( '', #9278, 1000.00000000000 );
#7690 = CARTESIAN_POINT( '', ( 9.56000000000000, 26.8000000000012, -8.30000000000000 ) );
#7691 = CARTESIAN_POINT( '', ( 9.56000000000000, 26.8000000000012, -10.0902740315453 ) );
#7692 = VECTOR( '', #9279, 1000.00000000000 );
#7693 = CARTESIAN_POINT( '', ( 10.1600000000000, 26.8000000000012, -8.30000000000000 ) );
#7694 = CARTESIAN_POINT( '', ( 6.04615820335294, 26.8000000000012, -8.30000000000000 ) );
#7695 = VECTOR( '', #9280, 1000.00000000000 );
#7696 = CARTESIAN_POINT( '', ( 10.1600000000000, 26.8000000000012, -9.05599943172105 ) );
#7697 = VECTOR( '', #9281, 1000.00000000000 );
#7698 = COLOUR_RGB( '', 0.866666674600000, 0.866666674600000, 0.866666674600000 );
#7699 = CARTESIAN_POINT( '', ( 0.600000000000000, 24.8000000000012, -6.75000000000000 ) );
#7700 = CARTESIAN_POINT( '', ( 0.600000000000000, 26.8000000000012, -6.75000000000000 ) );
#7701 = CARTESIAN_POINT( '', ( 0.600000000000000, 26.9000000000012, -6.75000000000000 ) );
#7702 = VECTOR( '', #9282, 1000.00000000000 );
#7703 = CARTESIAN_POINT( '', ( 1.17453482286828, 24.8000000000012, -6.75000000000000 ) );
#7704 = CARTESIAN_POINT( '', ( -0.600000000000000, 24.8000000000012, -6.75000000000000 ) );
#7705 = VECTOR( '', #9283, 1000.00000000000 );
#7706 = CARTESIAN_POINT( '', ( 1.56472089372097, 25.6000000000012, -6.75000000000000 ) );
#7707 = CARTESIAN_POINT( '', ( 2.15000000000000, 26.8000000000012, -6.75000000000000 ) );
#7708 = VECTOR( '', #9284, 1000.00000000000 );
#7709 = CARTESIAN_POINT( '', ( -4.11384179664706, 25.6000000000012, -6.75000000000000 ) );
#7710 = VECTOR( '', #9285, 1000.00000000000 );
#7711 = CARTESIAN_POINT( '', ( -4.11384179664706, 26.8000000000012, -6.75000000000000 ) );
#7712 = VECTOR( '', #9286, 1000.00000000000 );
#7713 = COLOUR_RGB( '', 0.866666674600000, 0.866666674600000, 0.866666674600000 );
#7714 = CARTESIAN_POINT( '', ( 0.000000000000000, 24.8000000000012, -4.97546517713172 ) );
#7715 = CARTESIAN_POINT( '', ( 0.000000000000000, 24.8000000000012, -4.97546517713172 ) );
#7716 = VECTOR( '', #9287, 1000.00000000000 );
#7717 = CARTESIAN_POINT( '', ( 0.000000000000000, 26.8000000000012, -4.00000000000000 ) );
#7718 = CARTESIAN_POINT( '', ( 0.000000000000000, 7.83550830638944, -13.2496006245611 ) );
#7719 = VECTOR( '', #9288, 1000.00000000000 );
#7720 = CARTESIAN_POINT( '', ( -4.11384179664706, 26.8000000000012, -4.00000000000000 ) );
#7721 = VECTOR( '', #9289, 1000.00000000000 );
#7722 = COLOUR_RGB( '', 0.866666674600000, 0.866666674600000, 0.866666674600000 );
#7723 = CARTESIAN_POINT( '', ( 9.96000000000000, 0.000000000000000, -13.4000000000000 ) );
#7724 = CARTESIAN_POINT( '', ( 9.96000000000000, -4.31313064513630, -13.4000000000000 ) );
#7725 = CARTESIAN_POINT( '', ( 9.96000000000000, 7.76723869684921, -13.4000000000000 ) );
#7726 = VECTOR( '', #9290, 1000.00000000000 );
#7727 = CARTESIAN_POINT( '', ( 10.1600000000000, -4.31313064513630, -13.4000000000000 ) );
#7728 = CARTESIAN_POINT( '', ( 10.1600000000000, -4.31313064513630, -13.4000000000000 ) );
#7729 = VECTOR( '', #9291, 1000.00000000000 );
#7730 = CARTESIAN_POINT( '', ( 10.1600000000000, 0.000000000000000, -13.4000000000000 ) );
#7731 = CARTESIAN_POINT( '', ( 10.1600000000000, 7.83550830638944, -13.4000000000000 ) );
#7732 = VECTOR( '', #9292, 1000.00000000000 );
#7733 = CARTESIAN_POINT( '', ( 0.000000000000000, 0.000000000000000, -13.4000000000000 ) );
#7734 = VECTOR( '', #9293, 1000.00000000000 );
#7735 = COLOUR_RGB( '', 0.866666674600000, 0.866666674600000, 0.866666674600000 );
#7736 = CARTESIAN_POINT( '', ( 9.56000000000000, 0.000000000000000, -4.04000000000000 ) );
#7737 = CARTESIAN_POINT( '', ( 9.56000000000000, 7.07093599974894, -4.04000000000000 ) );
#7738 = VECTOR( '', #9294, 1000.00000000000 );
#7739 = CARTESIAN_POINT( '', ( 9.96000000000000, 0.000000000000000, -4.44000000000000 ) );
#7740 = AXIS2_PLACEMENT_3D( '', #9295, #9296, #9297 );
#7741 = CARTESIAN_POINT( '', ( 9.96000000000000, -4.31313064513640, -4.44000000000000 ) );
#7742 = CARTESIAN_POINT( '', ( 9.96000000000000, 7.07093599974894, -4.44000000000000 ) );
#7743 = VECTOR( '', #9298, 1000.00000000000 );
#7744 = AXIS2_PLACEMENT_3D( '', #9299, #9300, #9301 );
#7745 = COLOUR_RGB( '', 0.866666674600000, 0.866666674600000, 0.866666674600000 );
#7746 = CARTESIAN_POINT( '', ( 2.75000000000000, 12.8000000000000, -1.50000000000000 ) );
#7747 = CARTESIAN_POINT( '', ( 2.75000000000000, 12.8000000000000, -12.2000000000000 ) );
#7748 = CARTESIAN_POINT( '', ( 2.75000000000000, 12.8000000000000, -9.05599943172105 ) );
#7749 = VECTOR( '', #9302, 1000.00000000000 );
#7750 = CARTESIAN_POINT( '', ( 2.75000000000000, 7.83550830638944, -12.2000000000000 ) );
#7751 = VECTOR( '', #9303, 1000.00000000000 );
#7752 = CARTESIAN_POINT( '', ( 2.75000000000000, 12.8000000000000, -1.50000000000000 ) );
#7753 = VECTOR( '', #9304, 1000.00000000000 );
#7754 = COLOUR_RGB( '', 0.866666674600000, 0.866666674600000, 0.866666674600000 );
#7755 = CARTESIAN_POINT( '', ( 0.000000000000000, 0.000000000000000, -14.6000000000000 ) );
#7756 = CARTESIAN_POINT( '', ( 0.200000000000000, 0.000000000000000, -14.6000000000000 ) );
#7757 = CARTESIAN_POINT( '', ( -10.1600000000000, 0.000000000000000, -14.6000000000000 ) );
#7758 = VECTOR( '', #9305, 1000.00000000000 );
#7759 = CARTESIAN_POINT( '', ( 0.200000000000000, -4.31313064513630, -14.6000000000000 ) );
#7760 = CARTESIAN_POINT( '', ( 0.200000000000000, 7.76723869684921, -14.6000000000000 ) );
#7761 = VECTOR( '', #9306, 1000.00000000000 );
#7762 = CARTESIAN_POINT( '', ( 0.000000000000000, -4.31313064513630, -14.6000000000000 ) );
#7763 = CARTESIAN_POINT( '', ( 0.000000000000000, -4.31313064513630, -14.6000000000000 ) );
#7764 = VECTOR( '', #9307, 1000.00000000000 );
#7765 = CARTESIAN_POINT( '', ( 0.000000000000000, 7.83550830638944, -14.6000000000000 ) );
#7766 = VECTOR( '', #9308, 1000.00000000000 );
#7767 = COLOUR_RGB( '', 0.600000023800000, 0.600000023800000, 0.600000023800000 );
#7768 = CARTESIAN_POINT( '', ( 5.08000000000000, 29.2000000000000, -2.45000000000000 ) );
#7769 = VECTOR( '', #9309, 1000.00000000000 );
#7770 = CARTESIAN_POINT( '', ( 5.08000000000000, 7.83550830638944, 4.25730788823846 ) );
#7771 = VECTOR( '', #9310, 1000.00000000000 );
#7772 = CARTESIAN_POINT( '', ( 5.08000000000000, 12.8000000000000, -0.300000000000000 ) );
#7773 = CARTESIAN_POINT( '', ( 5.08000000000000, 7.83550830638944, -4.46570314909129 ) );
#7774 = VECTOR( '', #9311, 1000.00000000000 );
#7775 = CARTESIAN_POINT( '', ( 5.08000000000000, 12.8000000000000, -1.45000000000000 ) );
#7776 = CARTESIAN_POINT( '', ( 5.08000000000000, 12.8000000000000, -9.05599943172105 ) );
#7777 = VECTOR( '', #9312, 1000.00000000000 );
#7778 = CARTESIAN_POINT( '', ( 5.08000000000000, 12.9000000000000, -1.45000000000000 ) );
#7779 = CARTESIAN_POINT( '', ( 5.08000000000000, 7.83550830638944, -1.45000000000000 ) );
#7780 = VECTOR( '', #9313, 1000.00000000000 );
#7781 = CARTESIAN_POINT( '', ( 5.08000000000000, 12.9000000000000, -9.05599943172105 ) );
#7782 = VECTOR( '', #9314, 1000.00000000000 );
#7783 = CARTESIAN_POINT( '', ( 5.08000000000000, 12.8000000000000, -12.2000000000000 ) );
#7784 = CARTESIAN_POINT( '', ( 5.08000000000000, 12.8000000000000, -9.05599943172105 ) );
#7785 = VECTOR( '', #9315, 1000.00000000000 );
#7786 = CARTESIAN_POINT( '', ( 5.08000000000000, 6.80000000000000, -12.2000000000000 ) );
#7787 = CARTESIAN_POINT( '', ( 5.08000000000000, 7.83550830638944, -12.2000000000000 ) );
#7788 = VECTOR( '', #9316, 1000.00000000000 );
#7789 = CARTESIAN_POINT( '', ( 5.08000000000000, 6.80000000000000, -9.05599943172105 ) );
#7790 = VECTOR( '', #9317, 1000.00000000000 );
#7791 = CARTESIAN_POINT( '', ( 5.08000000000000, 6.70000000000000, -1.45000000000000 ) );
#7792 = CARTESIAN_POINT( '', ( 5.08000000000000, 6.70000000000000, -9.05599943172105 ) );
#7793 = VECTOR( '', #9318, 1000.00000000000 );
#7794 = CARTESIAN_POINT( '', ( 5.08000000000000, 6.80000000000000, -1.45000000000000 ) );
#7795 = CARTESIAN_POINT( '', ( 5.08000000000000, 7.83550830638944, -1.45000000000000 ) );
#7796 = VECTOR( '', #9319, 1000.00000000000 );
#7797 = CARTESIAN_POINT( '', ( 5.08000000000000, 6.80000000000000, -9.05599943172105 ) );
#7798 = VECTOR( '', #9320, 1000.00000000000 );
#7799 = CARTESIAN_POINT( '', ( 5.08000000000000, 4.80000000000000, -9.05599943172105 ) );
#7800 = VECTOR( '', #9321, 1000.00000000000 );
#7801 = CARTESIAN_POINT( '', ( 5.08000000000000, 3.80000000000000, 0.000000000000000 ) );
#7802 = CARTESIAN_POINT( '', ( 5.08000000000000, 3.80000000000000, -9.05599943172105 ) );
#7803 = VECTOR( '', #9322, 1000.00000000000 );
#7804 = CARTESIAN_POINT( '', ( 5.08000000000000, 0.000000000000000, 0.000000000000000 ) );
#7805 = CARTESIAN_POINT( '', ( 5.08000000000000, 7.83550830638944, 0.000000000000000 ) );
#7806 = VECTOR( '', #9323, 1000.00000000000 );
#7807 = CARTESIAN_POINT( '', ( 5.08000000000000, 0.000000000000000, -3.24000000000000 ) );
#7808 = CARTESIAN_POINT( '', ( 5.08000000000000, 0.000000000000000, -9.05599943172105 ) );
#7809 = VECTOR( '', #9324, 1000.00000000000 );
#7810 = CARTESIAN_POINT( '', ( 5.08000000000000, -4.31313064513630, -3.24000000000000 ) );
#7811 = CARTESIAN_POINT( '', ( 5.08000000000000, 7.83550830638944, -3.24000000000000 ) );
#7812 = VECTOR( '', #9325, 1000.00000000000 );
#7813 = CARTESIAN_POINT( '', ( 5.08000000000000, -5.00000000000000, -3.49000000000000 ) );
#7814 = CARTESIAN_POINT( '', ( 5.08000000000000, 7.83550830638944, 1.18174296520236 ) );
#7815 = VECTOR( '', #9326, 1000.00000000000 );
#7816 = CARTESIAN_POINT( '', ( 5.08000000000000, -5.00000000000000, -13.8018876112894 ) );
#7817 = VECTOR( '', #9327, 1000.00000000000 );
#7818 = CARTESIAN_POINT( '', ( 5.08000000000000, 0.000000000000000, -4.44000000000000 ) );
#7819 = CARTESIAN_POINT( '', ( 5.08000000000000, 7.83550830638944, -4.44000000000000 ) );
#7820 = VECTOR( '', #9328, 1000.00000000000 );
#7821 = CARTESIAN_POINT( '', ( 5.08000000000000, 0.000000000000000, -9.05599943172105 ) );
#7822 = VECTOR( '', #9329, 1000.00000000000 );
#7823 = CARTESIAN_POINT( '', ( 5.08000000000000, -5.00000000000000, -13.6500000000000 ) );
#7824 = CARTESIAN_POINT( '', ( 5.08000000000000, 7.83550830638944, -8.97825703479765 ) );
#7825 = VECTOR( '', #9330, 1000.00000000000 );
#7826 = CARTESIAN_POINT( '', ( 5.08000000000000, -5.00000000000000, -14.3500000000000 ) );
#7827 = CARTESIAN_POINT( '', ( 5.08000000000000, -5.00000000000000, -9.79877921050629 ) );
#7828 = VECTOR( '', #9331, 1000.00000000000 );
#7829 = CARTESIAN_POINT( '', ( 5.08000000000000, 7.83550830638944, -19.0217429652023 ) );
#7830 = VECTOR( '', #9332, 1000.00000000000 );
#7831 = CARTESIAN_POINT( '', ( 5.08000000000000, 0.000000000000000, -15.6000000000000 ) );
#7832 = CARTESIAN_POINT( '', ( 5.08000000000000, 0.000000000000000, -9.05599943172105 ) );
#7833 = VECTOR( '', #9333, 1000.00000000000 );
#7834 = CARTESIAN_POINT( '', ( 5.08000000000000, 16.4000000000000, -15.6000000000000 ) );
#7835 = CARTESIAN_POINT( '', ( 5.08000000000000, 7.83550830638944, -15.6000000000000 ) );
#7836 = VECTOR( '', #9334, 1000.00000000000 );
#7837 = CARTESIAN_POINT( '', ( 5.08000000000000, 16.4000000000000, -13.6000000000000 ) );
#7838 = CARTESIAN_POINT( '', ( 5.08000000000000, 16.4000000000000, -9.05599943172105 ) );
#7839 = VECTOR( '', #9335, 1000.00000000000 );
#7840 = CARTESIAN_POINT( '', ( 5.08000000000000, 7.83550830638944, -15.3925680288952 ) );
#7841 = VECTOR( '', #9336, 1000.00000000000 );
#7842 = CARTESIAN_POINT( '', ( 5.08000000000000, 26.8000000000012, -9.85000000000000 ) );
#7843 = CARTESIAN_POINT( '', ( 5.08000000000000, 29.2000000000000, -9.85000000000000 ) );
#7844 = VECTOR( '', #9337, 1000.00000000000 );
#7845 = CARTESIAN_POINT( '', ( 5.08000000000000, 26.8000000000012, -8.30000000000000 ) );
#7846 = CARTESIAN_POINT( '', ( 5.08000000000000, 26.8000000000012, -9.05599943172105 ) );
#7847 = VECTOR( '', #9338, 1000.00000000000 );
#7848 = CARTESIAN_POINT( '', ( 5.08000000000000, 24.8000000000012, -7.32453482286828 ) );
#7849 = CARTESIAN_POINT( '', ( 5.08000000000000, 7.83550830638944, 0.949600624561050 ) );
#7850 = VECTOR( '', #9339, 1000.00000000000 );
#7851 = CARTESIAN_POINT( '', ( 5.08000000000000, 24.8000000000012, -4.97546517713172 ) );
#7852 = CARTESIAN_POINT( '', ( 5.08000000000000, 24.8000000000012, -9.05599943172105 ) );
#7853 = VECTOR( '', #9340, 1000.00000000000 );
#7854 = CARTESIAN_POINT( '', ( 5.08000000000000, 7.83550830638944, -13.2496006245611 ) );
#7855 = VECTOR( '', #9341, 1000.00000000000 );
#7856 = COLOUR_RGB( '', 0.866666674600000, 0.866666674600000, 0.866666674600000 );
#7857 = CARTESIAN_POINT( '', ( 0.600000000000000, 26.8000000000012, -8.30000000000000 ) );
#7858 = CARTESIAN_POINT( '', ( 0.600000000000000, 26.8000000000012, -10.0902740315453 ) );
#7859 = VECTOR( '', #9342, 1000.00000000000 );
#7860 = CARTESIAN_POINT( '', ( 0.600000000000000, 24.8000000000012, -7.32453482286828 ) );
#7861 = CARTESIAN_POINT( '', ( 0.600000000000000, 26.8000000000012, -8.30000000000000 ) );
#7862 = VECTOR( '', #9343, 1000.00000000000 );
#7863 = CARTESIAN_POINT( '', ( 0.600000000000000, 24.8000000000012, -6.75000000000000 ) );
#7864 = VECTOR( '', #9344, 1000.00000000000 );
#7865 = COLOUR_RGB( '', 0.666666686500000, 0.733333349200000, 0.733333349200000 );
#7866 = CARTESIAN_POINT( '', ( 5.08000000000000, 0.000000000000000, 0.000000000000000 ) );
#7867 = VECTOR( '', #9345, 1000.00000000000 );
#7868 = CARTESIAN_POINT( '', ( -55.8800000000000, 3.80000000000000, 0.000000000000000 ) );
#7869 = VECTOR( '', #9346, 1000.00000000000 );
#7870 = COLOUR_RGB( '', 0.666666686500000, 0.733333349200000, 0.733333349200000 );
#7871 = CARTESIAN_POINT( '', ( 0.000000000000000, 4.80000000000000, 1.70000000000000 ) );
#7872 = CARTESIAN_POINT( '', ( 0.000000000000000, 4.80000000000000, 2.70000000000000 ) );
#7873 = CARTESIAN_POINT( '', ( 0.000000000000000, 4.80000000000000, -9.05599943172105 ) );
#7874 = VECTOR( '', #9347, 1000.00000000000 );
#7875 = CARTESIAN_POINT( '', ( 4.20000000000000, 4.80000000000000, 2.70000000000000 ) );
#7876 = CARTESIAN_POINT( '', ( 0.000000000000000, 4.80000000000000, 2.70000000000000 ) );
#7877 = VECTOR( '', #9348, 1000.00000000000 );
#7878 = CARTESIAN_POINT( '', ( 4.20000000000000, 4.80000000000000, 1.70000000000000 ) );
#7879 = CARTESIAN_POINT( '', ( 4.20000000000000, 4.80000000000000, 1.88165904106093 ) );
#7880 = VECTOR( '', #9349, 1000.00000000000 );
#7881 = CARTESIAN_POINT( '', ( -3.83535768668077, 4.80000000000000, 1.70000000000000 ) );
#7882 = VECTOR( '', #9350, 1000.00000000000 );
#7883 = COLOUR_RGB( '', 0.666666686500000, 0.733333349200000, 0.733333349200000 );
#7884 = CARTESIAN_POINT( '', ( 2.80000000000000, 12.9000000000000, -1.50000000000000 ) );
#7885 = CARTESIAN_POINT( '', ( 2.80000000000000, 12.9000000000000, -1.45000000000000 ) );
#7886 = CARTESIAN_POINT( '', ( 2.80000000000000, 12.9000000000000, -1.50000000000000 ) );
#7887 = VECTOR( '', #9351, 1000.00000000000 );
#7888 = CARTESIAN_POINT( '', ( 0.000000000000000, 12.9000000000000, -1.45000000000000 ) );
#7889 = CARTESIAN_POINT( '', ( -2.80000000000000, 12.9000000000000, -1.45000000000000 ) );
#7890 = VECTOR( '', #9352, 1000.00000000000 );
#7891 = CARTESIAN_POINT( '', ( 0.000000000000000, 12.9000000000000, -1.50000000000000 ) );
#7892 = CARTESIAN_POINT( '', ( 0.000000000000000, 12.9000000000000, -9.05599943172105 ) );
#7893 = VECTOR( '', #9353, 1000.00000000000 );
#7894 = CARTESIAN_POINT( '', ( -2.80000000000000, 12.9000000000000, -1.50000000000000 ) );
#7895 = VECTOR( '', #9354, 1000.00000000000 );
#7896 = COLOUR_RGB( '', 0.866666674600000, 0.866666674600000, 0.866666674600000 );
#7897 = CARTESIAN_POINT( '', ( 7.41000000000000, 12.8000000000000, -12.2000000000000 ) );
#7898 = CARTESIAN_POINT( '', ( 7.41000000000000, 7.83550830638944, -12.2000000000000 ) );
#7899 = VECTOR( '', #9355, 1000.00000000000 );
#7900 = CARTESIAN_POINT( '', ( 7.41000000000000, 12.8000000000000, -1.50000000000000 ) );
#7901 = CARTESIAN_POINT( '', ( 7.41000000000000, 12.8000000000000, -9.05599943172105 ) );
#7902 = VECTOR( '', #9356, 1000.00000000000 );
#7903 = CARTESIAN_POINT( '', ( 7.41000000000000, 6.80000000000000, -1.50000000000000 ) );
#7904 = VECTOR( '', #9357, 1000.00000000000 );
#7905 = COLOUR_RGB( '', 0.666666686500000, 0.733333349200000, 0.733333349200000 );
#7906 = CARTESIAN_POINT( '', ( 0.000000000000000, 0.000000000000000, -13.4000000000000 ) );
#7907 = CARTESIAN_POINT( '', ( 0.200000000000000, 0.000000000000000, -13.4000000000000 ) );
#7908 = CARTESIAN_POINT( '', ( -10.1600000000000, 0.000000000000000, -13.4000000000000 ) );
#7909 = VECTOR( '', #9358, 1000.00000000000 );
#7910 = AXIS2_PLACEMENT_3D( '', #9359, #9360, #9361 );
#7911 = AXIS2_PLACEMENT_3D( '', #9362, #9363, #9364 );
#7912 = CARTESIAN_POINT( '', ( 0.000000000000000, 0.000000000000000, -15.6000000000000 ) );
#7913 = CARTESIAN_POINT( '', ( 0.000000000000000, 0.000000000000000, -9.05599943172105 ) );
#7914 = VECTOR( '', #9365, 1000.00000000000 );
#7915 = CARTESIAN_POINT( '', ( 5.08000000000000, 0.000000000000000, -15.6000000000000 ) );
#7916 = CARTESIAN_POINT( '', ( -10.1600000000000, 0.000000000000000, -15.6000000000000 ) );
#7917 = VECTOR( '', #9366, 1000.00000000000 );
#7918 = CARTESIAN_POINT( '', ( 5.08000000000000, 0.000000000000000, 0.000000000000000 ) );
#7919 = CARTESIAN_POINT( '', ( 5.08000000000000, 0.000000000000000, -9.05599943172105 ) );
#7920 = VECTOR( '', #9367, 1000.00000000000 );
#7921 = CARTESIAN_POINT( '', ( 0.000000000000000, 0.000000000000000, 0.000000000000000 ) );
#7922 = CARTESIAN_POINT( '', ( -10.1600000000000, 0.000000000000000, 0.000000000000000 ) );
#7923 = VECTOR( '', #9368, 1000.00000000000 );
#7924 = CARTESIAN_POINT( '', ( 0.000000000000000, 0.000000000000000, -3.24000000000000 ) );
#7925 = CARTESIAN_POINT( '', ( 0.000000000000000, 0.000000000000000, -9.05599943172105 ) );
#7926 = VECTOR( '', #9369, 1000.00000000000 );
#7927 = CARTESIAN_POINT( '', ( 0.200000000000000, 0.000000000000000, -3.24000000000000 ) );
#7928 = CARTESIAN_POINT( '', ( -10.1600000000000, 0.000000000000000, -3.24000000000000 ) );
#7929 = VECTOR( '', #9370, 1000.00000000000 );
#7930 = CARTESIAN_POINT( '', ( 0.600000000000000, 0.000000000000000, -3.64000000000000 ) );
#7931 = AXIS2_PLACEMENT_3D( '', #9371, #9372, #9373 );
#7932 = CARTESIAN_POINT( '', ( 0.600000000000000, 0.000000000000000, -9.05599943172105 ) );
#7933 = VECTOR( '', #9374, 1000.00000000000 );
#7934 = CARTESIAN_POINT( '', ( 0.000000000000000, 0.000000000000000, -4.44000000000000 ) );
#7935 = CARTESIAN_POINT( '', ( -10.1600000000000, 0.000000000000000, -4.44000000000000 ) );
#7936 = VECTOR( '', #9375, 1000.00000000000 );
#7937 = CARTESIAN_POINT( '', ( 0.000000000000000, 0.000000000000000, -9.05599943172105 ) );
#7938 = VECTOR( '', #9376, 1000.00000000000 );
#7939 = COLOUR_RGB( '', 0.866666674600000, 0.866666674600000, 0.866666674600000 );
#7940 = CARTESIAN_POINT( '', ( 0.000000000000000, -5.00000000000000, -4.19000000000000 ) );
#7941 = AXIS2_PLACEMENT_3D( '', #9377, #9378, #9379 );
#7942 = CARTESIAN_POINT( '', ( 0.000000000000000, -4.31313064513640, -4.44000000000000 ) );
#7943 = CARTESIAN_POINT( '', ( 0.000000000000000, 7.83550830638944, -8.86174296520235 ) );
#7944 = VECTOR( '', #9380, 1000.00000000000 );
#7945 = CARTESIAN_POINT( '', ( 0.000000000000000, -4.31313064513640, -4.44000000000000 ) );
#7946 = VECTOR( '', #9381, 1000.00000000000 );
#7947 = COLOUR_RGB( '', 0.866666674600000, 0.866666674600000, 0.866666674600000 );
#7948 = CARTESIAN_POINT( '', ( 2.33000000000000, 12.8000000000000, -12.2000000000000 ) );
#7949 = CARTESIAN_POINT( '', ( 2.33000000000000, 12.8000000000000, -9.05599943172105 ) );
#7950 = VECTOR( '', #9382, 1000.00000000000 );
#7951 = CARTESIAN_POINT( '', ( 5.08000000000000, 12.8000000000000, -12.2000000000000 ) );
#7952 = VECTOR( '', #9383, 1000.00000000000 );
#7953 = COLOUR_RGB( '', 0.666666686500000, 0.733333349200000, 0.733333349200000 );
#7954 = CARTESIAN_POINT( '', ( 5.08000000000000, 16.4000000000000, -15.6000000000000 ) );
#7955 = VECTOR( '', #9384, 1000.00000000000 );
#7956 = CARTESIAN_POINT( '', ( 5.08000000000000, 16.4000000000000, -13.6000000000000 ) );
#7957 = VECTOR( '', #9385, 1000.00000000000 );
#7958 = COLOUR_RGB( '', 0.866666674600000, 0.866666674600000, 0.866666674600000 );
#7959 = CARTESIAN_POINT( '', ( 10.1600000000000, 24.8000000000012, -7.32453482286828 ) );
#7960 = CARTESIAN_POINT( '', ( 9.56000000000000, 24.8000000000012, -7.32453482286828 ) );
#7961 = CARTESIAN_POINT( '', ( 10.1600000000000, 24.8000000000012, -7.32453482286828 ) );
#7962 = VECTOR( '', #9386, 1000.00000000000 );
#7963 = CARTESIAN_POINT( '', ( 10.1600000000000, 7.83550830638944, 0.949600624561050 ) );
#7964 = VECTOR( '', #9387, 1000.00000000000 );
#7965 = CARTESIAN_POINT( '', ( 9.56000000000000, 26.8000000000012, -8.30000000000000 ) );
#7966 = VECTOR( '', #9388, 1000.00000000000 );
#7967 = COLOUR_RGB( '', 0.866666674600000, 0.866666674600000, 0.866666674600000 );
#7968 = CARTESIAN_POINT( '', ( 5.08000000000000, 24.8000000000012, -7.32453482286828 ) );
#7969 = VECTOR( '', #9389, 1000.00000000000 );
#7970 = CARTESIAN_POINT( '', ( 4.48000000000000, 24.8000000000012, -6.75000000000000 ) );
#7971 = VECTOR( '', #9390, 1000.00000000000 );
#7972 = CARTESIAN_POINT( '', ( 4.48000000000000, 24.8000000000012, -5.55000000000000 ) );
#7973 = CARTESIAN_POINT( '', ( 4.48000000000000, 24.8000000000012, -5.55000000000000 ) );
#7974 = VECTOR( '', #9391, 1000.00000000000 );
#7975 = CARTESIAN_POINT( '', ( 4.48000000000000, 24.8000000000012, -4.97546517713172 ) );
#7976 = CARTESIAN_POINT( '', ( 4.48000000000000, 24.8000000000012, -6.75000000000000 ) );
#7977 = VECTOR( '', #9392, 1000.00000000000 );
#7978 = CARTESIAN_POINT( '', ( 5.08000000000000, 24.8000000000012, -4.97546517713172 ) );
#7979 = VECTOR( '', #9393, 1000.00000000000 );
#7980 = COLOUR_RGB( '', 0.866666674600000, 0.866666674600000, 0.866666674600000 );
#7981 = CARTESIAN_POINT( '', ( 10.1600000000000, 0.000000000000000, -4.44000000000000 ) );
#7982 = CARTESIAN_POINT( '', ( 10.1600000000000, -4.31313064513640, -4.44000000000000 ) );
#7983 = CARTESIAN_POINT( '', ( 10.1600000000000, 7.83550830638944, -4.44000000000000 ) );
#7984 = VECTOR( '', #9394, 1000.00000000000 );
#7985 = CARTESIAN_POINT( '', ( 10.1600000000000, -4.31313064513640, -4.44000000000000 ) );
#7986 = VECTOR( '', #9395, 1000.00000000000 );
#7987 = CARTESIAN_POINT( '', ( 0.000000000000000, 0.000000000000000, -4.44000000000000 ) );
#7988 = VECTOR( '', #9396, 1000.00000000000 );
#7989 = COLOUR_RGB( '', 0.866666674600000, 0.866666674600000, 0.866666674600000 );
#7990 = CARTESIAN_POINT( '', ( 9.56000000000000, 0.000000000000000, -13.8000000000000 ) );
#7991 = CARTESIAN_POINT( '', ( 9.56000000000000, 0.000000000000000, -9.05599943172105 ) );
#7992 = VECTOR( '', #9397, 1000.00000000000 );
#7993 = CARTESIAN_POINT( '', ( 9.56000000000000, 7.76723869684921, -13.8000000000000 ) );
#7994 = VECTOR( '', #9398, 1000.00000000000 );
#7995 = COLOUR_RGB( '', 0.866666674600000, 0.866666674600000, 0.866666674600000 );
#7996 = CARTESIAN_POINT( '', ( 9.56000000000000, 24.8000000000012, -6.75000000000000 ) );
#7997 = CARTESIAN_POINT( '', ( 9.56000000000000, 26.9000000000012, -6.75000000000000 ) );
#7998 = VECTOR( '', #9399, 1000.00000000000 );
#7999 = CARTESIAN_POINT( '', ( 9.56000000000000, 24.8000000000012, -6.75000000000000 ) );
#8000 = VECTOR( '', #9400, 1000.00000000000 );
#8001 = COLOUR_RGB( '', 0.866666674600000, 0.866666674600000, 0.866666674600000 );
#8002 = AXIS2_PLACEMENT_3D( '', #9401, #9402, #9403 );
#8003 = CARTESIAN_POINT( '', ( 5.08000000000000, -4.31313064513630, -3.24000000000000 ) );
#8004 = VECTOR( '', #9404, 1000.00000000000 );
#8005 = COLOUR_RGB( '', 0.866666674600000, 0.866666674600000, 0.866666674600000 );
#8006 = CARTESIAN_POINT( '', ( 0.000000000000000, -4.31313064513630, -13.4000000000000 ) );
#8007 = CARTESIAN_POINT( '', ( 0.000000000000000, -5.00000000000000, -13.6500000000000 ) );
#8008 = CARTESIAN_POINT( '', ( 0.000000000000000, 7.83550830638944, -8.97825703479765 ) );
#8009 = VECTOR( '', #9405, 1000.00000000000 );
#8010 = CARTESIAN_POINT( '', ( 0.509692119699701, -4.71656585905000, -13.5468384093194 ) );
#8011 = AXIS2_PLACEMENT_3D( '', #9406, #9407, #9408 );
#8012 = CARTESIAN_POINT( '', ( 0.200000000000000, -4.31313064513630, -13.4000000000000 ) );
#8013 = AXIS2_PLACEMENT_3D( '', #9409, #9410, #9411 );
#8014 = CARTESIAN_POINT( '', ( 0.000000000000000, -4.31313064513630, -13.4000000000000 ) );
#8015 = VECTOR( '', #9412, 1000.00000000000 );
#8016 = COLOUR_RGB( '', 0.866666674600000, 0.866666674600000, 0.866666674600000 );
#8017 = CARTESIAN_POINT( '', ( 9.56000000000000, 24.8000000000012, -6.75000000000000 ) );
#8018 = VECTOR( '', #9413, 1000.00000000000 );
#8019 = COLOUR_RGB( '', 0.666666686500000, 0.733333349200000, 0.733333349200000 );
#8020 = CARTESIAN_POINT( '', ( 0.000000000000000, 3.80000000000000, 0.000000000000000 ) );
#8021 = CARTESIAN_POINT( '', ( 0.000000000000000, 3.80000000000000, 2.70000000000000 ) );
#8022 = CARTESIAN_POINT( '', ( 0.000000000000000, 3.80000000000000, -9.05599943172105 ) );
#8023 = VECTOR( '', #9414, 1000.00000000000 );
#8024 = CARTESIAN_POINT( '', ( 10.1600000000000, 3.80000000000000, 0.000000000000000 ) );
#8025 = CARTESIAN_POINT( '', ( -60.9600000000000, 3.80000000000000, 0.000000000000000 ) );
#8026 = VECTOR( '', #9415, 1000.00000000000 );
#8027 = CARTESIAN_POINT( '', ( 10.1600000000000, 3.80000000000000, 2.70000000000000 ) );
#8028 = CARTESIAN_POINT( '', ( 10.1600000000000, 3.80000000000000, -9.05599943172105 ) );
#8029 = VECTOR( '', #9416, 1000.00000000000 );
#8030 = CARTESIAN_POINT( '', ( 0.000000000000000, 3.80000000000000, 2.70000000000000 ) );
#8031 = VECTOR( '', #9417, 1000.00000000000 );
#8032 = COLOUR_RGB( '', 0.866666674600000, 0.866666674600000, 0.866666674600000 );
#8033 = CARTESIAN_POINT( '', ( 4.88000000000000, 0.000000000000000, -4.44000000000000 ) );
#8034 = CARTESIAN_POINT( '', ( 4.88000000000000, 7.07093599974894, -4.44000000000000 ) );
#8035 = VECTOR( '', #9418, 1000.00000000000 );
#8036 = CARTESIAN_POINT( '', ( 5.08000000000000, 0.000000000000000, -4.44000000000000 ) );
#8037 = VECTOR( '', #9419, 1000.00000000000 );
#8038 = COLOUR_RGB( '', 0.666666686500000, 0.733333349200000, 0.733333349200000 );
#8039 = CARTESIAN_POINT( '', ( 0.000000000000000, 15.4000000000000, 1.88165904106092 ) );
#8040 = CARTESIAN_POINT( '', ( 0.000000000000000, 7.83550830638944, -4.46570314909129 ) );
#8041 = VECTOR( '', #9420, 1000.00000000000 );
#8042 = CARTESIAN_POINT( '', ( 4.20000000000000, 15.1828007249077, 1.69940720943896 ) );
#8043 = CARTESIAN_POINT( '', ( -2.14118926598758, 4.39009331078496, -7.35674960115568 ) );
#8044 = VECTOR( '', #9421, 1000.00000000000 );
#8045 = CARTESIAN_POINT( '', ( 4.20000000000000, 15.4000000000000, 1.88165904106093 ) );
#8046 = CARTESIAN_POINT( '', ( 4.20000000000000, 4.39009331078496, -7.35674960115568 ) );
#8047 = VECTOR( '', #9422, 1000.00000000000 );
#8048 = CARTESIAN_POINT( '', ( -3.83535768668078, 15.4000000000000, 1.88165904106093 ) );
#8049 = VECTOR( '', #9423, 1000.00000000000 );
#8050 = COLOUR_RGB( '', 0.866666674600000, 0.866666674600000, 0.866666674600000 );
#8051 = CARTESIAN_POINT( '', ( 0.000000000000000, 26.8000000000012, -8.30000000000000 ) );
#8052 = CARTESIAN_POINT( '', ( 0.000000000000000, 26.8000000000012, -9.85000000000000 ) );
#8053 = CARTESIAN_POINT( '', ( 0.000000000000000, 26.8000000000012, -9.05599943172105 ) );
#8054 = VECTOR( '', #9424, 1000.00000000000 );
#8055 = CARTESIAN_POINT( '', ( 0.600000000000000, 26.8000000000012, -8.30000000000000 ) );
#8056 = CARTESIAN_POINT( '', ( -4.11384179664706, 26.8000000000012, -8.30000000000000 ) );
#8057 = VECTOR( '', #9425, 1000.00000000000 );
#8058 = CARTESIAN_POINT( '', ( 0.600000000000000, 26.8000000000012, -6.75000000000000 ) );
#8059 = CARTESIAN_POINT( '', ( 0.600000000000000, 26.8000000000012, -10.0902740315453 ) );
#8060 = VECTOR( '', #9426, 1000.00000000000 );
#8061 = CARTESIAN_POINT( '', ( 3.65102725270570, 26.8000000000012, -6.75000000000000 ) );
#8062 = CARTESIAN_POINT( '', ( -4.11384179664706, 26.8000000000012, -6.75000000000000 ) );
#8063 = VECTOR( '', #9427, 1000.00000000000 );
#8064 = AXIS2_PLACEMENT_3D( '', #9428, #9429, #9430 );
#8065 = COLOUR_RGB( '', 0.866666674600000, 0.866666674600000, 0.866666674600000 );
#8066 = CARTESIAN_POINT( '', ( 0.600000000000000, -4.40000000000000, -3.64000000000000 ) );
#8067 = CARTESIAN_POINT( '', ( 0.600000000000000, 7.07093599974894, -3.64000000000000 ) );
#8068 = VECTOR( '', #9431, 1000.00000000000 );
#8069 = CARTESIAN_POINT( '', ( 0.600000000000000, -4.40000000000000, -13.8018876112894 ) );
#8070 = VECTOR( '', #9432, 1000.00000000000 );
#8071 = COLOUR_RGB( '', 0.666666686500000, 0.733333349200000, 0.733333349200000 );
#8072 = CARTESIAN_POINT( '', ( 5.08000000000000, 6.80000000000000, -1.45000000000000 ) );
#8073 = VECTOR( '', #9433, 1000.00000000000 );
#8074 = CARTESIAN_POINT( '', ( 7.88000000000000, 6.70000000000000, -1.45000000000000 ) );
#8075 = VECTOR( '', #9434, 1000.00000000000 );
#8076 = COLOUR_RGB( '', 0.866666674600000, 0.866666674600000, 0.866666674600000 );
#8077 = CARTESIAN_POINT( '', ( 5.08000000000000, 0.000000000000000, -3.24000000000000 ) );
#8078 = VECTOR( '', #9435, 1000.00000000000 );
#8079 = COLOUR_RGB( '', 0.866666674600000, 0.866666674600000, 0.866666674600000 );
#8080 = CARTESIAN_POINT( '', ( 10.1600000000000, 23.3000000000000, -3.79925212709677 ) );
#8081 = CARTESIAN_POINT( '', ( 10.1600000000000, 24.2000000000012, -3.79925212709677 ) );
#8082 = VECTOR( '', #9436, 1000.00000000000 );
#8083 = CARTESIAN_POINT( '', ( 10.1600000000000, 23.3000000000000, -8.50074787290323 ) );
#8084 = CARTESIAN_POINT( '', ( 10.1600000000000, 24.2000000000012, -8.50074787290323 ) );
#8085 = VECTOR( '', #9437, 1000.00000000000 );
#8086 = AXIS2_PLACEMENT_3D( '', #9438, #9439, #9440 );
#8087 = COLOUR_RGB( '', 0.666666686500000, 0.733333349200000, 0.733333349200000 );
#8088 = CARTESIAN_POINT( '', ( 0.000000000000000, 16.4000000000000, -15.6000000000000 ) );
#8089 = CARTESIAN_POINT( '', ( 0.000000000000000, 7.83550830638944, -15.6000000000000 ) );
#8090 = VECTOR( '', #9441, 1000.00000000000 );
#8091 = CARTESIAN_POINT( '', ( 5.08000000000000, 16.4000000000000, -15.6000000000000 ) );
#8092 = CARTESIAN_POINT( '', ( -10.1600000000000, 16.4000000000000, -15.6000000000000 ) );
#8093 = VECTOR( '', #9442, 1000.00000000000 );
#8094 = CARTESIAN_POINT( '', ( 5.08000000000000, 7.83550830638944, -15.6000000000000 ) );
#8095 = VECTOR( '', #9443, 1000.00000000000 );
#8096 = COLOUR_RGB( '', 0.866666674600000, 0.866666674600000, 0.866666674600000 );
#8097 = CARTESIAN_POINT( '', ( 4.48000000000000, 26.8000000000012, -4.00000000000000 ) );
#8098 = VECTOR( '', #9444, 1000.00000000000 );
#8099 = COLOUR_RGB( '', 0.666666686500000, 0.733333349200000, 0.733333349200000 );
#8100 = CARTESIAN_POINT( '', ( 0.000000000000000, 12.9000000000000, -1.50000000000000 ) );
#8101 = CARTESIAN_POINT( '', ( 0.000000000000000, 12.9000000000000, -9.05599943172105 ) );
#8102 = VECTOR( '', #9445, 1000.00000000000 );
#8103 = CARTESIAN_POINT( '', ( 2.80000000000000, 12.9000000000000, -1.50000000000000 ) );
#8104 = VECTOR( '', #9446, 1000.00000000000 );
#8105 = COLOUR_RGB( '', 0.666666686500000, 0.733333349200000, 0.733333349200000 );
#8106 = CARTESIAN_POINT( '', ( 5.08000000000000, 16.4000000000000, -9.05599943172105 ) );
#8107 = VECTOR( '', #9447, 1000.00000000000 );
#8108 = CARTESIAN_POINT( '', ( 0.000000000000000, 16.4000000000000, -9.05599943172105 ) );
#8109 = VECTOR( '', #9448, 1000.00000000000 );
#8110 = COLOUR_RGB( '', 0.666666686500000, 0.733333349200000, 0.733333349200000 );
#8111 = CARTESIAN_POINT( '', ( 0.000000000000000, 29.3000000000000, -1.40000000000000 ) );
#8112 = CARTESIAN_POINT( '', ( 0.000000000000000, 16.4000000000000, 2.00000000000000 ) );
#8113 = CARTESIAN_POINT( '', ( 0.000000000000000, 7.83550830638944, 4.25730788823846 ) );
#8114 = VECTOR( '', #9449, 1000.00000000000 );
#8115 = CARTESIAN_POINT( '', ( 10.1600000000000, 16.4000000000000, 2.00000000000000 ) );
#8116 = CARTESIAN_POINT( '', ( -10.1600000000000, 16.4000000000000, 2.00000000000000 ) );
#8117 = VECTOR( '', #9450, 1000.00000000000 );
#8118 = CARTESIAN_POINT( '', ( 10.1600000000000, 29.3000000000000, -1.40000000000000 ) );
#8119 = CARTESIAN_POINT( '', ( 10.1600000000000, 7.83550830638944, 4.25730788823846 ) );
#8120 = VECTOR( '', #9451, 1000.00000000000 );
#8121 = CARTESIAN_POINT( '', ( -5.08000000000000, 29.3000000000000, -1.40000000000000 ) );
#8122 = VECTOR( '', #9452, 1000.00000000000 );
#8123 = COLOUR_RGB( '', 0.666666686500000, 0.733333349200000, 0.733333349200000 );
#8124 = CARTESIAN_POINT( '', ( 4.20000000000000, 4.80059279056104, 1.69940720943896 ) );
#8125 = CARTESIAN_POINT( '', ( 4.90062261462913, 3.80000000000000, 2.70000000000000 ) );
#8126 = VECTOR( '', #9453, 1000.00000000000 );
#8127 = CARTESIAN_POINT( '', ( 4.20000000000000, 15.1828007249077, 1.69940720943896 ) );
#8128 = CARTESIAN_POINT( '', ( 4.20000000000000, 15.4000000000000, 1.69940720943896 ) );
#8129 = VECTOR( '', #9454, 1000.00000000000 );
#8130 = CARTESIAN_POINT( '', ( -2.14118926598757, 4.39009331078496, -7.35674960115568 ) );
#8131 = VECTOR( '', #9455, 1000.00000000000 );
#8132 = COLOUR_RGB( '', 0.866666674600000, 0.866666674600000, 0.866666674600000 );
#8133 = CARTESIAN_POINT( '', ( 0.200000000000000, 7.07093599974894, -3.24000000000000 ) );
#8134 = VECTOR( '', #9456, 1000.00000000000 );
#8135 = CARTESIAN_POINT( '', ( 0.600000000000000, -4.40000000000000, -3.64000000000000 ) );
#8136 = CARTESIAN_POINT( '', ( 0.600000000000000, -4.42696580599830, -3.61798251160006 ) );
#8137 = CARTESIAN_POINT( '', ( 0.598181249777299, -4.45404711251730, -3.59587028512978 ) );
#8138 = CARTESIAN_POINT( '', ( 0.594502541417599, -4.48103535183920, -3.57391108402114 ) );
#8139 = CARTESIAN_POINT( '', ( 0.590823857734599, -4.50802341012510, -3.55195203021395 ) );
#8140 = CARTESIAN_POINT( '', ( 0.585286047606800, -4.53491782082000, -3.53014614040274 ) );
#8141 = CARTESIAN_POINT( '', ( 0.577852459651699, -4.56151326532040, -3.50874635724987 ) );
#8142 = CARTESIAN_POINT( '', ( 0.574135661867899, -4.57481100118820, -3.49804645471612 ) );
#8143 = CARTESIAN_POINT( '', ( 0.569944901377500, -4.58803414810840, -3.48744810463011 ) );
#8144 = CARTESIAN_POINT( '', ( 0.565274856673400, -4.60115749156530, -3.47698380730059 ) );
#8145 = CARTESIAN_POINT( '', ( 0.560606633653898, -4.61427571588660, -3.46652359186967 ) );
#8146 = CARTESIAN_POINT( '', ( 0.555455482149300, -4.62730857929820, -3.45618569710879 ) );
#8147 = CARTESIAN_POINT( '', ( 0.549792582807698, -4.64026675985170, -3.44597642150319 ) );
#8148 = CARTESIAN_POINT( '', ( 0.538470399375999, -4.66617484832710, -3.42556438799532 ) );
#8149 = CARTESIAN_POINT( '', ( 0.525128576902598, -4.69171213472220, -3.40572179972225 ) );
#8150 = CARTESIAN_POINT( '', ( 0.509692119699701, -4.71656585905000, -3.38683840931939 ) );
#8151 = COLOUR_RGB( '', 0.866666674600000, 0.866666674600000, 0.866666674600000 );
#8152 = CARTESIAN_POINT( '', ( 2.33000000000000, 6.80000000000000, -12.2000000000000 ) );
#8153 = CARTESIAN_POINT( '', ( 5.08000000000000, 6.80000000000000, -12.2000000000000 ) );
#8154 = VECTOR( '', #9457, 1000.00000000000 );
#8155 = CARTESIAN_POINT( '', ( 2.33000000000000, 6.80000000000000, -9.05599943172105 ) );
#8156 = VECTOR( '', #9458, 1000.00000000000 );
#8157 = COLOUR_RGB( '', 0.866666674600000, 0.866666674600000, 0.866666674600000 );
#8158 = CARTESIAN_POINT( '', ( 5.35240600000000, 25.6000000000012, -6.75000000000000 ) );
#8159 = VECTOR( '', #9459, 1000.00000000000 );
#8160 = COLOUR_RGB( '', 0.866666674600000, 0.866666674600000, 0.866666674600000 );
#8161 = CARTESIAN_POINT( '', ( 4.48000000000000, 26.9000000000012, -5.55000000000000 ) );
#8162 = VECTOR( '', #9460, 1000.00000000000 );
#8163 = CARTESIAN_POINT( '', ( 1.42897274729424, 25.6000000000012, -5.55000000000000 ) );
#8164 = CARTESIAN_POINT( '', ( 9.41794800000000, 25.6000000000012, -5.55000000000000 ) );
#8165 = VECTOR( '', #9461, 1000.00000000000 );
#8166 = CARTESIAN_POINT( '', ( 1.42897274729424, 29.2000000000000, -5.55000000000000 ) );
#8167 = VECTOR( '', #9462, 1000.00000000000 );
#8168 = COLOUR_RGB( '', 0.866666674600000, 0.866666674600000, 0.866666674600000 );
#8169 = CARTESIAN_POINT( '', ( 10.1600000000000, 7.83550830638944, -8.97825703479765 ) );
#8170 = VECTOR( '', #9463, 1000.00000000000 );
#8171 = AXIS2_PLACEMENT_3D( '', #9464, #9465, #9466 );
#8172 = COLOUR_RGB( '', 0.666666686500000, 0.733333349200000, 0.733333349200000 );
#8173 = CARTESIAN_POINT( '', ( 10.1600000000000, 12.8000000000000, -1.45000000000000 ) );
#8174 = CARTESIAN_POINT( '', ( 7.36000000000000, 12.8000000000000, -1.45000000000000 ) );
#8175 = CARTESIAN_POINT( '', ( 0.000000000000000, 12.8000000000000, -1.45000000000000 ) );
#8176 = VECTOR( '', #9467, 1000.00000000000 );
#8177 = CARTESIAN_POINT( '', ( 10.1600000000000, 12.8000000000000, -0.300000000000000 ) );
#8178 = CARTESIAN_POINT( '', ( 10.1600000000000, 12.8000000000000, -9.05599943172105 ) );
#8179 = VECTOR( '', #9468, 1000.00000000000 );
#8180 = CARTESIAN_POINT( '', ( 0.000000000000000, 12.8000000000000, -0.300000000000000 ) );
#8181 = VECTOR( '', #9469, 1000.00000000000 );
#8182 = CARTESIAN_POINT( '', ( 7.36000000000000, 12.8000000000000, -9.05599943172105 ) );
#8183 = VECTOR( '', #9470, 1000.00000000000 );
#8184 = COLOUR_RGB( '', 0.666666686500000, 0.733333349200000, 0.733333349200000 );
#8185 = CARTESIAN_POINT( '', ( 10.1600000000000, 6.80000000000000, -1.45000000000000 ) );
#8186 = CARTESIAN_POINT( '', ( 10.1600000000000, 7.83550830638944, -1.45000000000000 ) );
#8187 = VECTOR( '', #9471, 1000.00000000000 );
#8188 = CARTESIAN_POINT( '', ( 7.36000000000000, 6.80000000000000, -1.45000000000000 ) );
#8189 = CARTESIAN_POINT( '', ( 7.36000000000000, 6.80000000000000, -1.45000000000000 ) );
#8190 = VECTOR( '', #9472, 1000.00000000000 );
#8191 = CARTESIAN_POINT( '', ( 0.000000000000000, 6.80000000000000, -1.45000000000000 ) );
#8192 = VECTOR( '', #9473, 1000.00000000000 );
#8193 = COLOUR_RGB( '', 0.866666674600000, 0.866666674600000, 0.866666674600000 );
#8194 = CARTESIAN_POINT( '', ( 0.000000000000000, -5.00000000000000, -13.8018876112894 ) );
#8195 = VECTOR( '', #9474, 1000.00000000000 );
#8196 = COLOUR_RGB( '', 0.666666686500000, 0.733333349200000, 0.733333349200000 );
#8197 = CARTESIAN_POINT( '', ( 2.80000000000000, 6.70000000000000, -1.50000000000000 ) );
#8198 = CARTESIAN_POINT( '', ( 2.80000000000000, 7.83550830638944, -1.50000000000000 ) );
#8199 = VECTOR( '', #9475, 1000.00000000000 );
#8200 = CARTESIAN_POINT( '', ( 2.80000000000000, 6.70000000000000, -1.50000000000000 ) );
#8201 = VECTOR( '', #9476, 1000.00000000000 );
#8202 = CARTESIAN_POINT( '', ( 2.80000000000000, 7.83550830638944, -0.299999999999990 ) );
#8203 = VECTOR( '', #9477, 1000.00000000000 );
#8204 = CARTESIAN_POINT( '', ( 2.80000000000000, 12.9000000000000, -1.45000000000000 ) );
#8205 = VECTOR( '', #9478, 1000.00000000000 );
#8206 = COLOUR_RGB( '', 0.866666674600000, 0.866666674600000, 0.866666674600000 );
#8207 = CARTESIAN_POINT( '', ( 9.56000000000000, 24.8000000000012, -6.75000000000000 ) );
#8208 = VECTOR( '', #9479, 1000.00000000000 );
#8209 = COLOUR_RGB( '', 0.866666674600000, 0.866666674600000, 0.866666674600000 );
#8210 = CARTESIAN_POINT( '', ( 0.600000000000000, 24.8000000000012, -5.55000000000000 ) );
#8211 = CARTESIAN_POINT( '', ( 0.600000000000000, 26.8000000000012, -5.55000000000000 ) );
#8212 = CARTESIAN_POINT( '', ( 0.600000000000000, 26.9000000000012, -5.55000000000000 ) );
#8213 = VECTOR( '', #9480, 1000.00000000000 );
#8214 = CARTESIAN_POINT( '', ( 0.600000000000000, 24.8000000000012, -4.97546517713172 ) );
#8215 = CARTESIAN_POINT( '', ( 0.600000000000000, 24.8000000000012, -6.75000000000000 ) );
#8216 = VECTOR( '', #9481, 1000.00000000000 );
#8217 = CARTESIAN_POINT( '', ( 0.600000000000000, 26.8000000000012, -4.00000000000000 ) );
#8218 = CARTESIAN_POINT( '', ( 0.600000000000000, 26.8000000000012, -4.00000000000000 ) );
#8219 = VECTOR( '', #9482, 1000.00000000000 );
#8220 = CARTESIAN_POINT( '', ( 0.600000000000000, 26.8000000000012, -10.0902740315453 ) );
#8221 = VECTOR( '', #9483, 1000.00000000000 );
#8222 = COLOUR_RGB( '', 0.866666674600000, 0.866666674600000, 0.866666674600000 );
#8223 = CARTESIAN_POINT( '', ( 0.000000000000000, 12.8000000000000, -12.2000000000000 ) );
#8224 = CARTESIAN_POINT( '', ( -10.1600000000000, 12.8000000000000, -12.2000000000000 ) );
#8225 = VECTOR( '', #9484, 1000.00000000000 );
#8226 = CARTESIAN_POINT( '', ( 0.000000000000000, 7.83550830638944, -12.2000000000000 ) );
#8227 = VECTOR( '', #9485, 1000.00000000000 );
#8228 = COLOUR_RGB( '', 0.666666686500000, 0.733333349200000, 0.733333349200000 );
#8229 = CARTESIAN_POINT( '', ( 7.88000000000000, 12.9000000000000, -1.45000000000000 ) );
#8230 = VECTOR( '', #9486, 1000.00000000000 );
#8231 = CARTESIAN_POINT( '', ( 5.08000000000000, 12.8000000000000, -1.45000000000000 ) );
#8232 = VECTOR( '', #9487, 1000.00000000000 );
#8233 = COLOUR_RGB( '', 0.866666674600000, 0.866666674600000, 0.866666674600000 );
#8234 = COLOUR_RGB( '', 0.600000023800000, 0.600000023800000, 0.600000023800000 );
#8235 = CARTESIAN_POINT( '', ( 0.000000000000000, 23.5000000000000, -3.79925212709677 ) );
#8236 = CARTESIAN_POINT( '', ( 0.000000000000000, 24.2000000000012, -3.79925212709677 ) );
#8237 = VECTOR( '', #9488, 1000.00000000000 );
#8238 = CARTESIAN_POINT( '', ( 0.000000000000000, 23.5000000000000, -9.05599943172105 ) );
#8239 = VECTOR( '', #9489, 1000.00000000000 );
#8240 = CARTESIAN_POINT( '', ( 0.000000000000000, 23.5000000000000, -8.50074787290323 ) );
#8241 = CARTESIAN_POINT( '', ( 0.000000000000000, 24.2000000000012, -8.50074787290323 ) );
#8242 = VECTOR( '', #9490, 1000.00000000000 );
#8243 = CARTESIAN_POINT( '', ( 0.000000000000000, 23.5000000000000, -9.05599943172105 ) );
#8244 = VECTOR( '', #9491, 1000.00000000000 );
#8245 = CARTESIAN_POINT( '', ( 0.000000000000000, 6.70000000000000, -1.50000000000000 ) );
#8246 = CARTESIAN_POINT( '', ( 0.000000000000000, 7.83550830638944, -1.50000000000000 ) );
#8247 = VECTOR( '', #9492, 1000.00000000000 );
#8248 = CARTESIAN_POINT( '', ( 0.000000000000000, 12.8000000000000, -1.50000000000000 ) );
#8249 = CARTESIAN_POINT( '', ( 0.000000000000000, 12.8000000000000, -9.05599943172105 ) );
#8250 = VECTOR( '', #9493, 1000.00000000000 );
#8251 = CARTESIAN_POINT( '', ( 0.000000000000000, 7.83550830638944, -1.50000000000000 ) );
#8252 = VECTOR( '', #9494, 1000.00000000000 );
#8253 = CARTESIAN_POINT( '', ( 0.000000000000000, 7.83550830638944, -1.45000000000000 ) );
#8254 = VECTOR( '', #9495, 1000.00000000000 );
#8255 = CARTESIAN_POINT( '', ( 0.000000000000000, 15.4000000000000, -9.05599943172105 ) );
#8256 = VECTOR( '', #9496, 1000.00000000000 );
#8257 = CARTESIAN_POINT( '', ( 0.000000000000000, 29.3000000000000, -2.45000000000000 ) );
#8258 = CARTESIAN_POINT( '', ( 0.000000000000000, 29.3000000000000, -9.05599943172105 ) );
#8259 = VECTOR( '', #9497, 1000.00000000000 );
#8260 = CARTESIAN_POINT( '', ( 0.000000000000000, 26.8000000000012, -2.45000000000000 ) );
#8261 = CARTESIAN_POINT( '', ( 0.000000000000000, 29.2000000000000, -2.45000000000000 ) );
#8262 = VECTOR( '', #9498, 1000.00000000000 );
#8263 = CARTESIAN_POINT( '', ( 0.000000000000000, 26.8000000000012, -9.05599943172105 ) );
#8264 = VECTOR( '', #9499, 1000.00000000000 );
#8265 = CARTESIAN_POINT( '', ( 0.000000000000000, 24.8000000000012, -7.32453482286828 ) );
#8266 = CARTESIAN_POINT( '', ( 0.000000000000000, 24.8000000000012, -9.05599943172105 ) );
#8267 = VECTOR( '', #9500, 1000.00000000000 );
#8268 = CARTESIAN_POINT( '', ( 0.000000000000000, 7.83550830638944, 0.949600624561050 ) );
#8269 = VECTOR( '', #9501, 1000.00000000000 );
#8270 = CARTESIAN_POINT( '', ( 0.000000000000000, 29.3000000000000, -9.85000000000000 ) );
#8271 = CARTESIAN_POINT( '', ( 0.000000000000000, 29.2000000000000, -9.85000000000000 ) );
#8272 = VECTOR( '', #9502, 1000.00000000000 );
#8273 = CARTESIAN_POINT( '', ( 0.000000000000000, 29.3000000000000, -9.05599943172105 ) );
#8274 = VECTOR( '', #9503, 1000.00000000000 );
#8275 = CARTESIAN_POINT( '', ( 0.000000000000000, -5.00000000000000, -14.3500000000000 ) );
#8276 = CARTESIAN_POINT( '', ( 0.000000000000000, 7.83550830638944, -19.0217429652023 ) );
#8277 = VECTOR( '', #9504, 1000.00000000000 );
#8278 = CARTESIAN_POINT( '', ( 0.000000000000000, -5.00000000000000, -9.79877921050629 ) );
#8279 = VECTOR( '', #9505, 1000.00000000000 );
#8280 = CARTESIAN_POINT( '', ( 0.000000000000000, 7.83550830638944, -13.4000000000000 ) );
#8281 = VECTOR( '', #9506, 1000.00000000000 );
#8282 = CARTESIAN_POINT( '', ( 0.000000000000000, 7.83550830638944, -4.44000000000000 ) );
#8283 = VECTOR( '', #9507, 1000.00000000000 );
#8284 = CARTESIAN_POINT( '', ( 0.000000000000000, 7.83550830638944, -3.24000000000000 ) );
#8285 = VECTOR( '', #9508, 1000.00000000000 );
#8286 = CARTESIAN_POINT( '', ( 0.000000000000000, 3.80000000000000, 0.000000000000000 ) );
#8287 = CARTESIAN_POINT( '', ( 0.000000000000000, 7.83550830638944, 0.000000000000000 ) );
#8288 = VECTOR( '', #9509, 1000.00000000000 );
#8289 = CARTESIAN_POINT( '', ( 0.000000000000000, 3.80000000000000, -9.05599943172105 ) );
#8290 = VECTOR( '', #9510, 1000.00000000000 );
#8291 = CARTESIAN_POINT( '', ( 0.000000000000000, 4.80000000000000, -9.05599943172105 ) );
#8292 = VECTOR( '', #9511, 1000.00000000000 );
#8293 = CARTESIAN_POINT( '', ( 0.000000000000000, 6.70000000000000, -9.05599943172105 ) );
#8294 = VECTOR( '', #9512, 1000.00000000000 );
#8295 = COLOUR_RGB( '', 0.666666686500000, 0.733333349200000, 0.733333349200000 );
#8296 = CARTESIAN_POINT( '', ( 10.1600000000000, 4.80000000000000, 2.70000000000000 ) );
#8297 = CARTESIAN_POINT( '', ( 5.96000000000000, 4.80000000000000, 2.70000000000000 ) );
#8298 = CARTESIAN_POINT( '', ( 0.000000000000000, 4.80000000000000, 2.70000000000000 ) );
#8299 = VECTOR( '', #9513, 1000.00000000000 );
#8300 = CARTESIAN_POINT( '', ( 10.1600000000000, 4.80000000000000, 1.70000000000000 ) );
#8301 = CARTESIAN_POINT( '', ( 10.1600000000000, 4.80000000000000, -9.05599943172105 ) );
#8302 = VECTOR( '', #9514, 1000.00000000000 );
#8303 = CARTESIAN_POINT( '', ( 5.96000000000000, 4.80000000000000, 1.70000000000000 ) );
#8304 = CARTESIAN_POINT( '', ( 6.32464231331922, 4.80000000000000, 1.70000000000000 ) );
#8305 = VECTOR( '', #9515, 1000.00000000000 );
#8306 = CARTESIAN_POINT( '', ( 5.96000000000000, 4.80000000000000, 1.88165904106093 ) );
#8307 = VECTOR( '', #9516, 1000.00000000000 );
#8308 = COLOUR_RGB( '', 0.866666674600000, 0.866666674600000, 0.866666674600000 );
#8309 = CARTESIAN_POINT( '', ( 0.000000000000000, -5.00000000000000, -14.3500000000000 ) );
#8310 = AXIS2_PLACEMENT_3D( '', #9517, #9518, #9519 );
#8311 = CARTESIAN_POINT( '', ( 0.000000000000000, 7.83550830638944, -19.0217429652023 ) );
#8312 = VECTOR( '', #9520, 1000.00000000000 );
#8313 = COLOUR_RGB( '', 0.666666686500000, 0.733333349200000, 0.733333349200000 );
#8314 = CARTESIAN_POINT( '', ( 0.000000000000000, 16.4000000000000, 2.70000000000000 ) );
#8315 = CARTESIAN_POINT( '', ( 0.000000000000000, 16.4000000000000, -9.05599943172105 ) );
#8316 = VECTOR( '', #9521, 1000.00000000000 );
#8317 = CARTESIAN_POINT( '', ( 10.1600000000000, 16.4000000000000, 2.70000000000000 ) );
#8318 = CARTESIAN_POINT( '', ( 0.000000000000000, 16.4000000000000, 2.70000000000000 ) );
#8319 = VECTOR( '', #9522, 1000.00000000000 );
#8320 = CARTESIAN_POINT( '', ( 10.1600000000000, 16.4000000000000, -9.05599943172105 ) );
#8321 = VECTOR( '', #9523, 1000.00000000000 );
#8322 = COLOUR_RGB( '', 0.866666674600000, 0.866666674600000, 0.866666674600000 );
#8323 = CARTESIAN_POINT( '', ( 10.1600000000000, 24.8000000000012, -9.05599943172105 ) );
#8324 = VECTOR( '', #9524, 1000.00000000000 );
#8325 = COLOUR_RGB( '', 0.666666686500000, 0.733333349200000, 0.733333349200000 );
#8326 = CARTESIAN_POINT( '', ( 0.000000000000000, 16.4000000000000, -13.6000000000000 ) );
#8327 = CARTESIAN_POINT( '', ( 0.000000000000000, 29.3000000000000, -10.9000000000000 ) );
#8328 = CARTESIAN_POINT( '', ( 0.000000000000000, 7.83550830638944, -15.3925680288952 ) );
#8329 = VECTOR( '', #9525, 1000.00000000000 );
#8330 = CARTESIAN_POINT( '', ( 10.1600000000000, 29.3000000000000, -10.9000000000000 ) );
#8331 = CARTESIAN_POINT( '', ( 15.2400000000000, 29.3000000000000, -10.9000000000000 ) );
#8332 = VECTOR( '', #9526, 1000.00000000000 );
#8333 = CARTESIAN_POINT( '', ( 10.1600000000000, 16.4000000000000, -13.6000000000000 ) );
#8334 = CARTESIAN_POINT( '', ( 10.1600000000000, 7.83550830638944, -15.3925680288952 ) );
#8335 = VECTOR( '', #9527, 1000.00000000000 );
#8336 = CARTESIAN_POINT( '', ( 0.000000000000000, 16.4000000000000, -13.6000000000000 ) );
#8337 = VECTOR( '', #9528, 1000.00000000000 );
#8338 = COLOUR_RGB( '', 0.866666674600000, 0.866666674600000, 0.866666674600000 );
#8339 = CARTESIAN_POINT( '', ( 10.1600000000000, 0.000000000000000, -3.24000000000000 ) );
#8340 = CARTESIAN_POINT( '', ( 10.1600000000000, 7.83550830638944, -3.24000000000000 ) );
#8341 = VECTOR( '', #9529, 1000.00000000000 );
#8342 = CARTESIAN_POINT( '', ( 9.96000000000000, 0.000000000000000, -3.24000000000000 ) );
#8343 = CARTESIAN_POINT( '', ( 0.000000000000000, 0.000000000000000, -3.24000000000000 ) );
#8344 = VECTOR( '', #9530, 1000.00000000000 );
#8345 = CARTESIAN_POINT( '', ( 9.96000000000000, 7.07093599974894, -3.24000000000000 ) );
#8346 = VECTOR( '', #9531, 1000.00000000000 );
#8347 = COLOUR_RGB( '', 0.666666686500000, 0.733333349200000, 0.733333349200000 );
#8348 = CARTESIAN_POINT( '', ( 0.000000000000000, 6.70000000000000, -1.50000000000000 ) );
#8349 = CARTESIAN_POINT( '', ( 0.000000000000000, 6.70000000000000, -9.05599943172105 ) );
#8350 = VECTOR( '', #9532, 1000.00000000000 );
#8351 = CARTESIAN_POINT( '', ( 2.80000000000000, 6.70000000000000, -1.50000000000000 ) );
#8352 = VECTOR( '', #9533, 1000.00000000000 );
#8353 = COLOUR_RGB( '', 0.666666686500000, 0.733333349200000, 0.733333349200000 );
#8354 = CARTESIAN_POINT( '', ( 5.08000000000000, 29.3000000000000, -9.05599943172105 ) );
#8355 = VECTOR( '', #9534, 1000.00000000000 );
#8356 = CARTESIAN_POINT( '', ( 5.08000000000000, 3.80000000000000, 0.000000000000000 ) );
#8357 = CARTESIAN_POINT( '', ( 5.08000000000000, 3.80000000000000, -9.05599943172105 ) );
#8358 = VECTOR( '', #9535, 1000.00000000000 );
#8359 = CARTESIAN_POINT( '', ( 5.08000000000000, 7.83550830638944, 0.000000000000000 ) );
#8360 = VECTOR( '', #9536, 1000.00000000000 );
#8361 = COLOUR_RGB( '', 0.866666674600000, 0.866666674600000, 0.866666674600000 );
#8362 = CARTESIAN_POINT( '', ( 0.000000000000000, 26.8000000000012, -8.30000000000000 ) );
#8363 = CARTESIAN_POINT( '', ( 0.000000000000000, 26.8000000000012, -9.05599943172105 ) );
#8364 = VECTOR( '', #9537, 1000.00000000000 );
#8365 = CARTESIAN_POINT( '', ( -4.11384179664706, 26.8000000000012, -8.30000000000000 ) );
#8366 = VECTOR( '', #9538, 1000.00000000000 );
#8367 = COLOUR_RGB( '', 0.666666686500000, 0.733333349200000, 0.733333349200000 );
#8368 = CARTESIAN_POINT( '', ( 10.1600000000000, 6.80000000000000, -0.300000000000000 ) );
#8369 = CARTESIAN_POINT( '', ( 10.1600000000000, 15.5559994317211, -9.05599943172105 ) );
#8370 = VECTOR( '', #9539, 1000.00000000000 );
#8371 = CARTESIAN_POINT( '', ( -101.600000000000, 6.80000000000000, -0.300000000000000 ) );
#8372 = VECTOR( '', #9540, 1000.00000000000 );
#8373 = CARTESIAN_POINT( '', ( 5.96000000000000, 3.80000000000000, 2.70000000000000 ) );
#8374 = VECTOR( '', #9541, 1000.00000000000 );
#8375 = COLOUR_RGB( '', 0.666666686500000, 0.733333349200000, 0.733333349200000 );
#8376 = CARTESIAN_POINT( '', ( 10.1600000000000, 6.80000000000000, -9.05599943172105 ) );
#8377 = VECTOR( '', #9542, 1000.00000000000 );
#8378 = CARTESIAN_POINT( '', ( 7.36000000000000, 6.80000000000000, -9.05599943172105 ) );
#8379 = VECTOR( '', #9543, 1000.00000000000 );
#8380 = COLOUR_RGB( '', 0.666666686500000, 0.733333349200000, 0.733333349200000 );
#8381 = COLOUR_RGB( '', 0.666666686500000, 0.733333349200000, 0.733333349200000 );
#8382 = CARTESIAN_POINT( '', ( 4.20000000000000, 4.80000000000000, 1.88165904106093 ) );
#8383 = VECTOR( '', #9544, 1000.00000000000 );
#8384 = COLOUR_RGB( '', 0.866666674600000, 0.866666674600000, 0.866666674600000 );
#8385 = CARTESIAN_POINT( '', ( 0.000000000000000, 0.000000000000000, -4.44000000000000 ) );
#8386 = CARTESIAN_POINT( '', ( 0.000000000000000, 0.000000000000000, -4.44000000000000 ) );
#8387 = VECTOR( '', #9545, 1000.00000000000 );
#8388 = CARTESIAN_POINT( '', ( 0.000000000000000, -4.31313064513640, -4.44000000000000 ) );
#8389 = CARTESIAN_POINT( '', ( 4.44089209850063E-016, -4.31313064513640, -4.44000000000000 ) );
#8390 = VECTOR( '', #9546, 1000.00000000000 );
#8391 = CARTESIAN_POINT( '', ( 0.000000000000000, 7.83550830638944, -4.44000000000000 ) );
#8392 = VECTOR( '', #9547, 1000.00000000000 );
#8393 = COLOUR_RGB( '', 0.666666686500000, 0.733333349200000, 0.733333349200000 );
#8394 = CARTESIAN_POINT( '', ( 7.22118926598755, 4.39009331078496, -7.35674960115568 ) );
#8395 = VECTOR( '', #9548, 1000.00000000000 );
#8396 = COLOUR_RGB( '', 0.666666686500000, 0.733333349200000, 0.733333349200000 );
#8397 = CARTESIAN_POINT( '', ( 7.36000000000000, 7.83550830638944, -1.50000000000000 ) );
#8398 = VECTOR( '', #9549, 1000.00000000000 );
#8399 = CARTESIAN_POINT( '', ( 7.36000000000000, 12.8000000000000, -1.45000000000000 ) );
#8400 = VECTOR( '', #9550, 1000.00000000000 );
#8401 = COLOUR_RGB( '', 0.866666674600000, 0.866666674600000, 0.866666674600000 );
#8402 = CARTESIAN_POINT( '', ( 0.600000000000000, 24.8000000000012, -7.32453482286828 ) );
#8403 = CARTESIAN_POINT( '', ( 0.600000000000000, 24.8000000000012, -6.75000000000000 ) );
#8404 = CARTESIAN_POINT( '', ( 0.600000000000000, 24.8000000000012, -6.75000000000000 ) );
#8405 = VECTOR( '', #9551, 1000.00000000000 );
#8406 = CARTESIAN_POINT( '', ( 0.000000000000000, 24.8000000000012, -7.32453482286828 ) );
#8407 = VECTOR( '', #9552, 1000.00000000000 );
#8408 = CARTESIAN_POINT( '', ( -0.600000000000000, 24.8000000000012, -5.55000000000000 ) );
#8409 = VECTOR( '', #9553, 1000.00000000000 );
#8410 = CARTESIAN_POINT( '', ( -0.600000000000000, 24.8000000000012, -6.75000000000000 ) );
#8411 = VECTOR( '', #9554, 1000.00000000000 );
#8412 = COLOUR_RGB( '', 0.666666686500000, 0.733333349200000, 0.733333349200000 );
#8413 = COLOUR_RGB( '', 0.666666686500000, 0.733333349200000, 0.733333349200000 );
#8414 = CARTESIAN_POINT( '', ( 4.20000000000000, 7.83550830638944, 2.70000000000000 ) );
#8415 = VECTOR( '', #9555, 1000.00000000000 );
#8416 = CARTESIAN_POINT( '', ( 4.20000000000000, 4.39009331078496, -7.35674960115568 ) );
#8417 = VECTOR( '', #9556, 1000.00000000000 );
#8418 = CARTESIAN_POINT( '', ( 4.20000000000000, 3.80000000000000, 2.70000000000000 ) );
#8419 = VECTOR( '', #9557, 1000.00000000000 );
#8420 = COLOUR_RGB( '', 0.866666674600000, 0.866666674600000, 0.866666674600000 );
#8421 = CARTESIAN_POINT( '', ( 3.65102725270570, 26.8000000000012, -5.55000000000000 ) );
#8422 = CARTESIAN_POINT( '', ( -4.11384179664706, 26.8000000000012, -5.55000000000000 ) );
#8423 = VECTOR( '', #9558, 1000.00000000000 );
#8424 = CARTESIAN_POINT( '', ( 3.65102725270570, 29.2000000000000, -5.55000000000000 ) );
#8425 = VECTOR( '', #9559, 1000.00000000000 );
#8426 = COLOUR_RGB( '', 0.866666674600000, 0.866666674600000, 0.866666674600000 );
#8427 = CARTESIAN_POINT( '', ( 0.000000000000000, 24.8000000000012, -4.97546517713172 ) );
#8428 = CARTESIAN_POINT( '', ( 0.000000000000000, 24.8000000000012, -4.97546517713172 ) );
#8429 = VECTOR( '', #9560, 1000.00000000000 );
#8430 = CARTESIAN_POINT( '', ( 0.000000000000000, 26.8000000000012, -4.00000000000000 ) );
#8431 = CARTESIAN_POINT( '', ( 0.000000000000000, 7.83550830638944, -13.2496006245611 ) );
#8432 = VECTOR( '', #9561, 1000.00000000000 );
#8433 = CARTESIAN_POINT( '', ( -4.11384179664706, 26.8000000000012, -4.00000000000000 ) );
#8434 = VECTOR( '', #9562, 1000.00000000000 );
#8435 = COLOUR_RGB( '', 0.866666674600000, 0.866666674600000, 0.866666674600000 );
#8436 = CARTESIAN_POINT( '', ( 0.509692119699701, -4.71656585905000, -14.4531615906806 ) );
#8437 = AXIS2_PLACEMENT_3D( '', #9563, #9564, #9565 );
#8438 = AXIS2_PLACEMENT_3D( '', #9566, #9567, #9568 );
#8439 = COLOUR_RGB( '', 0.666666686500000, 0.733333349200000, 0.733333349200000 );
#8440 = COLOUR_RGB( '', 0.866666674600000, 0.866666674600000, 0.866666674600000 );
#8441 = CARTESIAN_POINT( '', ( 0.600000000000000, 0.000000000000000, -3.64000000000000 ) );
#8442 = CARTESIAN_POINT( '', ( 0.600000000000000, 0.000000000000000, -9.05599943172105 ) );
#8443 = VECTOR( '', #9569, 1000.00000000000 );
#8444 = CARTESIAN_POINT( '', ( 0.600000000000000, -4.40000000000000, -3.64000000000000 ) );
#8445 = CARTESIAN_POINT( '', ( 0.600000000000000, 7.07093599974894, -3.64000000000000 ) );
#8446 = VECTOR( '', #9570, 1000.00000000000 );
#8447 = CARTESIAN_POINT( '', ( 0.600000000000000, -4.40000000000000, -13.8018876112894 ) );
#8448 = VECTOR( '', #9571, 1000.00000000000 );
#8449 = COLOUR_RGB( '', 0.866666674600000, 0.866666674600000, 0.866666674600000 );
#8450 = CARTESIAN_POINT( '', ( 4.57030788030032, -4.71656585905000, -14.4531615906806 ) );
#8451 = AXIS2_PLACEMENT_3D( '', #9572, #9573, #9574 );
#8452 = AXIS2_PLACEMENT_3D( '', #9575, #9576, #9577 );
#8453 = COLOUR_RGB( '', 0.666666686500000, 0.733333349200000, 0.733333349200000 );
#8454 = AXIS2_PLACEMENT_3D( '', #9578, #9579, #9580 );
#8455 = CARTESIAN_POINT( '', ( 3.88000000000000, 23.5000000000000, -9.05599943172105 ) );
#8456 = VECTOR( '', #9581, 1000.00000000000 );
#8457 = COLOUR_RGB( '', 0.666666686500000, 0.733333349200000, 0.733333349200000 );
#8458 = COLOUR_RGB( '', 0.866666674600000, 0.866666674600000, 0.866666674600000 );
#8459 = CARTESIAN_POINT( '', ( 10.1600000000000, 12.8000000000000, -1.50000000000000 ) );
#8460 = CARTESIAN_POINT( '', ( 10.1600000000000, 7.83550830638944, -1.50000000000000 ) );
#8461 = VECTOR( '', #9582, 1000.00000000000 );
#8462 = CARTESIAN_POINT( '', ( 10.1600000000000, 7.83550830638944, -1.50000000000000 ) );
#8463 = VECTOR( '', #9583, 1000.00000000000 );
#8464 = CARTESIAN_POINT( '', ( 0.000000000000000, 12.8000000000000, -1.50000000000000 ) );
#8465 = VECTOR( '', #9584, 1000.00000000000 );
#8466 = COLOUR_RGB( '', 0.866666674600000, 0.866666674600000, 0.866666674600000 );
#8467 = COLOUR_RGB( '', 0.666666686500000, 0.733333349200000, 0.733333349200000 );
#8468 = CARTESIAN_POINT( '', ( 5.96000000000000, 15.4000000000000, 2.70000000000000 ) );
#8469 = CARTESIAN_POINT( '', ( 5.96000000000000, 7.83550830638944, 2.70000000000000 ) );
#8470 = VECTOR( '', #9585, 1000.00000000000 );
#8471 = CARTESIAN_POINT( '', ( 5.96000000000000, 15.4000000000000, 1.88165904106093 ) );
#8472 = CARTESIAN_POINT( '', ( 5.96000000000000, 4.39009331078496, -7.35674960115568 ) );
#8473 = VECTOR( '', #9586, 1000.00000000000 );
#8474 = CARTESIAN_POINT( '', ( 5.96000000000000, 15.4000000000000, 1.88165904106093 ) );
#8475 = VECTOR( '', #9587, 1000.00000000000 );
#8476 = COLOUR_RGB( '', 0.666666686500000, 0.733333349200000, 0.733333349200000 );
#8477 = CARTESIAN_POINT( '', ( 0.000000000000000, 16.4000000000000, -15.6000000000000 ) );
#8478 = CARTESIAN_POINT( '', ( 0.000000000000000, 16.4000000000000, -9.05599943172105 ) );
#8479 = VECTOR( '', #9588, 1000.00000000000 );
#8480 = CARTESIAN_POINT( '', ( 10.1600000000000, 16.4000000000000, -15.6000000000000 ) );
#8481 = CARTESIAN_POINT( '', ( 10.1600000000000, 16.4000000000000, -9.05599943172105 ) );
#8482 = VECTOR( '', #9589, 1000.00000000000 );
#8483 = CARTESIAN_POINT( '', ( 0.000000000000000, 16.4000000000000, -15.6000000000000 ) );
#8484 = VECTOR( '', #9590, 1000.00000000000 );
#8485 = COLOUR_RGB( '', 0.866666674600000, 0.866666674600000, 0.866666674600000 );
#8486 = CARTESIAN_POINT( '', ( 4.48000000000000, -4.40000000000000, -4.04000000000000 ) );
#8487 = CARTESIAN_POINT( '', ( 4.48000000000000, -4.40000000000000, -13.8018876112894 ) );
#8488 = VECTOR( '', #9591, 1000.00000000000 );
#8489 = CARTESIAN_POINT( '', ( 4.48000000000000, -4.40000000000000, -4.04000000000000 ) );
#8490 = CARTESIAN_POINT( '', ( 4.48000000000000, -4.42696580599830, -4.06201748839993 ) );
#8491 = CARTESIAN_POINT( '', ( 4.48181875022268, -4.45404711251730, -4.08412971487022 ) );
#8492 = CARTESIAN_POINT( '', ( 4.48549745858237, -4.48103535183920, -4.10608891597886 ) );
#8493 = CARTESIAN_POINT( '', ( 4.48917614226542, -4.50802341012500, -4.12804796978604 ) );
#8494 = CARTESIAN_POINT( '', ( 4.49471395239316, -4.53491782082000, -4.14985385959726 ) );
#8495 = CARTESIAN_POINT( '', ( 4.50214754034827, -4.56151326532040, -4.17125364275012 ) );
#8496 = CARTESIAN_POINT( '', ( 4.50586433813204, -4.57481100118820, -4.18195354528388 ) );
#8497 = CARTESIAN_POINT( '', ( 4.51005509862250, -4.58803414810840, -4.19255189536989 ) );
#8498 = CARTESIAN_POINT( '', ( 4.51472514332656, -4.60115749156530, -4.20301619269940 ) );
#8499 = CARTESIAN_POINT( '', ( 4.51939336634605, -4.61427571588660, -4.21347640813032 ) );
#8500 = CARTESIAN_POINT( '', ( 4.52454451785072, -4.62730857929820, -4.22381430289120 ) );
#8501 = CARTESIAN_POINT( '', ( 4.53020741719227, -4.64026675985170, -4.23402357849681 ) );
#8502 = CARTESIAN_POINT( '', ( 4.54152960062395, -4.66617484832710, -4.25443561200467 ) );
#8503 = CARTESIAN_POINT( '', ( 4.55487142309739, -4.69171213472220, -4.27427820027775 ) );
#8504 = CARTESIAN_POINT( '', ( 4.57030788030033, -4.71656585905000, -4.29316159068060 ) );
#8505 = COLOUR_RGB( '', 0.666666686500000, 0.733333349200000, 0.733333349200000 );
#8506 = CARTESIAN_POINT( '', ( 0.000000000000000, 12.8000000000000, -0.300000000000000 ) );
#8507 = CARTESIAN_POINT( '', ( 0.000000000000000, 12.8000000000000, -0.300000000000000 ) );
#8508 = VECTOR( '', #9592, 1000.00000000000 );
#8509 = CARTESIAN_POINT( '', ( 0.000000000000000, 12.8000000000000, -9.05599943172105 ) );
#8510 = VECTOR( '', #9593, 1000.00000000000 );
#8511 = COLOUR_RGB( '', 0.866666674600000, 0.866666674600000, 0.866666674600000 );
#8512 = CARTESIAN_POINT( '', ( 4.48000000000000, 0.000000000000000, -13.8000000000000 ) );
#8513 = AXIS2_PLACEMENT_3D( '', #9594, #9595, #9596 );
#8514 = CARTESIAN_POINT( '', ( 4.48000000000000, -4.40000000000000, -13.8000000000000 ) );
#8515 = CARTESIAN_POINT( '', ( 4.48000000000000, 7.76723869684921, -13.8000000000000 ) );
#8516 = VECTOR( '', #9597, 1000.00000000000 );
#8517 = CARTESIAN_POINT( '', ( 4.57030788030033, -4.71656585905000, -13.5468384093194 ) );
#8518 = CARTESIAN_POINT( '', ( 4.57030788030033, -4.71656585905000, -13.5468384093194 ) );
#8519 = CARTESIAN_POINT( '', ( 4.55487142309739, -4.69171213472220, -13.5657217997222 ) );
#8520 = CARTESIAN_POINT( '', ( 4.54152960062395, -4.66617484832710, -13.5855643879953 ) );
#8521 = CARTESIAN_POINT( '', ( 4.53020741719227, -4.64026675985170, -13.6059764215032 ) );
#8522 = CARTESIAN_POINT( '', ( 4.52454451785072, -4.62730857929820, -13.6161856971088 ) );
#8523 = CARTESIAN_POINT( '', ( 4.51939336634604, -4.61427571588660, -13.6265235918697 ) );
#8524 = CARTESIAN_POINT( '', ( 4.51472514332655, -4.60115749156530, -13.6369838073006 ) );
#8525 = CARTESIAN_POINT( '', ( 4.51005509862250, -4.58803414810840, -13.6474481046301 ) );
#8526 = CARTESIAN_POINT( '', ( 4.50586433813204, -4.57481100118820, -13.6580464547161 ) );
#8527 = CARTESIAN_POINT( '', ( 4.50214754034827, -4.56151326532040, -13.6687463572499 ) );
#8528 = CARTESIAN_POINT( '', ( 4.49471395239316, -4.53491782082000, -13.6901461404027 ) );
#8529 = CARTESIAN_POINT( '', ( 4.48917614226542, -4.50802341012500, -13.7119520302140 ) );
#8530 = CARTESIAN_POINT( '', ( 4.48549745858237, -4.48103535183920, -13.7339110840211 ) );
#8531 = CARTESIAN_POINT( '', ( 4.48181875022200, -4.45404711251230, -13.7558702851338 ) );
#8532 = CARTESIAN_POINT( '', ( 4.48000000000000, -4.42696580599380, -13.7779825116048 ) );
#8533 = CARTESIAN_POINT( '', ( 4.48000000000000, -4.40000000000000, -13.8000000000000 ) );
#8534 = AXIS2_PLACEMENT_3D( '', #9598, #9599, #9600 );
#8535 = COLOUR_RGB( '', 0.866666674600000, 0.866666674600000, 0.866666674600000 );
#8536 = CARTESIAN_POINT( '', ( 10.1600000000000, 12.8000000000000, -12.2000000000000 ) );
#8537 = CARTESIAN_POINT( '', ( 10.1600000000000, 7.83550830638944, -12.2000000000000 ) );
#8538 = VECTOR( '', #9601, 1000.00000000000 );
#8539 = CARTESIAN_POINT( '', ( 0.000000000000000, 12.8000000000000, -12.2000000000000 ) );
#8540 = VECTOR( '', #9602, 1000.00000000000 );
#8541 = COLOUR_RGB( '', 0.666666686500000, 0.733333349200000, 0.733333349200000 );
#8542 = CARTESIAN_POINT( '', ( 10.1600000000000, 15.4000000000000, 1.88165904106092 ) );
#8543 = CARTESIAN_POINT( '', ( 10.1600000000000, 7.83550830638944, -4.46570314909129 ) );
#8544 = VECTOR( '', #9603, 1000.00000000000 );
#8545 = CARTESIAN_POINT( '', ( 6.32464231331922, 15.4000000000000, 1.88165904106093 ) );
#8546 = VECTOR( '', #9604, 1000.00000000000 );
#8547 = COLOUR_RGB( '', 0.666666686500000, 0.733333349200000, 0.733333349200000 );
#8548 = CARTESIAN_POINT( '', ( -2.80000000000000, 6.70000000000000, -1.50000000000000 ) );
#8549 = VECTOR( '', #9605, 1000.00000000000 );
#8550 = COLOUR_RGB( '', 0.866666674600000, 0.866666674600000, 0.866666674600000 );
#8551 = CARTESIAN_POINT( '', ( 4.48000000000000, -4.40000000000000, -14.2000000000000 ) );
#8552 = CARTESIAN_POINT( '', ( 4.48000000000000, -4.40000000000000, -14.2000000000000 ) );
#8553 = CARTESIAN_POINT( '', ( 4.48000000000000, -4.42696580599880, -14.2220174883993 ) );
#8554 = CARTESIAN_POINT( '', ( 4.48181875022268, -4.45404711251730, -14.2441297148702 ) );
#8555 = CARTESIAN_POINT( '', ( 4.48549745858237, -4.48103535183920, -14.2660889159789 ) );
#8556 = CARTESIAN_POINT( '', ( 4.48917614226542, -4.50802341012500, -14.2880479697860 ) );
#8557 = CARTESIAN_POINT( '', ( 4.49471395239316, -4.53491782082000, -14.3098538595973 ) );
#8558 = CARTESIAN_POINT( '', ( 4.50214754034827, -4.56151326532030, -14.3312536427501 ) );
#8559 = CARTESIAN_POINT( '', ( 4.50586433813146, -4.57481100118610, -14.3419535452822 ) );
#8560 = CARTESIAN_POINT( '', ( 4.51005509862176, -4.58803414810630, -14.3525518953682 ) );
#8561 = CARTESIAN_POINT( '', ( 4.51472514332655, -4.60115749156530, -14.3630161926994 ) );
#8562 = CARTESIAN_POINT( '', ( 4.51939336634604, -4.61427571588660, -14.3734764081303 ) );
#8563 = CARTESIAN_POINT( '', ( 4.52454451785072, -4.62730857929820, -14.3838143028912 ) );
#8564 = CARTESIAN_POINT( '', ( 4.53020741719226, -4.64026675985170, -14.3940235784968 ) );
#8565 = CARTESIAN_POINT( '', ( 4.54152960062395, -4.66617484832700, -14.4144356120047 ) );
#8566 = CARTESIAN_POINT( '', ( 4.55487142309739, -4.69171213472220, -14.4342782002778 ) );
#8567 = CARTESIAN_POINT( '', ( 4.57030788030032, -4.71656585905000, -14.4531615906806 ) );
#8568 = CARTESIAN_POINT( '', ( 4.48000000000000, 0.000000000000000, -14.2000000000000 ) );
#8569 = CARTESIAN_POINT( '', ( 4.48000000000000, 7.76723869684921, -14.2000000000000 ) );
#8570 = VECTOR( '', #9606, 1000.00000000000 );
#8571 = AXIS2_PLACEMENT_3D( '', #9607, #9608, #9609 );
#8572 = COLOUR_RGB( '', 0.666666686500000, 0.733333349200000, 0.733333349200000 );
#8573 = CARTESIAN_POINT( '', ( 0.000000000000000, 0.000000000000000, 0.000000000000000 ) );
#8574 = CARTESIAN_POINT( '', ( 0.000000000000000, 7.83550830638944, 0.000000000000000 ) );
#8575 = VECTOR( '', #9610, 1000.00000000000 );
#8576 = CARTESIAN_POINT( '', ( 10.1600000000000, 0.000000000000000, 0.000000000000000 ) );
#8577 = CARTESIAN_POINT( '', ( 0.000000000000000, 0.000000000000000, 0.000000000000000 ) );
#8578 = VECTOR( '', #9611, 1000.00000000000 );
#8579 = CARTESIAN_POINT( '', ( 10.1600000000000, 7.83550830638944, 0.000000000000000 ) );
#8580 = VECTOR( '', #9612, 1000.00000000000 );
#8581 = COLOUR_RGB( '', 0.866666674600000, 0.866666674600000, 0.866666674600000 );
#8582 = CARTESIAN_POINT( '', ( 10.1600000000000, 7.83550830638944, -19.0217429652023 ) );
#8583 = VECTOR( '', #9613, 1000.00000000000 );
#8584 = COLOUR_RGB( '', 0.866666674600000, 0.866666674600000, 0.866666674600000 );
#8585 = CARTESIAN_POINT( '', ( 2.75000000000000, 12.8000000000000, -1.50000000000000 ) );
#8586 = CARTESIAN_POINT( '', ( 2.75000000000000, 12.8000000000000, -12.2000000000000 ) );
#8587 = CARTESIAN_POINT( '', ( 2.75000000000000, 12.8000000000000, -9.05599943172105 ) );
#8588 = VECTOR( '', #9614, 1000.00000000000 );
#8589 = CARTESIAN_POINT( '', ( 2.75000000000000, 6.80000000000000, -12.2000000000000 ) );
#8590 = CARTESIAN_POINT( '', ( 2.75000000000000, 7.83550830638944, -12.2000000000000 ) );
#8591 = VECTOR( '', #9615, 1000.00000000000 );
#8592 = CARTESIAN_POINT( '', ( 2.75000000000000, 6.80000000000000, -1.50000000000000 ) );
#8593 = CARTESIAN_POINT( '', ( 2.75000000000000, 6.80000000000000, -9.05599943172105 ) );
#8594 = VECTOR( '', #9616, 1000.00000000000 );
#8595 = CARTESIAN_POINT( '', ( 2.75000000000000, 12.8000000000000, -1.50000000000000 ) );
#8596 = VECTOR( '', #9617, 1000.00000000000 );
#8597 = COLOUR_RGB( '', 0.866666674600000, 0.866666674600000, 0.866666674600000 );
#8598 = CARTESIAN_POINT( '', ( 0.000000000000000, 12.8000000000000, -1.50000000000000 ) );
#8599 = CARTESIAN_POINT( '', ( 0.000000000000000, 7.83550830638944, -1.50000000000000 ) );
#8600 = VECTOR( '', #9618, 1000.00000000000 );
#8601 = CARTESIAN_POINT( '', ( 0.000000000000000, 12.8000000000000, -1.50000000000000 ) );
#8602 = VECTOR( '', #9619, 1000.00000000000 );
#8603 = CARTESIAN_POINT( '', ( 0.000000000000000, 6.80000000000000, -1.50000000000000 ) );
#8604 = CARTESIAN_POINT( '', ( 0.000000000000000, 6.80000000000000, -1.50000000000000 ) );
#8605 = VECTOR( '', #9620, 1000.00000000000 );
#8606 = CARTESIAN_POINT( '', ( 0.000000000000000, 7.83550830638944, -1.50000000000000 ) );
#8607 = VECTOR( '', #9621, 1000.00000000000 );
#8608 = COLOUR_RGB( '', 0.666666686500000, 0.733333349200000, 0.733333349200000 );
#8609 = CARTESIAN_POINT( '', ( -71.1200000000000, 3.80000000000000, 0.000000000000000 ) );
#8610 = VECTOR( '', #9622, 1000.00000000000 );
#8611 = COLOUR_RGB( '', 0.866666674600000, 0.866666674600000, 0.866666674600000 );
#8612 = CARTESIAN_POINT( '', ( 0.600000000000000, -4.40000000000000, -13.8000000000000 ) );
#8613 = CARTESIAN_POINT( '', ( 0.600000000000000, -4.42696580599860, -13.7779825116004 ) );
#8614 = CARTESIAN_POINT( '', ( 0.598181249777299, -4.45404711251730, -13.7558702851298 ) );
#8615 = CARTESIAN_POINT( '', ( 0.594502541417599, -4.48103535183920, -13.7339110840212 ) );
#8616 = CARTESIAN_POINT( '', ( 0.590823857734599, -4.50802341012500, -13.7119520302140 ) );
#8617 = CARTESIAN_POINT( '', ( 0.585286047606800, -4.53491782082000, -13.6901461404028 ) );
#8618 = CARTESIAN_POINT( '', ( 0.577852459651699, -4.56151326532030, -13.6687463572499 ) );
#8619 = CARTESIAN_POINT( '', ( 0.574135661868499, -4.57481100118610, -13.6580464547178 ) );
#8620 = CARTESIAN_POINT( '', ( 0.569944901378201, -4.58803414810630, -13.6474481046318 ) );
#8621 = CARTESIAN_POINT( '', ( 0.565274856673400, -4.60115749156530, -13.6369838073006 ) );
#8622 = CARTESIAN_POINT( '', ( 0.560606633653898, -4.61427571588660, -13.6265235918697 ) );
#8623 = CARTESIAN_POINT( '', ( 0.555455482149300, -4.62730857929820, -13.6161856971088 ) );
#8624 = CARTESIAN_POINT( '', ( 0.549792582807698, -4.64026675985170, -13.6059764215032 ) );
#8625 = CARTESIAN_POINT( '', ( 0.538470399375999, -4.66617484832710, -13.5855643879953 ) );
#8626 = CARTESIAN_POINT( '', ( 0.525128576902598, -4.69171213472220, -13.5657217997223 ) );
#8627 = CARTESIAN_POINT( '', ( 0.509692119699701, -4.71656585905000, -13.5468384093194 ) );
#8628 = CARTESIAN_POINT( '', ( 0.509692119699701, -4.71656585905000, -14.4531615906806 ) );
#8629 = CARTESIAN_POINT( '', ( 0.525128576902598, -4.69171213472220, -14.4342782002777 ) );
#8630 = CARTESIAN_POINT( '', ( 0.538470399375999, -4.66617484832710, -14.4144356120047 ) );
#8631 = CARTESIAN_POINT( '', ( 0.549792582807698, -4.64026675985170, -14.3940235784968 ) );
#8632 = CARTESIAN_POINT( '', ( 0.555455482149300, -4.62730857929810, -14.3838143028912 ) );
#8633 = CARTESIAN_POINT( '', ( 0.560606633653898, -4.61427571588660, -14.3734764081303 ) );
#8634 = CARTESIAN_POINT( '', ( 0.565274856673400, -4.60115749156530, -14.3630161926994 ) );
#8635 = CARTESIAN_POINT( '', ( 0.569944901377500, -4.58803414810840, -14.3525518953699 ) );
#8636 = CARTESIAN_POINT( '', ( 0.574135661867899, -4.57481100118820, -14.3419535452839 ) );
#8637 = CARTESIAN_POINT( '', ( 0.577852459651699, -4.56151326532040, -14.3312536427502 ) );
#8638 = CARTESIAN_POINT( '', ( 0.585286047606800, -4.53491782082010, -14.3098538595973 ) );
#8639 = CARTESIAN_POINT( '', ( 0.590823857734501, -4.50802341012510, -14.2880479697861 ) );
#8640 = CARTESIAN_POINT( '', ( 0.594502541417599, -4.48103535183920, -14.2660889159789 ) );
#8641 = CARTESIAN_POINT( '', ( 0.598181249777998, -4.45404711251230, -14.2441297148662 ) );
#8642 = CARTESIAN_POINT( '', ( 0.600000000000000, -4.42696580599360, -14.2220174883955 ) );
#8643 = CARTESIAN_POINT( '', ( 0.600000000000000, -4.40000000000000, -14.2000000000000 ) );
#8644 = COLOUR_RGB( '', 0.866666674600000, 0.866666674600000, 0.866666674600000 );
#8645 = COLOUR_RGB( '', 0.866666674600000, 0.866666674600000, 0.866666674600000 );
#8646 = CARTESIAN_POINT( '', ( 9.56000000000000, 0.000000000000000, -3.64000000000000 ) );
#8647 = CARTESIAN_POINT( '', ( 9.56000000000000, 7.07093599974894, -3.64000000000000 ) );
#8648 = VECTOR( '', #9623, 1000.00000000000 );
#8649 = CARTESIAN_POINT( '', ( 9.56000000000000, 0.000000000000000, -9.05599943172105 ) );
#8650 = VECTOR( '', #9624, 1000.00000000000 );
#8651 = COLOUR_RGB( '', 0.866666674600000, 0.866666674600000, 0.866666674600000 );
#8652 = CARTESIAN_POINT( '', ( 2.33000000000000, 7.83550830638944, -12.2000000000000 ) );
#8653 = VECTOR( '', #9625, 1000.00000000000 );
#8654 = COLOUR_RGB( '', 0.666666686500000, 0.733333349200000, 0.733333349200000 );
#8655 = CARTESIAN_POINT( '', ( 5.08000000000000, 12.8000000000000, -0.300000000000000 ) );
#8656 = VECTOR( '', #9626, 1000.00000000000 );
#8657 = COLOUR_RGB( '', 0.866666674600000, 0.866666674600000, 0.866666674600000 );
#8658 = CARTESIAN_POINT( '', ( 1.17453482286828, 24.8000000000012, -5.55000000000000 ) );
#8659 = CARTESIAN_POINT( '', ( 1.17453482286828, 24.8000000000012, -6.15000000000000 ) );
#8660 = VECTOR( '', #9627, 1000.00000000000 );
#8661 = CARTESIAN_POINT( '', ( 1.56472089372097, 25.6000000000012, -5.55000000000000 ) );
#8662 = CARTESIAN_POINT( '', ( 2.15000000000000, 26.8000000000012, -5.55000000000000 ) );
#8663 = VECTOR( '', #9628, 1000.00000000000 );
#8664 = CARTESIAN_POINT( '', ( 1.56472089372097, 25.6000000000012, -10.0902740315453 ) );
#8665 = VECTOR( '', #9629, 1000.00000000000 );
#8666 = COLOUR_RGB( '', 0.866666674600000, 0.866666674600000, 0.866666674600000 );
#8667 = CARTESIAN_POINT( '', ( -4.11384179664706, 26.8000000000012, -5.55000000000000 ) );
#8668 = VECTOR( '', #9630, 1000.00000000000 );
#8669 = CARTESIAN_POINT( '', ( 0.000000000000000, 26.8000000000012, -9.05599943172105 ) );
#8670 = VECTOR( '', #9631, 1000.00000000000 );
#8671 = COLOUR_RGB( '', 0.866666674600000, 0.866666674600000, 0.866666674600000 );
#8672 = CARTESIAN_POINT( '', ( 0.600000000000000, -4.40000000000000, -13.8000000000000 ) );
#8673 = CARTESIAN_POINT( '', ( 0.600000000000000, -4.40000000000000, -9.79877921050629 ) );
#8674 = VECTOR( '', #9632, 1000.00000000000 );
#8675 = CARTESIAN_POINT( '', ( 0.600000000000000, -4.40000000000000, -13.8000000000000 ) );
#8676 = CARTESIAN_POINT( '', ( 0.600000000000000, -4.42696580599360, -13.7779825116045 ) );
#8677 = CARTESIAN_POINT( '', ( 0.598181249777978, -4.45404711251230, -13.7558702851338 ) );
#8678 = CARTESIAN_POINT( '', ( 0.594502541417612, -4.48103535183920, -13.7339110840211 ) );
#8679 = CARTESIAN_POINT( '', ( 0.590823857734556, -4.50802341012500, -13.7119520302140 ) );
#8680 = CARTESIAN_POINT( '', ( 0.585286047606828, -4.53491782082000, -13.6901461404028 ) );
#8681 = CARTESIAN_POINT( '', ( 0.577852459651717, -4.56151326532030, -13.6687463572499 ) );
#8682 = CARTESIAN_POINT( '', ( 0.574135661867940, -4.57481100118820, -13.6580464547161 ) );
#8683 = CARTESIAN_POINT( '', ( 0.569944901377483, -4.58803414810840, -13.6474481046301 ) );
#8684 = CARTESIAN_POINT( '', ( 0.565274856673425, -4.60115749156530, -13.6369838073006 ) );
#8685 = CARTESIAN_POINT( '', ( 0.560606633653932, -4.61427571588660, -13.6265235918697 ) );
#8686 = CARTESIAN_POINT( '', ( 0.555455482149262, -4.62730857929820, -13.6161856971088 ) );
#8687 = CARTESIAN_POINT( '', ( 0.549792582807715, -4.64026675985170, -13.6059764215032 ) );
#8688 = CARTESIAN_POINT( '', ( 0.538470399376029, -4.66617484832710, -13.5855643879953 ) );
#8689 = CARTESIAN_POINT( '', ( 0.525128576902585, -4.69171213472220, -13.5657217997222 ) );
#8690 = CARTESIAN_POINT( '', ( 0.509692119699654, -4.71656585905000, -13.5468384093194 ) );
#8691 = CARTESIAN_POINT( '', ( 1.47911419728940E-031, -5.00000000000000, -9.79877921050629 ) );
#8692 = VECTOR( '', #9633, 1000.00000000000 );
#8693 = COLOUR_RGB( '', 0.666666686500000, 0.733333349200000, 0.733333349200000 );
#8694 = CARTESIAN_POINT( '', ( 10.1600000000000, 23.3000000000000, -1.50000000000000 ) );
#8695 = CARTESIAN_POINT( '', ( 14.2400150000000, 23.3000000000000, -1.50000000000000 ) );
#8696 = VECTOR( '', #9634, 1000.00000000000 );
#8697 = AXIS2_PLACEMENT_3D( '', #9635, #9636, #9637 );
#8698 = COLOUR_RGB( '', 0.866666674600000, 0.866666674600000, 0.866666674600000 );
#8699 = AXIS2_PLACEMENT_3D( '', #9638, #9639, #9640 );
#8700 = CARTESIAN_POINT( '', ( 4.48000000000000, -4.40000000000000, -9.79877921050629 ) );
#8701 = VECTOR( '', #9641, 1000.00000000000 );
#8702 = COLOUR_RGB( '', 0.866666674600000, 0.866666674600000, 0.866666674600000 );
#8703 = CARTESIAN_POINT( '', ( 0.600000000000000, 26.8000000000012, -8.30000000000000 ) );
#8704 = VECTOR( '', #9642, 1000.00000000000 );
#8705 = COLOUR_RGB( '', 0.866666674600000, 0.866666674600000, 0.866666674600000 );
#8706 = CARTESIAN_POINT( '', ( 1.42897274729424, 25.6000000000012, -6.75000000000000 ) );
#8707 = AXIS2_PLACEMENT_3D( '', #9643, #9644, #9645 );
#8708 = CARTESIAN_POINT( '', ( 0.272405999999980, 25.6000000000012, -6.75000000000000 ) );
#8709 = VECTOR( '', #9646, 1000.00000000000 );
#8710 = COLOUR_RGB( '', 0.600000023800000, 0.600000023800000, 0.600000023800000 );
#8711 = CARTESIAN_POINT( '', ( 0.000000000000000, 24.8000000000012, -7.32453482286828 ) );
#8712 = CARTESIAN_POINT( '', ( 0.000000000000000, 24.8000000000012, -9.05599943172105 ) );
#8713 = VECTOR( '', #9647, 1000.00000000000 );
#8714 = CARTESIAN_POINT( '', ( 0.000000000000000, 7.83550830638944, 0.949600624561050 ) );
#8715 = VECTOR( '', #9648, 1000.00000000000 );
#8716 = CARTESIAN_POINT( '', ( 0.000000000000000, 29.3000000000000, -9.05599943172105 ) );
#8717 = VECTOR( '', #9649, 1000.00000000000 );
#8718 = CARTESIAN_POINT( '', ( 0.000000000000000, 0.000000000000000, -15.6000000000000 ) );
#8719 = CARTESIAN_POINT( '', ( 0.000000000000000, 7.83550830638944, -15.6000000000000 ) );
#8720 = VECTOR( '', #9650, 1000.00000000000 );
#8721 = CARTESIAN_POINT( '', ( 0.000000000000000, 0.000000000000000, -9.05599943172105 ) );
#8722 = VECTOR( '', #9651, 1000.00000000000 );
#8723 = CARTESIAN_POINT( '', ( 0.000000000000000, 0.000000000000000, -13.4000000000000 ) );
#8724 = CARTESIAN_POINT( '', ( 0.000000000000000, 7.83550830638944, -13.4000000000000 ) );
#8725 = VECTOR( '', #9652, 1000.00000000000 );
#8726 = CARTESIAN_POINT( '', ( 0.000000000000000, 0.000000000000000, -9.05599943172105 ) );
#8727 = VECTOR( '', #9653, 1000.00000000000 );
#8728 = CARTESIAN_POINT( '', ( 0.000000000000000, -5.00000000000000, -4.19000000000000 ) );
#8729 = CARTESIAN_POINT( '', ( 0.000000000000000, 7.83550830638944, -8.86174296520235 ) );
#8730 = VECTOR( '', #9654, 1000.00000000000 );
#8731 = CARTESIAN_POINT( '', ( -3.46797760330211E-016, -5.00000000000000, -13.8018876112894 ) );
#8732 = VECTOR( '', #9655, 1000.00000000000 );
#8733 = CARTESIAN_POINT( '', ( 0.000000000000000, 0.000000000000000, -9.05599943172105 ) );
#8734 = VECTOR( '', #9656, 1000.00000000000 );
#8735 = CARTESIAN_POINT( '', ( 0.000000000000000, 7.83550830638944, 2.70000000000000 ) );
#8736 = VECTOR( '', #9657, 1000.00000000000 );
#8737 = CARTESIAN_POINT( '', ( 0.000000000000000, 6.80000000000000, -0.300000000000000 ) );
#8738 = CARTESIAN_POINT( '', ( 0.000000000000000, 15.5559994317211, -9.05599943172105 ) );
#8739 = VECTOR( '', #9658, 1000.00000000000 );
#8740 = CARTESIAN_POINT( '', ( 0.000000000000000, 6.80000000000000, -9.05599943172105 ) );
#8741 = VECTOR( '', #9659, 1000.00000000000 );
#8742 = CARTESIAN_POINT( '', ( 0.000000000000000, 6.80000000000000, -12.2000000000000 ) );
#8743 = CARTESIAN_POINT( '', ( 0.000000000000000, 6.80000000000000, -9.05599943172105 ) );
#8744 = VECTOR( '', #9660, 1000.00000000000 );
#8745 = CARTESIAN_POINT( '', ( 0.000000000000000, 12.8000000000000, -12.2000000000000 ) );
#8746 = CARTESIAN_POINT( '', ( 0.000000000000000, 7.83550830638944, -12.2000000000000 ) );
#8747 = VECTOR( '', #9661, 1000.00000000000 );
#8748 = CARTESIAN_POINT( '', ( 0.000000000000000, 12.8000000000000, -9.05599943172105 ) );
#8749 = VECTOR( '', #9662, 1000.00000000000 );
#8750 = CARTESIAN_POINT( '', ( 0.000000000000000, 7.83550830638944, -4.46570314909129 ) );
#8751 = VECTOR( '', #9663, 1000.00000000000 );
#8752 = CARTESIAN_POINT( '', ( 0.000000000000000, 7.83550830638944, 2.70000000000000 ) );
#8753 = VECTOR( '', #9664, 1000.00000000000 );
#8754 = CARTESIAN_POINT( '', ( 0.000000000000000, 29.3000000000000, -9.05599943172105 ) );
#8755 = VECTOR( '', #9665, 1000.00000000000 );
#8756 = COLOUR_RGB( '', 0.866666674600000, 0.866666674600000, 0.866666674600000 );
#8757 = COLOUR_RGB( '', 0.866666674600000, 0.866666674600000, 0.866666674600000 );
#8758 = CARTESIAN_POINT( '', ( -10.1600000000000, 12.8000000000000, -1.50000000000000 ) );
#8759 = VECTOR( '', #9666, 1000.00000000000 );
#8760 = COLOUR_RGB( '', 0.666666686500000, 0.733333349200000, 0.733333349200000 );
#8761 = CARTESIAN_POINT( '', ( 4.20000000000000, 15.4000000000000, 12.7000000000000 ) );
#8762 = VECTOR( '', #9667, 1000.00000000000 );
#8763 = COLOUR_RGB( '', 0.866666674600000, 0.866666674600000, 0.866666674600000 );
#8764 = CARTESIAN_POINT( '', ( 0.200000000000000, 7.76723869684921, -13.4000000000000 ) );
#8765 = VECTOR( '', #9668, 1000.00000000000 );
#8766 = COLOUR_RGB( '', 0.866666674600000, 0.866666674600000, 0.866666674600000 );
#8767 = CARTESIAN_POINT( '', ( 10.1600000000000, 12.8000000000000, -9.05599943172105 ) );
#8768 = VECTOR( '', #9669, 1000.00000000000 );
#8769 = COLOUR_RGB( '', 0.866666674600000, 0.866666674600000, 0.866666674600000 );
#8770 = AXIS2_PLACEMENT_3D( '', #9670, #9671, #9672 );
#8771 = COLOUR_RGB( '', 0.866666674600000, 0.866666674600000, 0.866666674600000 );
#8772 = CARTESIAN_POINT( '', ( 0.600000000000000, 26.9000000000012, -6.75000000000000 ) );
#8773 = VECTOR( '', #9673, 1000.00000000000 );
#8774 = COLOUR_RGB( '', 0.600000023800000, 0.600000023800000, 0.600000023800000 );
#8775 = CARTESIAN_POINT( '', ( 10.1600000000000, 23.3000000000000, -9.05599943172105 ) );
#8776 = VECTOR( '', #9674, 1000.00000000000 );
#8777 = CARTESIAN_POINT( '', ( 10.1600000000000, 23.3000000000000, -10.8000000000000 ) );
#8778 = AXIS2_PLACEMENT_3D( '', #9675, #9676, #9677 );
#8779 = CARTESIAN_POINT( '', ( 10.1600000000000, 23.3000000000000, -9.05599943172105 ) );
#8780 = VECTOR( '', #9678, 1000.00000000000 );
#8781 = CARTESIAN_POINT( '', ( 10.1600000000000, 7.83550830638944, 2.70000000000000 ) );
#8782 = VECTOR( '', #9679, 1000.00000000000 );
#8783 = CARTESIAN_POINT( '', ( 10.1600000000000, 0.000000000000000, -9.05599943172105 ) );
#8784 = VECTOR( '', #9680, 1000.00000000000 );
#8785 = CARTESIAN_POINT( '', ( 10.1600000000000, 7.83550830638944, -8.86174296520235 ) );
#8786 = VECTOR( '', #9681, 1000.00000000000 );
#8787 = CARTESIAN_POINT( '', ( 10.1600000000000, 0.000000000000000, -9.05599943172105 ) );
#8788 = VECTOR( '', #9682, 1000.00000000000 );
#8789 = CARTESIAN_POINT( '', ( 10.1600000000000, 0.000000000000000, -15.6000000000000 ) );
#8790 = CARTESIAN_POINT( '', ( 10.1600000000000, 0.000000000000000, -9.05599943172105 ) );
#8791 = VECTOR( '', #9683, 1000.00000000000 );
#8792 = CARTESIAN_POINT( '', ( 10.1600000000000, 7.83550830638944, -15.6000000000000 ) );
#8793 = VECTOR( '', #9684, 1000.00000000000 );
#8794 = CARTESIAN_POINT( '', ( 10.1600000000000, 29.3000000000000, -9.05599943172105 ) );
#8795 = VECTOR( '', #9685, 1000.00000000000 );
#8796 = CARTESIAN_POINT( '', ( 10.1600000000000, 29.3000000000000, -9.05599943172105 ) );
#8797 = VECTOR( '', #9686, 1000.00000000000 );
#8798 = CARTESIAN_POINT( '', ( 10.1600000000000, 15.4000000000000, 2.70000000000000 ) );
#8799 = CARTESIAN_POINT( '', ( 10.1600000000000, 7.83550830638944, 2.70000000000000 ) );
#8800 = VECTOR( '', #9687, 1000.00000000000 );
#8801 = CARTESIAN_POINT( '', ( 10.1600000000000, 15.4000000000000, -9.05599943172105 ) );
#8802 = VECTOR( '', #9688, 1000.00000000000 );
#8803 = CARTESIAN_POINT( '', ( 10.1600000000000, 7.83550830638944, -1.45000000000000 ) );
#8804 = VECTOR( '', #9689, 1000.00000000000 );
#8805 = COLOUR_RGB( '', 0.866666674600000, 0.866666674600000, 0.866666674600000 );
#8806 = AXIS2_PLACEMENT_3D( '', #9690, #9691, #9692 );
#8807 = CARTESIAN_POINT( '', ( 0.600000000000000, -4.40000000000000, -3.64000000000000 ) );
#8808 = CARTESIAN_POINT( '', ( 0.600000000000000, -4.42696580599330, -3.61798251160415 ) );
#8809 = CARTESIAN_POINT( '', ( 0.598181249777978, -4.45404711251230, -3.59587028513384 ) );
#8810 = CARTESIAN_POINT( '', ( 0.594502541417611, -4.48103535183920, -3.57391108402114 ) );
#8811 = CARTESIAN_POINT( '', ( 0.590823857734554, -4.50802341012500, -3.55195203021396 ) );
#8812 = CARTESIAN_POINT( '', ( 0.585286047606822, -4.53491782082000, -3.53014614040273 ) );
#8813 = CARTESIAN_POINT( '', ( 0.577852459651712, -4.56151326532040, -3.50874635724987 ) );
#8814 = CARTESIAN_POINT( '', ( 0.574135661867941, -4.57481100118820, -3.49804645471612 ) );
#8815 = CARTESIAN_POINT( '', ( 0.569944901377478, -4.58803414810840, -3.48744810463011 ) );
#8816 = CARTESIAN_POINT( '', ( 0.565274856673425, -4.60115749156530, -3.47698380730059 ) );
#8817 = CARTESIAN_POINT( '', ( 0.560606633653932, -4.61427571588660, -3.46652359186967 ) );
#8818 = CARTESIAN_POINT( '', ( 0.555455482149262, -4.62730857929820, -3.45618569710879 ) );
#8819 = CARTESIAN_POINT( '', ( 0.549792582807716, -4.64026675985170, -3.44597642150319 ) );
#8820 = CARTESIAN_POINT( '', ( 0.538470399376031, -4.66617484832710, -3.42556438799533 ) );
#8821 = CARTESIAN_POINT( '', ( 0.525128576902587, -4.69171213472220, -3.40572179972224 ) );
#8822 = CARTESIAN_POINT( '', ( 0.509692119699654, -4.71656585905000, -3.38683840931939 ) );
#8823 = COLOUR_RGB( '', 0.666666686500000, 0.733333349200000, 0.733333349200000 );
#8824 = COLOUR_RGB( '', 0.866666674600000, 0.866666674600000, 0.866666674600000 );
#8825 = CARTESIAN_POINT( '', ( -4.11384179664706, 25.6000000000012, -5.55000000000000 ) );
#8826 = VECTOR( '', #9693, 1000.00000000000 );
#8827 = COLOUR_RGB( '', 0.866666674600000, 0.866666674600000, 0.866666674600000 );
#8828 = AXIS2_PLACEMENT_3D( '', #9694, #9695, #9696 );
#8829 = COLOUR_RGB( '', 0.866666674600000, 0.866666674600000, 0.866666674600000 );
#8830 = CARTESIAN_POINT( '', ( -0.600000000000000, 24.8000000000012, -5.55000000000000 ) );
#8831 = VECTOR( '', #9697, 1000.00000000000 );
#8832 = COLOUR_RGB( '', 0.666666686500000, 0.733333349200000, 0.733333349200000 );
#8833 = CARTESIAN_POINT( '', ( 0.000000000000000, 0.000000000000000, -15.6000000000000 ) );
#8834 = VECTOR( '', #9698, 1000.00000000000 );
#8835 = AXIS2_PLACEMENT_3D( '', #9699, #9700, #9701 );
#8836 = CARTESIAN_POINT( '', ( 0.200000000000000, 0.000000000000000, -13.4000000000000 ) );
#8837 = CARTESIAN_POINT( '', ( 0.000000000000000, 0.000000000000000, -13.4000000000000 ) );
#8838 = VECTOR( '', #9702, 1000.00000000000 );
#8839 = CARTESIAN_POINT( '', ( 0.600000000000000, 0.000000000000000, -13.8000000000000 ) );
#8840 = AXIS2_PLACEMENT_3D( '', #9703, #9704, #9705 );
#8841 = CARTESIAN_POINT( '', ( 0.600000000000000, 0.000000000000000, -9.05599943172105 ) );
#8842 = VECTOR( '', #9706, 1000.00000000000 );
#8843 = COLOUR_RGB( '', 0.666666686500000, 0.733333349200000, 0.733333349200000 );
#8844 = CARTESIAN_POINT( '', ( 0.000000000000000, 6.80000000000000, -0.300000000000000 ) );
#8845 = VECTOR( '', #9707, 1000.00000000000 );
#8846 = COLOUR_RGB( '', 0.866666674600000, 0.866666674600000, 0.866666674600000 );
#8847 = COLOUR_RGB( '', 0.866666674600000, 0.866666674600000, 0.866666674600000 );
#8848 = AXIS2_PLACEMENT_3D( '', #9708, #9709, #9710 );
#8849 = COLOUR_RGB( '', 0.866666674600000, 0.866666674600000, 0.866666674600000 );
#8850 = CARTESIAN_POINT( '', ( 0.000000000000000, 24.8000000000012, -7.32453482286828 ) );
#8851 = VECTOR( '', #9711, 1000.00000000000 );
#8852 = COLOUR_RGB( '', 0.666666686500000, 0.733333349200000, 0.733333349200000 );
#8853 = CARTESIAN_POINT( '', ( 4.20000000000000, 15.4000000000000, 1.69940720943896 ) );
#8854 = VECTOR( '', #9712, 1000.00000000000 );
#8855 = COLOUR_RGB( '', 0.866666674600000, 0.866666674600000, 0.866666674600000 );
#8856 = COLOUR_RGB( '', 0.666666686500000, 0.733333349200000, 0.733333349200000 );
#8857 = COLOUR_RGB( '', 0.866666674600000, 0.866666674600000, 0.866666674600000 );
#8858 = CARTESIAN_POINT( '', ( 0.000000000000000, 6.80000000000000, -12.2000000000000 ) );
#8859 = VECTOR( '', #9713, 1000.00000000000 );
#8860 = CARTESIAN_POINT( '', ( 0.000000000000000, 12.8000000000000, -12.2000000000000 ) );
#8861 = VECTOR( '', #9714, 1000.00000000000 );
#8862 = COLOUR_RGB( '', 0.866666674600000, 0.866666674600000, 0.866666674600000 );
#8863 = COLOUR_RGB( '', 0.666666686500000, 0.733333349200000, 0.733333349200000 );
#8864 = CARTESIAN_POINT( '', ( 0.000000000000000, 15.4000000000000, 2.70000000000000 ) );
#8865 = VECTOR( '', #9715, 1000.00000000000 );
#8866 = COLOUR_RGB( '', 0.666666686500000, 0.733333349200000, 0.733333349200000 );
#8867 = COLOUR_RGB( '', 0.866666674600000, 0.866666674600000, 0.866666674600000 );
#8868 = CARTESIAN_POINT( '', ( 1.42897274729424, 26.8000000000012, -6.75000000000000 ) );
#8869 = CARTESIAN_POINT( '', ( 0.966158203352920, 26.8000000000012, -6.75000000000000 ) );
#8870 = VECTOR( '', #9716, 1000.00000000000 );
#8871 = CARTESIAN_POINT( '', ( 1.42897274729424, 29.2000000000000, -6.75000000000000 ) );
#8872 = VECTOR( '', #9717, 1000.00000000000 );
#8873 = COLOUR_RGB( '', 0.866666674600000, 0.866666674600000, 0.866666674600000 );
#8874 = COLOUR_RGB( '', 0.666666686500000, 0.733333349200000, 0.733333349200000 );
#8875 = COLOUR_RGB( '', 0.866666674600000, 0.866666674600000, 0.866666674600000 );
#8876 = COLOUR_RGB( '', 0.666666686500000, 0.733333349200000, 0.733333349200000 );
#8877 = AXIS2_PLACEMENT_3D( '', #9718, #9719, #9720 );
#8878 = COLOUR_RGB( '', 0.666666686500000, 0.733333349200000, 0.733333349200000 );
#8879 = COLOUR_RGB( '', 0.866666674600000, 0.866666674600000, 0.866666674600000 );
#8880 = COLOUR_RGB( '', 0.866666674600000, 0.866666674600000, 0.866666674600000 );
#8881 = COLOUR_RGB( '', 0.866666674600000, 0.866666674600000, 0.866666674600000 );
#8882 = CARTESIAN_POINT( '', ( 0.600000000000000, 7.76723869684921, -13.8000000000000 ) );
#8883 = VECTOR( '', #9721, 1000.00000000000 );
#8884 = COLOUR_RGB( '', 0.666666686500000, 0.733333349200000, 0.733333349200000 );
#8885 = CARTESIAN_POINT( '', ( 5.08000000000000, 0.000000000000000, -15.6000000000000 ) );
#8886 = VECTOR( '', #9722, 1000.00000000000 );
#8887 = CARTESIAN_POINT( '', ( 4.48000000000000, 0.000000000000000, -9.05599943172105 ) );
#8888 = VECTOR( '', #9723, 1000.00000000000 );
#8889 = CARTESIAN_POINT( '', ( 4.48000000000000, 0.000000000000000, -4.04000000000000 ) );
#8890 = AXIS2_PLACEMENT_3D( '', #9724, #9725, #9726 );
#8891 = CARTESIAN_POINT( '', ( 4.48000000000000, 0.000000000000000, -9.05599943172105 ) );
#8892 = VECTOR( '', #9727, 1000.00000000000 );
#8893 = COLOUR_RGB( '', 0.666666686500000, 0.733333349200000, 0.733333349200000 );
#8894 = CARTESIAN_POINT( '', ( 14.2400150000000, 23.3000000000000, -10.8000000000000 ) );
#8895 = VECTOR( '', #9728, 1000.00000000000 );
#8896 = COLOUR_RGB( '', 0.866666674600000, 0.866666674600000, 0.866666674600000 );
#8897 = CARTESIAN_POINT( '', ( 0.200000000000000, 7.76723869684921, -13.4000000000000 ) );
#8898 = VECTOR( '', #9729, 1000.00000000000 );
#8899 = COLOUR_RGB( '', 0.866666674600000, 0.866666674600000, 0.866666674600000 );
#8900 = COLOUR_RGB( '', 0.866666674600000, 0.866666674600000, 0.866666674600000 );
#8901 = COLOUR_RGB( '', 0.866666674600000, 0.866666674600000, 0.866666674600000 );
#8902 = CARTESIAN_POINT( '', ( 4.48000000000000, 7.07093599974894, -4.04000000000000 ) );
#8903 = VECTOR( '', #9730, 1000.00000000000 );
#8904 = COLOUR_RGB( '', 0.666666686500000, 0.733333349200000, 0.733333349200000 );
#8905 = COLOUR_RGB( '', 0.866666674600000, 0.866666674600000, 0.866666674600000 );
#8906 = COLOUR_RGB( '', 0.666666686500000, 0.733333349200000, 0.733333349200000 );
#8907 = COLOUR_RGB( '', 0.866666674600000, 0.866666674600000, 0.866666674600000 );
#8908 = COLOUR_RGB( '', 0.666666686500000, 0.733333349200000, 0.733333349200000 );
#8909 = COLOUR_RGB( '', 0.666666686500000, 0.733333349200000, 0.733333349200000 );
#8910 = COLOUR_RGB( '', 0.866666674600000, 0.866666674600000, 0.866666674600000 );
#8911 = COLOUR_RGB( '', 0.666666686500000, 0.733333349200000, 0.733333349200000 );
#8912 = COLOUR_RGB( '', 0.666666686500000, 0.733333349200000, 0.733333349200000 );
#8913 = COLOUR_RGB( '', 0.866666674600000, 0.866666674600000, 0.866666674600000 );
#8914 = CARTESIAN_POINT( '', ( 0.966158203352920, 26.8000000000012, -8.30000000000000 ) );
#8915 = VECTOR( '', #9731, 1000.00000000000 );
#8916 = COLOUR_RGB( '', 0.666666686500000, 0.733333349200000, 0.733333349200000 );
#8917 = COLOUR_RGB( '', 0.666666686500000, 0.733333349200000, 0.733333349200000 );
#8918 = COLOUR_RGB( '', 0.666666686500000, 0.733333349200000, 0.733333349200000 );
#8919 = AXIS2_PLACEMENT_3D( '', #9732, #9733, #9734 );
#8920 = CARTESIAN_POINT( '', ( 3.65102725270570, 29.2000000000000, -6.75000000000000 ) );
#8921 = VECTOR( '', #9735, 1000.00000000000 );
#8922 = COLOUR_RGB( '', 0.666666686500000, 0.733333349200000, 0.733333349200000 );
#8923 = COLOUR_RGB( '', 0.666666686500000, 0.733333349200000, 0.733333349200000 );
#8924 = COLOUR_RGB( '', 0.866666674600000, 0.866666674600000, 0.866666674600000 );
#8925 = COLOUR_RGB( '', 0.666666686500000, 0.733333349200000, 0.733333349200000 );
#8926 = COLOUR_RGB( '', 0.866666674600000, 0.866666674600000, 0.866666674600000 );
#8927 = COLOUR_RGB( '', 0.666666686500000, 0.733333349200000, 0.733333349200000 );
#8928 = COLOUR_RGB( '', 0.866666674600000, 0.866666674600000, 0.866666674600000 );
#8929 = COLOUR_RGB( '', 0.866666674600000, 0.866666674600000, 0.866666674600000 );
#8930 = DIRECTION( '', ( 0.000000000000000, 0.939692620785908, 0.342020143325669 ) );
#8931 = CARTESIAN_POINT( '', ( -4.44089209850063E-016, -4.40000000000000, -3.27161785944027 ) );
#8932 = DIRECTION( '', ( 0.000000000000000, 0.342020143325669, -0.939692620785908 ) );
#8933 = DIRECTION( '', ( 0.000000000000000, 0.939692620785908, 0.342020143325669 ) );
#8934 = CARTESIAN_POINT( '', ( 0.200000000000000, -5.41212161291820, -3.64000000000000 ) );
#8935 = DIRECTION( '', ( 0.000000000000000, 0.342020143325669, -0.939692620785908 ) );
#8936 = DIRECTION( '', ( 0.000000000000000, 0.939692620785908, 0.342020143325669 ) );
#8937 = DIRECTION( '', ( -1.00000000000000, 0.000000000000000, 0.000000000000000 ) );
#8938 = DIRECTION( '', ( 0.000000000000000, 1.00000000000000, 0.000000000000000 ) );
#8939 = DIRECTION( '', ( -1.00000000000000, 0.000000000000000, 0.000000000000000 ) );
#8940 = DIRECTION( '', ( 0.000000000000000, 1.00000000000000, 0.000000000000000 ) );
#8941 = DIRECTION( '', ( 1.00000000000000, 0.000000000000000, 0.000000000000000 ) );
#8942 = DIRECTION( '', ( -1.00000000000000, 0.000000000000000, 0.000000000000000 ) );
#8943 = DIRECTION( '', ( 0.443712606279658, 0.633687274224642, -0.633687274224642 ) );
#8944 = DIRECTION( '', ( 0.000000000000000, 0.707106781186547, -0.707106781186548 ) );
#8945 = DIRECTION( '', ( 1.00000000000000, 0.000000000000000, 0.000000000000000 ) );
#8946 = DIRECTION( '', ( 0.000000000000000, -0.707106781186547, 0.707106781186548 ) );
#8947 = DIRECTION( '', ( 0.000000000000000, 0.000000000000000, -1.00000000000000 ) );
#8948 = DIRECTION( '', ( 1.00000000000000, 0.000000000000000, 0.000000000000000 ) );
#8949 = DIRECTION( '', ( 0.000000000000000, 0.000000000000000, 1.00000000000000 ) );
#8950 = DIRECTION( '', ( 1.00000000000000, 0.000000000000000, 0.000000000000000 ) );
#8951 = CARTESIAN_POINT( '', ( 10.1600000000000, 26.8000000000012, -6.15000000000000 ) );
#8952 = DIRECTION( '', ( 0.000000000000000, 1.00000000000000, 0.000000000000000 ) );
#8953 = DIRECTION( '', ( 0.000000000000000, 0.000000000000000, 1.00000000000000 ) );
#8954 = DIRECTION( '', ( -1.11022302462516E-016, 0.966977369095332, -0.254862252319700 ) );
#8955 = DIRECTION( '', ( 1.00000000000000, 0.000000000000000, 0.000000000000000 ) );
#8956 = DIRECTION( '', ( 0.000000000000000, -0.966977369095332, 0.254862252319700 ) );
#8957 = DIRECTION( '', ( -1.00000000000000, 0.000000000000000, 0.000000000000000 ) );
#8958 = DIRECTION( '', ( 1.00000000000000, 0.000000000000000, 0.000000000000000 ) );
#8959 = DIRECTION( '', ( 0.000000000000000, -1.00000000000000, 0.000000000000000 ) );
#8960 = DIRECTION( '', ( 1.00000000000000, 0.000000000000000, 0.000000000000000 ) );
#8961 = DIRECTION( '', ( -1.20024110770287E-016, 1.00000000000000, 0.000000000000000 ) );
#8962 = DIRECTION( '', ( -1.00000000000000, 0.000000000000000, 0.000000000000000 ) );
#8963 = DIRECTION( '', ( 0.000000000000000, -1.00000000000000, 0.000000000000000 ) );
#8964 = DIRECTION( '', ( -1.00000000000000, 0.000000000000000, 0.000000000000000 ) );
#8965 = DIRECTION( '', ( -1.20024110770287E-016, 1.00000000000000, 0.000000000000000 ) );
#8966 = CARTESIAN_POINT( '', ( 0.000000000000000, 23.3000000000000, -1.70000000000000 ) );
#8967 = DIRECTION( '', ( -1.00000000000000, 0.000000000000000, 0.000000000000000 ) );
#8968 = DIRECTION( '', ( 0.000000000000000, 0.000000000000000, 1.00000000000000 ) );
#8969 = DIRECTION( '', ( -1.00000000000000, 0.000000000000000, 0.000000000000000 ) );
#8970 = CARTESIAN_POINT( '', ( 3.88000000000000, 23.3000000000000, -1.70000000000000 ) );
#8971 = DIRECTION( '', ( -0.707106781186548, 0.000000000000000, 0.707106781186548 ) );
#8972 = DIRECTION( '', ( 0.707106781186548, 0.000000000000000, 0.707106781186548 ) );
#8973 = DIRECTION( '', ( -1.00000000000000, 0.000000000000000, 0.000000000000000 ) );
#8974 = DIRECTION( '', ( 0.000000000000000, -1.00000000000000, 0.000000000000000 ) );
#8975 = DIRECTION( '', ( 0.000000000000000, 0.000000000000000, 1.00000000000000 ) );
#8976 = DIRECTION( '', ( 0.000000000000000, -1.00000000000000, 0.000000000000000 ) );
#8977 = DIRECTION( '', ( 0.000000000000000, 0.766044443118978, 0.642787609686539 ) );
#8978 = DIRECTION( '', ( 0.000000000000000, 0.000000000000000, 1.00000000000000 ) );
#8979 = DIRECTION( '', ( 0.000000000000000, 0.000000000000000, 1.00000000000000 ) );
#8980 = DIRECTION( '', ( 1.00000000000000, 0.000000000000000, 0.000000000000000 ) );
#8981 = DIRECTION( '', ( 0.000000000000000, 0.000000000000000, -1.00000000000000 ) );
#8982 = DIRECTION( '', ( -1.00000000000000, 0.000000000000000, 0.000000000000000 ) );
#8983 = DIRECTION( '', ( 0.000000000000000, 1.00000000000000, 0.000000000000000 ) );
#8984 = CARTESIAN_POINT( '', ( 10.1600000000000, 29.3000000000000, -6.15000000000000 ) );
#8985 = DIRECTION( '', ( 0.000000000000000, 1.00000000000000, 0.000000000000000 ) );
#8986 = DIRECTION( '', ( 0.000000000000000, 0.000000000000000, 1.00000000000000 ) );
#8987 = DIRECTION( '', ( 0.000000000000000, 1.00000000000000, 0.000000000000000 ) );
#8988 = DIRECTION( '', ( 0.000000000000000, 1.00000000000000, 0.000000000000000 ) );
#8989 = CARTESIAN_POINT( '', ( 10.1600000000000, 25.6000000000012, -6.15000000000000 ) );
#8990 = DIRECTION( '', ( 0.000000000000000, 1.00000000000000, 0.000000000000000 ) );
#8991 = DIRECTION( '', ( 0.000000000000000, 0.000000000000000, 1.00000000000000 ) );
#8992 = DIRECTION( '', ( 0.000000000000000, 1.00000000000000, 0.000000000000000 ) );
#8993 = CARTESIAN_POINT( '', ( 10.1600000000000, 26.8000000000012, -6.15000000000000 ) );
#8994 = DIRECTION( '', ( 0.000000000000000, 1.00000000000000, 0.000000000000000 ) );
#8995 = DIRECTION( '', ( 0.000000000000000, 0.000000000000000, 1.00000000000000 ) );
#8996 = DIRECTION( '', ( 0.000000000000000, -1.00000000000000, 0.000000000000000 ) );
#8997 = DIRECTION( '', ( 0.443712606279658, 0.633687274224642, -0.633687274224642 ) );
#8998 = DIRECTION( '', ( 0.000000000000000, 1.00000000000000, 0.000000000000000 ) );
#8999 = DIRECTION( '', ( -0.410428929490727, 0.698550250509696, 0.586153257561482 ) );
#9000 = CARTESIAN_POINT( '', ( 0.200000000000000, 0.000000000000000, -14.2000000000000 ) );
#9001 = DIRECTION( '', ( 0.000000000000000, -1.00000000000000, 0.000000000000000 ) );
#9002 = DIRECTION( '', ( 0.000000000000000, 0.000000000000000, -1.00000000000000 ) );
#9003 = DIRECTION( '', ( 0.000000000000000, -1.00000000000000, 0.000000000000000 ) );
#9004 = CARTESIAN_POINT( '', ( 0.200000000000000, -5.41212161291820, -14.2000000000000 ) );
#9005 = DIRECTION( '', ( 0.000000000000000, 0.342020143325669, 0.939692620785908 ) );
#9006 = DIRECTION( '', ( 0.000000000000000, 0.939692620785908, -0.342020143325669 ) );
#9007 = DIRECTION( '', ( 0.000000000000000, -1.00000000000000, 0.000000000000000 ) );
#9008 = DIRECTION( '', ( 0.000000000000000, 0.000000000000000, 1.00000000000000 ) );
#9009 = DIRECTION( '', ( -0.438371146789078, 0.898794046299167, 0.000000000000000 ) );
#9010 = DIRECTION( '', ( 0.000000000000000, 0.000000000000000, -1.00000000000000 ) );
#9011 = DIRECTION( '', ( -0.438371146789078, 0.898794046299167, 0.000000000000000 ) );
#9012 = DIRECTION( '', ( 0.000000000000000, 0.000000000000000, -1.00000000000000 ) );
#9013 = DIRECTION( '', ( -1.00000000000000, 0.000000000000000, 0.000000000000000 ) );
#9014 = DIRECTION( '', ( 0.000000000000000, 0.000000000000000, 1.00000000000000 ) );
#9015 = CARTESIAN_POINT( '', ( 10.1600000000000, 23.5000000000000, -6.15000000000000 ) );
#9016 = DIRECTION( '', ( 0.000000000000000, -1.00000000000000, 0.000000000000000 ) );
#9017 = DIRECTION( '', ( 1.00000000000000, 0.000000000000000, 0.000000000000000 ) );
#9018 = DIRECTION( '', ( 0.000000000000000, 0.000000000000000, 1.00000000000000 ) );
#9019 = DIRECTION( '', ( -1.00000000000000, 0.000000000000000, 0.000000000000000 ) );
#9020 = CARTESIAN_POINT( '', ( 4.88000000000000, 0.000000000000000, -3.64000000000000 ) );
#9021 = DIRECTION( '', ( 0.000000000000000, 1.00000000000000, 0.000000000000000 ) );
#9022 = DIRECTION( '', ( 0.000000000000000, 0.000000000000000, 1.00000000000000 ) );
#9023 = DIRECTION( '', ( 0.000000000000000, 1.00000000000000, 0.000000000000000 ) );
#9024 = CARTESIAN_POINT( '', ( 4.88000000000000, -5.41212161291820, -3.64000000000000 ) );
#9025 = DIRECTION( '', ( 0.000000000000000, 0.342020143325669, -0.939692620785908 ) );
#9026 = DIRECTION( '', ( 0.000000000000000, 0.939692620785908, 0.342020143325669 ) );
#9027 = DIRECTION( '', ( 0.000000000000000, 1.00000000000000, 0.000000000000000 ) );
#9028 = DIRECTION( '', ( 0.000000000000000, -1.00000000000000, 0.000000000000000 ) );
#9029 = DIRECTION( '', ( 1.00000000000000, 0.000000000000000, 0.000000000000000 ) );
#9030 = DIRECTION( '', ( 0.000000000000000, 1.00000000000000, 0.000000000000000 ) );
#9031 = DIRECTION( '', ( -1.00000000000000, 0.000000000000000, 0.000000000000000 ) );
#9032 = DIRECTION( '', ( 0.000000000000000, -1.00000000000000, 0.000000000000000 ) );
#9033 = DIRECTION( '', ( -1.00000000000000, 0.000000000000000, 0.000000000000000 ) );
#9034 = DIRECTION( '', ( 0.000000000000000, -1.00000000000000, 0.000000000000000 ) );
#9035 = DIRECTION( '', ( -1.00000000000000, 0.000000000000000, 0.000000000000000 ) );
#9036 = DIRECTION( '', ( 0.000000000000000, 0.000000000000000, -1.00000000000000 ) );
#9037 = DIRECTION( '', ( 1.00000000000000, 0.000000000000000, 0.000000000000000 ) );
#9038 = DIRECTION( '', ( 0.000000000000000, 0.000000000000000, 1.00000000000000 ) );
#9039 = DIRECTION( '', ( 1.00000000000000, 0.000000000000000, 0.000000000000000 ) );
#9040 = DIRECTION( '', ( 0.000000000000000, 0.000000000000000, -1.00000000000000 ) );
#9041 = DIRECTION( '', ( 0.000000000000000, -1.00000000000000, 0.000000000000000 ) );
#9042 = DIRECTION( '', ( 0.000000000000000, 0.000000000000000, -1.00000000000000 ) );
#9043 = DIRECTION( '', ( 0.000000000000000, 0.966977369095332, -0.254862252319700 ) );
#9044 = DIRECTION( '', ( 0.000000000000000, 0.000000000000000, -1.00000000000000 ) );
#9045 = DIRECTION( '', ( 0.000000000000000, -0.978790625252869, -0.204863154122693 ) );
#9046 = DIRECTION( '', ( 0.000000000000000, 0.000000000000000, 1.00000000000000 ) );
#9047 = DIRECTION( '', ( 0.000000000000000, -1.00000000000000, 0.000000000000000 ) );
#9048 = DIRECTION( '', ( 0.000000000000000, 0.000000000000000, -1.00000000000000 ) );
#9049 = DIRECTION( '', ( 0.000000000000000, -1.00000000000000, 0.000000000000000 ) );
#9050 = DIRECTION( '', ( 1.00000000000000, 0.000000000000000, 0.000000000000000 ) );
#9051 = DIRECTION( '', ( 0.000000000000000, 0.000000000000000, 1.00000000000000 ) );
#9052 = DIRECTION( '', ( 1.00000000000000, 0.000000000000000, 0.000000000000000 ) );
#9053 = DIRECTION( '', ( 0.000000000000000, 0.000000000000000, -1.00000000000000 ) );
#9054 = DIRECTION( '', ( 0.000000000000000, 1.00000000000000, 0.000000000000000 ) );
#9055 = CARTESIAN_POINT( '', ( 2.84217094304040E-014, 29.3000000000000, -6.15000000000000 ) );
#9056 = DIRECTION( '', ( 0.000000000000000, 1.00000000000000, 0.000000000000000 ) );
#9057 = DIRECTION( '', ( 0.000000000000000, 0.000000000000000, 1.00000000000000 ) );
#9058 = DIRECTION( '', ( 0.000000000000000, 1.00000000000000, 0.000000000000000 ) );
#9059 = CARTESIAN_POINT( '', ( 0.000000000000000, 26.8000000000012, -6.15000000000000 ) );
#9060 = DIRECTION( '', ( 0.000000000000000, 1.00000000000000, 0.000000000000000 ) );
#9061 = DIRECTION( '', ( 0.000000000000000, 0.000000000000000, 1.00000000000000 ) );
#9062 = DIRECTION( '', ( 0.000000000000000, 1.00000000000000, 0.000000000000000 ) );
#9063 = CARTESIAN_POINT( '', ( 0.000000000000000, 25.6000000000012, -6.15000000000000 ) );
#9064 = DIRECTION( '', ( 0.000000000000000, 1.00000000000000, 0.000000000000000 ) );
#9065 = DIRECTION( '', ( 0.000000000000000, 0.000000000000000, 1.00000000000000 ) );
#9066 = DIRECTION( '', ( 0.000000000000000, 1.00000000000000, 0.000000000000000 ) );
#9067 = CARTESIAN_POINT( '', ( 0.000000000000000, 26.8000000000012, -6.15000000000000 ) );
#9068 = DIRECTION( '', ( 0.000000000000000, 1.00000000000000, 0.000000000000000 ) );
#9069 = DIRECTION( '', ( 0.000000000000000, 0.000000000000000, 1.00000000000000 ) );
#9070 = DIRECTION( '', ( 8.32667268468867E-017, -0.939692620785908, -0.342020143325669 ) );
#9071 = CARTESIAN_POINT( '', ( 0.000000000000000, -4.40000000000000, -3.27161785944027 ) );
#9072 = DIRECTION( '', ( 0.000000000000000, 0.342020143325669, -0.939692620785908 ) );
#9073 = DIRECTION( '', ( 0.000000000000000, 0.939692620785908, 0.342020143325669 ) );
#9074 = CARTESIAN_POINT( '', ( 0.200000000000000, -5.41212161291820, -3.64000000000000 ) );
#9075 = DIRECTION( '', ( 0.000000000000000, 0.342020143325669, -0.939692620785908 ) );
#9076 = DIRECTION( '', ( 0.000000000000000, 0.939692620785908, 0.342020143325669 ) );
#9077 = DIRECTION( '', ( -1.00000000000000, 0.000000000000000, 0.000000000000000 ) );
#9078 = DIRECTION( '', ( 0.000000000000000, 0.000000000000000, -1.00000000000000 ) );
#9079 = DIRECTION( '', ( 0.000000000000000, 1.00000000000000, 0.000000000000000 ) );
#9080 = DIRECTION( '', ( 0.000000000000000, 0.000000000000000, -1.00000000000000 ) );
#9081 = DIRECTION( '', ( 0.000000000000000, -1.00000000000000, 0.000000000000000 ) );
#9082 = DIRECTION( '', ( 0.000000000000000, 0.939692620785908, 0.342020143325669 ) );
#9083 = CARTESIAN_POINT( '', ( 0.000000000000000, -4.40000000000000, -13.4316178594403 ) );
#9084 = DIRECTION( '', ( 0.000000000000000, 0.342020143325669, -0.939692620785908 ) );
#9085 = DIRECTION( '', ( 0.000000000000000, -0.939692620785908, -0.342020143325669 ) );
#9086 = CARTESIAN_POINT( '', ( 0.200000000000000, -5.41212161291820, -13.8000000000000 ) );
#9087 = DIRECTION( '', ( 0.000000000000000, 0.342020143325669, -0.939692620785908 ) );
#9088 = DIRECTION( '', ( 0.000000000000000, -0.939692620785908, -0.342020143325669 ) );
#9089 = DIRECTION( '', ( -1.00000000000000, 0.000000000000000, 0.000000000000000 ) );
#9090 = DIRECTION( '', ( 0.000000000000000, 1.00000000000000, 0.000000000000000 ) );
#9091 = DIRECTION( '', ( 1.00000000000000, 0.000000000000000, 0.000000000000000 ) );
#9092 = DIRECTION( '', ( -0.438371146789078, 0.898794046299167, 0.000000000000000 ) );
#9093 = DIRECTION( '', ( -1.00000000000000, 0.000000000000000, 0.000000000000000 ) );
#9094 = DIRECTION( '', ( 0.000000000000000, -1.00000000000000, 0.000000000000000 ) );
#9095 = DIRECTION( '', ( 0.000000000000000, 1.00000000000000, 0.000000000000000 ) );
#9096 = DIRECTION( '', ( -1.00000000000000, 0.000000000000000, 0.000000000000000 ) );
#9097 = DIRECTION( '', ( 0.000000000000000, 1.00000000000000, 0.000000000000000 ) );
#9098 = CARTESIAN_POINT( '', ( 9.96000000000000, -5.41212161291820, -14.2000000000000 ) );
#9099 = DIRECTION( '', ( 0.000000000000000, 0.342020143325669, 0.939692620785908 ) );
#9100 = DIRECTION( '', ( 0.000000000000000, 0.939692620785908, -0.342020143325669 ) );
#9101 = DIRECTION( '', ( 0.000000000000000, 1.00000000000000, 0.000000000000000 ) );
#9102 = CARTESIAN_POINT( '', ( 9.96000000000000, 0.000000000000000, -14.2000000000000 ) );
#9103 = DIRECTION( '', ( 0.000000000000000, 1.00000000000000, 0.000000000000000 ) );
#9104 = DIRECTION( '', ( 0.000000000000000, 0.000000000000000, 1.00000000000000 ) );
#9105 = DIRECTION( '', ( 0.000000000000000, 1.00000000000000, 0.000000000000000 ) );
#9106 = DIRECTION( '', ( 1.00000000000000, 0.000000000000000, 0.000000000000000 ) );
#9107 = DIRECTION( '', ( -1.20024110770287E-016, 1.00000000000000, 0.000000000000000 ) );
#9108 = DIRECTION( '', ( -1.00000000000000, 0.000000000000000, 0.000000000000000 ) );
#9109 = DIRECTION( '', ( 0.000000000000000, 0.000000000000000, 1.00000000000000 ) );
#9110 = CARTESIAN_POINT( '', ( 5.08000000000000, 29.3000000000000, -6.15000000000000 ) );
#9111 = DIRECTION( '', ( 0.000000000000000, 1.00000000000000, 0.000000000000000 ) );
#9112 = DIRECTION( '', ( 0.000000000000000, 0.000000000000000, 1.00000000000000 ) );
#9113 = DIRECTION( '', ( 0.000000000000000, 0.000000000000000, 1.00000000000000 ) );
#9114 = DIRECTION( '', ( -1.00000000000000, 0.000000000000000, 0.000000000000000 ) );
#9115 = DIRECTION( '', ( -1.00000000000000, 0.000000000000000, 0.000000000000000 ) );
#9116 = DIRECTION( '', ( 1.00000000000000, 0.000000000000000, 0.000000000000000 ) );
#9117 = DIRECTION( '', ( 0.000000000000000, 0.000000000000000, 1.00000000000000 ) );
#9118 = CARTESIAN_POINT( '', ( 10.1600000000000, -4.40000000000000, -3.27161785944027 ) );
#9119 = DIRECTION( '', ( 0.000000000000000, 0.342020143325669, -0.939692620785908 ) );
#9120 = DIRECTION( '', ( 0.000000000000000, 0.939692620785908, 0.342020143325669 ) );
#9121 = DIRECTION( '', ( 8.32667268468867E-017, -0.939692620785908, -0.342020143325669 ) );
#9122 = DIRECTION( '', ( -1.00000000000000, 0.000000000000000, 0.000000000000000 ) );
#9123 = CARTESIAN_POINT( '', ( 9.96000000000000, -5.41212161291820, -3.64000000000000 ) );
#9124 = DIRECTION( '', ( 0.000000000000000, 0.342020143325669, -0.939692620785908 ) );
#9125 = DIRECTION( '', ( 0.000000000000000, 0.939692620785908, 0.342020143325669 ) );
#9126 = DIRECTION( '', ( -1.00000000000000, 0.000000000000000, 0.000000000000000 ) );
#9127 = DIRECTION( '', ( 0.000000000000000, 1.00000000000000, 0.000000000000000 ) );
#9128 = DIRECTION( '', ( 1.00000000000000, 0.000000000000000, 0.000000000000000 ) );
#9129 = DIRECTION( '', ( 0.000000000000000, 0.000000000000000, -1.00000000000000 ) );
#9130 = DIRECTION( '', ( -1.00000000000000, 0.000000000000000, 0.000000000000000 ) );
#9131 = CARTESIAN_POINT( '', ( 0.000000000000000, 25.6000000000012, -6.15000000000000 ) );
#9132 = DIRECTION( '', ( 0.000000000000000, 1.00000000000000, 0.000000000000000 ) );
#9133 = DIRECTION( '', ( 0.000000000000000, 0.000000000000000, 1.00000000000000 ) );
#9134 = DIRECTION( '', ( 1.00000000000000, 0.000000000000000, 0.000000000000000 ) );
#9135 = DIRECTION( '', ( 0.000000000000000, 1.00000000000000, 0.000000000000000 ) );
#9136 = DIRECTION( '', ( 1.00000000000000, 0.000000000000000, 0.000000000000000 ) );
#9137 = DIRECTION( '', ( 0.000000000000000, -1.00000000000000, 0.000000000000000 ) );
#9138 = DIRECTION( '', ( -1.00000000000000, 0.000000000000000, 0.000000000000000 ) );
#9139 = DIRECTION( '', ( 0.000000000000000, 0.000000000000000, 1.00000000000000 ) );
#9140 = DIRECTION( '', ( 1.00000000000000, 0.000000000000000, 0.000000000000000 ) );
#9141 = DIRECTION( '', ( 0.000000000000000, 0.000000000000000, 1.00000000000000 ) );
#9142 = DIRECTION( '', ( 1.00000000000000, 0.000000000000000, 0.000000000000000 ) );
#9143 = DIRECTION( '', ( 0.000000000000000, -1.00000000000000, 0.000000000000000 ) );
#9144 = DIRECTION( '', ( 1.00000000000000, 0.000000000000000, 0.000000000000000 ) );
#9145 = DIRECTION( '', ( 0.000000000000000, -1.00000000000000, 0.000000000000000 ) );
#9146 = DIRECTION( '', ( -1.00000000000000, 0.000000000000000, 0.000000000000000 ) );
#9147 = DIRECTION( '', ( 0.000000000000000, 0.000000000000000, -1.00000000000000 ) );
#9148 = DIRECTION( '', ( 0.438371146789078, 0.898794046299167, 0.000000000000000 ) );
#9149 = DIRECTION( '', ( 0.438371146789078, 0.898794046299167, 0.000000000000000 ) );
#9150 = DIRECTION( '', ( 1.00000000000000, 0.000000000000000, 0.000000000000000 ) );
#9151 = DIRECTION( '', ( 0.000000000000000, 0.000000000000000, -1.00000000000000 ) );
#9152 = DIRECTION( '', ( -1.00000000000000, 0.000000000000000, 0.000000000000000 ) );
#9153 = DIRECTION( '', ( 0.000000000000000, 0.000000000000000, -1.00000000000000 ) );
#9154 = DIRECTION( '', ( 0.000000000000000, 1.00000000000000, 0.000000000000000 ) );
#9155 = DIRECTION( '', ( 0.000000000000000, 0.000000000000000, 1.00000000000000 ) );
#9156 = DIRECTION( '', ( 0.000000000000000, 0.898794046299167, 0.438371146789078 ) );
#9157 = DIRECTION( '', ( 0.000000000000000, 0.000000000000000, 1.00000000000000 ) );
#9158 = DIRECTION( '', ( 0.000000000000000, 0.707106781186547, -0.707106781186548 ) );
#9159 = DIRECTION( '', ( 0.443712606279658, -0.633687274224642, 0.633687274224642 ) );
#9160 = DIRECTION( '', ( -1.11022302462516E-016, 0.707106781186547, -0.707106781186548 ) );
#9161 = DIRECTION( '', ( 1.00000000000000, 0.000000000000000, 0.000000000000000 ) );
#9162 = DIRECTION( '', ( 0.000000000000000, -1.00000000000000, 0.000000000000000 ) );
#9163 = DIRECTION( '', ( -1.00000000000000, 0.000000000000000, 0.000000000000000 ) );
#9164 = DIRECTION( '', ( 0.000000000000000, 1.00000000000000, 0.000000000000000 ) );
#9165 = DIRECTION( '', ( -1.00000000000000, 0.000000000000000, 0.000000000000000 ) );
#9166 = DIRECTION( '', ( 0.000000000000000, -1.00000000000000, 0.000000000000000 ) );
#9167 = DIRECTION( '', ( 1.00000000000000, 0.000000000000000, 0.000000000000000 ) );
#9168 = DIRECTION( '', ( 1.00000000000000, 0.000000000000000, 0.000000000000000 ) );
#9169 = DIRECTION( '', ( 0.000000000000000, -1.00000000000000, 0.000000000000000 ) );
#9170 = DIRECTION( '', ( -1.00000000000000, 0.000000000000000, 0.000000000000000 ) );
#9171 = DIRECTION( '', ( 0.000000000000000, 0.000000000000000, -1.00000000000000 ) );
#9172 = DIRECTION( '', ( 0.000000000000000, 1.00000000000000, 0.000000000000000 ) );
#9173 = DIRECTION( '', ( 0.000000000000000, 0.000000000000000, -1.00000000000000 ) );
#9174 = DIRECTION( '', ( 0.000000000000000, 1.00000000000000, 0.000000000000000 ) );
#9175 = DIRECTION( '', ( 0.000000000000000, 0.000000000000000, 1.00000000000000 ) );
#9176 = DIRECTION( '', ( 0.000000000000000, 0.000000000000000, 1.00000000000000 ) );
#9177 = DIRECTION( '', ( 0.000000000000000, -1.00000000000000, 0.000000000000000 ) );
#9178 = DIRECTION( '', ( 0.000000000000000, 0.000000000000000, 1.00000000000000 ) );
#9179 = DIRECTION( '', ( 1.00000000000000, 0.000000000000000, 0.000000000000000 ) );
#9180 = DIRECTION( '', ( 0.000000000000000, 0.000000000000000, 1.00000000000000 ) );
#9181 = DIRECTION( '', ( 1.00000000000000, 0.000000000000000, 0.000000000000000 ) );
#9182 = CARTESIAN_POINT( '', ( 5.08000000000000, 26.8000000000012, -6.15000000000000 ) );
#9183 = DIRECTION( '', ( 0.000000000000000, 1.00000000000000, 0.000000000000000 ) );
#9184 = DIRECTION( '', ( 0.000000000000000, 0.000000000000000, 1.00000000000000 ) );
#9185 = DIRECTION( '', ( 0.000000000000000, 0.000000000000000, 1.00000000000000 ) );
#9186 = DIRECTION( '', ( 0.000000000000000, 0.000000000000000, -1.00000000000000 ) );
#9187 = DIRECTION( '', ( -0.438371146789078, 0.898794046299167, 0.000000000000000 ) );
#9188 = DIRECTION( '', ( 0.000000000000000, 0.000000000000000, 1.00000000000000 ) );
#9189 = DIRECTION( '', ( -1.00000000000000, 0.000000000000000, 0.000000000000000 ) );
#9190 = DIRECTION( '', ( 0.000000000000000, 0.000000000000000, -1.00000000000000 ) );
#9191 = DIRECTION( '', ( -1.00000000000000, 0.000000000000000, 0.000000000000000 ) );
#9192 = CARTESIAN_POINT( '', ( 0.000000000000000, 23.3000000000000, -10.6000000000000 ) );
#9193 = DIRECTION( '', ( -1.00000000000000, 0.000000000000000, 0.000000000000000 ) );
#9194 = DIRECTION( '', ( 0.000000000000000, 0.000000000000000, 1.00000000000000 ) );
#9195 = DIRECTION( '', ( -1.00000000000000, 0.000000000000000, 0.000000000000000 ) );
#9196 = CARTESIAN_POINT( '', ( 3.88000000000000, 23.3000000000000, -10.6000000000000 ) );
#9197 = DIRECTION( '', ( -0.707106781186548, 0.000000000000000, -0.707106781186548 ) );
#9198 = DIRECTION( '', ( -0.707106781186548, 0.000000000000000, 0.707106781186548 ) );
#9199 = DIRECTION( '', ( -1.00000000000000, 0.000000000000000, 0.000000000000000 ) );
#9200 = DIRECTION( '', ( 0.000000000000000, 0.000000000000000, 1.00000000000000 ) );
#9201 = DIRECTION( '', ( 0.000000000000000, 0.000000000000000, 1.00000000000000 ) );
#9202 = CARTESIAN_POINT( '', ( 0.000000000000000, 23.3000000000000, -6.15000000000000 ) );
#9203 = DIRECTION( '', ( 0.000000000000000, -1.00000000000000, 0.000000000000000 ) );
#9204 = DIRECTION( '', ( 1.00000000000000, 0.000000000000000, 0.000000000000000 ) );
#9205 = DIRECTION( '', ( 0.000000000000000, 0.000000000000000, 1.00000000000000 ) );
#9206 = DIRECTION( '', ( 0.000000000000000, 0.000000000000000, 1.00000000000000 ) );
#9207 = CARTESIAN_POINT( '', ( 10.1600000000000, -4.40000000000000, -13.4316178594403 ) );
#9208 = DIRECTION( '', ( 0.000000000000000, 0.342020143325669, -0.939692620785908 ) );
#9209 = DIRECTION( '', ( 0.000000000000000, -0.939692620785908, -0.342020143325669 ) );
#9210 = DIRECTION( '', ( 0.000000000000000, 0.000000000000000, 1.00000000000000 ) );
#9211 = CARTESIAN_POINT( '', ( 10.1600000000000, -4.40000000000000, -14.5683821405597 ) );
#9212 = DIRECTION( '', ( 0.000000000000000, 0.342020143325669, 0.939692620785908 ) );
#9213 = DIRECTION( '', ( 0.000000000000000, 0.939692620785908, -0.342020143325669 ) );
#9214 = CARTESIAN_POINT( '', ( 0.200000000000000, 0.000000000000000, -4.04000000000000 ) );
#9215 = DIRECTION( '', ( 0.000000000000000, 1.00000000000000, 0.000000000000000 ) );
#9216 = DIRECTION( '', ( 0.000000000000000, 0.000000000000000, 1.00000000000000 ) );
#9217 = DIRECTION( '', ( 0.000000000000000, 1.00000000000000, 0.000000000000000 ) );
#9218 = CARTESIAN_POINT( '', ( 0.200000000000000, -5.41212161291820, -4.04000000000000 ) );
#9219 = DIRECTION( '', ( 0.000000000000000, 0.342020143325669, 0.939692620785908 ) );
#9220 = DIRECTION( '', ( 0.000000000000000, -0.939692620785908, 0.342020143325669 ) );
#9221 = DIRECTION( '', ( 0.000000000000000, 1.00000000000000, 0.000000000000000 ) );
#9222 = CARTESIAN_POINT( '', ( 6.28000000000000, 23.3000000000000, -1.70000000000000 ) );
#9223 = DIRECTION( '', ( -0.707106781186548, 0.000000000000000, -0.707106781186548 ) );
#9224 = DIRECTION( '', ( -0.707106781186548, 0.000000000000000, 0.707106781186548 ) );
#9225 = DIRECTION( '', ( 0.000000000000000, 0.000000000000000, -1.00000000000000 ) );
#9226 = CARTESIAN_POINT( '', ( 6.28000000000000, 23.3000000000000, -10.6000000000000 ) );
#9227 = DIRECTION( '', ( -0.707106781186548, 0.000000000000000, 0.707106781186548 ) );
#9228 = DIRECTION( '', ( -0.707106781186548, 0.000000000000000, -0.707106781186548 ) );
#9229 = DIRECTION( '', ( 0.000000000000000, 0.000000000000000, -1.00000000000000 ) );
#9230 = DIRECTION( '', ( -1.00000000000000, 0.000000000000000, 0.000000000000000 ) );
#9231 = DIRECTION( '', ( 0.000000000000000, 0.000000000000000, -1.00000000000000 ) );
#9232 = DIRECTION( '', ( 1.00000000000000, 0.000000000000000, 0.000000000000000 ) );
#9233 = DIRECTION( '', ( 0.000000000000000, 1.00000000000000, 0.000000000000000 ) );
#9234 = DIRECTION( '', ( 0.000000000000000, 0.000000000000000, 1.00000000000000 ) );
#9235 = DIRECTION( '', ( 0.000000000000000, 0.000000000000000, 1.00000000000000 ) );
#9236 = DIRECTION( '', ( 0.000000000000000, -1.00000000000000, 0.000000000000000 ) );
#9237 = DIRECTION( '', ( 0.000000000000000, 0.000000000000000, 1.00000000000000 ) );
#9238 = DIRECTION( '', ( 0.000000000000000, 0.000000000000000, 1.00000000000000 ) );
#9239 = DIRECTION( '', ( 0.000000000000000, 0.000000000000000, -1.00000000000000 ) );
#9240 = DIRECTION( '', ( 0.000000000000000, 0.000000000000000, 1.00000000000000 ) );
#9241 = CARTESIAN_POINT( '', ( 0.200000000000000, 0.000000000000000, -4.04000000000000 ) );
#9242 = DIRECTION( '', ( 0.000000000000000, 1.00000000000000, 0.000000000000000 ) );
#9243 = DIRECTION( '', ( 0.000000000000000, 0.000000000000000, 1.00000000000000 ) );
#9244 = DIRECTION( '', ( 0.000000000000000, 1.00000000000000, 0.000000000000000 ) );
#9245 = CARTESIAN_POINT( '', ( 0.200000000000000, -5.41212161291820, -4.04000000000000 ) );
#9246 = DIRECTION( '', ( 0.000000000000000, 0.342020143325669, 0.939692620785908 ) );
#9247 = DIRECTION( '', ( 0.000000000000000, -0.939692620785908, 0.342020143325669 ) );
#9248 = DIRECTION( '', ( 0.000000000000000, 1.00000000000000, 0.000000000000000 ) );
#9249 = DIRECTION( '', ( 0.000000000000000, 1.00000000000000, 0.000000000000000 ) );
#9250 = DIRECTION( '', ( 0.000000000000000, 0.000000000000000, 1.00000000000000 ) );
#9251 = DIRECTION( '', ( 0.000000000000000, 0.898794046299167, -0.438371146789078 ) );
#9252 = DIRECTION( '', ( 0.000000000000000, 0.000000000000000, 1.00000000000000 ) );
#9253 = DIRECTION( '', ( 0.000000000000000, 0.000000000000000, 1.00000000000000 ) );
#9254 = DIRECTION( '', ( 1.00000000000000, 0.000000000000000, 0.000000000000000 ) );
#9255 = DIRECTION( '', ( 0.000000000000000, -0.939692620785908, 0.342020143325669 ) );
#9256 = CARTESIAN_POINT( '', ( 5.08000000000000, -4.40000000000000, -4.40838214055972 ) );
#9257 = DIRECTION( '', ( 0.000000000000000, 0.342020143325669, 0.939692620785908 ) );
#9258 = DIRECTION( '', ( 0.000000000000000, -0.939692620785908, 0.342020143325669 ) );
#9259 = CARTESIAN_POINT( '', ( 4.88000000000000, -5.41212161291820, -4.04000000000000 ) );
#9260 = DIRECTION( '', ( 0.000000000000000, 0.342020143325669, 0.939692620785908 ) );
#9261 = DIRECTION( '', ( 0.000000000000000, -0.939692620785908, 0.342020143325669 ) );
#9262 = DIRECTION( '', ( 1.00000000000000, 0.000000000000000, 0.000000000000000 ) );
#9263 = DIRECTION( '', ( 0.000000000000000, 0.000000000000000, 1.00000000000000 ) );
#9264 = DIRECTION( '', ( 0.000000000000000, 0.000000000000000, 1.00000000000000 ) );
#9265 = CARTESIAN_POINT( '', ( 10.1600000000000, -4.40000000000000, -4.40838214055972 ) );
#9266 = DIRECTION( '', ( 0.000000000000000, 0.342020143325669, 0.939692620785908 ) );
#9267 = DIRECTION( '', ( 0.000000000000000, -0.939692620785908, 0.342020143325669 ) );
#9268 = DIRECTION( '', ( 1.00000000000000, 0.000000000000000, 0.000000000000000 ) );
#9269 = DIRECTION( '', ( 1.11022302462516E-016, -0.978790625252869, -0.204863154122693 ) );
#9270 = DIRECTION( '', ( -1.00000000000000, 0.000000000000000, 0.000000000000000 ) );
#9271 = DIRECTION( '', ( 0.000000000000000, 0.978790625252869, 0.204863154122693 ) );
#9272 = DIRECTION( '', ( 1.20024110770287E-016, -1.00000000000000, 0.000000000000000 ) );
#9273 = DIRECTION( '', ( -1.00000000000000, 0.000000000000000, 0.000000000000000 ) );
#9274 = DIRECTION( '', ( 1.00000000000000, 0.000000000000000, 0.000000000000000 ) );
#9275 = DIRECTION( '', ( -8.32667268468867E-017, 0.898794046299167, 0.438371146789078 ) );
#9276 = DIRECTION( '', ( 1.00000000000000, 0.000000000000000, 0.000000000000000 ) );
#9277 = DIRECTION( '', ( 0.000000000000000, 0.898794046299167, 0.438371146789078 ) );
#9278 = DIRECTION( '', ( 1.00000000000000, 0.000000000000000, 0.000000000000000 ) );
#9279 = DIRECTION( '', ( 0.000000000000000, 0.000000000000000, 1.00000000000000 ) );
#9280 = DIRECTION( '', ( -1.00000000000000, 0.000000000000000, 0.000000000000000 ) );
#9281 = DIRECTION( '', ( 0.000000000000000, 0.000000000000000, -1.00000000000000 ) );
#9282 = DIRECTION( '', ( 0.000000000000000, 1.00000000000000, 0.000000000000000 ) );
#9283 = DIRECTION( '', ( 1.00000000000000, 0.000000000000000, 0.000000000000000 ) );
#9284 = DIRECTION( '', ( 0.438371146789078, 0.898794046299167, 0.000000000000000 ) );
#9285 = DIRECTION( '', ( 1.00000000000000, 0.000000000000000, 0.000000000000000 ) );
#9286 = DIRECTION( '', ( 1.00000000000000, 0.000000000000000, 0.000000000000000 ) );
#9287 = DIRECTION( '', ( 1.00000000000000, 0.000000000000000, 0.000000000000000 ) );
#9288 = DIRECTION( '', ( -8.32667268468867E-017, 0.898794046299167, 0.438371146789078 ) );
#9289 = DIRECTION( '', ( 1.00000000000000, 0.000000000000000, 0.000000000000000 ) );
#9290 = DIRECTION( '', ( 0.000000000000000, -1.00000000000000, 0.000000000000000 ) );
#9291 = DIRECTION( '', ( -1.00000000000000, 0.000000000000000, 0.000000000000000 ) );
#9292 = DIRECTION( '', ( 1.20024110770287E-016, -1.00000000000000, 0.000000000000000 ) );
#9293 = DIRECTION( '', ( 1.00000000000000, 0.000000000000000, 0.000000000000000 ) );
#9294 = DIRECTION( '', ( 0.000000000000000, -1.00000000000000, 0.000000000000000 ) );
#9295 = CARTESIAN_POINT( '', ( 9.96000000000000, 0.000000000000000, -4.04000000000000 ) );
#9296 = DIRECTION( '', ( 0.000000000000000, -1.00000000000000, 0.000000000000000 ) );
#9297 = DIRECTION( '', ( 0.000000000000000, 0.000000000000000, -1.00000000000000 ) );
#9298 = DIRECTION( '', ( 0.000000000000000, -1.00000000000000, 0.000000000000000 ) );
#9299 = CARTESIAN_POINT( '', ( 9.96000000000000, -5.41212161291820, -4.04000000000000 ) );
#9300 = DIRECTION( '', ( 0.000000000000000, 0.342020143325669, 0.939692620785908 ) );
#9301 = DIRECTION( '', ( 0.000000000000000, -0.939692620785908, 0.342020143325669 ) );
#9302 = DIRECTION( '', ( 0.000000000000000, 0.000000000000000, -1.00000000000000 ) );
#9303 = DIRECTION( '', ( 0.000000000000000, 1.00000000000000, 0.000000000000000 ) );
#9304 = DIRECTION( '', ( 0.000000000000000, -1.00000000000000, 0.000000000000000 ) );
#9305 = DIRECTION( '', ( 1.00000000000000, 0.000000000000000, 0.000000000000000 ) );
#9306 = DIRECTION( '', ( 0.000000000000000, -1.00000000000000, 0.000000000000000 ) );
#9307 = DIRECTION( '', ( -1.00000000000000, 0.000000000000000, 0.000000000000000 ) );
#9308 = DIRECTION( '', ( 1.20024110770287E-016, -1.00000000000000, 0.000000000000000 ) );
#9309 = DIRECTION( '', ( 0.000000000000000, 1.00000000000000, 0.000000000000000 ) );
#9310 = DIRECTION( '', ( 0.000000000000000, -0.966977369095332, 0.254862252319700 ) );
#9311 = DIRECTION( '', ( 0.000000000000000, -0.766044443118978, -0.642787609686539 ) );
#9312 = DIRECTION( '', ( 0.000000000000000, 0.000000000000000, -1.00000000000000 ) );
#9313 = DIRECTION( '', ( 0.000000000000000, -1.00000000000000, 0.000000000000000 ) );
#9314 = DIRECTION( '', ( 0.000000000000000, 0.000000000000000, 1.00000000000000 ) );
#9315 = DIRECTION( '', ( 0.000000000000000, 0.000000000000000, -1.00000000000000 ) );
#9316 = DIRECTION( '', ( 0.000000000000000, 1.00000000000000, 0.000000000000000 ) );
#9317 = DIRECTION( '', ( 0.000000000000000, 0.000000000000000, 1.00000000000000 ) );
#9318 = DIRECTION( '', ( 0.000000000000000, 0.000000000000000, -1.00000000000000 ) );
#9319 = DIRECTION( '', ( 0.000000000000000, -1.00000000000000, 0.000000000000000 ) );
#9320 = DIRECTION( '', ( 0.000000000000000, 0.000000000000000, 1.00000000000000 ) );
#9321 = DIRECTION( '', ( 0.000000000000000, 0.000000000000000, 1.00000000000000 ) );
#9322 = DIRECTION( '', ( 0.000000000000000, 0.000000000000000, 1.00000000000000 ) );
#9323 = DIRECTION( '', ( 0.000000000000000, 1.00000000000000, 0.000000000000000 ) );
#9324 = DIRECTION( '', ( 0.000000000000000, 0.000000000000000, -1.00000000000000 ) );
#9325 = DIRECTION( '', ( 0.000000000000000, -1.00000000000000, 0.000000000000000 ) );
#9326 = DIRECTION( '', ( 0.000000000000000, 0.939692620785908, 0.342020143325669 ) );
#9327 = DIRECTION( '', ( 0.000000000000000, 0.000000000000000, 1.00000000000000 ) );
#9328 = DIRECTION( '', ( 0.000000000000000, 1.00000000000000, 0.000000000000000 ) );
#9329 = DIRECTION( '', ( 0.000000000000000, 0.000000000000000, -1.00000000000000 ) );
#9330 = DIRECTION( '', ( 0.000000000000000, 0.939692620785908, 0.342020143325669 ) );
#9331 = DIRECTION( '', ( 0.000000000000000, 0.000000000000000, 1.00000000000000 ) );
#9332 = DIRECTION( '', ( 0.000000000000000, -0.939692620785908, 0.342020143325669 ) );
#9333 = DIRECTION( '', ( 0.000000000000000, 0.000000000000000, -1.00000000000000 ) );
#9334 = DIRECTION( '', ( 0.000000000000000, 1.00000000000000, 0.000000000000000 ) );
#9335 = DIRECTION( '', ( 0.000000000000000, 0.000000000000000, 1.00000000000000 ) );
#9336 = DIRECTION( '', ( 0.000000000000000, 0.978790625252869, 0.204863154122693 ) );
#9337 = DIRECTION( '', ( 0.000000000000000, 1.00000000000000, 0.000000000000000 ) );
#9338 = DIRECTION( '', ( 0.000000000000000, 0.000000000000000, 1.00000000000000 ) );
#9339 = DIRECTION( '', ( 0.000000000000000, 0.898794046299167, -0.438371146789078 ) );
#9340 = DIRECTION( '', ( 0.000000000000000, 0.000000000000000, -1.00000000000000 ) );
#9341 = DIRECTION( '', ( 0.000000000000000, -0.898794046299167, -0.438371146789078 ) );
#9342 = DIRECTION( '', ( 0.000000000000000, 0.000000000000000, 1.00000000000000 ) );
#9343 = DIRECTION( '', ( 0.000000000000000, 0.898794046299167, -0.438371146789078 ) );
#9344 = DIRECTION( '', ( 0.000000000000000, 0.000000000000000, 1.00000000000000 ) );
#9345 = DIRECTION( '', ( -1.00000000000000, 0.000000000000000, 0.000000000000000 ) );
#9346 = DIRECTION( '', ( -1.00000000000000, 0.000000000000000, 0.000000000000000 ) );
#9347 = DIRECTION( '', ( 0.000000000000000, 0.000000000000000, 1.00000000000000 ) );
#9348 = DIRECTION( '', ( -1.00000000000000, 0.000000000000000, 0.000000000000000 ) );
#9349 = DIRECTION( '', ( 0.000000000000000, 0.000000000000000, 1.00000000000000 ) );
#9350 = DIRECTION( '', ( 1.00000000000000, 0.000000000000000, 0.000000000000000 ) );
#9351 = DIRECTION( '', ( 0.000000000000000, 0.000000000000000, 1.00000000000000 ) );
#9352 = DIRECTION( '', ( 1.00000000000000, 0.000000000000000, 0.000000000000000 ) );
#9353 = DIRECTION( '', ( 0.000000000000000, 0.000000000000000, -1.00000000000000 ) );
#9354 = DIRECTION( '', ( 1.00000000000000, 0.000000000000000, 0.000000000000000 ) );
#9355 = DIRECTION( '', ( 0.000000000000000, -1.00000000000000, 0.000000000000000 ) );
#9356 = DIRECTION( '', ( 0.000000000000000, 0.000000000000000, -1.00000000000000 ) );
#9357 = DIRECTION( '', ( 0.000000000000000, 1.00000000000000, 0.000000000000000 ) );
#9358 = DIRECTION( '', ( 1.00000000000000, 0.000000000000000, 0.000000000000000 ) );
#9359 = CARTESIAN_POINT( '', ( 0.200000000000000, 0.000000000000000, -13.8000000000000 ) );
#9360 = DIRECTION( '', ( 0.000000000000000, 1.00000000000000, 0.000000000000000 ) );
#9361 = DIRECTION( '', ( 0.000000000000000, 0.000000000000000, 1.00000000000000 ) );
#9362 = CARTESIAN_POINT( '', ( 0.200000000000000, 0.000000000000000, -14.2000000000000 ) );
#9363 = DIRECTION( '', ( 0.000000000000000, -1.00000000000000, 0.000000000000000 ) );
#9364 = DIRECTION( '', ( 0.000000000000000, 0.000000000000000, -1.00000000000000 ) );
#9365 = DIRECTION( '', ( 0.000000000000000, 0.000000000000000, 1.00000000000000 ) );
#9366 = DIRECTION( '', ( -1.00000000000000, 0.000000000000000, 0.000000000000000 ) );
#9367 = DIRECTION( '', ( 0.000000000000000, 0.000000000000000, -1.00000000000000 ) );
#9368 = DIRECTION( '', ( -1.00000000000000, 0.000000000000000, 0.000000000000000 ) );
#9369 = DIRECTION( '', ( 0.000000000000000, 0.000000000000000, 1.00000000000000 ) );
#9370 = DIRECTION( '', ( -1.00000000000000, 0.000000000000000, 0.000000000000000 ) );
#9371 = CARTESIAN_POINT( '', ( 0.200000000000000, 0.000000000000000, -3.64000000000000 ) );
#9372 = DIRECTION( '', ( 0.000000000000000, 1.00000000000000, 0.000000000000000 ) );
#9373 = DIRECTION( '', ( 0.000000000000000, 0.000000000000000, 1.00000000000000 ) );
#9374 = DIRECTION( '', ( 0.000000000000000, 0.000000000000000, -1.00000000000000 ) );
#9375 = DIRECTION( '', ( 1.00000000000000, 0.000000000000000, 0.000000000000000 ) );
#9376 = DIRECTION( '', ( 0.000000000000000, 0.000000000000000, 1.00000000000000 ) );
#9377 = CARTESIAN_POINT( '', ( 0.000000000000000, -4.40000000000000, -4.40838214055972 ) );
#9378 = DIRECTION( '', ( 0.000000000000000, 0.342020143325669, 0.939692620785908 ) );
#9379 = DIRECTION( '', ( 0.000000000000000, -0.939692620785908, 0.342020143325669 ) );
#9380 = DIRECTION( '', ( -8.32667268468867E-017, 0.939692620785908, -0.342020143325669 ) );
#9381 = DIRECTION( '', ( 1.00000000000000, 0.000000000000000, 0.000000000000000 ) );
#9382 = DIRECTION( '', ( 0.000000000000000, 0.000000000000000, -1.00000000000000 ) );
#9383 = DIRECTION( '', ( 1.00000000000000, 0.000000000000000, 0.000000000000000 ) );
#9384 = DIRECTION( '', ( 1.00000000000000, 0.000000000000000, 0.000000000000000 ) );
#9385 = DIRECTION( '', ( 1.00000000000000, 0.000000000000000, 0.000000000000000 ) );
#9386 = DIRECTION( '', ( -1.00000000000000, 0.000000000000000, 0.000000000000000 ) );
#9387 = DIRECTION( '', ( 8.32667268468867E-017, -0.898794046299167, 0.438371146789078 ) );
#9388 = DIRECTION( '', ( 0.000000000000000, 0.898794046299167, -0.438371146789078 ) );
#9389 = DIRECTION( '', ( -1.00000000000000, 0.000000000000000, 0.000000000000000 ) );
#9390 = DIRECTION( '', ( 1.00000000000000, 0.000000000000000, 0.000000000000000 ) );
#9391 = DIRECTION( '', ( 1.00000000000000, 0.000000000000000, 0.000000000000000 ) );
#9392 = DIRECTION( '', ( 0.000000000000000, 0.000000000000000, 1.00000000000000 ) );
#9393 = DIRECTION( '', ( 1.00000000000000, 0.000000000000000, 0.000000000000000 ) );
#9394 = DIRECTION( '', ( 1.20024110770287E-016, -1.00000000000000, 0.000000000000000 ) );
#9395 = DIRECTION( '', ( 1.00000000000000, 0.000000000000000, 0.000000000000000 ) );
#9396 = DIRECTION( '', ( 1.00000000000000, 0.000000000000000, 0.000000000000000 ) );
#9397 = DIRECTION( '', ( 0.000000000000000, 0.000000000000000, 1.00000000000000 ) );
#9398 = DIRECTION( '', ( 0.000000000000000, -1.00000000000000, 0.000000000000000 ) );
#9399 = DIRECTION( '', ( 0.000000000000000, 1.00000000000000, 0.000000000000000 ) );
#9400 = DIRECTION( '', ( 0.000000000000000, 0.000000000000000, 1.00000000000000 ) );
#9401 = CARTESIAN_POINT( '', ( 5.08000000000000, -4.40000000000000, -3.27161785944027 ) );
#9402 = DIRECTION( '', ( 0.000000000000000, 0.342020143325669, -0.939692620785908 ) );
#9403 = DIRECTION( '', ( 0.000000000000000, 0.939692620785908, 0.342020143325669 ) );
#9404 = DIRECTION( '', ( -1.00000000000000, 0.000000000000000, 0.000000000000000 ) );
#9405 = DIRECTION( '', ( 8.32667268468867E-017, -0.939692620785908, -0.342020143325669 ) );
#9406 = CARTESIAN_POINT( '', ( 0.000000000000000, -4.40000000000000, -13.4316178594403 ) );
#9407 = DIRECTION( '', ( 0.000000000000000, 0.342020143325669, -0.939692620785908 ) );
#9408 = DIRECTION( '', ( 0.000000000000000, -0.939692620785908, -0.342020143325669 ) );
#9409 = CARTESIAN_POINT( '', ( 0.200000000000000, -5.41212161291820, -13.8000000000000 ) );
#9410 = DIRECTION( '', ( 0.000000000000000, 0.342020143325669, -0.939692620785908 ) );
#9411 = DIRECTION( '', ( 0.000000000000000, -0.939692620785908, -0.342020143325669 ) );
#9412 = DIRECTION( '', ( -1.00000000000000, 0.000000000000000, 0.000000000000000 ) );
#9413 = DIRECTION( '', ( 0.000000000000000, 0.000000000000000, 1.00000000000000 ) );
#9414 = DIRECTION( '', ( 0.000000000000000, 0.000000000000000, 1.00000000000000 ) );
#9415 = DIRECTION( '', ( -1.00000000000000, 0.000000000000000, 0.000000000000000 ) );
#9416 = DIRECTION( '', ( 0.000000000000000, 0.000000000000000, -1.00000000000000 ) );
#9417 = DIRECTION( '', ( 1.00000000000000, 0.000000000000000, 0.000000000000000 ) );
#9418 = DIRECTION( '', ( 0.000000000000000, -1.00000000000000, 0.000000000000000 ) );
#9419 = DIRECTION( '', ( 1.00000000000000, 0.000000000000000, 0.000000000000000 ) );
#9420 = DIRECTION( '', ( -8.32667268468867E-017, 0.766044443118978, 0.642787609686539 ) );
#9421 = DIRECTION( '', ( -0.410428929490727, -0.698550250509696, -0.586153257561482 ) );
#9422 = DIRECTION( '', ( 0.000000000000000, 0.766044443118978, 0.642787609686539 ) );
#9423 = DIRECTION( '', ( 1.00000000000000, 0.000000000000000, 0.000000000000000 ) );
#9424 = DIRECTION( '', ( 0.000000000000000, 0.000000000000000, -1.00000000000000 ) );
#9425 = DIRECTION( '', ( -1.00000000000000, 0.000000000000000, 0.000000000000000 ) );
#9426 = DIRECTION( '', ( 0.000000000000000, 0.000000000000000, 1.00000000000000 ) );
#9427 = DIRECTION( '', ( 1.00000000000000, 0.000000000000000, 0.000000000000000 ) );
#9428 = CARTESIAN_POINT( '', ( 0.000000000000000, 26.8000000000012, -6.15000000000000 ) );
#9429 = DIRECTION( '', ( 0.000000000000000, 1.00000000000000, 0.000000000000000 ) );
#9430 = DIRECTION( '', ( 0.000000000000000, 0.000000000000000, 1.00000000000000 ) );
#9431 = DIRECTION( '', ( 0.000000000000000, 1.00000000000000, 0.000000000000000 ) );
#9432 = DIRECTION( '', ( 0.000000000000000, 0.000000000000000, -1.00000000000000 ) );
#9433 = DIRECTION( '', ( 1.00000000000000, 0.000000000000000, 0.000000000000000 ) );
#9434 = DIRECTION( '', ( -1.00000000000000, 0.000000000000000, 0.000000000000000 ) );
#9435 = DIRECTION( '', ( -1.00000000000000, 0.000000000000000, 0.000000000000000 ) );
#9436 = DIRECTION( '', ( 0.000000000000000, -1.00000000000000, 0.000000000000000 ) );
#9437 = DIRECTION( '', ( 0.000000000000000, -1.00000000000000, 0.000000000000000 ) );
#9438 = CARTESIAN_POINT( '', ( 10.1600000000000, 23.3000000000000, -6.15000000000000 ) );
#9439 = DIRECTION( '', ( 0.000000000000000, -1.00000000000000, 0.000000000000000 ) );
#9440 = DIRECTION( '', ( 1.00000000000000, 0.000000000000000, 0.000000000000000 ) );
#9441 = DIRECTION( '', ( 1.20024110770287E-016, -1.00000000000000, 0.000000000000000 ) );
#9442 = DIRECTION( '', ( 1.00000000000000, 0.000000000000000, 0.000000000000000 ) );
#9443 = DIRECTION( '', ( 0.000000000000000, 1.00000000000000, 0.000000000000000 ) );
#9444 = DIRECTION( '', ( 0.000000000000000, 0.898794046299167, 0.438371146789078 ) );
#9445 = DIRECTION( '', ( 0.000000000000000, 0.000000000000000, 1.00000000000000 ) );
#9446 = DIRECTION( '', ( -1.00000000000000, 0.000000000000000, 0.000000000000000 ) );
#9447 = DIRECTION( '', ( 0.000000000000000, 0.000000000000000, 1.00000000000000 ) );
#9448 = DIRECTION( '', ( 0.000000000000000, 0.000000000000000, -1.00000000000000 ) );
#9449 = DIRECTION( '', ( 0.000000000000000, -0.966977369095332, 0.254862252319700 ) );
#9450 = DIRECTION( '', ( 1.00000000000000, 0.000000000000000, 0.000000000000000 ) );
#9451 = DIRECTION( '', ( -1.11022302462516E-016, 0.966977369095332, -0.254862252319700 ) );
#9452 = DIRECTION( '', ( -1.00000000000000, 0.000000000000000, 0.000000000000000 ) );
#9453 = DIRECTION( '', ( 0.443712606279658, -0.633687274224642, 0.633687274224642 ) );
#9454 = DIRECTION( '', ( 0.000000000000000, -1.00000000000000, 0.000000000000000 ) );
#9455 = DIRECTION( '', ( -0.410428929490727, -0.698550250509696, -0.586153257561482 ) );
#9456 = DIRECTION( '', ( 0.000000000000000, 1.00000000000000, 0.000000000000000 ) );
#9457 = DIRECTION( '', ( -1.00000000000000, 0.000000000000000, 0.000000000000000 ) );
#9458 = DIRECTION( '', ( 0.000000000000000, 0.000000000000000, -1.00000000000000 ) );
#9459 = DIRECTION( '', ( 1.00000000000000, 0.000000000000000, 0.000000000000000 ) );
#9460 = DIRECTION( '', ( 0.000000000000000, 1.00000000000000, 0.000000000000000 ) );
#9461 = DIRECTION( '', ( -1.00000000000000, 0.000000000000000, 0.000000000000000 ) );
#9462 = DIRECTION( '', ( 0.000000000000000, 1.00000000000000, 0.000000000000000 ) );
#9463 = DIRECTION( '', ( 8.32667268468867E-017, -0.939692620785908, -0.342020143325669 ) );
#9464 = CARTESIAN_POINT( '', ( 9.96000000000000, -5.41212161291820, -13.8000000000000 ) );
#9465 = DIRECTION( '', ( 0.000000000000000, 0.342020143325669, -0.939692620785908 ) );
#9466 = DIRECTION( '', ( 0.000000000000000, -0.939692620785908, -0.342020143325669 ) );
#9467 = DIRECTION( '', ( -1.00000000000000, 0.000000000000000, 0.000000000000000 ) );
#9468 = DIRECTION( '', ( 0.000000000000000, 0.000000000000000, 1.00000000000000 ) );
#9469 = DIRECTION( '', ( -1.00000000000000, 0.000000000000000, 0.000000000000000 ) );
#9470 = DIRECTION( '', ( 0.000000000000000, 0.000000000000000, -1.00000000000000 ) );
#9471 = DIRECTION( '', ( -1.20024110770287E-016, 1.00000000000000, 0.000000000000000 ) );
#9472 = DIRECTION( '', ( 0.000000000000000, -1.00000000000000, 0.000000000000000 ) );
#9473 = DIRECTION( '', ( 1.00000000000000, 0.000000000000000, 0.000000000000000 ) );
#9474 = DIRECTION( '', ( 0.000000000000000, 0.000000000000000, 1.00000000000000 ) );
#9475 = DIRECTION( '', ( 0.000000000000000, 1.00000000000000, 0.000000000000000 ) );
#9476 = DIRECTION( '', ( 0.000000000000000, 0.000000000000000, 1.00000000000000 ) );
#9477 = DIRECTION( '', ( 0.000000000000000, -1.00000000000000, 0.000000000000000 ) );
#9478 = DIRECTION( '', ( 0.000000000000000, -1.00000000000000, 0.000000000000000 ) );
#9479 = DIRECTION( '', ( 1.00000000000000, 0.000000000000000, 0.000000000000000 ) );
#9480 = DIRECTION( '', ( 0.000000000000000, 1.00000000000000, 0.000000000000000 ) );
#9481 = DIRECTION( '', ( 0.000000000000000, 0.000000000000000, 1.00000000000000 ) );
#9482 = DIRECTION( '', ( 0.000000000000000, 0.898794046299167, 0.438371146789078 ) );
#9483 = DIRECTION( '', ( 0.000000000000000, 0.000000000000000, 1.00000000000000 ) );
#9484 = DIRECTION( '', ( 1.00000000000000, 0.000000000000000, 0.000000000000000 ) );
#9485 = DIRECTION( '', ( 1.20024110770287E-016, -1.00000000000000, 0.000000000000000 ) );
#9486 = DIRECTION( '', ( -1.00000000000000, 0.000000000000000, 0.000000000000000 ) );
#9487 = DIRECTION( '', ( -1.00000000000000, 0.000000000000000, 0.000000000000000 ) );
#9488 = DIRECTION( '', ( 0.000000000000000, -1.00000000000000, 0.000000000000000 ) );
#9489 = DIRECTION( '', ( 0.000000000000000, 0.000000000000000, 1.00000000000000 ) );
#9490 = DIRECTION( '', ( 0.000000000000000, -1.00000000000000, 0.000000000000000 ) );
#9491 = DIRECTION( '', ( 0.000000000000000, 0.000000000000000, 1.00000000000000 ) );
#9492 = DIRECTION( '', ( -1.20024110770287E-016, 1.00000000000000, 0.000000000000000 ) );
#9493 = DIRECTION( '', ( 0.000000000000000, 0.000000000000000, 1.00000000000000 ) );
#9494 = DIRECTION( '', ( -1.20024110770287E-016, 1.00000000000000, 0.000000000000000 ) );
#9495 = DIRECTION( '', ( -1.20024110770287E-016, 1.00000000000000, 0.000000000000000 ) );
#9496 = DIRECTION( '', ( 0.000000000000000, 0.000000000000000, -1.00000000000000 ) );
#9497 = DIRECTION( '', ( 0.000000000000000, 0.000000000000000, -1.00000000000000 ) );
#9498 = DIRECTION( '', ( 0.000000000000000, 1.00000000000000, 0.000000000000000 ) );
#9499 = DIRECTION( '', ( 0.000000000000000, 0.000000000000000, -1.00000000000000 ) );
#9500 = DIRECTION( '', ( 0.000000000000000, 0.000000000000000, 1.00000000000000 ) );
#9501 = DIRECTION( '', ( 8.32667268468867E-017, -0.898794046299167, 0.438371146789078 ) );
#9502 = DIRECTION( '', ( 0.000000000000000, 1.00000000000000, 0.000000000000000 ) );
#9503 = DIRECTION( '', ( 0.000000000000000, 0.000000000000000, -1.00000000000000 ) );
#9504 = DIRECTION( '', ( -8.32667268468867E-017, 0.939692620785908, -0.342020143325669 ) );
#9505 = DIRECTION( '', ( 0.000000000000000, 0.000000000000000, 1.00000000000000 ) );
#9506 = DIRECTION( '', ( 1.20024110770287E-016, -1.00000000000000, 0.000000000000000 ) );
#9507 = DIRECTION( '', ( 1.20024110770287E-016, -1.00000000000000, 0.000000000000000 ) );
#9508 = DIRECTION( '', ( -1.20024110770287E-016, 1.00000000000000, 0.000000000000000 ) );
#9509 = DIRECTION( '', ( 1.20024110770287E-016, -1.00000000000000, 0.000000000000000 ) );
#9510 = DIRECTION( '', ( 0.000000000000000, 0.000000000000000, -1.00000000000000 ) );
#9511 = DIRECTION( '', ( 0.000000000000000, 0.000000000000000, -1.00000000000000 ) );
#9512 = DIRECTION( '', ( 0.000000000000000, 0.000000000000000, 1.00000000000000 ) );
#9513 = DIRECTION( '', ( -1.00000000000000, 0.000000000000000, 0.000000000000000 ) );
#9514 = DIRECTION( '', ( 0.000000000000000, 0.000000000000000, -1.00000000000000 ) );
#9515 = DIRECTION( '', ( 1.00000000000000, 0.000000000000000, 0.000000000000000 ) );
#9516 = DIRECTION( '', ( 0.000000000000000, 0.000000000000000, 1.00000000000000 ) );
#9517 = CARTESIAN_POINT( '', ( 0.000000000000000, -4.40000000000000, -14.5683821405597 ) );
#9518 = DIRECTION( '', ( 0.000000000000000, 0.342020143325669, 0.939692620785908 ) );
#9519 = DIRECTION( '', ( 0.000000000000000, 0.939692620785908, -0.342020143325669 ) );
#9520 = DIRECTION( '', ( 0.000000000000000, -0.939692620785908, 0.342020143325669 ) );
#9521 = DIRECTION( '', ( 0.000000000000000, 0.000000000000000, 1.00000000000000 ) );
#9522 = DIRECTION( '', ( 1.00000000000000, 0.000000000000000, 0.000000000000000 ) );
#9523 = DIRECTION( '', ( 0.000000000000000, 0.000000000000000, -1.00000000000000 ) );
#9524 = DIRECTION( '', ( 0.000000000000000, 0.000000000000000, 1.00000000000000 ) );
#9525 = DIRECTION( '', ( 0.000000000000000, 0.978790625252869, 0.204863154122693 ) );
#9526 = DIRECTION( '', ( -1.00000000000000, 0.000000000000000, 0.000000000000000 ) );
#9527 = DIRECTION( '', ( 1.11022302462516E-016, -0.978790625252869, -0.204863154122693 ) );
#9528 = DIRECTION( '', ( 1.00000000000000, 0.000000000000000, 0.000000000000000 ) );
#9529 = DIRECTION( '', ( -1.20024110770287E-016, 1.00000000000000, 0.000000000000000 ) );
#9530 = DIRECTION( '', ( -1.00000000000000, 0.000000000000000, 0.000000000000000 ) );
#9531 = DIRECTION( '', ( 0.000000000000000, 1.00000000000000, 0.000000000000000 ) );
#9532 = DIRECTION( '', ( 0.000000000000000, 0.000000000000000, -1.00000000000000 ) );
#9533 = DIRECTION( '', ( -1.00000000000000, 0.000000000000000, 0.000000000000000 ) );
#9534 = DIRECTION( '', ( 0.000000000000000, 0.000000000000000, 1.00000000000000 ) );
#9535 = DIRECTION( '', ( 0.000000000000000, 0.000000000000000, -1.00000000000000 ) );
#9536 = DIRECTION( '', ( 0.000000000000000, 1.00000000000000, 0.000000000000000 ) );
#9537 = DIRECTION( '', ( 0.000000000000000, 0.000000000000000, 1.00000000000000 ) );
#9538 = DIRECTION( '', ( -1.00000000000000, 0.000000000000000, 0.000000000000000 ) );
#9539 = DIRECTION( '', ( -1.11022302462516E-016, 0.707106781186547, -0.707106781186548 ) );
#9540 = DIRECTION( '', ( 1.00000000000000, 0.000000000000000, 0.000000000000000 ) );
#9541 = DIRECTION( '', ( 0.000000000000000, 0.707106781186547, -0.707106781186548 ) );
#9542 = DIRECTION( '', ( 0.000000000000000, 0.000000000000000, -1.00000000000000 ) );
#9543 = DIRECTION( '', ( 0.000000000000000, 0.000000000000000, 1.00000000000000 ) );
#9544 = DIRECTION( '', ( 0.000000000000000, 0.000000000000000, 1.00000000000000 ) );
#9545 = DIRECTION( '', ( 1.00000000000000, 0.000000000000000, 0.000000000000000 ) );
#9546 = DIRECTION( '', ( 1.00000000000000, 0.000000000000000, 0.000000000000000 ) );
#9547 = DIRECTION( '', ( 0.000000000000000, 1.00000000000000, 0.000000000000000 ) );
#9548 = DIRECTION( '', ( -0.410428929490727, 0.698550250509696, 0.586153257561482 ) );
#9549 = DIRECTION( '', ( 0.000000000000000, -1.00000000000000, 0.000000000000000 ) );
#9550 = DIRECTION( '', ( 0.000000000000000, 1.00000000000000, 0.000000000000000 ) );
#9551 = DIRECTION( '', ( 0.000000000000000, 0.000000000000000, 1.00000000000000 ) );
#9552 = DIRECTION( '', ( -1.00000000000000, 0.000000000000000, 0.000000000000000 ) );
#9553 = DIRECTION( '', ( 1.00000000000000, 0.000000000000000, 0.000000000000000 ) );
#9554 = DIRECTION( '', ( 1.00000000000000, 0.000000000000000, 0.000000000000000 ) );
#9555 = DIRECTION( '', ( 0.000000000000000, -1.00000000000000, 0.000000000000000 ) );
#9556 = DIRECTION( '', ( 0.000000000000000, 0.766044443118978, 0.642787609686539 ) );
#9557 = DIRECTION( '', ( 0.000000000000000, 0.707106781186547, -0.707106781186548 ) );
#9558 = DIRECTION( '', ( 1.00000000000000, 0.000000000000000, 0.000000000000000 ) );
#9559 = DIRECTION( '', ( 0.000000000000000, 1.00000000000000, 0.000000000000000 ) );
#9560 = DIRECTION( '', ( 1.00000000000000, 0.000000000000000, 0.000000000000000 ) );
#9561 = DIRECTION( '', ( 0.000000000000000, -0.898794046299167, -0.438371146789078 ) );
#9562 = DIRECTION( '', ( 1.00000000000000, 0.000000000000000, 0.000000000000000 ) );
#9563 = CARTESIAN_POINT( '', ( 0.000000000000000, -4.40000000000000, -14.5683821405597 ) );
#9564 = DIRECTION( '', ( 0.000000000000000, 0.342020143325669, 0.939692620785908 ) );
#9565 = DIRECTION( '', ( 0.000000000000000, 0.939692620785908, -0.342020143325669 ) );
#9566 = CARTESIAN_POINT( '', ( 0.200000000000000, -5.41212161291820, -14.2000000000000 ) );
#9567 = DIRECTION( '', ( 0.000000000000000, 0.342020143325669, 0.939692620785908 ) );
#9568 = DIRECTION( '', ( 0.000000000000000, 0.939692620785908, -0.342020143325669 ) );
#9569 = DIRECTION( '', ( 0.000000000000000, 0.000000000000000, -1.00000000000000 ) );
#9570 = DIRECTION( '', ( 0.000000000000000, 1.00000000000000, 0.000000000000000 ) );
#9571 = DIRECTION( '', ( 0.000000000000000, 0.000000000000000, -1.00000000000000 ) );
#9572 = CARTESIAN_POINT( '', ( 5.08000000000000, -4.40000000000000, -14.5683821405597 ) );
#9573 = DIRECTION( '', ( 0.000000000000000, 0.342020143325669, 0.939692620785908 ) );
#9574 = DIRECTION( '', ( 0.000000000000000, 0.939692620785908, -0.342020143325669 ) );
#9575 = CARTESIAN_POINT( '', ( 4.88000000000000, -5.41212161291820, -14.2000000000000 ) );
#9576 = DIRECTION( '', ( 0.000000000000000, 0.342020143325669, 0.939692620785908 ) );
#9577 = DIRECTION( '', ( 0.000000000000000, 0.939692620785908, -0.342020143325669 ) );
#9578 = CARTESIAN_POINT( '', ( 0.000000000000000, 23.5000000000000, -6.15000000000000 ) );
#9579 = DIRECTION( '', ( 0.000000000000000, -1.00000000000000, 0.000000000000000 ) );
#9580 = DIRECTION( '', ( 1.00000000000000, 0.000000000000000, 0.000000000000000 ) );
#9581 = DIRECTION( '', ( 0.000000000000000, 0.000000000000000, 1.00000000000000 ) );
#9582 = DIRECTION( '', ( -1.20024110770287E-016, 1.00000000000000, 0.000000000000000 ) );
#9583 = DIRECTION( '', ( -1.20024110770287E-016, 1.00000000000000, 0.000000000000000 ) );
#9584 = DIRECTION( '', ( -1.00000000000000, 0.000000000000000, 0.000000000000000 ) );
#9585 = DIRECTION( '', ( 0.000000000000000, -1.00000000000000, 0.000000000000000 ) );
#9586 = DIRECTION( '', ( 0.000000000000000, 0.766044443118978, 0.642787609686539 ) );
#9587 = DIRECTION( '', ( 0.000000000000000, 0.000000000000000, 1.00000000000000 ) );
#9588 = DIRECTION( '', ( 0.000000000000000, 0.000000000000000, 1.00000000000000 ) );
#9589 = DIRECTION( '', ( 0.000000000000000, 0.000000000000000, -1.00000000000000 ) );
#9590 = DIRECTION( '', ( 1.00000000000000, 0.000000000000000, 0.000000000000000 ) );
#9591 = DIRECTION( '', ( 0.000000000000000, 0.000000000000000, 1.00000000000000 ) );
#9592 = DIRECTION( '', ( 1.00000000000000, 0.000000000000000, 0.000000000000000 ) );
#9593 = DIRECTION( '', ( 0.000000000000000, 0.000000000000000, -1.00000000000000 ) );
#9594 = CARTESIAN_POINT( '', ( 4.88000000000000, 0.000000000000000, -13.8000000000000 ) );
#9595 = DIRECTION( '', ( 0.000000000000000, -1.00000000000000, 0.000000000000000 ) );
#9596 = DIRECTION( '', ( 0.000000000000000, 0.000000000000000, -1.00000000000000 ) );
#9597 = DIRECTION( '', ( 0.000000000000000, -1.00000000000000, 0.000000000000000 ) );
#9598 = CARTESIAN_POINT( '', ( 4.88000000000000, -5.41212161291820, -13.8000000000000 ) );
#9599 = DIRECTION( '', ( 0.000000000000000, 0.342020143325669, -0.939692620785908 ) );
#9600 = DIRECTION( '', ( 0.000000000000000, -0.939692620785908, -0.342020143325669 ) );
#9601 = DIRECTION( '', ( 1.20024110770287E-016, -1.00000000000000, 0.000000000000000 ) );
#9602 = DIRECTION( '', ( 1.00000000000000, 0.000000000000000, 0.000000000000000 ) );
#9603 = DIRECTION( '', ( -8.32667268468867E-017, 0.766044443118978, 0.642787609686539 ) );
#9604 = DIRECTION( '', ( 1.00000000000000, 0.000000000000000, 0.000000000000000 ) );
#9605 = DIRECTION( '', ( 1.00000000000000, 0.000000000000000, 0.000000000000000 ) );
#9606 = DIRECTION( '', ( 0.000000000000000, 1.00000000000000, 0.000000000000000 ) );
#9607 = CARTESIAN_POINT( '', ( 4.88000000000000, 0.000000000000000, -14.2000000000000 ) );
#9608 = DIRECTION( '', ( 0.000000000000000, 1.00000000000000, 0.000000000000000 ) );
#9609 = DIRECTION( '', ( 0.000000000000000, 0.000000000000000, 1.00000000000000 ) );
#9610 = DIRECTION( '', ( 0.000000000000000, 1.00000000000000, 0.000000000000000 ) );
#9611 = DIRECTION( '', ( -1.00000000000000, 0.000000000000000, 0.000000000000000 ) );
#9612 = DIRECTION( '', ( 1.20024110770287E-016, -1.00000000000000, 0.000000000000000 ) );
#9613 = DIRECTION( '', ( -8.32667268468867E-017, 0.939692620785908, -0.342020143325669 ) );
#9614 = DIRECTION( '', ( 0.000000000000000, 0.000000000000000, -1.00000000000000 ) );
#9615 = DIRECTION( '', ( 0.000000000000000, 1.00000000000000, 0.000000000000000 ) );
#9616 = DIRECTION( '', ( 0.000000000000000, 0.000000000000000, -1.00000000000000 ) );
#9617 = DIRECTION( '', ( 0.000000000000000, -1.00000000000000, 0.000000000000000 ) );
#9618 = DIRECTION( '', ( 0.000000000000000, -1.00000000000000, 0.000000000000000 ) );
#9619 = DIRECTION( '', ( -1.00000000000000, 0.000000000000000, 0.000000000000000 ) );
#9620 = DIRECTION( '', ( 1.00000000000000, 0.000000000000000, 0.000000000000000 ) );
#9621 = DIRECTION( '', ( 0.000000000000000, -1.00000000000000, 0.000000000000000 ) );
#9622 = DIRECTION( '', ( -1.00000000000000, 0.000000000000000, 0.000000000000000 ) );
#9623 = DIRECTION( '', ( 0.000000000000000, 1.00000000000000, 0.000000000000000 ) );
#9624 = DIRECTION( '', ( 0.000000000000000, 0.000000000000000, -1.00000000000000 ) );
#9625 = DIRECTION( '', ( 0.000000000000000, -1.00000000000000, 0.000000000000000 ) );
#9626 = DIRECTION( '', ( 1.00000000000000, 0.000000000000000, 0.000000000000000 ) );
#9627 = DIRECTION( '', ( 0.000000000000000, 0.000000000000000, -1.00000000000000 ) );
#9628 = DIRECTION( '', ( 0.438371146789078, 0.898794046299167, 0.000000000000000 ) );
#9629 = DIRECTION( '', ( 0.000000000000000, 0.000000000000000, -1.00000000000000 ) );
#9630 = DIRECTION( '', ( 1.00000000000000, 0.000000000000000, 0.000000000000000 ) );
#9631 = DIRECTION( '', ( 0.000000000000000, 0.000000000000000, 1.00000000000000 ) );
#9632 = DIRECTION( '', ( 0.000000000000000, 0.000000000000000, -1.00000000000000 ) );
#9633 = DIRECTION( '', ( 0.000000000000000, 0.000000000000000, 1.00000000000000 ) );
#9634 = DIRECTION( '', ( -1.00000000000000, 0.000000000000000, 0.000000000000000 ) );
#9635 = CARTESIAN_POINT( '', ( 10.1600000000000, 23.3000000000000, -1.70000000000000 ) );
#9636 = DIRECTION( '', ( -1.00000000000000, 0.000000000000000, 0.000000000000000 ) );
#9637 = DIRECTION( '', ( 0.000000000000000, 0.000000000000000, 1.00000000000000 ) );
#9638 = CARTESIAN_POINT( '', ( 5.08000000000000, -4.40000000000000, -13.4316178594403 ) );
#9639 = DIRECTION( '', ( 0.000000000000000, 0.342020143325669, -0.939692620785908 ) );
#9640 = DIRECTION( '', ( 0.000000000000000, -0.939692620785908, -0.342020143325669 ) );
#9641 = DIRECTION( '', ( 0.000000000000000, 0.000000000000000, 1.00000000000000 ) );
#9642 = DIRECTION( '', ( 0.000000000000000, 0.898794046299167, -0.438371146789078 ) );
#9643 = CARTESIAN_POINT( '', ( 5.08000000000000, 25.6000000000012, -6.15000000000000 ) );
#9644 = DIRECTION( '', ( 0.000000000000000, 1.00000000000000, 0.000000000000000 ) );
#9645 = DIRECTION( '', ( 0.000000000000000, 0.000000000000000, 1.00000000000000 ) );
#9646 = DIRECTION( '', ( 1.00000000000000, 0.000000000000000, 0.000000000000000 ) );
#9647 = DIRECTION( '', ( 0.000000000000000, 0.000000000000000, -1.00000000000000 ) );
#9648 = DIRECTION( '', ( 0.000000000000000, 0.898794046299167, -0.438371146789078 ) );
#9649 = DIRECTION( '', ( 0.000000000000000, 0.000000000000000, 1.00000000000000 ) );
#9650 = DIRECTION( '', ( 0.000000000000000, 1.00000000000000, 0.000000000000000 ) );
#9651 = DIRECTION( '', ( 0.000000000000000, 0.000000000000000, -1.00000000000000 ) );
#9652 = DIRECTION( '', ( 0.000000000000000, 1.00000000000000, 0.000000000000000 ) );
#9653 = DIRECTION( '', ( 0.000000000000000, 0.000000000000000, -1.00000000000000 ) );
#9654 = DIRECTION( '', ( 0.000000000000000, -0.939692620785908, 0.342020143325669 ) );
#9655 = DIRECTION( '', ( 0.000000000000000, 0.000000000000000, 1.00000000000000 ) );
#9656 = DIRECTION( '', ( 0.000000000000000, 0.000000000000000, -1.00000000000000 ) );
#9657 = DIRECTION( '', ( 0.000000000000000, -1.00000000000000, 0.000000000000000 ) );
#9658 = DIRECTION( '', ( 0.000000000000000, -0.707106781186547, 0.707106781186548 ) );
#9659 = DIRECTION( '', ( 0.000000000000000, 0.000000000000000, 1.00000000000000 ) );
#9660 = DIRECTION( '', ( 0.000000000000000, 0.000000000000000, 1.00000000000000 ) );
#9661 = DIRECTION( '', ( 0.000000000000000, 1.00000000000000, 0.000000000000000 ) );
#9662 = DIRECTION( '', ( 0.000000000000000, 0.000000000000000, -1.00000000000000 ) );
#9663 = DIRECTION( '', ( 0.000000000000000, -0.766044443118978, -0.642787609686539 ) );
#9664 = DIRECTION( '', ( 0.000000000000000, -1.00000000000000, 0.000000000000000 ) );
#9665 = DIRECTION( '', ( 0.000000000000000, 0.000000000000000, 1.00000000000000 ) );
#9666 = DIRECTION( '', ( -1.00000000000000, 0.000000000000000, 0.000000000000000 ) );
#9667 = DIRECTION( '', ( 0.000000000000000, 0.000000000000000, -1.00000000000000 ) );
#9668 = DIRECTION( '', ( 0.000000000000000, 1.00000000000000, 0.000000000000000 ) );
#9669 = DIRECTION( '', ( 0.000000000000000, 0.000000000000000, 1.00000000000000 ) );
#9670 = CARTESIAN_POINT( '', ( 0.000000000000000, 26.8000000000012, -6.15000000000000 ) );
#9671 = DIRECTION( '', ( 0.000000000000000, 1.00000000000000, 0.000000000000000 ) );
#9672 = DIRECTION( '', ( 0.000000000000000, 0.000000000000000, 1.00000000000000 ) );
#9673 = DIRECTION( '', ( 0.000000000000000, 1.00000000000000, 0.000000000000000 ) );
#9674 = DIRECTION( '', ( 0.000000000000000, 0.000000000000000, 1.00000000000000 ) );
#9675 = CARTESIAN_POINT( '', ( 10.1600000000000, 23.3000000000000, -10.6000000000000 ) );
#9676 = DIRECTION( '', ( -1.00000000000000, 0.000000000000000, 0.000000000000000 ) );
#9677 = DIRECTION( '', ( 0.000000000000000, 0.000000000000000, 1.00000000000000 ) );
#9678 = DIRECTION( '', ( 0.000000000000000, 0.000000000000000, 1.00000000000000 ) );
#9679 = DIRECTION( '', ( -1.20024110770287E-016, 1.00000000000000, 0.000000000000000 ) );
#9680 = DIRECTION( '', ( 0.000000000000000, 0.000000000000000, 1.00000000000000 ) );
#9681 = DIRECTION( '', ( -8.32667268468867E-017, 0.939692620785908, -0.342020143325669 ) );
#9682 = DIRECTION( '', ( 0.000000000000000, 0.000000000000000, 1.00000000000000 ) );
#9683 = DIRECTION( '', ( 0.000000000000000, 0.000000000000000, 1.00000000000000 ) );
#9684 = DIRECTION( '', ( 1.20024110770287E-016, -1.00000000000000, 0.000000000000000 ) );
#9685 = DIRECTION( '', ( 0.000000000000000, 0.000000000000000, -1.00000000000000 ) );
#9686 = DIRECTION( '', ( 0.000000000000000, 0.000000000000000, -1.00000000000000 ) );
#9687 = DIRECTION( '', ( -1.20024110770287E-016, 1.00000000000000, 0.000000000000000 ) );
#9688 = DIRECTION( '', ( 0.000000000000000, 0.000000000000000, -1.00000000000000 ) );
#9689 = DIRECTION( '', ( -1.20024110770287E-016, 1.00000000000000, 0.000000000000000 ) );
#9690 = CARTESIAN_POINT( '', ( 0.200000000000000, 0.000000000000000, -3.64000000000000 ) );
#9691 = DIRECTION( '', ( 0.000000000000000, 1.00000000000000, 0.000000000000000 ) );
#9692 = DIRECTION( '', ( 0.000000000000000, 0.000000000000000, 1.00000000000000 ) );
#9693 = DIRECTION( '', ( -1.00000000000000, 0.000000000000000, 0.000000000000000 ) );
#9694 = CARTESIAN_POINT( '', ( 9.96000000000000, 0.000000000000000, -3.64000000000000 ) );
#9695 = DIRECTION( '', ( 0.000000000000000, 1.00000000000000, 0.000000000000000 ) );
#9696 = DIRECTION( '', ( 0.000000000000000, 0.000000000000000, 1.00000000000000 ) );
#9697 = DIRECTION( '', ( 1.00000000000000, 0.000000000000000, 0.000000000000000 ) );
#9698 = DIRECTION( '', ( -1.00000000000000, 0.000000000000000, 0.000000000000000 ) );
#9699 = CARTESIAN_POINT( '', ( 9.96000000000000, 0.000000000000000, -13.8000000000000 ) );
#9700 = DIRECTION( '', ( 0.000000000000000, -1.00000000000000, 0.000000000000000 ) );
#9701 = DIRECTION( '', ( 0.000000000000000, 0.000000000000000, -1.00000000000000 ) );
#9702 = DIRECTION( '', ( 1.00000000000000, 0.000000000000000, 0.000000000000000 ) );
#9703 = CARTESIAN_POINT( '', ( 0.200000000000000, 0.000000000000000, -13.8000000000000 ) );
#9704 = DIRECTION( '', ( 0.000000000000000, 1.00000000000000, 0.000000000000000 ) );
#9705 = DIRECTION( '', ( 0.000000000000000, 0.000000000000000, 1.00000000000000 ) );
#9706 = DIRECTION( '', ( 0.000000000000000, 0.000000000000000, -1.00000000000000 ) );
#9707 = DIRECTION( '', ( -1.00000000000000, 0.000000000000000, 0.000000000000000 ) );
#9708 = CARTESIAN_POINT( '', ( 4.44089209850063E-016, -4.40000000000000, -4.40838214055972 ) );
#9709 = DIRECTION( '', ( 0.000000000000000, 0.342020143325669, 0.939692620785908 ) );
#9710 = DIRECTION( '', ( 0.000000000000000, -0.939692620785908, 0.342020143325669 ) );
#9711 = DIRECTION( '', ( -1.00000000000000, 0.000000000000000, 0.000000000000000 ) );
#9712 = DIRECTION( '', ( 0.000000000000000, -1.00000000000000, 0.000000000000000 ) );
#9713 = DIRECTION( '', ( -1.00000000000000, 0.000000000000000, 0.000000000000000 ) );
#9714 = DIRECTION( '', ( 1.00000000000000, 0.000000000000000, 0.000000000000000 ) );
#9715 = DIRECTION( '', ( -1.00000000000000, 0.000000000000000, 0.000000000000000 ) );
#9716 = DIRECTION( '', ( 1.00000000000000, 0.000000000000000, 0.000000000000000 ) );
#9717 = DIRECTION( '', ( 0.000000000000000, 1.00000000000000, 0.000000000000000 ) );
#9718 = CARTESIAN_POINT( '', ( 5.08000000000000, 26.8000000000012, -6.15000000000000 ) );
#9719 = DIRECTION( '', ( 0.000000000000000, 1.00000000000000, 0.000000000000000 ) );
#9720 = DIRECTION( '', ( 0.000000000000000, 0.000000000000000, 1.00000000000000 ) );
#9721 = DIRECTION( '', ( 0.000000000000000, 1.00000000000000, 0.000000000000000 ) );
#9722 = DIRECTION( '', ( -1.00000000000000, 0.000000000000000, 0.000000000000000 ) );
#9723 = DIRECTION( '', ( 0.000000000000000, 0.000000000000000, 1.00000000000000 ) );
#9724 = CARTESIAN_POINT( '', ( 4.88000000000000, 0.000000000000000, -4.04000000000000 ) );
#9725 = DIRECTION( '', ( 0.000000000000000, -1.00000000000000, 0.000000000000000 ) );
#9726 = DIRECTION( '', ( 0.000000000000000, 0.000000000000000, -1.00000000000000 ) );
#9727 = DIRECTION( '', ( 0.000000000000000, 0.000000000000000, -1.00000000000000 ) );
#9728 = DIRECTION( '', ( -1.00000000000000, 0.000000000000000, 0.000000000000000 ) );
#9729 = DIRECTION( '', ( 0.000000000000000, 1.00000000000000, 0.000000000000000 ) );
#9730 = DIRECTION( '', ( 0.000000000000000, -1.00000000000000, 0.000000000000000 ) );
#9731 = DIRECTION( '', ( -1.00000000000000, 0.000000000000000, 0.000000000000000 ) );
#9732 = CARTESIAN_POINT( '', ( 0.000000000000000, 29.3000000000000, -6.15000000000000 ) );
#9733 = DIRECTION( '', ( 0.000000000000000, 1.00000000000000, 0.000000000000000 ) );
#9734 = DIRECTION( '', ( 0.000000000000000, 0.000000000000000, 1.00000000000000 ) );
#9735 = DIRECTION( '', ( 0.000000000000000, 1.00000000000000, 0.000000000000000 ) );
ENDSEC;
END-ISO-10303-21;
