ISO-10303-21;
HEADER;
FILE_DESCRIPTION( ( 'Unknown' ), '1' );
FILE_NAME( 'C:/Users/eddy.soriano/Desktop/Catalogue 2016/New Catalogue 2017/From Stelvio/6912566100xx_MRT26P10.16/Construction_data/6912566100xx/691256610002/691256610002.stp', 'Unknown', ( 'Unknown' ), ( 'Unknown' ), 'PSStep 18.0.17', 'Unknown', '  ' );
FILE_SCHEMA( ( 'AUTOMOTIVE_DESIGN { 1 0 10303 214 1 1 1 1 }' ) );
ENDSEC;
DATA;
#1 = PRODUCT_DEFINITION_CONTEXT( '', #22, 'design' );
#2 = APPLICATION_PROTOCOL_DEFINITION( 'international standard', 'automotive_design', 2001, #22 );
#3 = PRODUCT_CATEGORY_RELATIONSHIP( 'NONE', 'NONE', #23, #24 );
#4 = SHAPE_DEFINITION_REPRESENTATION( #25, #26 );
#5 = PRODUCT_CATEGORY_RELATIONSHIP( 'NONE', 'NONE', #23, #27 );
#6 = CONTEXT_DEPENDENT_SHAPE_REPRESENTATION( #28, #29 );
#7 = SHAPE_DEFINITION_REPRESENTATION( #30, #31 );
#8 = SHAPE_REPRESENTATION_RELATIONSHIP( 'NONE', 'NONE', #31, #32 );
#9 = PRODUCT_CATEGORY_RELATIONSHIP( 'NONE', 'NONE', #23, #33 );
#10 = CONTEXT_DEPENDENT_SHAPE_REPRESENTATION( #34, #35 );
#11 = SHAPE_DEFINITION_REPRESENTATION( #36, #37 );
#12 = SHAPE_REPRESENTATION_RELATIONSHIP( 'NONE', 'NONE', #37, #38 );
#13 = PRODUCT_CATEGORY_RELATIONSHIP( 'NONE', 'NONE', #23, #39 );
#14 = CONTEXT_DEPENDENT_SHAPE_REPRESENTATION( #40, #41 );
#15 = SHAPE_DEFINITION_REPRESENTATION( #42, #43 );
#16 = SHAPE_REPRESENTATION_RELATIONSHIP( 'NONE', 'NONE', #43, #44 );
#17 = MECHANICAL_DESIGN_GEOMETRIC_PRESENTATION_REPRESENTATION( ' ', ( #45, #46, #47, #48, #49, #50, #51, #52, #53, #54, #55, #56, #57, #58, #59, #60, #61, #62, #63, #64, #65, #66, #67, #68, #69, #70, #71, #72, #73, #74, #75, #76, #77, #78, #79, #80, #81, #82, #83, #84, #85, #86, #87, #88, #89, #90, #91, #92, #93, #94, #95, #96, #97, #98, #99, #100, #101, #102, #103, #104, #105, #106, #107, #108, #109, #110, #111, #112, #113, #114, #115, #116, #117, #118, #119, #120, #121, #122, #123, #124, #125, #126, #127, #128, #129, #130, #131, #132, #133, #134, #135, #136, #137, #138, #139, #140, #141, #142, #143, #144, #145, #146, #147, #148, #149, #150, #151, #152, #153, #154, #155, #156, #157, #158, #159, #160, #161, #162, #163, #164, #165, #166, #167, #168, #169, #170, #171, #172, #173, #174, #175, #176, #177, #178, #179, #180, #181, #182, #183, #184, #185, #186, #187, #188, #189, #190, #191, #192, #193, #194, #195, #196, #197, #198, #199, #200, #201, #202, #203, #204, #205, #206, #207, #208, #209, #210, #211, #212, #213, #214, #215, #216, #217, #218, #219, #220, #221, #222, #223, #224, #225, #226, #227, #228, #229, #230, #231, #232, #233, #234, #235, #236, #237, #238, #239, #240, #241, #242, #243, #244, #245, #246, #247, #248, #249, #250, #251, #252, #253, #254, #255, #256, #257, #258, #259, #260, #261, #262, #263, #264, #265, #266, #267, #268, #269, #270, #271, #272, #273, #274, #275, #276 ), #18 );
#18 =  ( GEOMETRIC_REPRESENTATION_CONTEXT( 3 )GLOBAL_UNCERTAINTY_ASSIGNED_CONTEXT( ( #279 ) )GLOBAL_UNIT_ASSIGNED_CONTEXT( ( #281, #282, #283 ) )REPRESENTATION_CONTEXT( 'NONE', 'WORKSPACE' ) );
#22 = APPLICATION_CONTEXT( 'core data for automotive mechanical design processes' );
#23 = PRODUCT_CATEGORY( 'part', 'NONE' );
#24 = PRODUCT_RELATED_PRODUCT_CATEGORY( 'detail', ' ', ( #285 ) );
#25 = PRODUCT_DEFINITION_SHAPE( 'NONE', 'NONE', #286 );
#26 = SHAPE_REPRESENTATION( 'Assem1', ( #287, #288, #289, #290 ), #291 );
#27 = PRODUCT_RELATED_PRODUCT_CATEGORY( 'detail', ' ', ( #292 ) );
#28 = ( REPRESENTATION_RELATIONSHIP( '', '', #31, #26 )REPRESENTATION_RELATIONSHIP_WITH_TRANSFORMATION( #295 )SHAPE_REPRESENTATION_RELATIONSHIP(  ) );
#29 = PRODUCT_DEFINITION_SHAPE( 'NAUO-PROD-DEF', 'NAUO-PROD-DEF', #297 );
#30 = PRODUCT_DEFINITION_SHAPE( 'NONE', 'NONE', #298 );
#31 = SHAPE_REPRESENTATION( 'MRT26P10.16_SX', ( #287 ), #291 );
#32 = ADVANCED_BREP_SHAPE_REPRESENTATION( 'MRT26P10.16_SX', ( #299 ), #18 );
#33 = PRODUCT_RELATED_PRODUCT_CATEGORY( 'detail', ' ', ( #300 ) );
#34 = ( REPRESENTATION_RELATIONSHIP( '', '', #37, #26 )REPRESENTATION_RELATIONSHIP_WITH_TRANSFORMATION( #303 )SHAPE_REPRESENTATION_RELATIONSHIP(  ) );
#35 = PRODUCT_DEFINITION_SHAPE( 'NAUO-PROD-DEF', 'NAUO-PROD-DEF', #305 );
#36 = PRODUCT_DEFINITION_SHAPE( 'NONE', 'NONE', #306 );
#37 = SHAPE_REPRESENTATION( 'MRT26P10.16_CNT', ( #287 ), #291 );
#38 = ADVANCED_BREP_SHAPE_REPRESENTATION( 'MRT26P10.16_CNT', ( #307 ), #18 );
#39 = PRODUCT_RELATED_PRODUCT_CATEGORY( 'detail', ' ', ( #308 ) );
#40 = ( REPRESENTATION_RELATIONSHIP( '', '', #43, #26 )REPRESENTATION_RELATIONSHIP_WITH_TRANSFORMATION( #311 )SHAPE_REPRESENTATION_RELATIONSHIP(  ) );
#41 = PRODUCT_DEFINITION_SHAPE( 'NAUO-PROD-DEF', 'NAUO-PROD-DEF', #313 );
#42 = PRODUCT_DEFINITION_SHAPE( 'NONE', 'NONE', #314 );
#43 = SHAPE_REPRESENTATION( 'MRT26P10.16_DX', ( #287 ), #291 );
#44 = ADVANCED_BREP_SHAPE_REPRESENTATION( 'MRT26P10.16_DX', ( #315 ), #18 );
#45 = STYLED_ITEM( '', ( #316 ), #317 );
#46 = STYLED_ITEM( '', ( #318 ), #319 );
#47 = STYLED_ITEM( '', ( #320 ), #321 );
#48 = STYLED_ITEM( '', ( #322 ), #323 );
#49 = STYLED_ITEM( '', ( #324 ), #325 );
#50 = STYLED_ITEM( '', ( #326 ), #327 );
#51 = STYLED_ITEM( '', ( #328 ), #329 );
#52 = STYLED_ITEM( '', ( #330 ), #331 );
#53 = STYLED_ITEM( '', ( #332 ), #333 );
#54 = STYLED_ITEM( '', ( #334 ), #335 );
#55 = STYLED_ITEM( '', ( #336 ), #337 );
#56 = STYLED_ITEM( '', ( #338 ), #339 );
#57 = STYLED_ITEM( '', ( #340 ), #341 );
#58 = STYLED_ITEM( '', ( #342 ), #343 );
#59 = STYLED_ITEM( '', ( #344 ), #345 );
#60 = STYLED_ITEM( '', ( #346 ), #347 );
#61 = STYLED_ITEM( '', ( #348 ), #349 );
#62 = STYLED_ITEM( '', ( #350 ), #351 );
#63 = STYLED_ITEM( '', ( #352 ), #353 );
#64 = STYLED_ITEM( '', ( #354 ), #355 );
#65 = STYLED_ITEM( '', ( #356 ), #357 );
#66 = STYLED_ITEM( '', ( #358 ), #359 );
#67 = STYLED_ITEM( '', ( #360 ), #361 );
#68 = STYLED_ITEM( '', ( #362 ), #363 );
#69 = STYLED_ITEM( '', ( #364 ), #365 );
#70 = STYLED_ITEM( '', ( #366 ), #367 );
#71 = STYLED_ITEM( '', ( #368 ), #369 );
#72 = STYLED_ITEM( '', ( #370 ), #371 );
#73 = STYLED_ITEM( '', ( #372 ), #373 );
#74 = STYLED_ITEM( '', ( #374 ), #375 );
#75 = STYLED_ITEM( '', ( #376 ), #377 );
#76 = STYLED_ITEM( '', ( #378 ), #379 );
#77 = STYLED_ITEM( '', ( #380 ), #381 );
#78 = STYLED_ITEM( '', ( #382 ), #383 );
#79 = STYLED_ITEM( '', ( #384 ), #385 );
#80 = STYLED_ITEM( '', ( #386 ), #387 );
#81 = STYLED_ITEM( '', ( #388 ), #389 );
#82 = STYLED_ITEM( '', ( #390 ), #391 );
#83 = STYLED_ITEM( '', ( #392 ), #393 );
#84 = STYLED_ITEM( '', ( #394 ), #395 );
#85 = STYLED_ITEM( '', ( #396 ), #397 );
#86 = STYLED_ITEM( '', ( #398 ), #399 );
#87 = STYLED_ITEM( '', ( #400 ), #401 );
#88 = STYLED_ITEM( '', ( #402 ), #403 );
#89 = STYLED_ITEM( '', ( #404 ), #405 );
#90 = STYLED_ITEM( '', ( #406 ), #407 );
#91 = STYLED_ITEM( '', ( #408 ), #409 );
#92 = STYLED_ITEM( '', ( #410 ), #411 );
#93 = STYLED_ITEM( '', ( #412 ), #413 );
#94 = STYLED_ITEM( '', ( #414 ), #415 );
#95 = STYLED_ITEM( '', ( #416 ), #417 );
#96 = STYLED_ITEM( '', ( #418 ), #419 );
#97 = STYLED_ITEM( '', ( #420 ), #421 );
#98 = STYLED_ITEM( '', ( #422 ), #423 );
#99 = STYLED_ITEM( '', ( #424 ), #425 );
#100 = STYLED_ITEM( '', ( #426 ), #427 );
#101 = STYLED_ITEM( '', ( #428 ), #429 );
#102 = STYLED_ITEM( '', ( #430 ), #431 );
#103 = STYLED_ITEM( '', ( #432 ), #433 );
#104 = STYLED_ITEM( '', ( #434 ), #435 );
#105 = STYLED_ITEM( '', ( #436 ), #437 );
#106 = STYLED_ITEM( '', ( #438 ), #439 );
#107 = STYLED_ITEM( '', ( #440 ), #441 );
#108 = STYLED_ITEM( '', ( #442 ), #443 );
#109 = STYLED_ITEM( '', ( #444 ), #445 );
#110 = STYLED_ITEM( '', ( #446 ), #447 );
#111 = STYLED_ITEM( '', ( #448 ), #449 );
#112 = STYLED_ITEM( '', ( #450 ), #451 );
#113 = STYLED_ITEM( '', ( #452 ), #453 );
#114 = STYLED_ITEM( '', ( #454 ), #455 );
#115 = STYLED_ITEM( '', ( #456 ), #457 );
#116 = STYLED_ITEM( '', ( #458 ), #459 );
#117 = STYLED_ITEM( '', ( #460 ), #461 );
#118 = STYLED_ITEM( '', ( #462 ), #463 );
#119 = STYLED_ITEM( '', ( #464 ), #465 );
#120 = STYLED_ITEM( '', ( #466 ), #467 );
#121 = STYLED_ITEM( '', ( #468 ), #469 );
#122 = STYLED_ITEM( '', ( #470 ), #471 );
#123 = STYLED_ITEM( '', ( #472 ), #473 );
#124 = STYLED_ITEM( '', ( #474 ), #475 );
#125 = STYLED_ITEM( '', ( #476 ), #477 );
#126 = STYLED_ITEM( '', ( #478 ), #479 );
#127 = STYLED_ITEM( '', ( #480 ), #481 );
#128 = STYLED_ITEM( '', ( #482 ), #483 );
#129 = STYLED_ITEM( '', ( #484 ), #485 );
#130 = STYLED_ITEM( '', ( #486 ), #487 );
#131 = STYLED_ITEM( '', ( #488 ), #489 );
#132 = STYLED_ITEM( '', ( #490 ), #491 );
#133 = STYLED_ITEM( '', ( #492 ), #493 );
#134 = STYLED_ITEM( '', ( #494 ), #495 );
#135 = STYLED_ITEM( '', ( #496 ), #497 );
#136 = STYLED_ITEM( '', ( #498 ), #499 );
#137 = STYLED_ITEM( '', ( #500 ), #501 );
#138 = STYLED_ITEM( '', ( #502 ), #503 );
#139 = STYLED_ITEM( '', ( #504 ), #505 );
#140 = STYLED_ITEM( '', ( #506 ), #507 );
#141 = STYLED_ITEM( '', ( #508 ), #509 );
#142 = STYLED_ITEM( '', ( #510 ), #511 );
#143 = STYLED_ITEM( '', ( #512 ), #513 );
#144 = STYLED_ITEM( '', ( #514 ), #515 );
#145 = STYLED_ITEM( '', ( #516 ), #517 );
#146 = STYLED_ITEM( '', ( #518 ), #519 );
#147 = STYLED_ITEM( '', ( #520 ), #521 );
#148 = STYLED_ITEM( '', ( #522 ), #523 );
#149 = STYLED_ITEM( '', ( #524 ), #525 );
#150 = STYLED_ITEM( '', ( #526 ), #527 );
#151 = STYLED_ITEM( '', ( #528 ), #529 );
#152 = STYLED_ITEM( '', ( #530 ), #531 );
#153 = STYLED_ITEM( '', ( #532 ), #533 );
#154 = STYLED_ITEM( '', ( #534 ), #535 );
#155 = STYLED_ITEM( '', ( #536 ), #537 );
#156 = STYLED_ITEM( '', ( #538 ), #539 );
#157 = STYLED_ITEM( '', ( #540 ), #541 );
#158 = STYLED_ITEM( '', ( #542 ), #543 );
#159 = STYLED_ITEM( '', ( #544 ), #545 );
#160 = STYLED_ITEM( '', ( #546 ), #547 );
#161 = STYLED_ITEM( '', ( #548 ), #549 );
#162 = STYLED_ITEM( '', ( #550 ), #551 );
#163 = STYLED_ITEM( '', ( #552 ), #553 );
#164 = STYLED_ITEM( '', ( #554 ), #555 );
#165 = STYLED_ITEM( '', ( #556 ), #557 );
#166 = STYLED_ITEM( '', ( #558 ), #559 );
#167 = STYLED_ITEM( '', ( #560 ), #561 );
#168 = STYLED_ITEM( '', ( #562 ), #563 );
#169 = STYLED_ITEM( '', ( #564 ), #565 );
#170 = STYLED_ITEM( '', ( #566 ), #567 );
#171 = STYLED_ITEM( '', ( #568 ), #569 );
#172 = STYLED_ITEM( '', ( #570 ), #571 );
#173 = STYLED_ITEM( '', ( #572 ), #573 );
#174 = STYLED_ITEM( '', ( #574 ), #575 );
#175 = STYLED_ITEM( '', ( #576 ), #577 );
#176 = STYLED_ITEM( '', ( #578 ), #579 );
#177 = STYLED_ITEM( '', ( #580 ), #581 );
#178 = STYLED_ITEM( '', ( #582 ), #583 );
#179 = STYLED_ITEM( '', ( #584 ), #585 );
#180 = STYLED_ITEM( '', ( #586 ), #587 );
#181 = STYLED_ITEM( '', ( #588 ), #589 );
#182 = STYLED_ITEM( '', ( #590 ), #591 );
#183 = STYLED_ITEM( '', ( #592 ), #593 );
#184 = STYLED_ITEM( '', ( #594 ), #595 );
#185 = STYLED_ITEM( '', ( #596 ), #597 );
#186 = STYLED_ITEM( '', ( #598 ), #599 );
#187 = STYLED_ITEM( '', ( #600 ), #601 );
#188 = STYLED_ITEM( '', ( #602 ), #603 );
#189 = STYLED_ITEM( '', ( #604 ), #605 );
#190 = STYLED_ITEM( '', ( #606 ), #607 );
#191 = STYLED_ITEM( '', ( #608 ), #609 );
#192 = STYLED_ITEM( '', ( #610 ), #611 );
#193 = STYLED_ITEM( '', ( #612 ), #613 );
#194 = STYLED_ITEM( '', ( #614 ), #615 );
#195 = STYLED_ITEM( '', ( #616 ), #617 );
#196 = STYLED_ITEM( '', ( #618 ), #619 );
#197 = STYLED_ITEM( '', ( #620 ), #621 );
#198 = STYLED_ITEM( '', ( #622 ), #623 );
#199 = STYLED_ITEM( '', ( #624 ), #625 );
#200 = STYLED_ITEM( '', ( #626 ), #627 );
#201 = STYLED_ITEM( '', ( #628 ), #629 );
#202 = STYLED_ITEM( '', ( #630 ), #631 );
#203 = STYLED_ITEM( '', ( #632 ), #633 );
#204 = STYLED_ITEM( '', ( #634 ), #635 );
#205 = STYLED_ITEM( '', ( #636 ), #637 );
#206 = STYLED_ITEM( '', ( #638 ), #639 );
#207 = STYLED_ITEM( '', ( #640 ), #641 );
#208 = STYLED_ITEM( '', ( #642 ), #643 );
#209 = STYLED_ITEM( '', ( #644 ), #645 );
#210 = STYLED_ITEM( '', ( #646 ), #647 );
#211 = STYLED_ITEM( '', ( #648 ), #649 );
#212 = STYLED_ITEM( '', ( #650 ), #651 );
#213 = STYLED_ITEM( '', ( #652 ), #653 );
#214 = STYLED_ITEM( '', ( #654 ), #655 );
#215 = STYLED_ITEM( '', ( #656 ), #657 );
#216 = STYLED_ITEM( '', ( #658 ), #659 );
#217 = STYLED_ITEM( '', ( #660 ), #661 );
#218 = STYLED_ITEM( '', ( #662 ), #663 );
#219 = STYLED_ITEM( '', ( #664 ), #665 );
#220 = STYLED_ITEM( '', ( #666 ), #667 );
#221 = STYLED_ITEM( '', ( #668 ), #669 );
#222 = STYLED_ITEM( '', ( #670 ), #671 );
#223 = STYLED_ITEM( '', ( #672 ), #673 );
#224 = STYLED_ITEM( '', ( #674 ), #675 );
#225 = STYLED_ITEM( '', ( #676 ), #677 );
#226 = STYLED_ITEM( '', ( #678 ), #679 );
#227 = STYLED_ITEM( '', ( #680 ), #681 );
#228 = STYLED_ITEM( '', ( #682 ), #683 );
#229 = STYLED_ITEM( '', ( #684 ), #685 );
#230 = STYLED_ITEM( '', ( #686 ), #687 );
#231 = STYLED_ITEM( '', ( #688 ), #689 );
#232 = STYLED_ITEM( '', ( #690 ), #691 );
#233 = STYLED_ITEM( '', ( #692 ), #693 );
#234 = STYLED_ITEM( '', ( #694 ), #695 );
#235 = STYLED_ITEM( '', ( #696 ), #697 );
#236 = STYLED_ITEM( '', ( #698 ), #699 );
#237 = STYLED_ITEM( '', ( #700 ), #701 );
#238 = STYLED_ITEM( '', ( #702 ), #703 );
#239 = STYLED_ITEM( '', ( #704 ), #705 );
#240 = STYLED_ITEM( '', ( #706 ), #707 );
#241 = STYLED_ITEM( '', ( #708 ), #709 );
#242 = STYLED_ITEM( '', ( #710 ), #711 );
#243 = STYLED_ITEM( '', ( #712 ), #713 );
#244 = STYLED_ITEM( '', ( #714 ), #715 );
#245 = STYLED_ITEM( '', ( #716 ), #717 );
#246 = STYLED_ITEM( '', ( #718 ), #719 );
#247 = STYLED_ITEM( '', ( #720 ), #721 );
#248 = STYLED_ITEM( '', ( #722 ), #723 );
#249 = STYLED_ITEM( '', ( #724 ), #725 );
#250 = STYLED_ITEM( '', ( #726 ), #727 );
#251 = STYLED_ITEM( '', ( #728 ), #729 );
#252 = STYLED_ITEM( '', ( #730 ), #731 );
#253 = STYLED_ITEM( '', ( #732 ), #733 );
#254 = STYLED_ITEM( '', ( #734 ), #735 );
#255 = STYLED_ITEM( '', ( #736 ), #737 );
#256 = STYLED_ITEM( '', ( #738 ), #739 );
#257 = STYLED_ITEM( '', ( #740 ), #741 );
#258 = STYLED_ITEM( '', ( #742 ), #743 );
#259 = STYLED_ITEM( '', ( #744 ), #745 );
#260 = STYLED_ITEM( '', ( #746 ), #747 );
#261 = STYLED_ITEM( '', ( #748 ), #749 );
#262 = STYLED_ITEM( '', ( #750 ), #751 );
#263 = STYLED_ITEM( '', ( #752 ), #753 );
#264 = STYLED_ITEM( '', ( #754 ), #755 );
#265 = STYLED_ITEM( '', ( #756 ), #757 );
#266 = STYLED_ITEM( '', ( #758 ), #759 );
#267 = STYLED_ITEM( '', ( #760 ), #761 );
#268 = STYLED_ITEM( '', ( #762 ), #763 );
#269 = STYLED_ITEM( '', ( #764 ), #765 );
#270 = STYLED_ITEM( '', ( #766 ), #767 );
#271 = STYLED_ITEM( '', ( #768 ), #769 );
#272 = STYLED_ITEM( '', ( #770 ), #771 );
#273 = STYLED_ITEM( '', ( #772 ), #773 );
#274 = STYLED_ITEM( '', ( #774 ), #775 );
#275 = STYLED_ITEM( '', ( #776 ), #777 );
#276 = STYLED_ITEM( '', ( #778 ), #779 );
#279 = UNCERTAINTY_MEASURE_WITH_UNIT( LENGTH_MEASURE( 0.00100000000000000 ), #281, '', '' );
#281 =  ( CONVERSION_BASED_UNIT( 'MILLIMETRE', #782 )LENGTH_UNIT(  )NAMED_UNIT( #785 ) );
#282 =  ( NAMED_UNIT( #787 )PLANE_ANGLE_UNIT(  )SI_UNIT( $, .RADIAN. ) );
#283 =  ( NAMED_UNIT( #787 )SI_UNIT( $, .STERADIAN. )SOLID_ANGLE_UNIT(  ) );
#285 = PRODUCT( 'Assem1', 'Assem1', 'PART-Assem1-DESC', ( #793 ) );
#286 = PRODUCT_DEFINITION( 'NONE', 'NONE', #794, #1 );
#287 = AXIS2_PLACEMENT_3D( '', #795, #796, #797 );
#288 = AXIS2_PLACEMENT_3D( '', #798, #799, #800 );
#289 = AXIS2_PLACEMENT_3D( '', #801, #802, #803 );
#290 = AXIS2_PLACEMENT_3D( '', #804, #805, #806 );
#291 =  ( GEOMETRIC_REPRESENTATION_CONTEXT( 3 )GLOBAL_UNCERTAINTY_ASSIGNED_CONTEXT( ( #809 ) )GLOBAL_UNIT_ASSIGNED_CONTEXT( ( #811, #812, #813 ) )REPRESENTATION_CONTEXT( 'NONE', 'WORKSPACE' ) );
#292 = PRODUCT( 'MRT26P10.16_SX', 'MRT26P10.16_SX', 'PART-MRT26P10.16_SX-DESC', ( #793 ) );
#295 = ITEM_DEFINED_TRANSFORMATION( '', '', #287, #288 );
#297 = NEXT_ASSEMBLY_USAGE_OCCURRENCE( 'NAUO1', 'MRT26P10.16_SX', 'MRT26P10.16_SX', #286, #298, $ );
#298 = PRODUCT_DEFINITION( 'MRT26P10.16_SX', 'MRT26P10.16_SX', #815, #1 );
#299 = MANIFOLD_SOLID_BREP( 'MRT26P10.16_SX', #816 );
#300 = PRODUCT( 'MRT26P10.16_CNT', 'MRT26P10.16_CNT', 'PART-MRT26P10.16_CNT-DESC', ( #793 ) );
#303 = ITEM_DEFINED_TRANSFORMATION( '', '', #287, #289 );
#305 = NEXT_ASSEMBLY_USAGE_OCCURRENCE( 'NAUO2', 'MRT26P10.16_CNT', 'MRT26P10.16_CNT', #286, #306, $ );
#306 = PRODUCT_DEFINITION( 'MRT26P10.16_CNT', 'MRT26P10.16_CNT', #817, #1 );
#307 = MANIFOLD_SOLID_BREP( 'MRT26P10.16_CNT', #818 );
#308 = PRODUCT( 'MRT26P10.16_DX', 'MRT26P10.16_DX', 'PART-MRT26P10.16_DX-DESC', ( #793 ) );
#311 = ITEM_DEFINED_TRANSFORMATION( '', '', #287, #290 );
#313 = NEXT_ASSEMBLY_USAGE_OCCURRENCE( 'NAUO3', 'MRT26P10.16_DX', 'MRT26P10.16_DX', #286, #314, $ );
#314 = PRODUCT_DEFINITION( 'MRT26P10.16_DX', 'MRT26P10.16_DX', #819, #1 );
#315 = MANIFOLD_SOLID_BREP( 'MRT26P10.16_DX', #820 );
#316 = PRESENTATION_STYLE_ASSIGNMENT( ( #821 ) );
#317 = ADVANCED_FACE( '', ( #822 ), #823, .T. );
#318 = PRESENTATION_STYLE_ASSIGNMENT( ( #824 ) );
#319 = ADVANCED_FACE( '', ( #825 ), #826, .T. );
#320 = PRESENTATION_STYLE_ASSIGNMENT( ( #827 ) );
#321 = ADVANCED_FACE( '', ( #828 ), #829, .T. );
#322 = PRESENTATION_STYLE_ASSIGNMENT( ( #830 ) );
#323 = ADVANCED_FACE( '', ( #831 ), #832, .F. );
#324 = PRESENTATION_STYLE_ASSIGNMENT( ( #833 ) );
#325 = ADVANCED_FACE( '', ( #834 ), #835, .F. );
#326 = PRESENTATION_STYLE_ASSIGNMENT( ( #836 ) );
#327 = ADVANCED_FACE( '', ( #837 ), #838, .T. );
#328 = PRESENTATION_STYLE_ASSIGNMENT( ( #839 ) );
#329 = ADVANCED_FACE( '', ( #840 ), #841, .F. );
#330 = PRESENTATION_STYLE_ASSIGNMENT( ( #842 ) );
#331 = ADVANCED_FACE( '', ( #843 ), #844, .F. );
#332 = PRESENTATION_STYLE_ASSIGNMENT( ( #845 ) );
#333 = ADVANCED_FACE( '', ( #846 ), #847, .T. );
#334 = PRESENTATION_STYLE_ASSIGNMENT( ( #848 ) );
#335 = ADVANCED_FACE( '', ( #849 ), #850, .F. );
#336 = PRESENTATION_STYLE_ASSIGNMENT( ( #851 ) );
#337 = ADVANCED_FACE( '', ( #852 ), #853, .T. );
#338 = PRESENTATION_STYLE_ASSIGNMENT( ( #854 ) );
#339 = ADVANCED_FACE( '', ( #855 ), #856, .F. );
#340 = PRESENTATION_STYLE_ASSIGNMENT( ( #857 ) );
#341 = ADVANCED_FACE( '', ( #858 ), #859, .T. );
#342 = PRESENTATION_STYLE_ASSIGNMENT( ( #860 ) );
#343 = ADVANCED_FACE( '', ( #861 ), #862, .T. );
#344 = PRESENTATION_STYLE_ASSIGNMENT( ( #863 ) );
#345 = ADVANCED_FACE( '', ( #864 ), #865, .T. );
#346 = PRESENTATION_STYLE_ASSIGNMENT( ( #866 ) );
#347 = ADVANCED_FACE( '', ( #867 ), #868, .T. );
#348 = PRESENTATION_STYLE_ASSIGNMENT( ( #869 ) );
#349 = ADVANCED_FACE( '', ( #870 ), #871, .F. );
#350 = PRESENTATION_STYLE_ASSIGNMENT( ( #872 ) );
#351 = ADVANCED_FACE( '', ( #873 ), #874, .T. );
#352 = PRESENTATION_STYLE_ASSIGNMENT( ( #875 ) );
#353 = ADVANCED_FACE( '', ( #876 ), #877, .T. );
#354 = PRESENTATION_STYLE_ASSIGNMENT( ( #878 ) );
#355 = ADVANCED_FACE( '', ( #879 ), #880, .T. );
#356 = PRESENTATION_STYLE_ASSIGNMENT( ( #881 ) );
#357 = ADVANCED_FACE( '', ( #882 ), #883, .T. );
#358 = PRESENTATION_STYLE_ASSIGNMENT( ( #884 ) );
#359 = ADVANCED_FACE( '', ( #885 ), #886, .T. );
#360 = PRESENTATION_STYLE_ASSIGNMENT( ( #887 ) );
#361 = ADVANCED_FACE( '', ( #888 ), #889, .F. );
#362 = PRESENTATION_STYLE_ASSIGNMENT( ( #890 ) );
#363 = ADVANCED_FACE( '', ( #891 ), #892, .F. );
#364 = PRESENTATION_STYLE_ASSIGNMENT( ( #893 ) );
#365 = ADVANCED_FACE( '', ( #894 ), #895, .T. );
#366 = PRESENTATION_STYLE_ASSIGNMENT( ( #896 ) );
#367 = ADVANCED_FACE( '', ( #897 ), #898, .F. );
#368 = PRESENTATION_STYLE_ASSIGNMENT( ( #899 ) );
#369 = ADVANCED_FACE( '', ( #900 ), #901, .T. );
#370 = PRESENTATION_STYLE_ASSIGNMENT( ( #902 ) );
#371 = ADVANCED_FACE( '', ( #903 ), #904, .T. );
#372 = PRESENTATION_STYLE_ASSIGNMENT( ( #905 ) );
#373 = ADVANCED_FACE( '', ( #906 ), #907, .T. );
#374 = PRESENTATION_STYLE_ASSIGNMENT( ( #908 ) );
#375 = ADVANCED_FACE( '', ( #909 ), #910, .T. );
#376 = PRESENTATION_STYLE_ASSIGNMENT( ( #911 ) );
#377 = ADVANCED_FACE( '', ( #912 ), #913, .T. );
#378 = PRESENTATION_STYLE_ASSIGNMENT( ( #914 ) );
#379 = ADVANCED_FACE( '', ( #915 ), #916, .T. );
#380 = PRESENTATION_STYLE_ASSIGNMENT( ( #917 ) );
#381 = ADVANCED_FACE( '', ( #918 ), #919, .F. );
#382 = PRESENTATION_STYLE_ASSIGNMENT( ( #920 ) );
#383 = ADVANCED_FACE( '', ( #921 ), #922, .T. );
#384 = PRESENTATION_STYLE_ASSIGNMENT( ( #923 ) );
#385 = ADVANCED_FACE( '', ( #924 ), #925, .F. );
#386 = PRESENTATION_STYLE_ASSIGNMENT( ( #926 ) );
#387 = ADVANCED_FACE( '', ( #927 ), #928, .T. );
#388 = PRESENTATION_STYLE_ASSIGNMENT( ( #929 ) );
#389 = ADVANCED_FACE( '', ( #930 ), #931, .F. );
#390 = PRESENTATION_STYLE_ASSIGNMENT( ( #932 ) );
#391 = ADVANCED_FACE( '', ( #933 ), #934, .T. );
#392 = PRESENTATION_STYLE_ASSIGNMENT( ( #935 ) );
#393 = ADVANCED_FACE( '', ( #936 ), #937, .F. );
#394 = PRESENTATION_STYLE_ASSIGNMENT( ( #938 ) );
#395 = ADVANCED_FACE( '', ( #939 ), #940, .F. );
#396 = PRESENTATION_STYLE_ASSIGNMENT( ( #941 ) );
#397 = ADVANCED_FACE( '', ( #942 ), #943, .T. );
#398 = PRESENTATION_STYLE_ASSIGNMENT( ( #944 ) );
#399 = ADVANCED_FACE( '', ( #945 ), #946, .F. );
#400 = PRESENTATION_STYLE_ASSIGNMENT( ( #947 ) );
#401 = ADVANCED_FACE( '', ( #948 ), #949, .T. );
#402 = PRESENTATION_STYLE_ASSIGNMENT( ( #950 ) );
#403 = ADVANCED_FACE( '', ( #951 ), #952, .T. );
#404 = PRESENTATION_STYLE_ASSIGNMENT( ( #953 ) );
#405 = ADVANCED_FACE( '', ( #954 ), #955, .F. );
#406 = PRESENTATION_STYLE_ASSIGNMENT( ( #956 ) );
#407 = ADVANCED_FACE( '', ( #957 ), #958, .T. );
#408 = PRESENTATION_STYLE_ASSIGNMENT( ( #959 ) );
#409 = ADVANCED_FACE( '', ( #960 ), #961, .F. );
#410 = PRESENTATION_STYLE_ASSIGNMENT( ( #962 ) );
#411 = ADVANCED_FACE( '', ( #963 ), #964, .T. );
#412 = PRESENTATION_STYLE_ASSIGNMENT( ( #965 ) );
#413 = ADVANCED_FACE( '', ( #966 ), #967, .F. );
#414 = PRESENTATION_STYLE_ASSIGNMENT( ( #968 ) );
#415 = ADVANCED_FACE( '', ( #969 ), #970, .T. );
#416 = PRESENTATION_STYLE_ASSIGNMENT( ( #971 ) );
#417 = ADVANCED_FACE( '', ( #972 ), #973, .F. );
#418 = PRESENTATION_STYLE_ASSIGNMENT( ( #974 ) );
#419 = ADVANCED_FACE( '', ( #975 ), #976, .T. );
#420 = PRESENTATION_STYLE_ASSIGNMENT( ( #977 ) );
#421 = ADVANCED_FACE( '', ( #978 ), #979, .T. );
#422 = PRESENTATION_STYLE_ASSIGNMENT( ( #980 ) );
#423 = ADVANCED_FACE( '', ( #981 ), #982, .F. );
#424 = PRESENTATION_STYLE_ASSIGNMENT( ( #983 ) );
#425 = ADVANCED_FACE( '', ( #984 ), #985, .T. );
#426 = PRESENTATION_STYLE_ASSIGNMENT( ( #986 ) );
#427 = ADVANCED_FACE( '', ( #987 ), #988, .T. );
#428 = PRESENTATION_STYLE_ASSIGNMENT( ( #989 ) );
#429 = ADVANCED_FACE( '', ( #990 ), #991, .T. );
#430 = PRESENTATION_STYLE_ASSIGNMENT( ( #992 ) );
#431 = ADVANCED_FACE( '', ( #993 ), #994, .T. );
#432 = PRESENTATION_STYLE_ASSIGNMENT( ( #995 ) );
#433 = ADVANCED_FACE( '', ( #996 ), #997, .F. );
#434 = PRESENTATION_STYLE_ASSIGNMENT( ( #998 ) );
#435 = ADVANCED_FACE( '', ( #999 ), #1000, .T. );
#436 = PRESENTATION_STYLE_ASSIGNMENT( ( #1001 ) );
#437 = ADVANCED_FACE( '', ( #1002 ), #1003, .T. );
#438 = PRESENTATION_STYLE_ASSIGNMENT( ( #1004 ) );
#439 = ADVANCED_FACE( '', ( #1005 ), #1006, .F. );
#440 = PRESENTATION_STYLE_ASSIGNMENT( ( #1007 ) );
#441 = ADVANCED_FACE( '', ( #1008 ), #1009, .T. );
#442 = PRESENTATION_STYLE_ASSIGNMENT( ( #1010 ) );
#443 = ADVANCED_FACE( '', ( #1011 ), #1012, .T. );
#444 = PRESENTATION_STYLE_ASSIGNMENT( ( #1013 ) );
#445 = ADVANCED_FACE( '', ( #1014 ), #1015, .T. );
#446 = PRESENTATION_STYLE_ASSIGNMENT( ( #1016 ) );
#447 = ADVANCED_FACE( '', ( #1017 ), #1018, .T. );
#448 = PRESENTATION_STYLE_ASSIGNMENT( ( #1019 ) );
#449 = ADVANCED_FACE( '', ( #1020 ), #1021, .T. );
#450 = PRESENTATION_STYLE_ASSIGNMENT( ( #1022 ) );
#451 = ADVANCED_FACE( '', ( #1023 ), #1024, .T. );
#452 = PRESENTATION_STYLE_ASSIGNMENT( ( #1025 ) );
#453 = ADVANCED_FACE( '', ( #1026 ), #1027, .T. );
#454 = PRESENTATION_STYLE_ASSIGNMENT( ( #1028 ) );
#455 = ADVANCED_FACE( '', ( #1029 ), #1030, .F. );
#456 = PRESENTATION_STYLE_ASSIGNMENT( ( #1031 ) );
#457 = ADVANCED_FACE( '', ( #1032 ), #1033, .T. );
#458 = PRESENTATION_STYLE_ASSIGNMENT( ( #1034 ) );
#459 = ADVANCED_FACE( '', ( #1035 ), #1036, .F. );
#460 = PRESENTATION_STYLE_ASSIGNMENT( ( #1037 ) );
#461 = ADVANCED_FACE( '', ( #1038 ), #1039, .F. );
#462 = PRESENTATION_STYLE_ASSIGNMENT( ( #1040 ) );
#463 = ADVANCED_FACE( '', ( #1041 ), #1042, .F. );
#464 = PRESENTATION_STYLE_ASSIGNMENT( ( #1043 ) );
#465 = ADVANCED_FACE( '', ( #1044 ), #1045, .F. );
#466 = PRESENTATION_STYLE_ASSIGNMENT( ( #1046 ) );
#467 = ADVANCED_FACE( '', ( #1047 ), #1048, .T. );
#468 = PRESENTATION_STYLE_ASSIGNMENT( ( #1049 ) );
#469 = ADVANCED_FACE( '', ( #1050 ), #1051, .F. );
#470 = PRESENTATION_STYLE_ASSIGNMENT( ( #1052 ) );
#471 = ADVANCED_FACE( '', ( #1053 ), #1054, .F. );
#472 = PRESENTATION_STYLE_ASSIGNMENT( ( #1055 ) );
#473 = ADVANCED_FACE( '', ( #1056 ), #1057, .F. );
#474 = PRESENTATION_STYLE_ASSIGNMENT( ( #1058 ) );
#475 = ADVANCED_FACE( '', ( #1059 ), #1060, .F. );
#476 = PRESENTATION_STYLE_ASSIGNMENT( ( #1061 ) );
#477 = ADVANCED_FACE( '', ( #1062 ), #1063, .T. );
#478 = PRESENTATION_STYLE_ASSIGNMENT( ( #1064 ) );
#479 = ADVANCED_FACE( '', ( #1065 ), #1066, .F. );
#480 = PRESENTATION_STYLE_ASSIGNMENT( ( #1067 ) );
#481 = ADVANCED_FACE( '', ( #1068 ), #1069, .F. );
#482 = PRESENTATION_STYLE_ASSIGNMENT( ( #1070 ) );
#483 = ADVANCED_FACE( '', ( #1071 ), #1072, .T. );
#484 = PRESENTATION_STYLE_ASSIGNMENT( ( #1073 ) );
#485 = ADVANCED_FACE( '', ( #1074 ), #1075, .F. );
#486 = PRESENTATION_STYLE_ASSIGNMENT( ( #1076 ) );
#487 = ADVANCED_FACE( '', ( #1077 ), #1078, .T. );
#488 = PRESENTATION_STYLE_ASSIGNMENT( ( #1079 ) );
#489 = ADVANCED_FACE( '', ( #1080 ), #1081, .T. );
#490 = PRESENTATION_STYLE_ASSIGNMENT( ( #1082 ) );
#491 = ADVANCED_FACE( '', ( #1083 ), #1084, .T. );
#492 = PRESENTATION_STYLE_ASSIGNMENT( ( #1085 ) );
#493 = ADVANCED_FACE( '', ( #1086 ), #1087, .T. );
#494 = PRESENTATION_STYLE_ASSIGNMENT( ( #1088 ) );
#495 = ADVANCED_FACE( '', ( #1089 ), #1090, .T. );
#496 = PRESENTATION_STYLE_ASSIGNMENT( ( #1091 ) );
#497 = ADVANCED_FACE( '', ( #1092 ), #1093, .T. );
#498 = PRESENTATION_STYLE_ASSIGNMENT( ( #1094 ) );
#499 = ADVANCED_FACE( '', ( #1095 ), #1096, .F. );
#500 = PRESENTATION_STYLE_ASSIGNMENT( ( #1097 ) );
#501 = ADVANCED_FACE( '', ( #1098 ), #1099, .F. );
#502 = PRESENTATION_STYLE_ASSIGNMENT( ( #1100 ) );
#503 = ADVANCED_FACE( '', ( #1101 ), #1102, .F. );
#504 = PRESENTATION_STYLE_ASSIGNMENT( ( #1103 ) );
#505 = ADVANCED_FACE( '', ( #1104 ), #1105, .T. );
#506 = PRESENTATION_STYLE_ASSIGNMENT( ( #1106 ) );
#507 = ADVANCED_FACE( '', ( #1107 ), #1108, .F. );
#508 = PRESENTATION_STYLE_ASSIGNMENT( ( #1109 ) );
#509 = ADVANCED_FACE( '', ( #1110 ), #1111, .F. );
#510 = PRESENTATION_STYLE_ASSIGNMENT( ( #1112 ) );
#511 = ADVANCED_FACE( '', ( #1113 ), #1114, .F. );
#512 = PRESENTATION_STYLE_ASSIGNMENT( ( #1115 ) );
#513 = ADVANCED_FACE( '', ( #1116 ), #1117, .T. );
#514 = PRESENTATION_STYLE_ASSIGNMENT( ( #1118 ) );
#515 = ADVANCED_FACE( '', ( #1119 ), #1120, .F. );
#516 = PRESENTATION_STYLE_ASSIGNMENT( ( #1121 ) );
#517 = ADVANCED_FACE( '', ( #1122 ), #1123, .F. );
#518 = PRESENTATION_STYLE_ASSIGNMENT( ( #1124 ) );
#519 = ADVANCED_FACE( '', ( #1125 ), #1126, .F. );
#520 = PRESENTATION_STYLE_ASSIGNMENT( ( #1127 ) );
#521 = ADVANCED_FACE( '', ( #1128 ), #1129, .F. );
#522 = PRESENTATION_STYLE_ASSIGNMENT( ( #1130 ) );
#523 = ADVANCED_FACE( '', ( #1131 ), #1132, .F. );
#524 = PRESENTATION_STYLE_ASSIGNMENT( ( #1133 ) );
#525 = ADVANCED_FACE( '', ( #1134 ), #1135, .T. );
#526 = PRESENTATION_STYLE_ASSIGNMENT( ( #1136 ) );
#527 = ADVANCED_FACE( '', ( #1137 ), #1138, .T. );
#528 = PRESENTATION_STYLE_ASSIGNMENT( ( #1139 ) );
#529 = ADVANCED_FACE( '', ( #1140 ), #1141, .T. );
#530 = PRESENTATION_STYLE_ASSIGNMENT( ( #1142 ) );
#531 = ADVANCED_FACE( '', ( #1143 ), #1144, .T. );
#532 = PRESENTATION_STYLE_ASSIGNMENT( ( #1145 ) );
#533 = ADVANCED_FACE( '', ( #1146 ), #1147, .T. );
#534 = PRESENTATION_STYLE_ASSIGNMENT( ( #1148 ) );
#535 = ADVANCED_FACE( '', ( #1149 ), #1150, .F. );
#536 = PRESENTATION_STYLE_ASSIGNMENT( ( #1151 ) );
#537 = ADVANCED_FACE( '', ( #1152 ), #1153, .F. );
#538 = PRESENTATION_STYLE_ASSIGNMENT( ( #1154 ) );
#539 = ADVANCED_FACE( '', ( #1155 ), #1156, .F. );
#540 = PRESENTATION_STYLE_ASSIGNMENT( ( #1157 ) );
#541 = ADVANCED_FACE( '', ( #1158 ), #1159, .F. );
#542 = PRESENTATION_STYLE_ASSIGNMENT( ( #1160 ) );
#543 = ADVANCED_FACE( '', ( #1161 ), #1162, .T. );
#544 = PRESENTATION_STYLE_ASSIGNMENT( ( #1163 ) );
#545 = ADVANCED_FACE( '', ( #1164 ), #1165, .T. );
#546 = PRESENTATION_STYLE_ASSIGNMENT( ( #1166 ) );
#547 = ADVANCED_FACE( '', ( #1167 ), #1168, .T. );
#548 = PRESENTATION_STYLE_ASSIGNMENT( ( #1169 ) );
#549 = ADVANCED_FACE( '', ( #1170 ), #1171, .T. );
#550 = PRESENTATION_STYLE_ASSIGNMENT( ( #1172 ) );
#551 = ADVANCED_FACE( '', ( #1173 ), #1174, .F. );
#552 = PRESENTATION_STYLE_ASSIGNMENT( ( #1175 ) );
#553 = ADVANCED_FACE( '', ( #1176 ), #1177, .T. );
#554 = PRESENTATION_STYLE_ASSIGNMENT( ( #1178 ) );
#555 = ADVANCED_FACE( '', ( #1179 ), #1180, .F. );
#556 = PRESENTATION_STYLE_ASSIGNMENT( ( #1181 ) );
#557 = ADVANCED_FACE( '', ( #1182 ), #1183, .F. );
#558 = PRESENTATION_STYLE_ASSIGNMENT( ( #1184 ) );
#559 = ADVANCED_FACE( '', ( #1185 ), #1186, .T. );
#560 = PRESENTATION_STYLE_ASSIGNMENT( ( #1187 ) );
#561 = ADVANCED_FACE( '', ( #1188 ), #1189, .T. );
#562 = PRESENTATION_STYLE_ASSIGNMENT( ( #1190 ) );
#563 = ADVANCED_FACE( '', ( #1191 ), #1192, .T. );
#564 = PRESENTATION_STYLE_ASSIGNMENT( ( #1193 ) );
#565 = ADVANCED_FACE( '', ( #1194 ), #1195, .T. );
#566 = PRESENTATION_STYLE_ASSIGNMENT( ( #1196 ) );
#567 = ADVANCED_FACE( '', ( #1197 ), #1198, .T. );
#568 = PRESENTATION_STYLE_ASSIGNMENT( ( #1199 ) );
#569 = ADVANCED_FACE( '', ( #1200 ), #1201, .F. );
#570 = PRESENTATION_STYLE_ASSIGNMENT( ( #1202 ) );
#571 = ADVANCED_FACE( '', ( #1203 ), #1204, .T. );
#572 = PRESENTATION_STYLE_ASSIGNMENT( ( #1205 ) );
#573 = ADVANCED_FACE( '', ( #1206 ), #1207, .F. );
#574 = PRESENTATION_STYLE_ASSIGNMENT( ( #1208 ) );
#575 = ADVANCED_FACE( '', ( #1209 ), #1210, .T. );
#576 = PRESENTATION_STYLE_ASSIGNMENT( ( #1211 ) );
#577 = ADVANCED_FACE( '', ( #1212 ), #1213, .T. );
#578 = PRESENTATION_STYLE_ASSIGNMENT( ( #1214 ) );
#579 = ADVANCED_FACE( '', ( #1215 ), #1216, .T. );
#580 = PRESENTATION_STYLE_ASSIGNMENT( ( #1217 ) );
#581 = ADVANCED_FACE( '', ( #1218 ), #1219, .F. );
#582 = PRESENTATION_STYLE_ASSIGNMENT( ( #1220 ) );
#583 = ADVANCED_FACE( '', ( #1221 ), #1222, .F. );
#584 = PRESENTATION_STYLE_ASSIGNMENT( ( #1223 ) );
#585 = ADVANCED_FACE( '', ( #1224 ), #1225, .F. );
#586 = PRESENTATION_STYLE_ASSIGNMENT( ( #1226 ) );
#587 = ADVANCED_FACE( '', ( #1227 ), #1228, .T. );
#588 = PRESENTATION_STYLE_ASSIGNMENT( ( #1229 ) );
#589 = ADVANCED_FACE( '', ( #1230 ), #1231, .F. );
#590 = PRESENTATION_STYLE_ASSIGNMENT( ( #1232 ) );
#591 = ADVANCED_FACE( '', ( #1233 ), #1234, .T. );
#592 = PRESENTATION_STYLE_ASSIGNMENT( ( #1235 ) );
#593 = ADVANCED_FACE( '', ( #1236 ), #1237, .F. );
#594 = PRESENTATION_STYLE_ASSIGNMENT( ( #1238 ) );
#595 = ADVANCED_FACE( '', ( #1239 ), #1240, .F. );
#596 = PRESENTATION_STYLE_ASSIGNMENT( ( #1241 ) );
#597 = ADVANCED_FACE( '', ( #1242 ), #1243, .T. );
#598 = PRESENTATION_STYLE_ASSIGNMENT( ( #1244 ) );
#599 = ADVANCED_FACE( '', ( #1245 ), #1246, .T. );
#600 = PRESENTATION_STYLE_ASSIGNMENT( ( #1247 ) );
#601 = ADVANCED_FACE( '', ( #1248 ), #1249, .T. );
#602 = PRESENTATION_STYLE_ASSIGNMENT( ( #1250 ) );
#603 = ADVANCED_FACE( '', ( #1251 ), #1252, .T. );
#604 = PRESENTATION_STYLE_ASSIGNMENT( ( #1253 ) );
#605 = ADVANCED_FACE( '', ( #1254 ), #1255, .T. );
#606 = PRESENTATION_STYLE_ASSIGNMENT( ( #1256 ) );
#607 = ADVANCED_FACE( '', ( #1257 ), #1258, .T. );
#608 = PRESENTATION_STYLE_ASSIGNMENT( ( #1259 ) );
#609 = ADVANCED_FACE( '', ( #1260 ), #1261, .F. );
#610 = PRESENTATION_STYLE_ASSIGNMENT( ( #1262 ) );
#611 = ADVANCED_FACE( '', ( #1263 ), #1264, .F. );
#612 = PRESENTATION_STYLE_ASSIGNMENT( ( #1265 ) );
#613 = ADVANCED_FACE( '', ( #1266 ), #1267, .F. );
#614 = PRESENTATION_STYLE_ASSIGNMENT( ( #1268 ) );
#615 = ADVANCED_FACE( '', ( #1269 ), #1270, .F. );
#616 = PRESENTATION_STYLE_ASSIGNMENT( ( #1271 ) );
#617 = ADVANCED_FACE( '', ( #1272 ), #1273, .F. );
#618 = PRESENTATION_STYLE_ASSIGNMENT( ( #1274 ) );
#619 = ADVANCED_FACE( '', ( #1275 ), #1276, .F. );
#620 = PRESENTATION_STYLE_ASSIGNMENT( ( #1277 ) );
#621 = ADVANCED_FACE( '', ( #1278 ), #1279, .T. );
#622 = PRESENTATION_STYLE_ASSIGNMENT( ( #1280 ) );
#623 = ADVANCED_FACE( '', ( #1281 ), #1282, .F. );
#624 = PRESENTATION_STYLE_ASSIGNMENT( ( #1283 ) );
#625 = ADVANCED_FACE( '', ( #1284 ), #1285, .T. );
#626 = PRESENTATION_STYLE_ASSIGNMENT( ( #1286 ) );
#627 = ADVANCED_FACE( '', ( #1287 ), #1288, .F. );
#628 = PRESENTATION_STYLE_ASSIGNMENT( ( #1289 ) );
#629 = ADVANCED_FACE( '', ( #1290 ), #1291, .F. );
#630 = PRESENTATION_STYLE_ASSIGNMENT( ( #1292 ) );
#631 = ADVANCED_FACE( '', ( #1293 ), #1294, .T. );
#632 = PRESENTATION_STYLE_ASSIGNMENT( ( #1295 ) );
#633 = ADVANCED_FACE( '', ( #1296 ), #1297, .T. );
#634 = PRESENTATION_STYLE_ASSIGNMENT( ( #1298 ) );
#635 = ADVANCED_FACE( '', ( #1299 ), #1300, .T. );
#636 = PRESENTATION_STYLE_ASSIGNMENT( ( #1301 ) );
#637 = ADVANCED_FACE( '', ( #1302 ), #1303, .F. );
#638 = PRESENTATION_STYLE_ASSIGNMENT( ( #1304 ) );
#639 = ADVANCED_FACE( '', ( #1305 ), #1306, .F. );
#640 = PRESENTATION_STYLE_ASSIGNMENT( ( #1307 ) );
#641 = ADVANCED_FACE( '', ( #1308 ), #1309, .T. );
#642 = PRESENTATION_STYLE_ASSIGNMENT( ( #1310 ) );
#643 = ADVANCED_FACE( '', ( #1311 ), #1312, .F. );
#644 = PRESENTATION_STYLE_ASSIGNMENT( ( #1313 ) );
#645 = ADVANCED_FACE( '', ( #1314 ), #1315, .T. );
#646 = PRESENTATION_STYLE_ASSIGNMENT( ( #1316 ) );
#647 = ADVANCED_FACE( '', ( #1317 ), #1318, .F. );
#648 = PRESENTATION_STYLE_ASSIGNMENT( ( #1319 ) );
#649 = ADVANCED_FACE( '', ( #1320 ), #1321, .T. );
#650 = PRESENTATION_STYLE_ASSIGNMENT( ( #1322 ) );
#651 = ADVANCED_FACE( '', ( #1323, #1324, #1325 ), #1326, .T. );
#652 = PRESENTATION_STYLE_ASSIGNMENT( ( #1327 ) );
#653 = ADVANCED_FACE( '', ( #1328 ), #1329, .F. );
#654 = PRESENTATION_STYLE_ASSIGNMENT( ( #1330 ) );
#655 = ADVANCED_FACE( '', ( #1331 ), #1332, .F. );
#656 = PRESENTATION_STYLE_ASSIGNMENT( ( #1333 ) );
#657 = ADVANCED_FACE( '', ( #1334 ), #1335, .F. );
#658 = PRESENTATION_STYLE_ASSIGNMENT( ( #1336 ) );
#659 = ADVANCED_FACE( '', ( #1337 ), #1338, .F. );
#660 = PRESENTATION_STYLE_ASSIGNMENT( ( #1339 ) );
#661 = ADVANCED_FACE( '', ( #1340 ), #1341, .F. );
#662 = PRESENTATION_STYLE_ASSIGNMENT( ( #1342 ) );
#663 = ADVANCED_FACE( '', ( #1343 ), #1344, .T. );
#664 = PRESENTATION_STYLE_ASSIGNMENT( ( #1345 ) );
#665 = ADVANCED_FACE( '', ( #1346 ), #1347, .T. );
#666 = PRESENTATION_STYLE_ASSIGNMENT( ( #1348 ) );
#667 = ADVANCED_FACE( '', ( #1349 ), #1350, .T. );
#668 = PRESENTATION_STYLE_ASSIGNMENT( ( #1351 ) );
#669 = ADVANCED_FACE( '', ( #1352 ), #1353, .T. );
#670 = PRESENTATION_STYLE_ASSIGNMENT( ( #1354 ) );
#671 = ADVANCED_FACE( '', ( #1355 ), #1356, .F. );
#672 = PRESENTATION_STYLE_ASSIGNMENT( ( #1357 ) );
#673 = ADVANCED_FACE( '', ( #1358 ), #1359, .F. );
#674 = PRESENTATION_STYLE_ASSIGNMENT( ( #1360 ) );
#675 = ADVANCED_FACE( '', ( #1361 ), #1362, .F. );
#676 = PRESENTATION_STYLE_ASSIGNMENT( ( #1363 ) );
#677 = ADVANCED_FACE( '', ( #1364 ), #1365, .F. );
#678 = PRESENTATION_STYLE_ASSIGNMENT( ( #1366 ) );
#679 = ADVANCED_FACE( '', ( #1367 ), #1368, .T. );
#680 = PRESENTATION_STYLE_ASSIGNMENT( ( #1369 ) );
#681 = ADVANCED_FACE( '', ( #1370 ), #1371, .F. );
#682 = PRESENTATION_STYLE_ASSIGNMENT( ( #1372 ) );
#683 = ADVANCED_FACE( '', ( #1373 ), #1374, .F. );
#684 = PRESENTATION_STYLE_ASSIGNMENT( ( #1375 ) );
#685 = ADVANCED_FACE( '', ( #1376 ), #1377, .F. );
#686 = PRESENTATION_STYLE_ASSIGNMENT( ( #1378 ) );
#687 = ADVANCED_FACE( '', ( #1379 ), #1380, .F. );
#688 = PRESENTATION_STYLE_ASSIGNMENT( ( #1381 ) );
#689 = ADVANCED_FACE( '', ( #1382 ), #1383, .T. );
#690 = PRESENTATION_STYLE_ASSIGNMENT( ( #1384 ) );
#691 = ADVANCED_FACE( '', ( #1385 ), #1386, .T. );
#692 = PRESENTATION_STYLE_ASSIGNMENT( ( #1387 ) );
#693 = ADVANCED_FACE( '', ( #1388, #1389, #1390 ), #1391, .F. );
#694 = PRESENTATION_STYLE_ASSIGNMENT( ( #1392 ) );
#695 = ADVANCED_FACE( '', ( #1393 ), #1394, .T. );
#696 = PRESENTATION_STYLE_ASSIGNMENT( ( #1395 ) );
#697 = ADVANCED_FACE( '', ( #1396 ), #1397, .F. );
#698 = PRESENTATION_STYLE_ASSIGNMENT( ( #1398 ) );
#699 = ADVANCED_FACE( '', ( #1399 ), #1400, .F. );
#700 = PRESENTATION_STYLE_ASSIGNMENT( ( #1401 ) );
#701 = ADVANCED_FACE( '', ( #1402 ), #1403, .T. );
#702 = PRESENTATION_STYLE_ASSIGNMENT( ( #1404 ) );
#703 = ADVANCED_FACE( '', ( #1405 ), #1406, .T. );
#704 = PRESENTATION_STYLE_ASSIGNMENT( ( #1407 ) );
#705 = ADVANCED_FACE( '', ( #1408 ), #1409, .T. );
#706 = PRESENTATION_STYLE_ASSIGNMENT( ( #1410 ) );
#707 = ADVANCED_FACE( '', ( #1411 ), #1412, .T. );
#708 = PRESENTATION_STYLE_ASSIGNMENT( ( #1413 ) );
#709 = ADVANCED_FACE( '', ( #1414 ), #1415, .F. );
#710 = PRESENTATION_STYLE_ASSIGNMENT( ( #1416 ) );
#711 = ADVANCED_FACE( '', ( #1417 ), #1418, .T. );
#712 = PRESENTATION_STYLE_ASSIGNMENT( ( #1419 ) );
#713 = ADVANCED_FACE( '', ( #1420 ), #1421, .T. );
#714 = PRESENTATION_STYLE_ASSIGNMENT( ( #1422 ) );
#715 = ADVANCED_FACE( '', ( #1423 ), #1424, .F. );
#716 = PRESENTATION_STYLE_ASSIGNMENT( ( #1425 ) );
#717 = ADVANCED_FACE( '', ( #1426 ), #1427, .F. );
#718 = PRESENTATION_STYLE_ASSIGNMENT( ( #1428 ) );
#719 = ADVANCED_FACE( '', ( #1429 ), #1430, .F. );
#720 = PRESENTATION_STYLE_ASSIGNMENT( ( #1431 ) );
#721 = ADVANCED_FACE( '', ( #1432 ), #1433, .T. );
#722 = PRESENTATION_STYLE_ASSIGNMENT( ( #1434 ) );
#723 = ADVANCED_FACE( '', ( #1435 ), #1436, .T. );
#724 = PRESENTATION_STYLE_ASSIGNMENT( ( #1437 ) );
#725 = ADVANCED_FACE( '', ( #1438 ), #1439, .F. );
#726 = PRESENTATION_STYLE_ASSIGNMENT( ( #1440 ) );
#727 = ADVANCED_FACE( '', ( #1441 ), #1442, .T. );
#728 = PRESENTATION_STYLE_ASSIGNMENT( ( #1443 ) );
#729 = ADVANCED_FACE( '', ( #1444 ), #1445, .F. );
#730 = PRESENTATION_STYLE_ASSIGNMENT( ( #1446 ) );
#731 = ADVANCED_FACE( '', ( #1447 ), #1448, .F. );
#732 = PRESENTATION_STYLE_ASSIGNMENT( ( #1449 ) );
#733 = ADVANCED_FACE( '', ( #1450 ), #1451, .T. );
#734 = PRESENTATION_STYLE_ASSIGNMENT( ( #1452 ) );
#735 = ADVANCED_FACE( '', ( #1453 ), #1454, .F. );
#736 = PRESENTATION_STYLE_ASSIGNMENT( ( #1455 ) );
#737 = ADVANCED_FACE( '', ( #1456 ), #1457, .T. );
#738 = PRESENTATION_STYLE_ASSIGNMENT( ( #1458 ) );
#739 = ADVANCED_FACE( '', ( #1459 ), #1460, .T. );
#740 = PRESENTATION_STYLE_ASSIGNMENT( ( #1461 ) );
#741 = ADVANCED_FACE( '', ( #1462 ), #1463, .F. );
#742 = PRESENTATION_STYLE_ASSIGNMENT( ( #1464 ) );
#743 = ADVANCED_FACE( '', ( #1465 ), #1466, .T. );
#744 = PRESENTATION_STYLE_ASSIGNMENT( ( #1467 ) );
#745 = ADVANCED_FACE( '', ( #1468 ), #1469, .T. );
#746 = PRESENTATION_STYLE_ASSIGNMENT( ( #1470 ) );
#747 = ADVANCED_FACE( '', ( #1471 ), #1472, .F. );
#748 = PRESENTATION_STYLE_ASSIGNMENT( ( #1473 ) );
#749 = ADVANCED_FACE( '', ( #1474 ), #1475, .T. );
#750 = PRESENTATION_STYLE_ASSIGNMENT( ( #1476 ) );
#751 = ADVANCED_FACE( '', ( #1477 ), #1478, .T. );
#752 = PRESENTATION_STYLE_ASSIGNMENT( ( #1479 ) );
#753 = ADVANCED_FACE( '', ( #1480 ), #1481, .F. );
#754 = PRESENTATION_STYLE_ASSIGNMENT( ( #1482 ) );
#755 = ADVANCED_FACE( '', ( #1483 ), #1484, .F. );
#756 = PRESENTATION_STYLE_ASSIGNMENT( ( #1485 ) );
#757 = ADVANCED_FACE( '', ( #1486 ), #1487, .F. );
#758 = PRESENTATION_STYLE_ASSIGNMENT( ( #1488 ) );
#759 = ADVANCED_FACE( '', ( #1489 ), #1490, .F. );
#760 = PRESENTATION_STYLE_ASSIGNMENT( ( #1491 ) );
#761 = ADVANCED_FACE( '', ( #1492 ), #1493, .T. );
#762 = PRESENTATION_STYLE_ASSIGNMENT( ( #1494 ) );
#763 = ADVANCED_FACE( '', ( #1495 ), #1496, .F. );
#764 = PRESENTATION_STYLE_ASSIGNMENT( ( #1497 ) );
#765 = ADVANCED_FACE( '', ( #1498 ), #1499, .T. );
#766 = PRESENTATION_STYLE_ASSIGNMENT( ( #1500 ) );
#767 = ADVANCED_FACE( '', ( #1501 ), #1502, .T. );
#768 = PRESENTATION_STYLE_ASSIGNMENT( ( #1503 ) );
#769 = ADVANCED_FACE( '', ( #1504 ), #1505, .T. );
#770 = PRESENTATION_STYLE_ASSIGNMENT( ( #1506 ) );
#771 = ADVANCED_FACE( '', ( #1507 ), #1508, .T. );
#772 = PRESENTATION_STYLE_ASSIGNMENT( ( #1509 ) );
#773 = ADVANCED_FACE( '', ( #1510 ), #1511, .T. );
#774 = PRESENTATION_STYLE_ASSIGNMENT( ( #1512 ) );
#775 = ADVANCED_FACE( '', ( #1513 ), #1514, .T. );
#776 = PRESENTATION_STYLE_ASSIGNMENT( ( #1515 ) );
#777 = ADVANCED_FACE( '', ( #1516 ), #1517, .T. );
#778 = PRESENTATION_STYLE_ASSIGNMENT( ( #1518 ) );
#779 = ADVANCED_FACE( '', ( #1519 ), #1520, .T. );
#782 = LENGTH_MEASURE_WITH_UNIT( LENGTH_MEASURE( 1.00000000000000 ), #1521 );
#785 = DIMENSIONAL_EXPONENTS( 1.00000000000000, 0.000000000000000, 0.000000000000000, 0.000000000000000, 0.000000000000000, 0.000000000000000, 0.000000000000000 );
#787 = DIMENSIONAL_EXPONENTS( 0.000000000000000, 0.000000000000000, 0.000000000000000, 0.000000000000000, 0.000000000000000, 0.000000000000000, 0.000000000000000 );
#793 = PRODUCT_CONTEXT( '', #22, 'mechanical' );
#794 = PRODUCT_DEFINITION_FORMATION_WITH_SPECIFIED_SOURCE( ' ', 'NONE', #285, .NOT_KNOWN. );
#795 = CARTESIAN_POINT( '', ( 0.000000000000000, 0.000000000000000, 0.000000000000000 ) );
#796 = DIRECTION( '', ( 0.000000000000000, 0.000000000000000, 1.00000000000000 ) );
#797 = DIRECTION( '', ( 1.00000000000000, 0.000000000000000, 0.000000000000000 ) );
#798 = CARTESIAN_POINT( '', ( 0.000000000000000, 0.000000000000000, 0.000000000000000 ) );
#799 = DIRECTION( '', ( 0.000000000000000, 0.000000000000000, 1.00000000000000 ) );
#800 = DIRECTION( '', ( 1.00000000000000, 0.000000000000000, 0.000000000000000 ) );
#801 = CARTESIAN_POINT( '', ( 5.08000000000000, -6.93889390390723E-015, 5.99357636930211E-015 ) );
#802 = DIRECTION( '', ( 0.000000000000000, 0.000000000000000, 1.00000000000000 ) );
#803 = DIRECTION( '', ( 1.00000000000000, 0.000000000000000, 0.000000000000000 ) );
#804 = CARTESIAN_POINT( '', ( 15.2400000000000, -2.42861286636753E-014, -2.27697187205439E-014 ) );
#805 = DIRECTION( '', ( 0.000000000000000, 0.000000000000000, 1.00000000000000 ) );
#806 = DIRECTION( '', ( 1.00000000000000, 0.000000000000000, 0.000000000000000 ) );
#809 = UNCERTAINTY_MEASURE_WITH_UNIT( LENGTH_MEASURE( 0.00100000000000000 ), #811, '', '' );
#811 =  ( CONVERSION_BASED_UNIT( 'MILLIMETRE', #1524 )LENGTH_UNIT(  )NAMED_UNIT( #1527 ) );
#812 =  ( NAMED_UNIT( #1529 )PLANE_ANGLE_UNIT(  )SI_UNIT( $, .RADIAN. ) );
#813 =  ( NAMED_UNIT( #1529 )SI_UNIT( $, .STERADIAN. )SOLID_ANGLE_UNIT(  ) );
#815 = PRODUCT_DEFINITION_FORMATION_WITH_SPECIFIED_SOURCE( ' ', 'NONE', #292, .NOT_KNOWN. );
#816 = CLOSED_SHELL( '', ( #433, #599, #353, #603, #753, #653, #523, #459, #461, #537, #355, #453, #645, #773, #605, #475, #549, #735, #525, #721, #455, #683, #395, #381, #473, #703, #527, #759, #577, #717, #655, #727, #647, #763, #539, #705, #707, #729, #601, #679, #667, #357, #745, #337, #701, #675, #673, #467, #749, #687, #411, #585, #403, #431, #733, #469, #575, #629 ) );
#817 = PRODUCT_DEFINITION_FORMATION_WITH_SPECIFIED_SOURCE( ' ', 'NONE', #300, .NOT_KNOWN. );
#818 = CLOSED_SHELL( '', ( #515, #391, #737, #661, #419, #681, #559, #711, #511, #385, #379, #439, #409, #489, #695, #457, #421, #765, #755, #477, #697, #495, #423, #611, #465, #479, #633, #449, #503, #327, #657, #333, #685, #713, #519, #555, #669, #369, #771, #499, #481, #493, #435, #415, #401, #387, #371, #533, #731, #531, #393, #639, #501, #543, #517, #665, #743, #767, #521, #635, #757, #615, #677, #319, #587, #581, #761, #593, #417, #325, #623, #627, #463, #553, #719, #579, #723, #331, #779, #359, #425, #443, #427, #407, #659, #487, #715, #483, #347, #363, #397, #399, #571, #583, #699, #529, #335, #569, #497, #595, #413, #651, #775, #625, #445, #547, #725, #671, #663, #341 ) );
#819 = PRODUCT_DEFINITION_FORMATION_WITH_SPECIFIED_SOURCE( ' ', 'NONE', #308, .NOT_KNOWN. );
#820 = CLOSED_SHELL( '', ( #491, #349, #429, #589, #437, #741, #617, #567, #485, #747, #689, #509, #451, #613, #389, #777, #545, #751, #609, #563, #709, #637, #597, #769, #631, #329, #377, #691, #607, #573, #365, #447, #535, #551, #693, #317, #513, #641, #591, #441, #557, #561, #649, #361, #739, #323, #471, #321, #619, #505, #541, #375, #345, #507, #339, #405, #643, #343, #351, #383, #621, #373, #367, #565 ) );
#821 = SURFACE_STYLE_USAGE( .BOTH., #1535 );
#822 = FACE_OUTER_BOUND( '', #1536, .T. );
#823 = PLANE( '', #1537 );
#824 = SURFACE_STYLE_USAGE( .BOTH., #1538 );
#825 = FACE_OUTER_BOUND( '', #1539, .T. );
#826 = PLANE( '', #1540 );
#827 = SURFACE_STYLE_USAGE( .BOTH., #1541 );
#828 = FACE_OUTER_BOUND( '', #1542, .T. );
#829 = PLANE( '', #1543 );
#830 = SURFACE_STYLE_USAGE( .BOTH., #1544 );
#831 = FACE_OUTER_BOUND( '', #1545, .T. );
#832 = CYLINDRICAL_SURFACE( '', #1546, 0.200000000000000 );
#833 = SURFACE_STYLE_USAGE( .BOTH., #1547 );
#834 = FACE_OUTER_BOUND( '', #1548, .T. );
#835 = PLANE( '', #1549 );
#836 = SURFACE_STYLE_USAGE( .BOTH., #1550 );
#837 = FACE_OUTER_BOUND( '', #1551, .T. );
#838 = PLANE( '', #1552 );
#839 = SURFACE_STYLE_USAGE( .BOTH., #1553 );
#840 = FACE_OUTER_BOUND( '', #1554, .T. );
#841 = PLANE( '', #1555 );
#842 = SURFACE_STYLE_USAGE( .BOTH., #1556 );
#843 = FACE_OUTER_BOUND( '', #1557, .T. );
#844 = CYLINDRICAL_SURFACE( '', #1558, 3.70000000000000 );
#845 = SURFACE_STYLE_USAGE( .BOTH., #1559 );
#846 = FACE_OUTER_BOUND( '', #1560, .T. );
#847 = PLANE( '', #1561 );
#848 = SURFACE_STYLE_USAGE( .BOTH., #1562 );
#849 = FACE_OUTER_BOUND( '', #1563, .T. );
#850 = CYLINDRICAL_SURFACE( '', #1564, 0.200000000000000 );
#851 = SURFACE_STYLE_USAGE( .BOTH., #1565 );
#852 = FACE_OUTER_BOUND( '', #1566, .T. );
#853 = CYLINDRICAL_SURFACE( '', #1567, 0.400000000000000 );
#854 = SURFACE_STYLE_USAGE( .BOTH., #1568 );
#855 = FACE_OUTER_BOUND( '', #1569, .T. );
#856 = PLANE( '', #1570 );
#857 = SURFACE_STYLE_USAGE( .BOTH., #1571 );
#858 = FACE_OUTER_BOUND( '', #1572, .T. );
#859 = PLANE( '', #1573 );
#860 = SURFACE_STYLE_USAGE( .BOTH., #1574 );
#861 = FACE_OUTER_BOUND( '', #1575, .T. );
#862 = CYLINDRICAL_SURFACE( '', #1576, 0.400000000000000 );
#863 = SURFACE_STYLE_USAGE( .BOTH., #1577 );
#864 = FACE_OUTER_BOUND( '', #1578, .T. );
#865 = PLANE( '', #1579 );
#866 = SURFACE_STYLE_USAGE( .BOTH., #1580 );
#867 = FACE_OUTER_BOUND( '', #1581, .T. );
#868 = CYLINDRICAL_SURFACE( '', #1582, 0.400000000000000 );
#869 = SURFACE_STYLE_USAGE( .BOTH., #1583 );
#870 = FACE_OUTER_BOUND( '', #1584, .T. );
#871 = PLANE( '', #1585 );
#872 = SURFACE_STYLE_USAGE( .BOTH., #1586 );
#873 = FACE_OUTER_BOUND( '', #1587, .T. );
#874 = PLANE( '', #1588 );
#875 = SURFACE_STYLE_USAGE( .BOTH., #1589 );
#876 = FACE_OUTER_BOUND( '', #1590, .T. );
#877 = PLANE( '', #1591 );
#878 = SURFACE_STYLE_USAGE( .BOTH., #1592 );
#879 = FACE_OUTER_BOUND( '', #1593, .T. );
#880 = PLANE( '', #1594 );
#881 = SURFACE_STYLE_USAGE( .BOTH., #1595 );
#882 = FACE_OUTER_BOUND( '', #1596, .T. );
#883 = CYLINDRICAL_SURFACE( '', #1597, 0.400000000000000 );
#884 = SURFACE_STYLE_USAGE( .BOTH., #1598 );
#885 = FACE_OUTER_BOUND( '', #1599, .T. );
#886 = PLANE( '', #1600 );
#887 = SURFACE_STYLE_USAGE( .BOTH., #1601 );
#888 = FACE_OUTER_BOUND( '', #1602, .T. );
#889 = PLANE( '', #1603 );
#890 = SURFACE_STYLE_USAGE( .BOTH., #1604 );
#891 = FACE_OUTER_BOUND( '', #1605, .T. );
#892 = PLANE( '', #1606 );
#893 = SURFACE_STYLE_USAGE( .BOTH., #1607 );
#894 = FACE_OUTER_BOUND( '', #1608, .T. );
#895 = PLANE( '', #1609 );
#896 = SURFACE_STYLE_USAGE( .BOTH., #1610 );
#897 = FACE_OUTER_BOUND( '', #1611, .T. );
#898 = PLANE( '', #1612 );
#899 = SURFACE_STYLE_USAGE( .BOTH., #1613 );
#900 = FACE_OUTER_BOUND( '', #1614, .T. );
#901 = PLANE( '', #1615 );
#902 = SURFACE_STYLE_USAGE( .BOTH., #1616 );
#903 = FACE_OUTER_BOUND( '', #1617, .T. );
#904 = CYLINDRICAL_SURFACE( '', #1618, 0.400000000000000 );
#905 = SURFACE_STYLE_USAGE( .BOTH., #1619 );
#906 = FACE_OUTER_BOUND( '', #1620, .T. );
#907 = PLANE( '', #1621 );
#908 = SURFACE_STYLE_USAGE( .BOTH., #1622 );
#909 = FACE_OUTER_BOUND( '', #1623, .T. );
#910 = PLANE( '', #1624 );
#911 = SURFACE_STYLE_USAGE( .BOTH., #1625 );
#912 = FACE_OUTER_BOUND( '', #1626, .T. );
#913 = PLANE( '', #1627 );
#914 = SURFACE_STYLE_USAGE( .BOTH., #1628 );
#915 = FACE_OUTER_BOUND( '', #1629, .T. );
#916 = PLANE( '', #1630 );
#917 = SURFACE_STYLE_USAGE( .BOTH., #1631 );
#918 = FACE_OUTER_BOUND( '', #1632, .T. );
#919 = PLANE( '', #1633 );
#920 = SURFACE_STYLE_USAGE( .BOTH., #1634 );
#921 = FACE_OUTER_BOUND( '', #1635, .T. );
#922 = PLANE( '', #1636 );
#923 = SURFACE_STYLE_USAGE( .BOTH., #1637 );
#924 = FACE_OUTER_BOUND( '', #1638, .T. );
#925 = PLANE( '', #1639 );
#926 = SURFACE_STYLE_USAGE( .BOTH., #1640 );
#927 = FACE_OUTER_BOUND( '', #1641, .T. );
#928 = PLANE( '', #1642 );
#929 = SURFACE_STYLE_USAGE( .BOTH., #1643 );
#930 = FACE_OUTER_BOUND( '', #1644, .T. );
#931 = PLANE( '', #1645 );
#932 = SURFACE_STYLE_USAGE( .BOTH., #1646 );
#933 = FACE_OUTER_BOUND( '', #1647, .T. );
#934 = CYLINDRICAL_SURFACE( '', #1648, 0.400000000000000 );
#935 = SURFACE_STYLE_USAGE( .BOTH., #1649 );
#936 = FACE_OUTER_BOUND( '', #1650, .T. );
#937 = PLANE( '', #1651 );
#938 = SURFACE_STYLE_USAGE( .BOTH., #1652 );
#939 = FACE_OUTER_BOUND( '', #1653, .T. );
#940 = PLANE( '', #1654 );
#941 = SURFACE_STYLE_USAGE( .BOTH., #1655 );
#942 = FACE_OUTER_BOUND( '', #1656, .T. );
#943 = CYLINDRICAL_SURFACE( '', #1657, 0.400000000000000 );
#944 = SURFACE_STYLE_USAGE( .BOTH., #1658 );
#945 = FACE_OUTER_BOUND( '', #1659, .T. );
#946 = PLANE( '', #1660 );
#947 = SURFACE_STYLE_USAGE( .BOTH., #1661 );
#948 = FACE_OUTER_BOUND( '', #1662, .T. );
#949 = CYLINDRICAL_SURFACE( '', #1663, 0.400000000000000 );
#950 = SURFACE_STYLE_USAGE( .BOTH., #1664 );
#951 = FACE_OUTER_BOUND( '', #1665, .T. );
#952 = PLANE( '', #1666 );
#953 = SURFACE_STYLE_USAGE( .BOTH., #1667 );
#954 = FACE_OUTER_BOUND( '', #1668, .T. );
#955 = PLANE( '', #1669 );
#956 = SURFACE_STYLE_USAGE( .BOTH., #1670 );
#957 = FACE_OUTER_BOUND( '', #1671, .T. );
#958 = PLANE( '', #1672 );
#959 = SURFACE_STYLE_USAGE( .BOTH., #1673 );
#960 = FACE_OUTER_BOUND( '', #1674, .T. );
#961 = PLANE( '', #1675 );
#962 = SURFACE_STYLE_USAGE( .BOTH., #1676 );
#963 = FACE_OUTER_BOUND( '', #1677, .T. );
#964 = PLANE( '', #1678 );
#965 = SURFACE_STYLE_USAGE( .BOTH., #1679 );
#966 = FACE_OUTER_BOUND( '', #1680, .T. );
#967 = PLANE( '', #1681 );
#968 = SURFACE_STYLE_USAGE( .BOTH., #1682 );
#969 = FACE_OUTER_BOUND( '', #1683, .T. );
#970 = PLANE( '', #1684 );
#971 = SURFACE_STYLE_USAGE( .BOTH., #1685 );
#972 = FACE_OUTER_BOUND( '', #1686, .T. );
#973 = PLANE( '', #1687 );
#974 = SURFACE_STYLE_USAGE( .BOTH., #1688 );
#975 = FACE_OUTER_BOUND( '', #1689, .T. );
#976 = CYLINDRICAL_SURFACE( '', #1690, 0.600000000000000 );
#977 = SURFACE_STYLE_USAGE( .BOTH., #1691 );
#978 = FACE_OUTER_BOUND( '', #1692, .T. );
#979 = PLANE( '', #1693 );
#980 = SURFACE_STYLE_USAGE( .BOTH., #1694 );
#981 = FACE_OUTER_BOUND( '', #1695, .T. );
#982 = PLANE( '', #1696 );
#983 = SURFACE_STYLE_USAGE( .BOTH., #1697 );
#984 = FACE_OUTER_BOUND( '', #1698, .T. );
#985 = PLANE( '', #1699 );
#986 = SURFACE_STYLE_USAGE( .BOTH., #1700 );
#987 = FACE_OUTER_BOUND( '', #1701, .T. );
#988 = PLANE( '', #1702 );
#989 = SURFACE_STYLE_USAGE( .BOTH., #1703 );
#990 = FACE_OUTER_BOUND( '', #1704, .T. );
#991 = PLANE( '', #1705 );
#992 = SURFACE_STYLE_USAGE( .BOTH., #1706 );
#993 = FACE_OUTER_BOUND( '', #1707, .T. );
#994 = PLANE( '', #1708 );
#995 = SURFACE_STYLE_USAGE( .BOTH., #1709 );
#996 = FACE_OUTER_BOUND( '', #1710, .T. );
#997 = PLANE( '', #1711 );
#998 = SURFACE_STYLE_USAGE( .BOTH., #1712 );
#999 = FACE_OUTER_BOUND( '', #1713, .T. );
#1000 = CYLINDRICAL_SURFACE( '', #1714, 0.400000000000000 );
#1001 = SURFACE_STYLE_USAGE( .BOTH., #1715 );
#1002 = FACE_OUTER_BOUND( '', #1716, .T. );
#1003 = CYLINDRICAL_SURFACE( '', #1717, 0.600000000000000 );
#1004 = SURFACE_STYLE_USAGE( .BOTH., #1718 );
#1005 = FACE_OUTER_BOUND( '', #1719, .T. );
#1006 = PLANE( '', #1720 );
#1007 = SURFACE_STYLE_USAGE( .BOTH., #1721 );
#1008 = FACE_OUTER_BOUND( '', #1722, .T. );
#1009 = PLANE( '', #1723 );
#1010 = SURFACE_STYLE_USAGE( .BOTH., #1724 );
#1011 = FACE_OUTER_BOUND( '', #1725, .T. );
#1012 = PLANE( '', #1726 );
#1013 = SURFACE_STYLE_USAGE( .BOTH., #1727 );
#1014 = FACE_OUTER_BOUND( '', #1728, .T. );
#1015 = PLANE( '', #1729 );
#1016 = SURFACE_STYLE_USAGE( .BOTH., #1730 );
#1017 = FACE_OUTER_BOUND( '', #1731, .T. );
#1018 = PLANE( '', #1732 );
#1019 = SURFACE_STYLE_USAGE( .BOTH., #1733 );
#1020 = FACE_OUTER_BOUND( '', #1734, .T. );
#1021 = PLANE( '', #1735 );
#1022 = SURFACE_STYLE_USAGE( .BOTH., #1736 );
#1023 = FACE_OUTER_BOUND( '', #1737, .T. );
#1024 = CYLINDRICAL_SURFACE( '', #1738, 0.600000000000000 );
#1025 = SURFACE_STYLE_USAGE( .BOTH., #1739 );
#1026 = FACE_OUTER_BOUND( '', #1740, .T. );
#1027 = PLANE( '', #1741 );
#1028 = SURFACE_STYLE_USAGE( .BOTH., #1742 );
#1029 = FACE_OUTER_BOUND( '', #1743, .T. );
#1030 = PLANE( '', #1744 );
#1031 = SURFACE_STYLE_USAGE( .BOTH., #1745 );
#1032 = FACE_OUTER_BOUND( '', #1746, .T. );
#1033 = PLANE( '', #1747 );
#1034 = SURFACE_STYLE_USAGE( .BOTH., #1748 );
#1035 = FACE_OUTER_BOUND( '', #1749, .T. );
#1036 = PLANE( '', #1750 );
#1037 = SURFACE_STYLE_USAGE( .BOTH., #1751 );
#1038 = FACE_OUTER_BOUND( '', #1752, .T. );
#1039 = PLANE( '', #1753 );
#1040 = SURFACE_STYLE_USAGE( .BOTH., #1754 );
#1041 = FACE_OUTER_BOUND( '', #1755, .T. );
#1042 = PLANE( '', #1756 );
#1043 = SURFACE_STYLE_USAGE( .BOTH., #1757 );
#1044 = FACE_OUTER_BOUND( '', #1758, .T. );
#1045 = PLANE( '', #1759 );
#1046 = SURFACE_STYLE_USAGE( .BOTH., #1760 );
#1047 = FACE_OUTER_BOUND( '', #1761, .T. );
#1048 = PLANE( '', #1762 );
#1049 = SURFACE_STYLE_USAGE( .BOTH., #1763 );
#1050 = FACE_OUTER_BOUND( '', #1764, .T. );
#1051 = PLANE( '', #1765 );
#1052 = SURFACE_STYLE_USAGE( .BOTH., #1766 );
#1053 = FACE_OUTER_BOUND( '', #1767, .T. );
#1054 = CYLINDRICAL_SURFACE( '', #1768, 0.200000000000000 );
#1055 = SURFACE_STYLE_USAGE( .BOTH., #1769 );
#1056 = FACE_OUTER_BOUND( '', #1770, .T. );
#1057 = PLANE( '', #1771 );
#1058 = SURFACE_STYLE_USAGE( .BOTH., #1772 );
#1059 = FACE_OUTER_BOUND( '', #1773, .T. );
#1060 = PLANE( '', #1774 );
#1061 = SURFACE_STYLE_USAGE( .BOTH., #1775 );
#1062 = FACE_OUTER_BOUND( '', #1776, .T. );
#1063 = PLANE( '', #1777 );
#1064 = SURFACE_STYLE_USAGE( .BOTH., #1778 );
#1065 = FACE_OUTER_BOUND( '', #1779, .T. );
#1066 = PLANE( '', #1780 );
#1067 = SURFACE_STYLE_USAGE( .BOTH., #1781 );
#1068 = FACE_OUTER_BOUND( '', #1782, .T. );
#1069 = PLANE( '', #1783 );
#1070 = SURFACE_STYLE_USAGE( .BOTH., #1784 );
#1071 = FACE_OUTER_BOUND( '', #1785, .T. );
#1072 = PLANE( '', #1786 );
#1073 = SURFACE_STYLE_USAGE( .BOTH., #1787 );
#1074 = FACE_OUTER_BOUND( '', #1788, .T. );
#1075 = PLANE( '', #1789 );
#1076 = SURFACE_STYLE_USAGE( .BOTH., #1790 );
#1077 = FACE_OUTER_BOUND( '', #1791, .T. );
#1078 = CYLINDRICAL_SURFACE( '', #1792, 0.600000000000000 );
#1079 = SURFACE_STYLE_USAGE( .BOTH., #1793 );
#1080 = FACE_OUTER_BOUND( '', #1794, .T. );
#1081 = PLANE( '', #1795 );
#1082 = SURFACE_STYLE_USAGE( .BOTH., #1796 );
#1083 = FACE_OUTER_BOUND( '', #1797, .T. );
#1084 = PLANE( '', #1798 );
#1085 = SURFACE_STYLE_USAGE( .BOTH., #1799 );
#1086 = FACE_OUTER_BOUND( '', #1800, .T. );
#1087 = CYLINDRICAL_SURFACE( '', #1801, 0.600000000000000 );
#1088 = SURFACE_STYLE_USAGE( .BOTH., #1802 );
#1089 = FACE_OUTER_BOUND( '', #1803, .T. );
#1090 = PLANE( '', #1804 );
#1091 = SURFACE_STYLE_USAGE( .BOTH., #1805 );
#1092 = FACE_OUTER_BOUND( '', #1806, .T. );
#1093 = PLANE( '', #1807 );
#1094 = SURFACE_STYLE_USAGE( .BOTH., #1808 );
#1095 = FACE_OUTER_BOUND( '', #1809, .T. );
#1096 = PLANE( '', #1810 );
#1097 = SURFACE_STYLE_USAGE( .BOTH., #1811 );
#1098 = FACE_OUTER_BOUND( '', #1812, .T. );
#1099 = PLANE( '', #1813 );
#1100 = SURFACE_STYLE_USAGE( .BOTH., #1814 );
#1101 = FACE_OUTER_BOUND( '', #1815, .T. );
#1102 = PLANE( '', #1816 );
#1103 = SURFACE_STYLE_USAGE( .BOTH., #1817 );
#1104 = FACE_OUTER_BOUND( '', #1818, .T. );
#1105 = CYLINDRICAL_SURFACE( '', #1819, 0.400000000000000 );
#1106 = SURFACE_STYLE_USAGE( .BOTH., #1820 );
#1107 = FACE_OUTER_BOUND( '', #1821, .T. );
#1108 = PLANE( '', #1822 );
#1109 = SURFACE_STYLE_USAGE( .BOTH., #1823 );
#1110 = FACE_OUTER_BOUND( '', #1824, .T. );
#1111 = PLANE( '', #1825 );
#1112 = SURFACE_STYLE_USAGE( .BOTH., #1826 );
#1113 = FACE_OUTER_BOUND( '', #1827, .T. );
#1114 = PLANE( '', #1828 );
#1115 = SURFACE_STYLE_USAGE( .BOTH., #1829 );
#1116 = FACE_OUTER_BOUND( '', #1830, .T. );
#1117 = PLANE( '', #1831 );
#1118 = SURFACE_STYLE_USAGE( .BOTH., #1832 );
#1119 = FACE_OUTER_BOUND( '', #1833, .T. );
#1120 = PLANE( '', #1834 );
#1121 = SURFACE_STYLE_USAGE( .BOTH., #1835 );
#1122 = FACE_OUTER_BOUND( '', #1836, .T. );
#1123 = PLANE( '', #1837 );
#1124 = SURFACE_STYLE_USAGE( .BOTH., #1838 );
#1125 = FACE_OUTER_BOUND( '', #1839, .T. );
#1126 = PLANE( '', #1840 );
#1127 = SURFACE_STYLE_USAGE( .BOTH., #1841 );
#1128 = FACE_OUTER_BOUND( '', #1842, .T. );
#1129 = PLANE( '', #1843 );
#1130 = SURFACE_STYLE_USAGE( .BOTH., #1844 );
#1131 = FACE_OUTER_BOUND( '', #1845, .T. );
#1132 = PLANE( '', #1846 );
#1133 = SURFACE_STYLE_USAGE( .BOTH., #1847 );
#1134 = FACE_OUTER_BOUND( '', #1848, .T. );
#1135 = PLANE( '', #1849 );
#1136 = SURFACE_STYLE_USAGE( .BOTH., #1850 );
#1137 = FACE_OUTER_BOUND( '', #1851, .T. );
#1138 = PLANE( '', #1852 );
#1139 = SURFACE_STYLE_USAGE( .BOTH., #1853 );
#1140 = FACE_OUTER_BOUND( '', #1854, .T. );
#1141 = CYLINDRICAL_SURFACE( '', #1855, 2.35074787290000 );
#1142 = SURFACE_STYLE_USAGE( .BOTH., #1856 );
#1143 = FACE_OUTER_BOUND( '', #1857, .T. );
#1144 = CYLINDRICAL_SURFACE( '', #1858, 0.600000000000000 );
#1145 = SURFACE_STYLE_USAGE( .BOTH., #1859 );
#1146 = FACE_OUTER_BOUND( '', #1860, .T. );
#1147 = PLANE( '', #1861 );
#1148 = SURFACE_STYLE_USAGE( .BOTH., #1862 );
#1149 = FACE_OUTER_BOUND( '', #1863, .T. );
#1150 = PLANE( '', #1864 );
#1151 = SURFACE_STYLE_USAGE( .BOTH., #1865 );
#1152 = FACE_OUTER_BOUND( '', #1866, .T. );
#1153 = CYLINDRICAL_SURFACE( '', #1867, 3.70000000000000 );
#1154 = SURFACE_STYLE_USAGE( .BOTH., #1868 );
#1155 = FACE_OUTER_BOUND( '', #1869, .T. );
#1156 = PLANE( '', #1870 );
#1157 = SURFACE_STYLE_USAGE( .BOTH., #1871 );
#1158 = FACE_OUTER_BOUND( '', #1872, .T. );
#1159 = CYLINDRICAL_SURFACE( '', #1873, 0.200000000000000 );
#1160 = SURFACE_STYLE_USAGE( .BOTH., #1874 );
#1161 = FACE_OUTER_BOUND( '', #1875, .T. );
#1162 = CYLINDRICAL_SURFACE( '', #1876, 0.400000000000000 );
#1163 = SURFACE_STYLE_USAGE( .BOTH., #1877 );
#1164 = FACE_OUTER_BOUND( '', #1878, .T. );
#1165 = PLANE( '', #1879 );
#1166 = SURFACE_STYLE_USAGE( .BOTH., #1880 );
#1167 = FACE_OUTER_BOUND( '', #1881, .T. );
#1168 = PLANE( '', #1882 );
#1169 = SURFACE_STYLE_USAGE( .BOTH., #1883 );
#1170 = FACE_OUTER_BOUND( '', #1884, .T. );
#1171 = PLANE( '', #1885 );
#1172 = SURFACE_STYLE_USAGE( .BOTH., #1886 );
#1173 = FACE_OUTER_BOUND( '', #1887, .T. );
#1174 = PLANE( '', #1888 );
#1175 = SURFACE_STYLE_USAGE( .BOTH., #1889 );
#1176 = FACE_OUTER_BOUND( '', #1890, .T. );
#1177 = PLANE( '', #1891 );
#1178 = SURFACE_STYLE_USAGE( .BOTH., #1892 );
#1179 = FACE_OUTER_BOUND( '', #1893, .T. );
#1180 = PLANE( '', #1894 );
#1181 = SURFACE_STYLE_USAGE( .BOTH., #1895 );
#1182 = FACE_OUTER_BOUND( '', #1896, .T. );
#1183 = PLANE( '', #1897 );
#1184 = SURFACE_STYLE_USAGE( .BOTH., #1898 );
#1185 = FACE_OUTER_BOUND( '', #1899, .T. );
#1186 = PLANE( '', #1900 );
#1187 = SURFACE_STYLE_USAGE( .BOTH., #1901 );
#1188 = FACE_OUTER_BOUND( '', #1902, .T. );
#1189 = PLANE( '', #1903 );
#1190 = SURFACE_STYLE_USAGE( .BOTH., #1904 );
#1191 = FACE_OUTER_BOUND( '', #1905, .T. );
#1192 = PLANE( '', #1906 );
#1193 = SURFACE_STYLE_USAGE( .BOTH., #1907 );
#1194 = FACE_OUTER_BOUND( '', #1908, .T. );
#1195 = PLANE( '', #1909 );
#1196 = SURFACE_STYLE_USAGE( .BOTH., #1910 );
#1197 = FACE_OUTER_BOUND( '', #1911, .T. );
#1198 = CYLINDRICAL_SURFACE( '', #1912, 0.400000000000000 );
#1199 = SURFACE_STYLE_USAGE( .BOTH., #1913 );
#1200 = FACE_OUTER_BOUND( '', #1914, .T. );
#1201 = CYLINDRICAL_SURFACE( '', #1915, 0.200000000000000 );
#1202 = SURFACE_STYLE_USAGE( .BOTH., #1916 );
#1203 = FACE_OUTER_BOUND( '', #1917, .T. );
#1204 = PLANE( '', #1918 );
#1205 = SURFACE_STYLE_USAGE( .BOTH., #1919 );
#1206 = FACE_OUTER_BOUND( '', #1920, .T. );
#1207 = PLANE( '', #1921 );
#1208 = SURFACE_STYLE_USAGE( .BOTH., #1922 );
#1209 = FACE_OUTER_BOUND( '', #1923, .T. );
#1210 = PLANE( '', #1924 );
#1211 = SURFACE_STYLE_USAGE( .BOTH., #1925 );
#1212 = FACE_OUTER_BOUND( '', #1926, .T. );
#1213 = PLANE( '', #1927 );
#1214 = SURFACE_STYLE_USAGE( .BOTH., #1928 );
#1215 = FACE_OUTER_BOUND( '', #1929, .T. );
#1216 = PLANE( '', #1930 );
#1217 = SURFACE_STYLE_USAGE( .BOTH., #1931 );
#1218 = FACE_OUTER_BOUND( '', #1932, .T. );
#1219 = CYLINDRICAL_SURFACE( '', #1933, 3.70000000000000 );
#1220 = SURFACE_STYLE_USAGE( .BOTH., #1934 );
#1221 = FACE_OUTER_BOUND( '', #1935, .T. );
#1222 = PLANE( '', #1936 );
#1223 = SURFACE_STYLE_USAGE( .BOTH., #1937 );
#1224 = FACE_OUTER_BOUND( '', #1938, .T. );
#1225 = PLANE( '', #1939 );
#1226 = SURFACE_STYLE_USAGE( .BOTH., #1940 );
#1227 = FACE_OUTER_BOUND( '', #1941, .T. );
#1228 = PLANE( '', #1942 );
#1229 = SURFACE_STYLE_USAGE( .BOTH., #1943 );
#1230 = FACE_OUTER_BOUND( '', #1944, .T. );
#1231 = PLANE( '', #1945 );
#1232 = SURFACE_STYLE_USAGE( .BOTH., #1946 );
#1233 = FACE_OUTER_BOUND( '', #1947, .T. );
#1234 = PLANE( '', #1948 );
#1235 = SURFACE_STYLE_USAGE( .BOTH., #1949 );
#1236 = FACE_OUTER_BOUND( '', #1950, .T. );
#1237 = PLANE( '', #1951 );
#1238 = SURFACE_STYLE_USAGE( .BOTH., #1952 );
#1239 = FACE_OUTER_BOUND( '', #1953, .T. );
#1240 = CYLINDRICAL_SURFACE( '', #1954, 0.200000000000000 );
#1241 = SURFACE_STYLE_USAGE( .BOTH., #1955 );
#1242 = FACE_OUTER_BOUND( '', #1956, .T. );
#1243 = PLANE( '', #1957 );
#1244 = SURFACE_STYLE_USAGE( .BOTH., #1958 );
#1245 = FACE_OUTER_BOUND( '', #1959, .T. );
#1246 = PLANE( '', #1960 );
#1247 = SURFACE_STYLE_USAGE( .BOTH., #1961 );
#1248 = FACE_OUTER_BOUND( '', #1962, .T. );
#1249 = CYLINDRICAL_SURFACE( '', #1963, 0.600000000000000 );
#1250 = SURFACE_STYLE_USAGE( .BOTH., #1964 );
#1251 = FACE_OUTER_BOUND( '', #1965, .T. );
#1252 = PLANE( '', #1966 );
#1253 = SURFACE_STYLE_USAGE( .BOTH., #1967 );
#1254 = FACE_OUTER_BOUND( '', #1968, .T. );
#1255 = PLANE( '', #1969 );
#1256 = SURFACE_STYLE_USAGE( .BOTH., #1970 );
#1257 = FACE_OUTER_BOUND( '', #1971, .T. );
#1258 = PLANE( '', #1972 );
#1259 = SURFACE_STYLE_USAGE( .BOTH., #1973 );
#1260 = FACE_OUTER_BOUND( '', #1974, .T. );
#1261 = PLANE( '', #1975 );
#1262 = SURFACE_STYLE_USAGE( .BOTH., #1976 );
#1263 = FACE_OUTER_BOUND( '', #1977, .T. );
#1264 = PLANE( '', #1978 );
#1265 = SURFACE_STYLE_USAGE( .BOTH., #1979 );
#1266 = FACE_OUTER_BOUND( '', #1980, .T. );
#1267 = CYLINDRICAL_SURFACE( '', #1981, 3.70000000000000 );
#1268 = SURFACE_STYLE_USAGE( .BOTH., #1982 );
#1269 = FACE_OUTER_BOUND( '', #1983, .T. );
#1270 = PLANE( '', #1984 );
#1271 = SURFACE_STYLE_USAGE( .BOTH., #1985 );
#1272 = FACE_OUTER_BOUND( '', #1986, .T. );
#1273 = PLANE( '', #1987 );
#1274 = SURFACE_STYLE_USAGE( .BOTH., #1988 );
#1275 = FACE_OUTER_BOUND( '', #1989, .T. );
#1276 = PLANE( '', #1990 );
#1277 = SURFACE_STYLE_USAGE( .BOTH., #1991 );
#1278 = FACE_OUTER_BOUND( '', #1992, .T. );
#1279 = CYLINDRICAL_SURFACE( '', #1993, 0.400000000000000 );
#1280 = SURFACE_STYLE_USAGE( .BOTH., #1994 );
#1281 = FACE_OUTER_BOUND( '', #1995, .T. );
#1282 = PLANE( '', #1996 );
#1283 = SURFACE_STYLE_USAGE( .BOTH., #1997 );
#1284 = FACE_OUTER_BOUND( '', #1998, .T. );
#1285 = PLANE( '', #1999 );
#1286 = SURFACE_STYLE_USAGE( .BOTH., #2000 );
#1287 = FACE_OUTER_BOUND( '', #2001, .T. );
#1288 = PLANE( '', #2002 );
#1289 = SURFACE_STYLE_USAGE( .BOTH., #2003 );
#1290 = FACE_OUTER_BOUND( '', #2004, .T. );
#1291 = PLANE( '', #2005 );
#1292 = SURFACE_STYLE_USAGE( .BOTH., #2006 );
#1293 = FACE_OUTER_BOUND( '', #2007, .T. );
#1294 = PLANE( '', #2008 );
#1295 = SURFACE_STYLE_USAGE( .BOTH., #2009 );
#1296 = FACE_OUTER_BOUND( '', #2010, .T. );
#1297 = PLANE( '', #2011 );
#1298 = SURFACE_STYLE_USAGE( .BOTH., #2012 );
#1299 = FACE_OUTER_BOUND( '', #2013, .T. );
#1300 = PLANE( '', #2014 );
#1301 = SURFACE_STYLE_USAGE( .BOTH., #2015 );
#1302 = FACE_OUTER_BOUND( '', #2016, .T. );
#1303 = PLANE( '', #2017 );
#1304 = SURFACE_STYLE_USAGE( .BOTH., #2018 );
#1305 = FACE_OUTER_BOUND( '', #2019, .T. );
#1306 = PLANE( '', #2020 );
#1307 = SURFACE_STYLE_USAGE( .BOTH., #2021 );
#1308 = FACE_OUTER_BOUND( '', #2022, .T. );
#1309 = PLANE( '', #2023 );
#1310 = SURFACE_STYLE_USAGE( .BOTH., #2024 );
#1311 = FACE_OUTER_BOUND( '', #2025, .T. );
#1312 = PLANE( '', #2026 );
#1313 = SURFACE_STYLE_USAGE( .BOTH., #2027 );
#1314 = FACE_OUTER_BOUND( '', #2028, .T. );
#1315 = PLANE( '', #2029 );
#1316 = SURFACE_STYLE_USAGE( .BOTH., #2030 );
#1317 = FACE_OUTER_BOUND( '', #2031, .T. );
#1318 = PLANE( '', #2032 );
#1319 = SURFACE_STYLE_USAGE( .BOTH., #2033 );
#1320 = FACE_OUTER_BOUND( '', #2034, .T. );
#1321 = PLANE( '', #2035 );
#1322 = SURFACE_STYLE_USAGE( .BOTH., #2036 );
#1323 = FACE_BOUND( '', #2037, .T. );
#1324 = FACE_BOUND( '', #2038, .T. );
#1325 = FACE_OUTER_BOUND( '', #2039, .T. );
#1326 = PLANE( '', #2040 );
#1327 = SURFACE_STYLE_USAGE( .BOTH., #2041 );
#1328 = FACE_OUTER_BOUND( '', #2042, .T. );
#1329 = PLANE( '', #2043 );
#1330 = SURFACE_STYLE_USAGE( .BOTH., #2044 );
#1331 = FACE_OUTER_BOUND( '', #2045, .T. );
#1332 = PLANE( '', #2046 );
#1333 = SURFACE_STYLE_USAGE( .BOTH., #2047 );
#1334 = FACE_OUTER_BOUND( '', #2048, .T. );
#1335 = PLANE( '', #2049 );
#1336 = SURFACE_STYLE_USAGE( .BOTH., #2050 );
#1337 = FACE_OUTER_BOUND( '', #2051, .T. );
#1338 = PLANE( '', #2052 );
#1339 = SURFACE_STYLE_USAGE( .BOTH., #2053 );
#1340 = FACE_OUTER_BOUND( '', #2054, .T. );
#1341 = PLANE( '', #2055 );
#1342 = SURFACE_STYLE_USAGE( .BOTH., #2056 );
#1343 = FACE_OUTER_BOUND( '', #2057, .T. );
#1344 = PLANE( '', #2058 );
#1345 = SURFACE_STYLE_USAGE( .BOTH., #2059 );
#1346 = FACE_OUTER_BOUND( '', #2060, .T. );
#1347 = PLANE( '', #2061 );
#1348 = SURFACE_STYLE_USAGE( .BOTH., #2062 );
#1349 = FACE_OUTER_BOUND( '', #2063, .T. );
#1350 = PLANE( '', #2064 );
#1351 = SURFACE_STYLE_USAGE( .BOTH., #2065 );
#1352 = FACE_OUTER_BOUND( '', #2066, .T. );
#1353 = PLANE( '', #2067 );
#1354 = SURFACE_STYLE_USAGE( .BOTH., #2068 );
#1355 = FACE_OUTER_BOUND( '', #2069, .T. );
#1356 = PLANE( '', #2070 );
#1357 = SURFACE_STYLE_USAGE( .BOTH., #2071 );
#1358 = FACE_OUTER_BOUND( '', #2072, .T. );
#1359 = PLANE( '', #2073 );
#1360 = SURFACE_STYLE_USAGE( .BOTH., #2074 );
#1361 = FACE_OUTER_BOUND( '', #2075, .T. );
#1362 = PLANE( '', #2076 );
#1363 = SURFACE_STYLE_USAGE( .BOTH., #2077 );
#1364 = FACE_OUTER_BOUND( '', #2078, .T. );
#1365 = PLANE( '', #2079 );
#1366 = SURFACE_STYLE_USAGE( .BOTH., #2080 );
#1367 = FACE_OUTER_BOUND( '', #2081, .T. );
#1368 = CYLINDRICAL_SURFACE( '', #2082, 0.400000000000000 );
#1369 = SURFACE_STYLE_USAGE( .BOTH., #2083 );
#1370 = FACE_OUTER_BOUND( '', #2084, .T. );
#1371 = PLANE( '', #2085 );
#1372 = SURFACE_STYLE_USAGE( .BOTH., #2086 );
#1373 = FACE_OUTER_BOUND( '', #2087, .T. );
#1374 = PLANE( '', #2088 );
#1375 = SURFACE_STYLE_USAGE( .BOTH., #2089 );
#1376 = FACE_OUTER_BOUND( '', #2090, .T. );
#1377 = PLANE( '', #2091 );
#1378 = SURFACE_STYLE_USAGE( .BOTH., #2092 );
#1379 = FACE_OUTER_BOUND( '', #2093, .T. );
#1380 = PLANE( '', #2094 );
#1381 = SURFACE_STYLE_USAGE( .BOTH., #2095 );
#1382 = FACE_OUTER_BOUND( '', #2096, .T. );
#1383 = PLANE( '', #2097 );
#1384 = SURFACE_STYLE_USAGE( .BOTH., #2098 );
#1385 = FACE_OUTER_BOUND( '', #2099, .T. );
#1386 = PLANE( '', #2100 );
#1387 = SURFACE_STYLE_USAGE( .BOTH., #2101 );
#1388 = FACE_BOUND( '', #2102, .T. );
#1389 = FACE_BOUND( '', #2103, .T. );
#1390 = FACE_OUTER_BOUND( '', #2104, .T. );
#1391 = PLANE( '', #2105 );
#1392 = SURFACE_STYLE_USAGE( .BOTH., #2106 );
#1393 = FACE_OUTER_BOUND( '', #2107, .T. );
#1394 = PLANE( '', #2108 );
#1395 = SURFACE_STYLE_USAGE( .BOTH., #2109 );
#1396 = FACE_OUTER_BOUND( '', #2110, .T. );
#1397 = PLANE( '', #2111 );
#1398 = SURFACE_STYLE_USAGE( .BOTH., #2112 );
#1399 = FACE_OUTER_BOUND( '', #2113, .T. );
#1400 = PLANE( '', #2114 );
#1401 = SURFACE_STYLE_USAGE( .BOTH., #2115 );
#1402 = FACE_OUTER_BOUND( '', #2116, .T. );
#1403 = CYLINDRICAL_SURFACE( '', #2117, 0.600000000000000 );
#1404 = SURFACE_STYLE_USAGE( .BOTH., #2118 );
#1405 = FACE_OUTER_BOUND( '', #2119, .T. );
#1406 = PLANE( '', #2120 );
#1407 = SURFACE_STYLE_USAGE( .BOTH., #2121 );
#1408 = FACE_OUTER_BOUND( '', #2122, .T. );
#1409 = CYLINDRICAL_SURFACE( '', #2123, 0.400000000000000 );
#1410 = SURFACE_STYLE_USAGE( .BOTH., #2124 );
#1411 = FACE_OUTER_BOUND( '', #2125, .T. );
#1412 = PLANE( '', #2126 );
#1413 = SURFACE_STYLE_USAGE( .BOTH., #2127 );
#1414 = FACE_OUTER_BOUND( '', #2128, .T. );
#1415 = PLANE( '', #2129 );
#1416 = SURFACE_STYLE_USAGE( .BOTH., #2130 );
#1417 = FACE_OUTER_BOUND( '', #2131, .T. );
#1418 = PLANE( '', #2132 );
#1419 = SURFACE_STYLE_USAGE( .BOTH., #2133 );
#1420 = FACE_OUTER_BOUND( '', #2134, .T. );
#1421 = PLANE( '', #2135 );
#1422 = SURFACE_STYLE_USAGE( .BOTH., #2136 );
#1423 = FACE_OUTER_BOUND( '', #2137, .T. );
#1424 = PLANE( '', #2138 );
#1425 = SURFACE_STYLE_USAGE( .BOTH., #2139 );
#1426 = FACE_OUTER_BOUND( '', #2140, .T. );
#1427 = PLANE( '', #2141 );
#1428 = SURFACE_STYLE_USAGE( .BOTH., #2142 );
#1429 = FACE_OUTER_BOUND( '', #2143, .T. );
#1430 = PLANE( '', #2144 );
#1431 = SURFACE_STYLE_USAGE( .BOTH., #2145 );
#1432 = FACE_OUTER_BOUND( '', #2146, .T. );
#1433 = PLANE( '', #2147 );
#1434 = SURFACE_STYLE_USAGE( .BOTH., #2148 );
#1435 = FACE_OUTER_BOUND( '', #2149, .T. );
#1436 = PLANE( '', #2150 );
#1437 = SURFACE_STYLE_USAGE( .BOTH., #2151 );
#1438 = FACE_OUTER_BOUND( '', #2152, .T. );
#1439 = PLANE( '', #2153 );
#1440 = SURFACE_STYLE_USAGE( .BOTH., #2154 );
#1441 = FACE_OUTER_BOUND( '', #2155, .T. );
#1442 = PLANE( '', #2156 );
#1443 = SURFACE_STYLE_USAGE( .BOTH., #2157 );
#1444 = FACE_OUTER_BOUND( '', #2158, .T. );
#1445 = PLANE( '', #2159 );
#1446 = SURFACE_STYLE_USAGE( .BOTH., #2160 );
#1447 = FACE_OUTER_BOUND( '', #2161, .T. );
#1448 = PLANE( '', #2162 );
#1449 = SURFACE_STYLE_USAGE( .BOTH., #2163 );
#1450 = FACE_OUTER_BOUND( '', #2164, .T. );
#1451 = PLANE( '', #2165 );
#1452 = SURFACE_STYLE_USAGE( .BOTH., #2166 );
#1453 = FACE_OUTER_BOUND( '', #2167, .T. );
#1454 = PLANE( '', #2168 );
#1455 = SURFACE_STYLE_USAGE( .BOTH., #2169 );
#1456 = FACE_OUTER_BOUND( '', #2170, .T. );
#1457 = CYLINDRICAL_SURFACE( '', #2171, 0.400000000000000 );
#1458 = SURFACE_STYLE_USAGE( .BOTH., #2172 );
#1459 = FACE_OUTER_BOUND( '', #2173, .T. );
#1460 = CYLINDRICAL_SURFACE( '', #2174, 2.35074787290000 );
#1461 = SURFACE_STYLE_USAGE( .BOTH., #2175 );
#1462 = FACE_OUTER_BOUND( '', #2176, .T. );
#1463 = PLANE( '', #2177 );
#1464 = SURFACE_STYLE_USAGE( .BOTH., #2178 );
#1465 = FACE_OUTER_BOUND( '', #2179, .T. );
#1466 = PLANE( '', #2180 );
#1467 = SURFACE_STYLE_USAGE( .BOTH., #2181 );
#1468 = FACE_OUTER_BOUND( '', #2182, .T. );
#1469 = PLANE( '', #2183 );
#1470 = SURFACE_STYLE_USAGE( .BOTH., #2184 );
#1471 = FACE_OUTER_BOUND( '', #2185, .T. );
#1472 = PLANE( '', #2186 );
#1473 = SURFACE_STYLE_USAGE( .BOTH., #2187 );
#1474 = FACE_OUTER_BOUND( '', #2188, .T. );
#1475 = PLANE( '', #2189 );
#1476 = SURFACE_STYLE_USAGE( .BOTH., #2190 );
#1477 = FACE_OUTER_BOUND( '', #2191, .T. );
#1478 = PLANE( '', #2192 );
#1479 = SURFACE_STYLE_USAGE( .BOTH., #2193 );
#1480 = FACE_OUTER_BOUND( '', #2194, .T. );
#1481 = PLANE( '', #2195 );
#1482 = SURFACE_STYLE_USAGE( .BOTH., #2196 );
#1483 = FACE_OUTER_BOUND( '', #2197, .T. );
#1484 = PLANE( '', #2198 );
#1485 = SURFACE_STYLE_USAGE( .BOTH., #2199 );
#1486 = FACE_OUTER_BOUND( '', #2200, .T. );
#1487 = PLANE( '', #2201 );
#1488 = SURFACE_STYLE_USAGE( .BOTH., #2202 );
#1489 = FACE_OUTER_BOUND( '', #2203, .T. );
#1490 = PLANE( '', #2204 );
#1491 = SURFACE_STYLE_USAGE( .BOTH., #2205 );
#1492 = FACE_OUTER_BOUND( '', #2206, .T. );
#1493 = PLANE( '', #2207 );
#1494 = SURFACE_STYLE_USAGE( .BOTH., #2208 );
#1495 = FACE_OUTER_BOUND( '', #2209, .T. );
#1496 = PLANE( '', #2210 );
#1497 = SURFACE_STYLE_USAGE( .BOTH., #2211 );
#1498 = FACE_OUTER_BOUND( '', #2212, .T. );
#1499 = PLANE( '', #2213 );
#1500 = SURFACE_STYLE_USAGE( .BOTH., #2214 );
#1501 = FACE_OUTER_BOUND( '', #2215, .T. );
#1502 = PLANE( '', #2216 );
#1503 = SURFACE_STYLE_USAGE( .BOTH., #2217 );
#1504 = FACE_OUTER_BOUND( '', #2218, .T. );
#1505 = PLANE( '', #2219 );
#1506 = SURFACE_STYLE_USAGE( .BOTH., #2220 );
#1507 = FACE_OUTER_BOUND( '', #2221, .T. );
#1508 = PLANE( '', #2222 );
#1509 = SURFACE_STYLE_USAGE( .BOTH., #2223 );
#1510 = FACE_OUTER_BOUND( '', #2224, .T. );
#1511 = PLANE( '', #2225 );
#1512 = SURFACE_STYLE_USAGE( .BOTH., #2226 );
#1513 = FACE_OUTER_BOUND( '', #2227, .T. );
#1514 = PLANE( '', #2228 );
#1515 = SURFACE_STYLE_USAGE( .BOTH., #2229 );
#1516 = FACE_OUTER_BOUND( '', #2230, .T. );
#1517 = PLANE( '', #2231 );
#1518 = SURFACE_STYLE_USAGE( .BOTH., #2232 );
#1519 = FACE_OUTER_BOUND( '', #2233, .T. );
#1520 = PLANE( '', #2234 );
#1521 =  ( LENGTH_UNIT(  )NAMED_UNIT( #785 )SI_UNIT( .MILLI., .METRE. ) );
#1524 = LENGTH_MEASURE_WITH_UNIT( LENGTH_MEASURE( 1.00000000000000 ), #2236 );
#1527 = DIMENSIONAL_EXPONENTS( 1.00000000000000, 0.000000000000000, 0.000000000000000, 0.000000000000000, 0.000000000000000, 0.000000000000000, 0.000000000000000 );
#1529 = DIMENSIONAL_EXPONENTS( 0.000000000000000, 0.000000000000000, 0.000000000000000, 0.000000000000000, 0.000000000000000, 0.000000000000000, 0.000000000000000 );
#1535 = SURFACE_SIDE_STYLE( '', ( #2237 ) );
#1536 = EDGE_LOOP( '', ( #2238, #2239, #2240, #2241, #2242, #2243, #2244, #2245 ) );
#1537 = AXIS2_PLACEMENT_3D( '', #2246, #2247, #2248 );
#1538 = SURFACE_SIDE_STYLE( '', ( #2249 ) );
#1539 = EDGE_LOOP( '', ( #2250, #2251, #2252, #2253 ) );
#1540 = AXIS2_PLACEMENT_3D( '', #2254, #2255, #2256 );
#1541 = SURFACE_SIDE_STYLE( '', ( #2257 ) );
#1542 = EDGE_LOOP( '', ( #2258, #2259, #2260, #2261 ) );
#1543 = AXIS2_PLACEMENT_3D( '', #2262, #2263, #2264 );
#1544 = SURFACE_SIDE_STYLE( '', ( #2265 ) );
#1545 = EDGE_LOOP( '', ( #2266, #2267, #2268, #2269 ) );
#1546 = AXIS2_PLACEMENT_3D( '', #2270, #2271, #2272 );
#1547 = SURFACE_SIDE_STYLE( '', ( #2273 ) );
#1548 = EDGE_LOOP( '', ( #2274, #2275, #2276, #2277 ) );
#1549 = AXIS2_PLACEMENT_3D( '', #2278, #2279, #2280 );
#1550 = SURFACE_SIDE_STYLE( '', ( #2281 ) );
#1551 = EDGE_LOOP( '', ( #2282, #2283, #2284, #2285, #2286, #2287, #2288, #2289 ) );
#1552 = AXIS2_PLACEMENT_3D( '', #2290, #2291, #2292 );
#1553 = SURFACE_SIDE_STYLE( '', ( #2293 ) );
#1554 = EDGE_LOOP( '', ( #2294, #2295, #2296, #2297 ) );
#1555 = AXIS2_PLACEMENT_3D( '', #2298, #2299, #2300 );
#1556 = SURFACE_SIDE_STYLE( '', ( #2301 ) );
#1557 = EDGE_LOOP( '', ( #2302, #2303, #2304, #2305, #2306, #2307, #2308, #2309 ) );
#1558 = AXIS2_PLACEMENT_3D( '', #2310, #2311, #2312 );
#1559 = SURFACE_SIDE_STYLE( '', ( #2313 ) );
#1560 = EDGE_LOOP( '', ( #2314, #2315, #2316, #2317 ) );
#1561 = AXIS2_PLACEMENT_3D( '', #2318, #2319, #2320 );
#1562 = SURFACE_SIDE_STYLE( '', ( #2321 ) );
#1563 = EDGE_LOOP( '', ( #2322, #2323, #2324, #2325 ) );
#1564 = AXIS2_PLACEMENT_3D( '', #2326, #2327, #2328 );
#1565 = SURFACE_SIDE_STYLE( '', ( #2329 ) );
#1566 = EDGE_LOOP( '', ( #2330, #2331, #2332, #2333, #2334 ) );
#1567 = AXIS2_PLACEMENT_3D( '', #2335, #2336, #2337 );
#1568 = SURFACE_SIDE_STYLE( '', ( #2338 ) );
#1569 = EDGE_LOOP( '', ( #2339, #2340, #2341, #2342 ) );
#1570 = AXIS2_PLACEMENT_3D( '', #2343, #2344, #2345 );
#1571 = SURFACE_SIDE_STYLE( '', ( #2346 ) );
#1572 = EDGE_LOOP( '', ( #2347, #2348, #2349, #2350, #2351, #2352, #2353, #2354 ) );
#1573 = AXIS2_PLACEMENT_3D( '', #2355, #2356, #2357 );
#1574 = SURFACE_SIDE_STYLE( '', ( #2358 ) );
#1575 = EDGE_LOOP( '', ( #2359, #2360, #2361, #2362, #2363 ) );
#1576 = AXIS2_PLACEMENT_3D( '', #2364, #2365, #2366 );
#1577 = SURFACE_SIDE_STYLE( '', ( #2367 ) );
#1578 = EDGE_LOOP( '', ( #2368, #2369, #2370, #2371, #2372, #2373 ) );
#1579 = AXIS2_PLACEMENT_3D( '', #2374, #2375, #2376 );
#1580 = SURFACE_SIDE_STYLE( '', ( #2377 ) );
#1581 = EDGE_LOOP( '', ( #2378, #2379, #2380, #2381, #2382 ) );
#1582 = AXIS2_PLACEMENT_3D( '', #2383, #2384, #2385 );
#1583 = SURFACE_SIDE_STYLE( '', ( #2386 ) );
#1584 = EDGE_LOOP( '', ( #2387, #2388, #2389, #2390, #2391, #2392 ) );
#1585 = AXIS2_PLACEMENT_3D( '', #2393, #2394, #2395 );
#1586 = SURFACE_SIDE_STYLE( '', ( #2396 ) );
#1587 = EDGE_LOOP( '', ( #2397, #2398, #2399, #2400, #2401 ) );
#1588 = AXIS2_PLACEMENT_3D( '', #2402, #2403, #2404 );
#1589 = SURFACE_SIDE_STYLE( '', ( #2405 ) );
#1590 = EDGE_LOOP( '', ( #2406, #2407, #2408, #2409 ) );
#1591 = AXIS2_PLACEMENT_3D( '', #2410, #2411, #2412 );
#1592 = SURFACE_SIDE_STYLE( '', ( #2413 ) );
#1593 = EDGE_LOOP( '', ( #2414, #2415, #2416, #2417, #2418, #2419 ) );
#1594 = AXIS2_PLACEMENT_3D( '', #2420, #2421, #2422 );
#1595 = SURFACE_SIDE_STYLE( '', ( #2423 ) );
#1596 = EDGE_LOOP( '', ( #2424, #2425, #2426, #2427, #2428 ) );
#1597 = AXIS2_PLACEMENT_3D( '', #2429, #2430, #2431 );
#1598 = SURFACE_SIDE_STYLE( '', ( #2432 ) );
#1599 = EDGE_LOOP( '', ( #2433, #2434, #2435, #2436 ) );
#1600 = AXIS2_PLACEMENT_3D( '', #2437, #2438, #2439 );
#1601 = SURFACE_SIDE_STYLE( '', ( #2440 ) );
#1602 = EDGE_LOOP( '', ( #2441, #2442, #2443, #2444 ) );
#1603 = AXIS2_PLACEMENT_3D( '', #2445, #2446, #2447 );
#1604 = SURFACE_SIDE_STYLE( '', ( #2448 ) );
#1605 = EDGE_LOOP( '', ( #2449, #2450, #2451, #2452 ) );
#1606 = AXIS2_PLACEMENT_3D( '', #2453, #2454, #2455 );
#1607 = SURFACE_SIDE_STYLE( '', ( #2456 ) );
#1608 = EDGE_LOOP( '', ( #2457, #2458, #2459, #2460, #2461, #2462, #2463, #2464, #2465, #2466, #2467, #2468, #2469, #2470, #2471, #2472 ) );
#1609 = AXIS2_PLACEMENT_3D( '', #2473, #2474, #2475 );
#1610 = SURFACE_SIDE_STYLE( '', ( #2476 ) );
#1611 = EDGE_LOOP( '', ( #2477, #2478, #2479, #2480 ) );
#1612 = AXIS2_PLACEMENT_3D( '', #2481, #2482, #2483 );
#1613 = SURFACE_SIDE_STYLE( '', ( #2484 ) );
#1614 = EDGE_LOOP( '', ( #2485, #2486, #2487, #2488 ) );
#1615 = AXIS2_PLACEMENT_3D( '', #2489, #2490, #2491 );
#1616 = SURFACE_SIDE_STYLE( '', ( #2492 ) );
#1617 = EDGE_LOOP( '', ( #2493, #2494, #2495, #2496, #2497 ) );
#1618 = AXIS2_PLACEMENT_3D( '', #2498, #2499, #2500 );
#1619 = SURFACE_SIDE_STYLE( '', ( #2501 ) );
#1620 = EDGE_LOOP( '', ( #2502, #2503, #2504, #2505 ) );
#1621 = AXIS2_PLACEMENT_3D( '', #2506, #2507, #2508 );
#1622 = SURFACE_SIDE_STYLE( '', ( #2509 ) );
#1623 = EDGE_LOOP( '', ( #2510, #2511, #2512, #2513, #2514, #2515, #2516, #2517, #2518, #2519 ) );
#1624 = AXIS2_PLACEMENT_3D( '', #2520, #2521, #2522 );
#1625 = SURFACE_SIDE_STYLE( '', ( #2523 ) );
#1626 = EDGE_LOOP( '', ( #2524, #2525, #2526, #2527 ) );
#1627 = AXIS2_PLACEMENT_3D( '', #2528, #2529, #2530 );
#1628 = SURFACE_SIDE_STYLE( '', ( #2531 ) );
#1629 = EDGE_LOOP( '', ( #2532, #2533, #2534, #2535, #2536, #2537, #2538, #2539 ) );
#1630 = AXIS2_PLACEMENT_3D( '', #2540, #2541, #2542 );
#1631 = SURFACE_SIDE_STYLE( '', ( #2543 ) );
#1632 = EDGE_LOOP( '', ( #2544, #2545, #2546, #2547 ) );
#1633 = AXIS2_PLACEMENT_3D( '', #2548, #2549, #2550 );
#1634 = SURFACE_SIDE_STYLE( '', ( #2551 ) );
#1635 = EDGE_LOOP( '', ( #2552, #2553, #2554, #2555 ) );
#1636 = AXIS2_PLACEMENT_3D( '', #2556, #2557, #2558 );
#1637 = SURFACE_SIDE_STYLE( '', ( #2559 ) );
#1638 = EDGE_LOOP( '', ( #2560, #2561, #2562, #2563 ) );
#1639 = AXIS2_PLACEMENT_3D( '', #2564, #2565, #2566 );
#1640 = SURFACE_SIDE_STYLE( '', ( #2567 ) );
#1641 = EDGE_LOOP( '', ( #2568, #2569, #2570, #2571 ) );
#1642 = AXIS2_PLACEMENT_3D( '', #2572, #2573, #2574 );
#1643 = SURFACE_SIDE_STYLE( '', ( #2575 ) );
#1644 = EDGE_LOOP( '', ( #2576, #2577, #2578, #2579 ) );
#1645 = AXIS2_PLACEMENT_3D( '', #2580, #2581, #2582 );
#1646 = SURFACE_SIDE_STYLE( '', ( #2583 ) );
#1647 = EDGE_LOOP( '', ( #2584, #2585, #2586, #2587, #2588 ) );
#1648 = AXIS2_PLACEMENT_3D( '', #2589, #2590, #2591 );
#1649 = SURFACE_SIDE_STYLE( '', ( #2592 ) );
#1650 = EDGE_LOOP( '', ( #2593, #2594, #2595, #2596 ) );
#1651 = AXIS2_PLACEMENT_3D( '', #2597, #2598, #2599 );
#1652 = SURFACE_SIDE_STYLE( '', ( #2600 ) );
#1653 = EDGE_LOOP( '', ( #2601, #2602, #2603, #2604 ) );
#1654 = AXIS2_PLACEMENT_3D( '', #2605, #2606, #2607 );
#1655 = SURFACE_SIDE_STYLE( '', ( #2608 ) );
#1656 = EDGE_LOOP( '', ( #2609, #2610, #2611, #2612, #2613 ) );
#1657 = AXIS2_PLACEMENT_3D( '', #2614, #2615, #2616 );
#1658 = SURFACE_SIDE_STYLE( '', ( #2617 ) );
#1659 = EDGE_LOOP( '', ( #2618, #2619, #2620, #2621 ) );
#1660 = AXIS2_PLACEMENT_3D( '', #2622, #2623, #2624 );
#1661 = SURFACE_SIDE_STYLE( '', ( #2625 ) );
#1662 = EDGE_LOOP( '', ( #2626, #2627, #2628, #2629, #2630 ) );
#1663 = AXIS2_PLACEMENT_3D( '', #2631, #2632, #2633 );
#1664 = SURFACE_SIDE_STYLE( '', ( #2634 ) );
#1665 = EDGE_LOOP( '', ( #2635, #2636, #2637, #2638 ) );
#1666 = AXIS2_PLACEMENT_3D( '', #2639, #2640, #2641 );
#1667 = SURFACE_SIDE_STYLE( '', ( #2642 ) );
#1668 = EDGE_LOOP( '', ( #2643, #2644, #2645, #2646 ) );
#1669 = AXIS2_PLACEMENT_3D( '', #2647, #2648, #2649 );
#1670 = SURFACE_SIDE_STYLE( '', ( #2650 ) );
#1671 = EDGE_LOOP( '', ( #2651, #2652, #2653, #2654 ) );
#1672 = AXIS2_PLACEMENT_3D( '', #2655, #2656, #2657 );
#1673 = SURFACE_SIDE_STYLE( '', ( #2658 ) );
#1674 = EDGE_LOOP( '', ( #2659, #2660, #2661, #2662 ) );
#1675 = AXIS2_PLACEMENT_3D( '', #2663, #2664, #2665 );
#1676 = SURFACE_SIDE_STYLE( '', ( #2666 ) );
#1677 = EDGE_LOOP( '', ( #2667, #2668, #2669, #2670 ) );
#1678 = AXIS2_PLACEMENT_3D( '', #2671, #2672, #2673 );
#1679 = SURFACE_SIDE_STYLE( '', ( #2674 ) );
#1680 = EDGE_LOOP( '', ( #2675, #2676, #2677, #2678, #2679, #2680 ) );
#1681 = AXIS2_PLACEMENT_3D( '', #2681, #2682, #2683 );
#1682 = SURFACE_SIDE_STYLE( '', ( #2684 ) );
#1683 = EDGE_LOOP( '', ( #2685, #2686, #2687, #2688 ) );
#1684 = AXIS2_PLACEMENT_3D( '', #2689, #2690, #2691 );
#1685 = SURFACE_SIDE_STYLE( '', ( #2692 ) );
#1686 = EDGE_LOOP( '', ( #2693, #2694, #2695, #2696 ) );
#1687 = AXIS2_PLACEMENT_3D( '', #2697, #2698, #2699 );
#1688 = SURFACE_SIDE_STYLE( '', ( #2700 ) );
#1689 = EDGE_LOOP( '', ( #2701, #2702, #2703, #2704, #2705, #2706 ) );
#1690 = AXIS2_PLACEMENT_3D( '', #2707, #2708, #2709 );
#1691 = SURFACE_SIDE_STYLE( '', ( #2710 ) );
#1692 = EDGE_LOOP( '', ( #2711, #2712, #2713, #2714 ) );
#1693 = AXIS2_PLACEMENT_3D( '', #2715, #2716, #2717 );
#1694 = SURFACE_SIDE_STYLE( '', ( #2718 ) );
#1695 = EDGE_LOOP( '', ( #2719, #2720, #2721, #2722 ) );
#1696 = AXIS2_PLACEMENT_3D( '', #2723, #2724, #2725 );
#1697 = SURFACE_SIDE_STYLE( '', ( #2726 ) );
#1698 = EDGE_LOOP( '', ( #2727, #2728, #2729, #2730, #2731, #2732, #2733, #2734 ) );
#1699 = AXIS2_PLACEMENT_3D( '', #2735, #2736, #2737 );
#1700 = SURFACE_SIDE_STYLE( '', ( #2738 ) );
#1701 = EDGE_LOOP( '', ( #2739, #2740, #2741, #2742 ) );
#1702 = AXIS2_PLACEMENT_3D( '', #2743, #2744, #2745 );
#1703 = SURFACE_SIDE_STYLE( '', ( #2746 ) );
#1704 = EDGE_LOOP( '', ( #2747, #2748, #2749, #2750 ) );
#1705 = AXIS2_PLACEMENT_3D( '', #2751, #2752, #2753 );
#1706 = SURFACE_SIDE_STYLE( '', ( #2754 ) );
#1707 = EDGE_LOOP( '', ( #2755, #2756, #2757, #2758, #2759 ) );
#1708 = AXIS2_PLACEMENT_3D( '', #2760, #2761, #2762 );
#1709 = SURFACE_SIDE_STYLE( '', ( #2763 ) );
#1710 = EDGE_LOOP( '', ( #2764, #2765, #2766, #2767, #2768, #2769, #2770, #2771, #2772, #2773, #2774, #2775, #2776, #2777, #2778, #2779, #2780, #2781, #2782, #2783, #2784, #2785, #2786, #2787, #2788, #2789, #2790, #2791, #2792, #2793, #2794, #2795, #2796, #2797, #2798, #2799, #2800, #2801, #2802, #2803, #2804, #2805, #2806, #2807, #2808, #2809 ) );
#1711 = AXIS2_PLACEMENT_3D( '', #2810, #2811, #2812 );
#1712 = SURFACE_SIDE_STYLE( '', ( #2813 ) );
#1713 = EDGE_LOOP( '', ( #2814, #2815, #2816, #2817, #2818 ) );
#1714 = AXIS2_PLACEMENT_3D( '', #2819, #2820, #2821 );
#1715 = SURFACE_SIDE_STYLE( '', ( #2822 ) );
#1716 = EDGE_LOOP( '', ( #2823, #2824, #2825, #2826, #2827, #2828 ) );
#1717 = AXIS2_PLACEMENT_3D( '', #2829, #2830, #2831 );
#1718 = SURFACE_SIDE_STYLE( '', ( #2832 ) );
#1719 = EDGE_LOOP( '', ( #2833, #2834, #2835, #2836 ) );
#1720 = AXIS2_PLACEMENT_3D( '', #2837, #2838, #2839 );
#1721 = SURFACE_SIDE_STYLE( '', ( #2840 ) );
#1722 = EDGE_LOOP( '', ( #2841, #2842, #2843, #2844, #2845 ) );
#1723 = AXIS2_PLACEMENT_3D( '', #2846, #2847, #2848 );
#1724 = SURFACE_SIDE_STYLE( '', ( #2849 ) );
#1725 = EDGE_LOOP( '', ( #2850, #2851, #2852, #2853 ) );
#1726 = AXIS2_PLACEMENT_3D( '', #2854, #2855, #2856 );
#1727 = SURFACE_SIDE_STYLE( '', ( #2857 ) );
#1728 = EDGE_LOOP( '', ( #2858, #2859, #2860, #2861, #2862 ) );
#1729 = AXIS2_PLACEMENT_3D( '', #2863, #2864, #2865 );
#1730 = SURFACE_SIDE_STYLE( '', ( #2866 ) );
#1731 = EDGE_LOOP( '', ( #2867, #2868, #2869, #2870 ) );
#1732 = AXIS2_PLACEMENT_3D( '', #2871, #2872, #2873 );
#1733 = SURFACE_SIDE_STYLE( '', ( #2874 ) );
#1734 = EDGE_LOOP( '', ( #2875, #2876, #2877, #2878 ) );
#1735 = AXIS2_PLACEMENT_3D( '', #2879, #2880, #2881 );
#1736 = SURFACE_SIDE_STYLE( '', ( #2882 ) );
#1737 = EDGE_LOOP( '', ( #2883, #2884, #2885, #2886, #2887, #2888 ) );
#1738 = AXIS2_PLACEMENT_3D( '', #2889, #2890, #2891 );
#1739 = SURFACE_SIDE_STYLE( '', ( #2892 ) );
#1740 = EDGE_LOOP( '', ( #2893, #2894, #2895, #2896 ) );
#1741 = AXIS2_PLACEMENT_3D( '', #2897, #2898, #2899 );
#1742 = SURFACE_SIDE_STYLE( '', ( #2900 ) );
#1743 = EDGE_LOOP( '', ( #2901, #2902, #2903, #2904 ) );
#1744 = AXIS2_PLACEMENT_3D( '', #2905, #2906, #2907 );
#1745 = SURFACE_SIDE_STYLE( '', ( #2908 ) );
#1746 = EDGE_LOOP( '', ( #2909, #2910, #2911, #2912, #2913 ) );
#1747 = AXIS2_PLACEMENT_3D( '', #2914, #2915, #2916 );
#1748 = SURFACE_SIDE_STYLE( '', ( #2917 ) );
#1749 = EDGE_LOOP( '', ( #2918, #2919, #2920, #2921, #2922, #2923, #2924, #2925 ) );
#1750 = AXIS2_PLACEMENT_3D( '', #2926, #2927, #2928 );
#1751 = SURFACE_SIDE_STYLE( '', ( #2929 ) );
#1752 = EDGE_LOOP( '', ( #2930, #2931, #2932, #2933 ) );
#1753 = AXIS2_PLACEMENT_3D( '', #2934, #2935, #2936 );
#1754 = SURFACE_SIDE_STYLE( '', ( #2937 ) );
#1755 = EDGE_LOOP( '', ( #2938, #2939, #2940, #2941 ) );
#1756 = AXIS2_PLACEMENT_3D( '', #2942, #2943, #2944 );
#1757 = SURFACE_SIDE_STYLE( '', ( #2945 ) );
#1758 = EDGE_LOOP( '', ( #2946, #2947, #2948, #2949 ) );
#1759 = AXIS2_PLACEMENT_3D( '', #2950, #2951, #2952 );
#1760 = SURFACE_SIDE_STYLE( '', ( #2953 ) );
#1761 = EDGE_LOOP( '', ( #2954, #2955, #2956, #2957 ) );
#1762 = AXIS2_PLACEMENT_3D( '', #2958, #2959, #2960 );
#1763 = SURFACE_SIDE_STYLE( '', ( #2961 ) );
#1764 = EDGE_LOOP( '', ( #2962, #2963, #2964, #2965, #2966, #2967 ) );
#1765 = AXIS2_PLACEMENT_3D( '', #2968, #2969, #2970 );
#1766 = SURFACE_SIDE_STYLE( '', ( #2971 ) );
#1767 = EDGE_LOOP( '', ( #2972, #2973, #2974, #2975 ) );
#1768 = AXIS2_PLACEMENT_3D( '', #2976, #2977, #2978 );
#1769 = SURFACE_SIDE_STYLE( '', ( #2979 ) );
#1770 = EDGE_LOOP( '', ( #2980, #2981, #2982, #2983, #2984, #2985 ) );
#1771 = AXIS2_PLACEMENT_3D( '', #2986, #2987, #2988 );
#1772 = SURFACE_SIDE_STYLE( '', ( #2989 ) );
#1773 = EDGE_LOOP( '', ( #2990, #2991, #2992, #2993 ) );
#1774 = AXIS2_PLACEMENT_3D( '', #2994, #2995, #2996 );
#1775 = SURFACE_SIDE_STYLE( '', ( #2997 ) );
#1776 = EDGE_LOOP( '', ( #2998, #2999, #3000, #3001 ) );
#1777 = AXIS2_PLACEMENT_3D( '', #3002, #3003, #3004 );
#1778 = SURFACE_SIDE_STYLE( '', ( #3005 ) );
#1779 = EDGE_LOOP( '', ( #3006, #3007, #3008, #3009 ) );
#1780 = AXIS2_PLACEMENT_3D( '', #3010, #3011, #3012 );
#1781 = SURFACE_SIDE_STYLE( '', ( #3013 ) );
#1782 = EDGE_LOOP( '', ( #3014, #3015, #3016, #3017 ) );
#1783 = AXIS2_PLACEMENT_3D( '', #3018, #3019, #3020 );
#1784 = SURFACE_SIDE_STYLE( '', ( #3021 ) );
#1785 = EDGE_LOOP( '', ( #3022, #3023, #3024, #3025 ) );
#1786 = AXIS2_PLACEMENT_3D( '', #3026, #3027, #3028 );
#1787 = SURFACE_SIDE_STYLE( '', ( #3029 ) );
#1788 = EDGE_LOOP( '', ( #3030, #3031, #3032, #3033 ) );
#1789 = AXIS2_PLACEMENT_3D( '', #3034, #3035, #3036 );
#1790 = SURFACE_SIDE_STYLE( '', ( #3037 ) );
#1791 = EDGE_LOOP( '', ( #3038, #3039, #3040, #3041, #3042, #3043 ) );
#1792 = AXIS2_PLACEMENT_3D( '', #3044, #3045, #3046 );
#1793 = SURFACE_SIDE_STYLE( '', ( #3047 ) );
#1794 = EDGE_LOOP( '', ( #3048, #3049, #3050, #3051 ) );
#1795 = AXIS2_PLACEMENT_3D( '', #3052, #3053, #3054 );
#1796 = SURFACE_SIDE_STYLE( '', ( #3055 ) );
#1797 = EDGE_LOOP( '', ( #3056, #3057, #3058, #3059 ) );
#1798 = AXIS2_PLACEMENT_3D( '', #3060, #3061, #3062 );
#1799 = SURFACE_SIDE_STYLE( '', ( #3063 ) );
#1800 = EDGE_LOOP( '', ( #3064, #3065, #3066, #3067, #3068, #3069 ) );
#1801 = AXIS2_PLACEMENT_3D( '', #3070, #3071, #3072 );
#1802 = SURFACE_SIDE_STYLE( '', ( #3073 ) );
#1803 = EDGE_LOOP( '', ( #3074, #3075, #3076, #3077, #3078 ) );
#1804 = AXIS2_PLACEMENT_3D( '', #3079, #3080, #3081 );
#1805 = SURFACE_SIDE_STYLE( '', ( #3082 ) );
#1806 = EDGE_LOOP( '', ( #3083, #3084, #3085, #3086, #3087, #3088 ) );
#1807 = AXIS2_PLACEMENT_3D( '', #3089, #3090, #3091 );
#1808 = SURFACE_SIDE_STYLE( '', ( #3092 ) );
#1809 = EDGE_LOOP( '', ( #3093, #3094, #3095, #3096 ) );
#1810 = AXIS2_PLACEMENT_3D( '', #3097, #3098, #3099 );
#1811 = SURFACE_SIDE_STYLE( '', ( #3100 ) );
#1812 = EDGE_LOOP( '', ( #3101, #3102, #3103, #3104 ) );
#1813 = AXIS2_PLACEMENT_3D( '', #3105, #3106, #3107 );
#1814 = SURFACE_SIDE_STYLE( '', ( #3108 ) );
#1815 = EDGE_LOOP( '', ( #3109, #3110, #3111, #3112 ) );
#1816 = AXIS2_PLACEMENT_3D( '', #3113, #3114, #3115 );
#1817 = SURFACE_SIDE_STYLE( '', ( #3116 ) );
#1818 = EDGE_LOOP( '', ( #3117, #3118, #3119, #3120, #3121 ) );
#1819 = AXIS2_PLACEMENT_3D( '', #3122, #3123, #3124 );
#1820 = SURFACE_SIDE_STYLE( '', ( #3125 ) );
#1821 = EDGE_LOOP( '', ( #3126, #3127, #3128, #3129 ) );
#1822 = AXIS2_PLACEMENT_3D( '', #3130, #3131, #3132 );
#1823 = SURFACE_SIDE_STYLE( '', ( #3133 ) );
#1824 = EDGE_LOOP( '', ( #3134, #3135, #3136, #3137 ) );
#1825 = AXIS2_PLACEMENT_3D( '', #3138, #3139, #3140 );
#1826 = SURFACE_SIDE_STYLE( '', ( #3141 ) );
#1827 = EDGE_LOOP( '', ( #3142, #3143, #3144, #3145 ) );
#1828 = AXIS2_PLACEMENT_3D( '', #3146, #3147, #3148 );
#1829 = SURFACE_SIDE_STYLE( '', ( #3149 ) );
#1830 = EDGE_LOOP( '', ( #3150, #3151, #3152, #3153, #3154 ) );
#1831 = AXIS2_PLACEMENT_3D( '', #3155, #3156, #3157 );
#1832 = SURFACE_SIDE_STYLE( '', ( #3158 ) );
#1833 = EDGE_LOOP( '', ( #3159, #3160, #3161, #3162 ) );
#1834 = AXIS2_PLACEMENT_3D( '', #3163, #3164, #3165 );
#1835 = SURFACE_SIDE_STYLE( '', ( #3166 ) );
#1836 = EDGE_LOOP( '', ( #3167, #3168, #3169, #3170, #3171, #3172 ) );
#1837 = AXIS2_PLACEMENT_3D( '', #3173, #3174, #3175 );
#1838 = SURFACE_SIDE_STYLE( '', ( #3176 ) );
#1839 = EDGE_LOOP( '', ( #3177, #3178, #3179, #3180 ) );
#1840 = AXIS2_PLACEMENT_3D( '', #3181, #3182, #3183 );
#1841 = SURFACE_SIDE_STYLE( '', ( #3184 ) );
#1842 = EDGE_LOOP( '', ( #3185, #3186, #3187, #3188 ) );
#1843 = AXIS2_PLACEMENT_3D( '', #3189, #3190, #3191 );
#1844 = SURFACE_SIDE_STYLE( '', ( #3192 ) );
#1845 = EDGE_LOOP( '', ( #3193, #3194, #3195, #3196 ) );
#1846 = AXIS2_PLACEMENT_3D( '', #3197, #3198, #3199 );
#1847 = SURFACE_SIDE_STYLE( '', ( #3200 ) );
#1848 = EDGE_LOOP( '', ( #3201, #3202, #3203, #3204, #3205, #3206, #3207, #3208 ) );
#1849 = AXIS2_PLACEMENT_3D( '', #3209, #3210, #3211 );
#1850 = SURFACE_SIDE_STYLE( '', ( #3212 ) );
#1851 = EDGE_LOOP( '', ( #3213, #3214, #3215, #3216, #3217, #3218, #3219, #3220 ) );
#1852 = AXIS2_PLACEMENT_3D( '', #3221, #3222, #3223 );
#1853 = SURFACE_SIDE_STYLE( '', ( #3224 ) );
#1854 = EDGE_LOOP( '', ( #3225, #3226, #3227, #3228 ) );
#1855 = AXIS2_PLACEMENT_3D( '', #3229, #3230, #3231 );
#1856 = SURFACE_SIDE_STYLE( '', ( #3232 ) );
#1857 = EDGE_LOOP( '', ( #3233, #3234, #3235, #3236, #3237, #3238 ) );
#1858 = AXIS2_PLACEMENT_3D( '', #3239, #3240, #3241 );
#1859 = SURFACE_SIDE_STYLE( '', ( #3242 ) );
#1860 = EDGE_LOOP( '', ( #3243, #3244, #3245, #3246 ) );
#1861 = AXIS2_PLACEMENT_3D( '', #3247, #3248, #3249 );
#1862 = SURFACE_SIDE_STYLE( '', ( #3250 ) );
#1863 = EDGE_LOOP( '', ( #3251, #3252, #3253, #3254 ) );
#1864 = AXIS2_PLACEMENT_3D( '', #3255, #3256, #3257 );
#1865 = SURFACE_SIDE_STYLE( '', ( #3258 ) );
#1866 = EDGE_LOOP( '', ( #3259, #3260, #3261, #3262, #3263, #3264, #3265, #3266 ) );
#1867 = AXIS2_PLACEMENT_3D( '', #3267, #3268, #3269 );
#1868 = SURFACE_SIDE_STYLE( '', ( #3270 ) );
#1869 = EDGE_LOOP( '', ( #3271, #3272, #3273, #3274 ) );
#1870 = AXIS2_PLACEMENT_3D( '', #3275, #3276, #3277 );
#1871 = SURFACE_SIDE_STYLE( '', ( #3278 ) );
#1872 = EDGE_LOOP( '', ( #3279, #3280, #3281, #3282 ) );
#1873 = AXIS2_PLACEMENT_3D( '', #3283, #3284, #3285 );
#1874 = SURFACE_SIDE_STYLE( '', ( #3286 ) );
#1875 = EDGE_LOOP( '', ( #3287, #3288, #3289, #3290, #3291 ) );
#1876 = AXIS2_PLACEMENT_3D( '', #3292, #3293, #3294 );
#1877 = SURFACE_SIDE_STYLE( '', ( #3295 ) );
#1878 = EDGE_LOOP( '', ( #3296, #3297, #3298, #3299 ) );
#1879 = AXIS2_PLACEMENT_3D( '', #3300, #3301, #3302 );
#1880 = SURFACE_SIDE_STYLE( '', ( #3303 ) );
#1881 = EDGE_LOOP( '', ( #3304, #3305, #3306, #3307 ) );
#1882 = AXIS2_PLACEMENT_3D( '', #3308, #3309, #3310 );
#1883 = SURFACE_SIDE_STYLE( '', ( #3311 ) );
#1884 = EDGE_LOOP( '', ( #3312, #3313, #3314, #3315, #3316 ) );
#1885 = AXIS2_PLACEMENT_3D( '', #3317, #3318, #3319 );
#1886 = SURFACE_SIDE_STYLE( '', ( #3320 ) );
#1887 = EDGE_LOOP( '', ( #3321, #3322, #3323, #3324 ) );
#1888 = AXIS2_PLACEMENT_3D( '', #3325, #3326, #3327 );
#1889 = SURFACE_SIDE_STYLE( '', ( #3328 ) );
#1890 = EDGE_LOOP( '', ( #3329, #3330, #3331, #3332, #3333 ) );
#1891 = AXIS2_PLACEMENT_3D( '', #3334, #3335, #3336 );
#1892 = SURFACE_SIDE_STYLE( '', ( #3337 ) );
#1893 = EDGE_LOOP( '', ( #3338, #3339, #3340, #3341 ) );
#1894 = AXIS2_PLACEMENT_3D( '', #3342, #3343, #3344 );
#1895 = SURFACE_SIDE_STYLE( '', ( #3345 ) );
#1896 = EDGE_LOOP( '', ( #3346, #3347, #3348, #3349 ) );
#1897 = AXIS2_PLACEMENT_3D( '', #3350, #3351, #3352 );
#1898 = SURFACE_SIDE_STYLE( '', ( #3353 ) );
#1899 = EDGE_LOOP( '', ( #3354, #3355, #3356, #3357 ) );
#1900 = AXIS2_PLACEMENT_3D( '', #3358, #3359, #3360 );
#1901 = SURFACE_SIDE_STYLE( '', ( #3361 ) );
#1902 = EDGE_LOOP( '', ( #3362, #3363, #3364, #3365 ) );
#1903 = AXIS2_PLACEMENT_3D( '', #3366, #3367, #3368 );
#1904 = SURFACE_SIDE_STYLE( '', ( #3369 ) );
#1905 = EDGE_LOOP( '', ( #3370, #3371, #3372, #3373 ) );
#1906 = AXIS2_PLACEMENT_3D( '', #3374, #3375, #3376 );
#1907 = SURFACE_SIDE_STYLE( '', ( #3377 ) );
#1908 = EDGE_LOOP( '', ( #3378, #3379, #3380, #3381, #3382, #3383 ) );
#1909 = AXIS2_PLACEMENT_3D( '', #3384, #3385, #3386 );
#1910 = SURFACE_SIDE_STYLE( '', ( #3387 ) );
#1911 = EDGE_LOOP( '', ( #3388, #3389, #3390, #3391, #3392 ) );
#1912 = AXIS2_PLACEMENT_3D( '', #3393, #3394, #3395 );
#1913 = SURFACE_SIDE_STYLE( '', ( #3396 ) );
#1914 = EDGE_LOOP( '', ( #3397, #3398, #3399, #3400 ) );
#1915 = AXIS2_PLACEMENT_3D( '', #3401, #3402, #3403 );
#1916 = SURFACE_SIDE_STYLE( '', ( #3404 ) );
#1917 = EDGE_LOOP( '', ( #3405, #3406, #3407, #3408, #3409, #3410, #3411, #3412, #3413, #3414, #3415, #3416, #3417, #3418, #3419, #3420, #3421, #3422, #3423, #3424, #3425, #3426, #3427, #3428, #3429, #3430, #3431, #3432 ) );
#1918 = AXIS2_PLACEMENT_3D( '', #3433, #3434, #3435 );
#1919 = SURFACE_SIDE_STYLE( '', ( #3436 ) );
#1920 = EDGE_LOOP( '', ( #3437, #3438, #3439, #3440 ) );
#1921 = AXIS2_PLACEMENT_3D( '', #3441, #3442, #3443 );
#1922 = SURFACE_SIDE_STYLE( '', ( #3444 ) );
#1923 = EDGE_LOOP( '', ( #3445, #3446, #3447, #3448, #3449 ) );
#1924 = AXIS2_PLACEMENT_3D( '', #3450, #3451, #3452 );
#1925 = SURFACE_SIDE_STYLE( '', ( #3453 ) );
#1926 = EDGE_LOOP( '', ( #3454, #3455, #3456, #3457, #3458, #3459, #3460, #3461, #3462, #3463, #3464, #3465, #3466, #3467, #3468, #3469 ) );
#1927 = AXIS2_PLACEMENT_3D( '', #3470, #3471, #3472 );
#1928 = SURFACE_SIDE_STYLE( '', ( #3473 ) );
#1929 = EDGE_LOOP( '', ( #3474, #3475, #3476, #3477 ) );
#1930 = AXIS2_PLACEMENT_3D( '', #3478, #3479, #3480 );
#1931 = SURFACE_SIDE_STYLE( '', ( #3481 ) );
#1932 = EDGE_LOOP( '', ( #3482, #3483, #3484, #3485, #3486, #3487, #3488, #3489 ) );
#1933 = AXIS2_PLACEMENT_3D( '', #3490, #3491, #3492 );
#1934 = SURFACE_SIDE_STYLE( '', ( #3493 ) );
#1935 = EDGE_LOOP( '', ( #3494, #3495, #3496, #3497 ) );
#1936 = AXIS2_PLACEMENT_3D( '', #3498, #3499, #3500 );
#1937 = SURFACE_SIDE_STYLE( '', ( #3501 ) );
#1938 = EDGE_LOOP( '', ( #3502, #3503, #3504, #3505 ) );
#1939 = AXIS2_PLACEMENT_3D( '', #3506, #3507, #3508 );
#1940 = SURFACE_SIDE_STYLE( '', ( #3509 ) );
#1941 = EDGE_LOOP( '', ( #3510, #3511, #3512, #3513, #3514 ) );
#1942 = AXIS2_PLACEMENT_3D( '', #3515, #3516, #3517 );
#1943 = SURFACE_SIDE_STYLE( '', ( #3518 ) );
#1944 = EDGE_LOOP( '', ( #3519, #3520, #3521, #3522, #3523, #3524 ) );
#1945 = AXIS2_PLACEMENT_3D( '', #3525, #3526, #3527 );
#1946 = SURFACE_SIDE_STYLE( '', ( #3528 ) );
#1947 = EDGE_LOOP( '', ( #3529, #3530, #3531, #3532 ) );
#1948 = AXIS2_PLACEMENT_3D( '', #3533, #3534, #3535 );
#1949 = SURFACE_SIDE_STYLE( '', ( #3536 ) );
#1950 = EDGE_LOOP( '', ( #3537, #3538, #3539, #3540 ) );
#1951 = AXIS2_PLACEMENT_3D( '', #3541, #3542, #3543 );
#1952 = SURFACE_SIDE_STYLE( '', ( #3544 ) );
#1953 = EDGE_LOOP( '', ( #3545, #3546, #3547, #3548 ) );
#1954 = AXIS2_PLACEMENT_3D( '', #3549, #3550, #3551 );
#1955 = SURFACE_SIDE_STYLE( '', ( #3552 ) );
#1956 = EDGE_LOOP( '', ( #3553, #3554, #3555, #3556 ) );
#1957 = AXIS2_PLACEMENT_3D( '', #3557, #3558, #3559 );
#1958 = SURFACE_SIDE_STYLE( '', ( #3560 ) );
#1959 = EDGE_LOOP( '', ( #3561, #3562, #3563, #3564 ) );
#1960 = AXIS2_PLACEMENT_3D( '', #3565, #3566, #3567 );
#1961 = SURFACE_SIDE_STYLE( '', ( #3568 ) );
#1962 = EDGE_LOOP( '', ( #3569, #3570, #3571, #3572, #3573, #3574 ) );
#1963 = AXIS2_PLACEMENT_3D( '', #3575, #3576, #3577 );
#1964 = SURFACE_SIDE_STYLE( '', ( #3578 ) );
#1965 = EDGE_LOOP( '', ( #3579, #3580, #3581, #3582, #3583, #3584 ) );
#1966 = AXIS2_PLACEMENT_3D( '', #3585, #3586, #3587 );
#1967 = SURFACE_SIDE_STYLE( '', ( #3588 ) );
#1968 = EDGE_LOOP( '', ( #3589, #3590, #3591, #3592 ) );
#1969 = AXIS2_PLACEMENT_3D( '', #3593, #3594, #3595 );
#1970 = SURFACE_SIDE_STYLE( '', ( #3596 ) );
#1971 = EDGE_LOOP( '', ( #3597, #3598, #3599, #3600 ) );
#1972 = AXIS2_PLACEMENT_3D( '', #3601, #3602, #3603 );
#1973 = SURFACE_SIDE_STYLE( '', ( #3604 ) );
#1974 = EDGE_LOOP( '', ( #3605, #3606, #3607, #3608 ) );
#1975 = AXIS2_PLACEMENT_3D( '', #3609, #3610, #3611 );
#1976 = SURFACE_SIDE_STYLE( '', ( #3612 ) );
#1977 = EDGE_LOOP( '', ( #3613, #3614, #3615, #3616, #3617, #3618 ) );
#1978 = AXIS2_PLACEMENT_3D( '', #3619, #3620, #3621 );
#1979 = SURFACE_SIDE_STYLE( '', ( #3622 ) );
#1980 = EDGE_LOOP( '', ( #3623, #3624, #3625, #3626, #3627, #3628, #3629, #3630 ) );
#1981 = AXIS2_PLACEMENT_3D( '', #3631, #3632, #3633 );
#1982 = SURFACE_SIDE_STYLE( '', ( #3634 ) );
#1983 = EDGE_LOOP( '', ( #3635, #3636, #3637, #3638, #3639, #3640, #3641, #3642 ) );
#1984 = AXIS2_PLACEMENT_3D( '', #3643, #3644, #3645 );
#1985 = SURFACE_SIDE_STYLE( '', ( #3646 ) );
#1986 = EDGE_LOOP( '', ( #3647, #3648, #3649, #3650 ) );
#1987 = AXIS2_PLACEMENT_3D( '', #3651, #3652, #3653 );
#1988 = SURFACE_SIDE_STYLE( '', ( #3654 ) );
#1989 = EDGE_LOOP( '', ( #3655, #3656, #3657, #3658 ) );
#1990 = AXIS2_PLACEMENT_3D( '', #3659, #3660, #3661 );
#1991 = SURFACE_SIDE_STYLE( '', ( #3662 ) );
#1992 = EDGE_LOOP( '', ( #3663, #3664, #3665, #3666, #3667 ) );
#1993 = AXIS2_PLACEMENT_3D( '', #3668, #3669, #3670 );
#1994 = SURFACE_SIDE_STYLE( '', ( #3671 ) );
#1995 = EDGE_LOOP( '', ( #3672, #3673, #3674, #3675 ) );
#1996 = AXIS2_PLACEMENT_3D( '', #3676, #3677, #3678 );
#1997 = SURFACE_SIDE_STYLE( '', ( #3679 ) );
#1998 = EDGE_LOOP( '', ( #3680, #3681, #3682, #3683 ) );
#1999 = AXIS2_PLACEMENT_3D( '', #3684, #3685, #3686 );
#2000 = SURFACE_SIDE_STYLE( '', ( #3687 ) );
#2001 = EDGE_LOOP( '', ( #3688, #3689, #3690, #3691, #3692, #3693, #3694, #3695 ) );
#2002 = AXIS2_PLACEMENT_3D( '', #3696, #3697, #3698 );
#2003 = SURFACE_SIDE_STYLE( '', ( #3699 ) );
#2004 = EDGE_LOOP( '', ( #3700, #3701, #3702, #3703 ) );
#2005 = AXIS2_PLACEMENT_3D( '', #3704, #3705, #3706 );
#2006 = SURFACE_SIDE_STYLE( '', ( #3707 ) );
#2007 = EDGE_LOOP( '', ( #3708, #3709, #3710, #3711 ) );
#2008 = AXIS2_PLACEMENT_3D( '', #3712, #3713, #3714 );
#2009 = SURFACE_SIDE_STYLE( '', ( #3715 ) );
#2010 = EDGE_LOOP( '', ( #3716, #3717, #3718, #3719, #3720 ) );
#2011 = AXIS2_PLACEMENT_3D( '', #3721, #3722, #3723 );
#2012 = SURFACE_SIDE_STYLE( '', ( #3724 ) );
#2013 = EDGE_LOOP( '', ( #3725, #3726, #3727, #3728 ) );
#2014 = AXIS2_PLACEMENT_3D( '', #3729, #3730, #3731 );
#2015 = SURFACE_SIDE_STYLE( '', ( #3732 ) );
#2016 = EDGE_LOOP( '', ( #3733, #3734, #3735, #3736 ) );
#2017 = AXIS2_PLACEMENT_3D( '', #3737, #3738, #3739 );
#2018 = SURFACE_SIDE_STYLE( '', ( #3740 ) );
#2019 = EDGE_LOOP( '', ( #3741, #3742, #3743, #3744 ) );
#2020 = AXIS2_PLACEMENT_3D( '', #3745, #3746, #3747 );
#2021 = SURFACE_SIDE_STYLE( '', ( #3748 ) );
#2022 = EDGE_LOOP( '', ( #3749, #3750, #3751, #3752, #3753, #3754, #3755, #3756 ) );
#2023 = AXIS2_PLACEMENT_3D( '', #3757, #3758, #3759 );
#2024 = SURFACE_SIDE_STYLE( '', ( #3760 ) );
#2025 = EDGE_LOOP( '', ( #3761, #3762, #3763, #3764 ) );
#2026 = AXIS2_PLACEMENT_3D( '', #3765, #3766, #3767 );
#2027 = SURFACE_SIDE_STYLE( '', ( #3768 ) );
#2028 = EDGE_LOOP( '', ( #3769, #3770, #3771, #3772 ) );
#2029 = AXIS2_PLACEMENT_3D( '', #3773, #3774, #3775 );
#2030 = SURFACE_SIDE_STYLE( '', ( #3776 ) );
#2031 = EDGE_LOOP( '', ( #3777, #3778, #3779, #3780 ) );
#2032 = AXIS2_PLACEMENT_3D( '', #3781, #3782, #3783 );
#2033 = SURFACE_SIDE_STYLE( '', ( #3784 ) );
#2034 = EDGE_LOOP( '', ( #3785, #3786, #3787, #3788, #3789 ) );
#2035 = AXIS2_PLACEMENT_3D( '', #3790, #3791, #3792 );
#2036 = SURFACE_SIDE_STYLE( '', ( #3793 ) );
#2037 = EDGE_LOOP( '', ( #3794, #3795, #3796, #3797 ) );
#2038 = EDGE_LOOP( '', ( #3798, #3799, #3800, #3801 ) );
#2039 = EDGE_LOOP( '', ( #3802, #3803, #3804, #3805, #3806, #3807, #3808, #3809, #3810, #3811, #3812, #3813, #3814, #3815, #3816, #3817, #3818, #3819, #3820, #3821, #3822, #3823, #3824, #3825, #3826, #3827, #3828, #3829, #3830, #3831, #3832, #3833, #3834, #3835, #3836, #3837, #3838, #3839, #3840, #3841, #3842, #3843, #3844, #3845, #3846, #3847 ) );
#2040 = AXIS2_PLACEMENT_3D( '', #3848, #3849, #3850 );
#2041 = SURFACE_SIDE_STYLE( '', ( #3851 ) );
#2042 = EDGE_LOOP( '', ( #3852, #3853, #3854, #3855 ) );
#2043 = AXIS2_PLACEMENT_3D( '', #3856, #3857, #3858 );
#2044 = SURFACE_SIDE_STYLE( '', ( #3859 ) );
#2045 = EDGE_LOOP( '', ( #3860, #3861, #3862, #3863 ) );
#2046 = AXIS2_PLACEMENT_3D( '', #3864, #3865, #3866 );
#2047 = SURFACE_SIDE_STYLE( '', ( #3867 ) );
#2048 = EDGE_LOOP( '', ( #3868, #3869, #3870, #3871 ) );
#2049 = AXIS2_PLACEMENT_3D( '', #3872, #3873, #3874 );
#2050 = SURFACE_SIDE_STYLE( '', ( #3875 ) );
#2051 = EDGE_LOOP( '', ( #3876, #3877, #3878, #3879 ) );
#2052 = AXIS2_PLACEMENT_3D( '', #3880, #3881, #3882 );
#2053 = SURFACE_SIDE_STYLE( '', ( #3883 ) );
#2054 = EDGE_LOOP( '', ( #3884, #3885, #3886, #3887 ) );
#2055 = AXIS2_PLACEMENT_3D( '', #3888, #3889, #3890 );
#2056 = SURFACE_SIDE_STYLE( '', ( #3891 ) );
#2057 = EDGE_LOOP( '', ( #3892, #3893, #3894, #3895, #3896, #3897, #3898, #3899, #3900, #3901, #3902, #3903, #3904, #3905, #3906, #3907, #3908, #3909, #3910, #3911, #3912, #3913, #3914, #3915, #3916, #3917, #3918, #3919, #3920, #3921, #3922, #3923, #3924, #3925, #3926, #3927, #3928, #3929, #3930, #3931, #3932, #3933, #3934, #3935, #3936, #3937 ) );
#2058 = AXIS2_PLACEMENT_3D( '', #3938, #3939, #3940 );
#2059 = SURFACE_SIDE_STYLE( '', ( #3941 ) );
#2060 = EDGE_LOOP( '', ( #3942, #3943, #3944, #3945, #3946, #3947 ) );
#2061 = AXIS2_PLACEMENT_3D( '', #3948, #3949, #3950 );
#2062 = SURFACE_SIDE_STYLE( '', ( #3951 ) );
#2063 = EDGE_LOOP( '', ( #3952, #3953, #3954, #3955 ) );
#2064 = AXIS2_PLACEMENT_3D( '', #3956, #3957, #3958 );
#2065 = SURFACE_SIDE_STYLE( '', ( #3959 ) );
#2066 = EDGE_LOOP( '', ( #3960, #3961, #3962, #3963, #3964, #3965 ) );
#2067 = AXIS2_PLACEMENT_3D( '', #3966, #3967, #3968 );
#2068 = SURFACE_SIDE_STYLE( '', ( #3969 ) );
#2069 = EDGE_LOOP( '', ( #3970, #3971, #3972, #3973 ) );
#2070 = AXIS2_PLACEMENT_3D( '', #3974, #3975, #3976 );
#2071 = SURFACE_SIDE_STYLE( '', ( #3977 ) );
#2072 = EDGE_LOOP( '', ( #3978, #3979, #3980, #3981 ) );
#2073 = AXIS2_PLACEMENT_3D( '', #3982, #3983, #3984 );
#2074 = SURFACE_SIDE_STYLE( '', ( #3985 ) );
#2075 = EDGE_LOOP( '', ( #3986, #3987, #3988, #3989 ) );
#2076 = AXIS2_PLACEMENT_3D( '', #3990, #3991, #3992 );
#2077 = SURFACE_SIDE_STYLE( '', ( #3993 ) );
#2078 = EDGE_LOOP( '', ( #3994, #3995, #3996, #3997 ) );
#2079 = AXIS2_PLACEMENT_3D( '', #3998, #3999, #4000 );
#2080 = SURFACE_SIDE_STYLE( '', ( #4001 ) );
#2081 = EDGE_LOOP( '', ( #4002, #4003, #4004, #4005, #4006 ) );
#2082 = AXIS2_PLACEMENT_3D( '', #4007, #4008, #4009 );
#2083 = SURFACE_SIDE_STYLE( '', ( #4010 ) );
#2084 = EDGE_LOOP( '', ( #4011, #4012, #4013, #4014 ) );
#2085 = AXIS2_PLACEMENT_3D( '', #4015, #4016, #4017 );
#2086 = SURFACE_SIDE_STYLE( '', ( #4018 ) );
#2087 = EDGE_LOOP( '', ( #4019, #4020, #4021, #4022 ) );
#2088 = AXIS2_PLACEMENT_3D( '', #4023, #4024, #4025 );
#2089 = SURFACE_SIDE_STYLE( '', ( #4026 ) );
#2090 = EDGE_LOOP( '', ( #4027, #4028, #4029, #4030 ) );
#2091 = AXIS2_PLACEMENT_3D( '', #4031, #4032, #4033 );
#2092 = SURFACE_SIDE_STYLE( '', ( #4034 ) );
#2093 = EDGE_LOOP( '', ( #4035, #4036, #4037, #4038 ) );
#2094 = AXIS2_PLACEMENT_3D( '', #4039, #4040, #4041 );
#2095 = SURFACE_SIDE_STYLE( '', ( #4042 ) );
#2096 = EDGE_LOOP( '', ( #4043, #4044, #4045, #4046 ) );
#2097 = AXIS2_PLACEMENT_3D( '', #4047, #4048, #4049 );
#2098 = SURFACE_SIDE_STYLE( '', ( #4050 ) );
#2099 = EDGE_LOOP( '', ( #4051, #4052, #4053, #4054, #4055, #4056 ) );
#2100 = AXIS2_PLACEMENT_3D( '', #4057, #4058, #4059 );
#2101 = SURFACE_SIDE_STYLE( '', ( #4060 ) );
#2102 = EDGE_LOOP( '', ( #4061, #4062, #4063, #4064 ) );
#2103 = EDGE_LOOP( '', ( #4065, #4066, #4067, #4068 ) );
#2104 = EDGE_LOOP( '', ( #4069, #4070, #4071, #4072, #4073, #4074, #4075, #4076, #4077, #4078, #4079, #4080, #4081, #4082, #4083, #4084, #4085, #4086, #4087, #4088, #4089, #4090, #4091, #4092, #4093, #4094, #4095, #4096, #4097, #4098, #4099, #4100, #4101, #4102, #4103, #4104, #4105, #4106, #4107, #4108, #4109, #4110, #4111, #4112, #4113, #4114 ) );
#2105 = AXIS2_PLACEMENT_3D( '', #4115, #4116, #4117 );
#2106 = SURFACE_SIDE_STYLE( '', ( #4118 ) );
#2107 = EDGE_LOOP( '', ( #4119, #4120, #4121, #4122, #4123, #4124, #4125, #4126 ) );
#2108 = AXIS2_PLACEMENT_3D( '', #4127, #4128, #4129 );
#2109 = SURFACE_SIDE_STYLE( '', ( #4130 ) );
#2110 = EDGE_LOOP( '', ( #4131, #4132, #4133, #4134 ) );
#2111 = AXIS2_PLACEMENT_3D( '', #4135, #4136, #4137 );
#2112 = SURFACE_SIDE_STYLE( '', ( #4138 ) );
#2113 = EDGE_LOOP( '', ( #4139, #4140, #4141, #4142 ) );
#2114 = AXIS2_PLACEMENT_3D( '', #4143, #4144, #4145 );
#2115 = SURFACE_SIDE_STYLE( '', ( #4146 ) );
#2116 = EDGE_LOOP( '', ( #4147, #4148, #4149, #4150, #4151, #4152 ) );
#2117 = AXIS2_PLACEMENT_3D( '', #4153, #4154, #4155 );
#2118 = SURFACE_SIDE_STYLE( '', ( #4156 ) );
#2119 = EDGE_LOOP( '', ( #4157, #4158, #4159, #4160 ) );
#2120 = AXIS2_PLACEMENT_3D( '', #4161, #4162, #4163 );
#2121 = SURFACE_SIDE_STYLE( '', ( #4164 ) );
#2122 = EDGE_LOOP( '', ( #4165, #4166, #4167, #4168, #4169 ) );
#2123 = AXIS2_PLACEMENT_3D( '', #4170, #4171, #4172 );
#2124 = SURFACE_SIDE_STYLE( '', ( #4173 ) );
#2125 = EDGE_LOOP( '', ( #4174, #4175, #4176, #4177 ) );
#2126 = AXIS2_PLACEMENT_3D( '', #4178, #4179, #4180 );
#2127 = SURFACE_SIDE_STYLE( '', ( #4181 ) );
#2128 = EDGE_LOOP( '', ( #4182, #4183, #4184, #4185, #4186, #4187, #4188, #4189 ) );
#2129 = AXIS2_PLACEMENT_3D( '', #4190, #4191, #4192 );
#2130 = SURFACE_SIDE_STYLE( '', ( #4193 ) );
#2131 = EDGE_LOOP( '', ( #4194, #4195, #4196, #4197 ) );
#2132 = AXIS2_PLACEMENT_3D( '', #4198, #4199, #4200 );
#2133 = SURFACE_SIDE_STYLE( '', ( #4201 ) );
#2134 = EDGE_LOOP( '', ( #4202, #4203, #4204, #4205 ) );
#2135 = AXIS2_PLACEMENT_3D( '', #4206, #4207, #4208 );
#2136 = SURFACE_SIDE_STYLE( '', ( #4209 ) );
#2137 = EDGE_LOOP( '', ( #4210, #4211, #4212, #4213 ) );
#2138 = AXIS2_PLACEMENT_3D( '', #4214, #4215, #4216 );
#2139 = SURFACE_SIDE_STYLE( '', ( #4217 ) );
#2140 = EDGE_LOOP( '', ( #4218, #4219, #4220, #4221 ) );
#2141 = AXIS2_PLACEMENT_3D( '', #4222, #4223, #4224 );
#2142 = SURFACE_SIDE_STYLE( '', ( #4225 ) );
#2143 = EDGE_LOOP( '', ( #4226, #4227, #4228, #4229, #4230, #4231 ) );
#2144 = AXIS2_PLACEMENT_3D( '', #4232, #4233, #4234 );
#2145 = SURFACE_SIDE_STYLE( '', ( #4235 ) );
#2146 = EDGE_LOOP( '', ( #4236, #4237, #4238, #4239 ) );
#2147 = AXIS2_PLACEMENT_3D( '', #4240, #4241, #4242 );
#2148 = SURFACE_SIDE_STYLE( '', ( #4243 ) );
#2149 = EDGE_LOOP( '', ( #4244, #4245, #4246, #4247, #4248 ) );
#2150 = AXIS2_PLACEMENT_3D( '', #4249, #4250, #4251 );
#2151 = SURFACE_SIDE_STYLE( '', ( #4252 ) );
#2152 = EDGE_LOOP( '', ( #4253, #4254, #4255, #4256 ) );
#2153 = AXIS2_PLACEMENT_3D( '', #4257, #4258, #4259 );
#2154 = SURFACE_SIDE_STYLE( '', ( #4260 ) );
#2155 = EDGE_LOOP( '', ( #4261, #4262, #4263, #4264 ) );
#2156 = AXIS2_PLACEMENT_3D( '', #4265, #4266, #4267 );
#2157 = SURFACE_SIDE_STYLE( '', ( #4268 ) );
#2158 = EDGE_LOOP( '', ( #4269, #4270, #4271, #4272 ) );
#2159 = AXIS2_PLACEMENT_3D( '', #4273, #4274, #4275 );
#2160 = SURFACE_SIDE_STYLE( '', ( #4276 ) );
#2161 = EDGE_LOOP( '', ( #4277, #4278, #4279, #4280 ) );
#2162 = AXIS2_PLACEMENT_3D( '', #4281, #4282, #4283 );
#2163 = SURFACE_SIDE_STYLE( '', ( #4284 ) );
#2164 = EDGE_LOOP( '', ( #4285, #4286, #4287, #4288 ) );
#2165 = AXIS2_PLACEMENT_3D( '', #4289, #4290, #4291 );
#2166 = SURFACE_SIDE_STYLE( '', ( #4292 ) );
#2167 = EDGE_LOOP( '', ( #4293, #4294, #4295, #4296 ) );
#2168 = AXIS2_PLACEMENT_3D( '', #4297, #4298, #4299 );
#2169 = SURFACE_SIDE_STYLE( '', ( #4300 ) );
#2170 = EDGE_LOOP( '', ( #4301, #4302, #4303, #4304, #4305 ) );
#2171 = AXIS2_PLACEMENT_3D( '', #4306, #4307, #4308 );
#2172 = SURFACE_SIDE_STYLE( '', ( #4309 ) );
#2173 = EDGE_LOOP( '', ( #4310, #4311, #4312, #4313 ) );
#2174 = AXIS2_PLACEMENT_3D( '', #4314, #4315, #4316 );
#2175 = SURFACE_SIDE_STYLE( '', ( #4317 ) );
#2176 = EDGE_LOOP( '', ( #4318, #4319, #4320, #4321 ) );
#2177 = AXIS2_PLACEMENT_3D( '', #4322, #4323, #4324 );
#2178 = SURFACE_SIDE_STYLE( '', ( #4325 ) );
#2179 = EDGE_LOOP( '', ( #4326, #4327, #4328, #4329 ) );
#2180 = AXIS2_PLACEMENT_3D( '', #4330, #4331, #4332 );
#2181 = SURFACE_SIDE_STYLE( '', ( #4333 ) );
#2182 = EDGE_LOOP( '', ( #4334, #4335, #4336, #4337 ) );
#2183 = AXIS2_PLACEMENT_3D( '', #4338, #4339, #4340 );
#2184 = SURFACE_SIDE_STYLE( '', ( #4341 ) );
#2185 = EDGE_LOOP( '', ( #4342, #4343, #4344, #4345 ) );
#2186 = AXIS2_PLACEMENT_3D( '', #4346, #4347, #4348 );
#2187 = SURFACE_SIDE_STYLE( '', ( #4349 ) );
#2188 = EDGE_LOOP( '', ( #4350, #4351, #4352, #4353, #4354, #4355, #4356, #4357 ) );
#2189 = AXIS2_PLACEMENT_3D( '', #4358, #4359, #4360 );
#2190 = SURFACE_SIDE_STYLE( '', ( #4361 ) );
#2191 = EDGE_LOOP( '', ( #4362, #4363, #4364, #4365 ) );
#2192 = AXIS2_PLACEMENT_3D( '', #4366, #4367, #4368 );
#2193 = SURFACE_SIDE_STYLE( '', ( #4369 ) );
#2194 = EDGE_LOOP( '', ( #4370, #4371, #4372, #4373 ) );
#2195 = AXIS2_PLACEMENT_3D( '', #4374, #4375, #4376 );
#2196 = SURFACE_SIDE_STYLE( '', ( #4377 ) );
#2197 = EDGE_LOOP( '', ( #4378, #4379, #4380, #4381 ) );
#2198 = AXIS2_PLACEMENT_3D( '', #4382, #4383, #4384 );
#2199 = SURFACE_SIDE_STYLE( '', ( #4385 ) );
#2200 = EDGE_LOOP( '', ( #4386, #4387, #4388, #4389 ) );
#2201 = AXIS2_PLACEMENT_3D( '', #4390, #4391, #4392 );
#2202 = SURFACE_SIDE_STYLE( '', ( #4393 ) );
#2203 = EDGE_LOOP( '', ( #4394, #4395, #4396, #4397, #4398, #4399, #4400, #4401, #4402, #4403 ) );
#2204 = AXIS2_PLACEMENT_3D( '', #4404, #4405, #4406 );
#2205 = SURFACE_SIDE_STYLE( '', ( #4407 ) );
#2206 = EDGE_LOOP( '', ( #4408, #4409, #4410, #4411, #4412, #4413 ) );
#2207 = AXIS2_PLACEMENT_3D( '', #4414, #4415, #4416 );
#2208 = SURFACE_SIDE_STYLE( '', ( #4417 ) );
#2209 = EDGE_LOOP( '', ( #4418, #4419, #4420, #4421 ) );
#2210 = AXIS2_PLACEMENT_3D( '', #4422, #4423, #4424 );
#2211 = SURFACE_SIDE_STYLE( '', ( #4425 ) );
#2212 = EDGE_LOOP( '', ( #4426, #4427, #4428, #4429 ) );
#2213 = AXIS2_PLACEMENT_3D( '', #4430, #4431, #4432 );
#2214 = SURFACE_SIDE_STYLE( '', ( #4433 ) );
#2215 = EDGE_LOOP( '', ( #4434, #4435, #4436, #4437, #4438 ) );
#2216 = AXIS2_PLACEMENT_3D( '', #4439, #4440, #4441 );
#2217 = SURFACE_SIDE_STYLE( '', ( #4442 ) );
#2218 = EDGE_LOOP( '', ( #4443, #4444, #4445, #4446, #4447, #4448, #4449, #4450 ) );
#2219 = AXIS2_PLACEMENT_3D( '', #4451, #4452, #4453 );
#2220 = SURFACE_SIDE_STYLE( '', ( #4454 ) );
#2221 = EDGE_LOOP( '', ( #4455, #4456, #4457, #4458 ) );
#2222 = AXIS2_PLACEMENT_3D( '', #4459, #4460, #4461 );
#2223 = SURFACE_SIDE_STYLE( '', ( #4462 ) );
#2224 = EDGE_LOOP( '', ( #4463, #4464, #4465, #4466, #4467 ) );
#2225 = AXIS2_PLACEMENT_3D( '', #4468, #4469, #4470 );
#2226 = SURFACE_SIDE_STYLE( '', ( #4471 ) );
#2227 = EDGE_LOOP( '', ( #4472, #4473, #4474, #4475, #4476, #4477, #4478, #4479, #4480, #4481, #4482, #4483 ) );
#2228 = AXIS2_PLACEMENT_3D( '', #4484, #4485, #4486 );
#2229 = SURFACE_SIDE_STYLE( '', ( #4487 ) );
#2230 = EDGE_LOOP( '', ( #4488, #4489, #4490, #4491, #4492, #4493 ) );
#2231 = AXIS2_PLACEMENT_3D( '', #4494, #4495, #4496 );
#2232 = SURFACE_SIDE_STYLE( '', ( #4497 ) );
#2233 = EDGE_LOOP( '', ( #4498, #4499, #4500, #4501 ) );
#2234 = AXIS2_PLACEMENT_3D( '', #4502, #4503, #4504 );
#2236 =  ( LENGTH_UNIT(  )NAMED_UNIT( #1527 )SI_UNIT( .MILLI., .METRE. ) );
#2237 = SURFACE_STYLE_FILL_AREA( #4506 );
#2238 = ORIENTED_EDGE( '', *, *, #4507, .F. );
#2239 = ORIENTED_EDGE( '', *, *, #4508, .T. );
#2240 = ORIENTED_EDGE( '', *, *, #4509, .T. );
#2241 = ORIENTED_EDGE( '', *, *, #4510, .T. );
#2242 = ORIENTED_EDGE( '', *, *, #4511, .F. );
#2243 = ORIENTED_EDGE( '', *, *, #4512, .T. );
#2244 = ORIENTED_EDGE( '', *, *, #4513, .F. );
#2245 = ORIENTED_EDGE( '', *, *, #4514, .F. );
#2246 = CARTESIAN_POINT( '', ( 2.80000000000000, 3.73999760000000, -0.300000000000000 ) );
#2247 = DIRECTION( '', ( -1.00000000000000, 0.000000000000000, 0.000000000000000 ) );
#2248 = DIRECTION( '', ( 0.000000000000000, 0.000000000000000, -1.00000000000000 ) );
#2249 = SURFACE_STYLE_FILL_AREA( #4515 );
#2250 = ORIENTED_EDGE( '', *, *, #4516, .F. );
#2251 = ORIENTED_EDGE( '', *, *, #4517, .F. );
#2252 = ORIENTED_EDGE( '', *, *, #4518, .T. );
#2253 = ORIENTED_EDGE( '', *, *, #4519, .F. );
#2254 = CARTESIAN_POINT( '', ( -1.47302600000000, 25.6000000000012, -3.91229600000000 ) );
#2255 = DIRECTION( '', ( -0.000000000000000, 1.00000000000000, 0.000000000000000 ) );
#2256 = DIRECTION( '', ( 1.00000000000000, 0.000000000000000, 0.000000000000000 ) );
#2257 = SURFACE_STYLE_FILL_AREA( #4520 );
#2258 = ORIENTED_EDGE( '', *, *, #4521, .F. );
#2259 = ORIENTED_EDGE( '', *, *, #4522, .T. );
#2260 = ORIENTED_EDGE( '', *, *, #4523, .F. );
#2261 = ORIENTED_EDGE( '', *, *, #4524, .T. );
#2262 = CARTESIAN_POINT( '', ( 5.04000240000000, 12.8000000000000, -0.300000000000000 ) );
#2263 = DIRECTION( '', ( 0.000000000000000, -1.00000000000000, 0.000000000000000 ) );
#2264 = DIRECTION( '', ( 0.000000000000000, 0.000000000000000, -1.00000000000000 ) );
#2265 = SURFACE_STYLE_FILL_AREA( #4525 );
#2266 = ORIENTED_EDGE( '', *, *, #4526, .T. );
#2267 = ORIENTED_EDGE( '', *, *, #4527, .F. );
#2268 = ORIENTED_EDGE( '', *, *, #4528, .F. );
#2269 = ORIENTED_EDGE( '', *, *, #4529, .T. );
#2270 = CARTESIAN_POINT( '', ( -10.1600000000000, 23.3000000000000, -1.70000000000000 ) );
#2271 = DIRECTION( '', ( 1.00000000000000, -0.000000000000000, -0.000000000000000 ) );
#2272 = DIRECTION( '', ( 0.000000000000000, 0.000000000000000, 1.00000000000000 ) );
#2273 = SURFACE_STYLE_FILL_AREA( #4530 );
#2274 = ORIENTED_EDGE( '', *, *, #4531, .F. );
#2275 = ORIENTED_EDGE( '', *, *, #4532, .F. );
#2276 = ORIENTED_EDGE( '', *, *, #4533, .T. );
#2277 = ORIENTED_EDGE( '', *, *, #4534, .F. );
#2278 = CARTESIAN_POINT( '', ( 10.1600000000000, 27.5611360000000, -8.67123083153008 ) );
#2279 = DIRECTION( '', ( 0.000000000000000, -0.438371146789078, -0.898794046299167 ) );
#2280 = DIRECTION( '', ( 0.000000000000000, 0.898794046299167, -0.438371146789078 ) );
#2281 = SURFACE_STYLE_FILL_AREA( #4535 );
#2282 = ORIENTED_EDGE( '', *, *, #4536, .T. );
#2283 = ORIENTED_EDGE( '', *, *, #4537, .T. );
#2284 = ORIENTED_EDGE( '', *, *, #4538, .T. );
#2285 = ORIENTED_EDGE( '', *, *, #4539, .F. );
#2286 = ORIENTED_EDGE( '', *, *, #4540, .T. );
#2287 = ORIENTED_EDGE( '', *, *, #4541, .F. );
#2288 = ORIENTED_EDGE( '', *, *, #4542, .T. );
#2289 = ORIENTED_EDGE( '', *, *, #4543, .F. );
#2290 = CARTESIAN_POINT( '', ( 5.08000000000000, 10.1000000000000, -1.50000000000000 ) );
#2291 = DIRECTION( '', ( 0.000000000000000, 0.000000000000000, 1.00000000000000 ) );
#2292 = DIRECTION( '', ( 1.00000000000000, 0.000000000000000, 0.000000000000000 ) );
#2293 = SURFACE_STYLE_FILL_AREA( #4544 );
#2294 = ORIENTED_EDGE( '', *, *, #4545, .F. );
#2295 = ORIENTED_EDGE( '', *, *, #4546, .F. );
#2296 = ORIENTED_EDGE( '', *, *, #4547, .T. );
#2297 = ORIENTED_EDGE( '', *, *, #4548, .F. );
#2298 = CARTESIAN_POINT( '', ( 0.600000000000000, 1.00000000000000, 0.140002400000000 ) );
#2299 = DIRECTION( '', ( -1.00000000000000, 0.000000000000000, 0.000000000000000 ) );
#2300 = DIRECTION( '', ( 0.000000000000000, -1.00000000000000, 0.000000000000000 ) );
#2301 = SURFACE_STYLE_FILL_AREA( #4549 );
#2302 = ORIENTED_EDGE( '', *, *, #4550, .T. );
#2303 = ORIENTED_EDGE( '', *, *, #4551, .T. );
#2304 = ORIENTED_EDGE( '', *, *, #4552, .F. );
#2305 = ORIENTED_EDGE( '', *, *, #4553, .F. );
#2306 = ORIENTED_EDGE( '', *, *, #4554, .F. );
#2307 = ORIENTED_EDGE( '', *, *, #4555, .F. );
#2308 = ORIENTED_EDGE( '', *, *, #4556, .T. );
#2309 = ORIENTED_EDGE( '', *, *, #4557, .F. );
#2310 = CARTESIAN_POINT( '', ( 10.1600000000000, 29.2000000000000, -6.15000000000000 ) );
#2311 = DIRECTION( '', ( -0.000000000000000, -1.00000000000000, -0.000000000000000 ) );
#2312 = DIRECTION( '', ( 0.000000000000000, 0.000000000000000, 1.00000000000000 ) );
#2313 = SURFACE_STYLE_FILL_AREA( #4558 );
#2314 = ORIENTED_EDGE( '', *, *, #4541, .T. );
#2315 = ORIENTED_EDGE( '', *, *, #4559, .T. );
#2316 = ORIENTED_EDGE( '', *, *, #4560, .T. );
#2317 = ORIENTED_EDGE( '', *, *, #4561, .T. );
#2318 = CARTESIAN_POINT( '', ( 6.09600240000000, 6.80000000000000, -0.676616000000000 ) );
#2319 = DIRECTION( '', ( 0.000000000000000, 1.00000000000000, 0.000000000000000 ) );
#2320 = DIRECTION( '', ( 0.000000000000000, 0.000000000000000, 1.00000000000000 ) );
#2321 = SURFACE_STYLE_FILL_AREA( #4562 );
#2322 = ORIENTED_EDGE( '', *, *, #4563, .F. );
#2323 = ORIENTED_EDGE( '', *, *, #4564, .F. );
#2324 = ORIENTED_EDGE( '', *, *, #4565, .T. );
#2325 = ORIENTED_EDGE( '', *, *, #4566, .F. );
#2326 = CARTESIAN_POINT( '', ( 6.28000000000000, 23.3000000000000, -9.05599943172105 ) );
#2327 = DIRECTION( '', ( -0.000000000000000, -0.000000000000000, 1.00000000000000 ) );
#2328 = DIRECTION( '', ( 0.000000000000000, 1.00000000000000, 0.000000000000000 ) );
#2329 = SURFACE_STYLE_FILL_AREA( #4567 );
#2330 = ORIENTED_EDGE( '', *, *, #4568, .F. );
#2331 = ORIENTED_EDGE( '', *, *, #4569, .T. );
#2332 = ORIENTED_EDGE( '', *, *, #4570, .T. );
#2333 = ORIENTED_EDGE( '', *, *, #4571, .T. );
#2334 = ORIENTED_EDGE( '', *, *, #4572, .F. );
#2335 = CARTESIAN_POINT( '', ( 4.88000000000000, 7.07093599974894, -4.04000000000000 ) );
#2336 = DIRECTION( '', ( -0.000000000000000, 1.00000000000000, -0.000000000000000 ) );
#2337 = DIRECTION( '', ( 0.000000000000000, 0.000000000000000, -1.00000000000000 ) );
#2338 = SURFACE_STYLE_FILL_AREA( #4573 );
#2339 = ORIENTED_EDGE( '', *, *, #4514, .T. );
#2340 = ORIENTED_EDGE( '', *, *, #4574, .F. );
#2341 = ORIENTED_EDGE( '', *, *, #4575, .T. );
#2342 = ORIENTED_EDGE( '', *, *, #4576, .T. );
#2343 = CARTESIAN_POINT( '', ( -2.80000000000000, 12.9000000000000, -1.50000000000000 ) );
#2344 = DIRECTION( '', ( -0.000000000000000, 1.00000000000000, 0.000000000000000 ) );
#2345 = DIRECTION( '', ( 1.00000000000000, 0.000000000000000, 0.000000000000000 ) );
#2346 = SURFACE_STYLE_FILL_AREA( #4577 );
#2347 = ORIENTED_EDGE( '', *, *, #4536, .F. );
#2348 = ORIENTED_EDGE( '', *, *, #4578, .T. );
#2349 = ORIENTED_EDGE( '', *, *, #4579, .F. );
#2350 = ORIENTED_EDGE( '', *, *, #4580, .T. );
#2351 = ORIENTED_EDGE( '', *, *, #4581, .F. );
#2352 = ORIENTED_EDGE( '', *, *, #4582, .F. );
#2353 = ORIENTED_EDGE( '', *, *, #4583, .T. );
#2354 = ORIENTED_EDGE( '', *, *, #4584, .F. );
#2355 = CARTESIAN_POINT( '', ( 2.80000000000000, 3.73999760000000, -0.300000000000000 ) );
#2356 = DIRECTION( '', ( -1.00000000000000, 0.000000000000000, 0.000000000000000 ) );
#2357 = DIRECTION( '', ( 0.000000000000000, 0.000000000000000, -1.00000000000000 ) );
#2358 = SURFACE_STYLE_FILL_AREA( #4585 );
#2359 = ORIENTED_EDGE( '', *, *, #4586, .T. );
#2360 = ORIENTED_EDGE( '', *, *, #4548, .T. );
#2361 = ORIENTED_EDGE( '', *, *, #4587, .F. );
#2362 = ORIENTED_EDGE( '', *, *, #4588, .T. );
#2363 = ORIENTED_EDGE( '', *, *, #4589, .F. );
#2364 = CARTESIAN_POINT( '', ( 0.200000000000000, 7.76723869684921, -14.2000000000000 ) );
#2365 = DIRECTION( '', ( -0.000000000000000, 1.00000000000000, -0.000000000000000 ) );
#2366 = DIRECTION( '', ( 0.000000000000000, 0.000000000000000, -1.00000000000000 ) );
#2367 = SURFACE_STYLE_FILL_AREA( #4590 );
#2368 = ORIENTED_EDGE( '', *, *, #4591, .F. );
#2369 = ORIENTED_EDGE( '', *, *, #4592, .F. );
#2370 = ORIENTED_EDGE( '', *, *, #4593, .F. );
#2371 = ORIENTED_EDGE( '', *, *, #4594, .T. );
#2372 = ORIENTED_EDGE( '', *, *, #4527, .T. );
#2373 = ORIENTED_EDGE( '', *, *, #4595, .F. );
#2374 = CARTESIAN_POINT( '', ( -116.406736788368, 23.5000000000000, -15.1712437056908 ) );
#2375 = DIRECTION( '', ( 0.000000000000000, -1.00000000000000, 0.000000000000000 ) );
#2376 = DIRECTION( '', ( 1.00000000000000, 0.000000000000000, 0.000000000000000 ) );
#2377 = SURFACE_STYLE_FILL_AREA( #4596 );
#2378 = ORIENTED_EDGE( '', *, *, #4597, .T. );
#2379 = ORIENTED_EDGE( '', *, *, #4598, .T. );
#2380 = ORIENTED_EDGE( '', *, *, #4599, .F. );
#2381 = ORIENTED_EDGE( '', *, *, #4600, .T. );
#2382 = ORIENTED_EDGE( '', *, *, #4601, .F. );
#2383 = CARTESIAN_POINT( '', ( 0.200000000000000, 7.76723869684921, -14.2000000000000 ) );
#2384 = DIRECTION( '', ( -0.000000000000000, 1.00000000000000, -0.000000000000000 ) );
#2385 = DIRECTION( '', ( 0.000000000000000, 0.000000000000000, -1.00000000000000 ) );
#2386 = SURFACE_STYLE_FILL_AREA( #4602 );
#2387 = ORIENTED_EDGE( '', *, *, #4603, .F. );
#2388 = ORIENTED_EDGE( '', *, *, #4604, .T. );
#2389 = ORIENTED_EDGE( '', *, *, #4605, .T. );
#2390 = ORIENTED_EDGE( '', *, *, #4606, .F. );
#2391 = ORIENTED_EDGE( '', *, *, #4607, .T. );
#2392 = ORIENTED_EDGE( '', *, *, #4608, .F. );
#2393 = CARTESIAN_POINT( '', ( -3.45833035616114, 2.20597423758882, -5.55000000000000 ) );
#2394 = DIRECTION( '', ( 0.000000000000000, 0.000000000000000, 1.00000000000000 ) );
#2395 = DIRECTION( '', ( 1.00000000000000, 0.000000000000000, 0.000000000000000 ) );
#2396 = SURFACE_STYLE_FILL_AREA( #4609 );
#2397 = ORIENTED_EDGE( '', *, *, #4610, .T. );
#2398 = ORIENTED_EDGE( '', *, *, #4605, .F. );
#2399 = ORIENTED_EDGE( '', *, *, #4611, .T. );
#2400 = ORIENTED_EDGE( '', *, *, #4612, .F. );
#2401 = ORIENTED_EDGE( '', *, *, #4613, .F. );
#2402 = CARTESIAN_POINT( '', ( -4.11384179664706, 26.8000000000012, -10.0902740315453 ) );
#2403 = DIRECTION( '', ( 0.000000000000000, 1.00000000000000, 0.000000000000000 ) );
#2404 = DIRECTION( '', ( 0.000000000000000, 0.000000000000000, 1.00000000000000 ) );
#2405 = SURFACE_STYLE_FILL_AREA( #4614 );
#2406 = ORIENTED_EDGE( '', *, *, #4615, .F. );
#2407 = ORIENTED_EDGE( '', *, *, #4616, .F. );
#2408 = ORIENTED_EDGE( '', *, *, #4617, .T. );
#2409 = ORIENTED_EDGE( '', *, *, #4618, .T. );
#2410 = CARTESIAN_POINT( '', ( -5.08000000000000, 16.4000000000000, -15.6000000000000 ) );
#2411 = DIRECTION( '', ( 0.000000000000000, 1.00000000000000, 0.000000000000000 ) );
#2412 = DIRECTION( '', ( 0.000000000000000, 0.000000000000000, 1.00000000000000 ) );
#2413 = SURFACE_STYLE_FILL_AREA( #4619 );
#2414 = ORIENTED_EDGE( '', *, *, #4620, .F. );
#2415 = ORIENTED_EDGE( '', *, *, #4621, .F. );
#2416 = ORIENTED_EDGE( '', *, *, #4622, .F. );
#2417 = ORIENTED_EDGE( '', *, *, #4623, .F. );
#2418 = ORIENTED_EDGE( '', *, *, #4624, .T. );
#2419 = ORIENTED_EDGE( '', *, *, #4625, .F. );
#2420 = CARTESIAN_POINT( '', ( -80.5108976906263, 29.3000000000000, -2.89644339075328 ) );
#2421 = DIRECTION( '', ( -0.000000000000000, 1.00000000000000, 0.000000000000000 ) );
#2422 = DIRECTION( '', ( 1.00000000000000, 0.000000000000000, 0.000000000000000 ) );
#2423 = SURFACE_STYLE_FILL_AREA( #4626 );
#2424 = ORIENTED_EDGE( '', *, *, #4627, .F. );
#2425 = ORIENTED_EDGE( '', *, *, #4628, .F. );
#2426 = ORIENTED_EDGE( '', *, *, #4629, .F. );
#2427 = ORIENTED_EDGE( '', *, *, #4630, .T. );
#2428 = ORIENTED_EDGE( '', *, *, #4631, .T. );
#2429 = CARTESIAN_POINT( '', ( 4.88000000000000, 7.07093599974894, -3.64000000000000 ) );
#2430 = DIRECTION( '', ( -0.000000000000000, -1.00000000000000, -0.000000000000000 ) );
#2431 = DIRECTION( '', ( 0.000000000000000, 0.000000000000000, 1.00000000000000 ) );
#2432 = SURFACE_STYLE_FILL_AREA( #4632 );
#2433 = ORIENTED_EDGE( '', *, *, #4633, .T. );
#2434 = ORIENTED_EDGE( '', *, *, #4634, .T. );
#2435 = ORIENTED_EDGE( '', *, *, #4635, .T. );
#2436 = ORIENTED_EDGE( '', *, *, #4636, .T. );
#2437 = CARTESIAN_POINT( '', ( -55.8800000000000, 29.3000000000000, -1.40000000000000 ) );
#2438 = DIRECTION( '', ( 0.000000000000000, 0.254862252319700, 0.966977369095332 ) );
#2439 = DIRECTION( '', ( 0.000000000000000, 0.966977369095332, -0.254862252319700 ) );
#2440 = SURFACE_STYLE_FILL_AREA( #4637 );
#2441 = ORIENTED_EDGE( '', *, *, #4638, .T. );
#2442 = ORIENTED_EDGE( '', *, *, #4639, .F. );
#2443 = ORIENTED_EDGE( '', *, *, #4640, .F. );
#2444 = ORIENTED_EDGE( '', *, *, #4641, .T. );
#2445 = CARTESIAN_POINT( '', ( -4.50000240000000, -2.44407121127492, -12.7197180000000 ) );
#2446 = DIRECTION( '', ( 0.000000000000000, 0.342020143325669, -0.939692620785908 ) );
#2447 = DIRECTION( '', ( 0.000000000000000, -0.939692620785908, -0.342020143325669 ) );
#2448 = SURFACE_STYLE_FILL_AREA( #4642 );
#2449 = ORIENTED_EDGE( '', *, *, #4643, .F. );
#2450 = ORIENTED_EDGE( '', *, *, #4644, .F. );
#2451 = ORIENTED_EDGE( '', *, *, #4645, .T. );
#2452 = ORIENTED_EDGE( '', *, *, #4598, .F. );
#2453 = CARTESIAN_POINT( '', ( 0.600000000000000, 1.00000000000000, 0.140002400000000 ) );
#2454 = DIRECTION( '', ( -1.00000000000000, 0.000000000000000, 0.000000000000000 ) );
#2455 = DIRECTION( '', ( 0.000000000000000, -1.00000000000000, 0.000000000000000 ) );
#2456 = SURFACE_STYLE_FILL_AREA( #4646 );
#2457 = ORIENTED_EDGE( '', *, *, #4647, .T. );
#2458 = ORIENTED_EDGE( '', *, *, #4648, .T. );
#2459 = ORIENTED_EDGE( '', *, *, #4545, .T. );
#2460 = ORIENTED_EDGE( '', *, *, #4586, .F. );
#2461 = ORIENTED_EDGE( '', *, *, #4649, .F. );
#2462 = ORIENTED_EDGE( '', *, *, #4650, .F. );
#2463 = ORIENTED_EDGE( '', *, *, #4651, .F. );
#2464 = ORIENTED_EDGE( '', *, *, #4652, .F. );
#2465 = ORIENTED_EDGE( '', *, *, #4653, .T. );
#2466 = ORIENTED_EDGE( '', *, *, #4654, .F. );
#2467 = ORIENTED_EDGE( '', *, *, #4655, .F. );
#2468 = ORIENTED_EDGE( '', *, *, #4656, .T. );
#2469 = ORIENTED_EDGE( '', *, *, #4657, .T. );
#2470 = ORIENTED_EDGE( '', *, *, #4658, .T. );
#2471 = ORIENTED_EDGE( '', *, *, #4659, .F. );
#2472 = ORIENTED_EDGE( '', *, *, #4660, .F. );
#2473 = CARTESIAN_POINT( '', ( -55.0847170470067, 0.000000000000000, -15.0510267354763 ) );
#2474 = DIRECTION( '', ( 0.000000000000000, -1.00000000000000, 0.000000000000000 ) );
#2475 = DIRECTION( '', ( 1.00000000000000, 0.000000000000000, 0.000000000000000 ) );
#2476 = SURFACE_STYLE_FILL_AREA( #4661 );
#2477 = ORIENTED_EDGE( '', *, *, #4662, .F. );
#2478 = ORIENTED_EDGE( '', *, *, #4663, .T. );
#2479 = ORIENTED_EDGE( '', *, *, #4664, .T. );
#2480 = ORIENTED_EDGE( '', *, *, #4665, .F. );
#2481 = CARTESIAN_POINT( '', ( 4.50000240000000, -3.74213340296080, -4.64782600000000 ) );
#2482 = DIRECTION( '', ( 0.000000000000000, 0.342020143325669, 0.939692620785908 ) );
#2483 = DIRECTION( '', ( 0.000000000000000, -0.939692620785908, 0.342020143325669 ) );
#2484 = SURFACE_STYLE_FILL_AREA( #4666 );
#2485 = ORIENTED_EDGE( '', *, *, #4667, .T. );
#2486 = ORIENTED_EDGE( '', *, *, #4668, .F. );
#2487 = ORIENTED_EDGE( '', *, *, #4669, .F. );
#2488 = ORIENTED_EDGE( '', *, *, #4670, .T. );
#2489 = CARTESIAN_POINT( '', ( -0.600000000000000, 2.27932400000000, -4.44000000000000 ) );
#2490 = DIRECTION( '', ( 0.000000000000000, 0.000000000000000, -1.00000000000000 ) );
#2491 = DIRECTION( '', ( 0.000000000000000, 1.00000000000000, 0.000000000000000 ) );
#2492 = SURFACE_STYLE_FILL_AREA( #4671 );
#2493 = ORIENTED_EDGE( '', *, *, #4672, .T. );
#2494 = ORIENTED_EDGE( '', *, *, #4673, .T. );
#2495 = ORIENTED_EDGE( '', *, *, #4674, .F. );
#2496 = ORIENTED_EDGE( '', *, *, #4675, .T. );
#2497 = ORIENTED_EDGE( '', *, *, #4676, .F. );
#2498 = CARTESIAN_POINT( '', ( 9.96000000000000, 7.76723869684921, -13.8000000000000 ) );
#2499 = DIRECTION( '', ( -0.000000000000000, 1.00000000000000, -0.000000000000000 ) );
#2500 = DIRECTION( '', ( 0.000000000000000, 0.000000000000000, -1.00000000000000 ) );
#2501 = SURFACE_STYLE_FILL_AREA( #4677 );
#2502 = ORIENTED_EDGE( '', *, *, #4678, .F. );
#2503 = ORIENTED_EDGE( '', *, *, #4679, .F. );
#2504 = ORIENTED_EDGE( '', *, *, #4680, .T. );
#2505 = ORIENTED_EDGE( '', *, *, #4655, .T. );
#2506 = CARTESIAN_POINT( '', ( 0.000000000000000, -5.20000000000000, -3.24000000000000 ) );
#2507 = DIRECTION( '', ( 0.000000000000000, 0.000000000000000, 1.00000000000000 ) );
#2508 = DIRECTION( '', ( 0.000000000000000, -1.00000000000000, 0.000000000000000 ) );
#2509 = SURFACE_STYLE_FILL_AREA( #4681 );
#2510 = ORIENTED_EDGE( '', *, *, #4652, .T. );
#2511 = ORIENTED_EDGE( '', *, *, #4682, .T. );
#2512 = ORIENTED_EDGE( '', *, *, #4683, .T. );
#2513 = ORIENTED_EDGE( '', *, *, #4684, .T. );
#2514 = ORIENTED_EDGE( '', *, *, #4685, .T. );
#2515 = ORIENTED_EDGE( '', *, *, #4686, .T. );
#2516 = ORIENTED_EDGE( '', *, *, #4687, .T. );
#2517 = ORIENTED_EDGE( '', *, *, #4688, .T. );
#2518 = ORIENTED_EDGE( '', *, *, #4689, .T. );
#2519 = ORIENTED_EDGE( '', *, *, #4690, .F. );
#2520 = CARTESIAN_POINT( '', ( 5.08000000000000, 1.54439230379567, -1.71336549916107 ) );
#2521 = DIRECTION( '', ( 1.00000000000000, 0.000000000000000, 0.000000000000000 ) );
#2522 = DIRECTION( '', ( 0.000000000000000, 0.000000000000000, -1.00000000000000 ) );
#2523 = SURFACE_STYLE_FILL_AREA( #4691 );
#2524 = ORIENTED_EDGE( '', *, *, #4692, .F. );
#2525 = ORIENTED_EDGE( '', *, *, #4693, .T. );
#2526 = ORIENTED_EDGE( '', *, *, #4682, .F. );
#2527 = ORIENTED_EDGE( '', *, *, #4651, .T. );
#2528 = CARTESIAN_POINT( '', ( 0.000000000000000, 16.4000000000000, -15.6000000000000 ) );
#2529 = DIRECTION( '', ( 0.000000000000000, 0.000000000000000, -1.00000000000000 ) );
#2530 = DIRECTION( '', ( 0.000000000000000, 1.00000000000000, 0.000000000000000 ) );
#2531 = SURFACE_STYLE_FILL_AREA( #4694 );
#2532 = ORIENTED_EDGE( '', *, *, #4695, .T. );
#2533 = ORIENTED_EDGE( '', *, *, #4696, .F. );
#2534 = ORIENTED_EDGE( '', *, *, #4697, .T. );
#2535 = ORIENTED_EDGE( '', *, *, #4698, .T. );
#2536 = ORIENTED_EDGE( '', *, *, #4699, .T. );
#2537 = ORIENTED_EDGE( '', *, *, #4700, .F. );
#2538 = ORIENTED_EDGE( '', *, *, #4701, .T. );
#2539 = ORIENTED_EDGE( '', *, *, #4702, .F. );
#2540 = CARTESIAN_POINT( '', ( 5.08000000000000, 10.1000000000000, -1.50000000000000 ) );
#2541 = DIRECTION( '', ( 0.000000000000000, 0.000000000000000, 1.00000000000000 ) );
#2542 = DIRECTION( '', ( 1.00000000000000, 0.000000000000000, 0.000000000000000 ) );
#2543 = SURFACE_STYLE_FILL_AREA( #4703 );
#2544 = ORIENTED_EDGE( '', *, *, #4704, .T. );
#2545 = ORIENTED_EDGE( '', *, *, #4705, .T. );
#2546 = ORIENTED_EDGE( '', *, *, #4706, .T. );
#2547 = ORIENTED_EDGE( '', *, *, #4707, .T. );
#2548 = CARTESIAN_POINT( '', ( 2.30500000000000, 9.80000000000000, -1.45000000000000 ) );
#2549 = DIRECTION( '', ( 0.000000000000000, 0.000000000000000, 1.00000000000000 ) );
#2550 = DIRECTION( '', ( 1.00000000000000, 0.000000000000000, 0.000000000000000 ) );
#2551 = SURFACE_STYLE_FILL_AREA( #4708 );
#2552 = ORIENTED_EDGE( '', *, *, #4709, .F. );
#2553 = ORIENTED_EDGE( '', *, *, #4710, .F. );
#2554 = ORIENTED_EDGE( '', *, *, #4711, .F. );
#2555 = ORIENTED_EDGE( '', *, *, #4712, .F. );
#2556 = CARTESIAN_POINT( '', ( -4.69301482442179, 4.80000000000000, 3.11466685472233 ) );
#2557 = DIRECTION( '', ( 0.000000000000000, 1.00000000000000, 0.000000000000000 ) );
#2558 = DIRECTION( '', ( 0.000000000000000, 0.000000000000000, 1.00000000000000 ) );
#2559 = SURFACE_STYLE_FILL_AREA( #4713 );
#2560 = ORIENTED_EDGE( '', *, *, #4714, .F. );
#2561 = ORIENTED_EDGE( '', *, *, #4715, .F. );
#2562 = ORIENTED_EDGE( '', *, *, #4716, .F. );
#2563 = ORIENTED_EDGE( '', *, *, #4696, .T. );
#2564 = CARTESIAN_POINT( '', ( 7.36000000000000, 12.9000000000000, -1.50000000000000 ) );
#2565 = DIRECTION( '', ( -0.000000000000000, 1.00000000000000, 0.000000000000000 ) );
#2566 = DIRECTION( '', ( 1.00000000000000, 0.000000000000000, 0.000000000000000 ) );
#2567 = SURFACE_STYLE_FILL_AREA( #4717 );
#2568 = ORIENTED_EDGE( '', *, *, #4718, .F. );
#2569 = ORIENTED_EDGE( '', *, *, #4719, .T. );
#2570 = ORIENTED_EDGE( '', *, *, #4720, .T. );
#2571 = ORIENTED_EDGE( '', *, *, #4721, .F. );
#2572 = CARTESIAN_POINT( '', ( 10.1600000000000, -5.20000000000000, -3.24000000000000 ) );
#2573 = DIRECTION( '', ( 0.000000000000000, 0.000000000000000, 1.00000000000000 ) );
#2574 = DIRECTION( '', ( 0.000000000000000, -1.00000000000000, 0.000000000000000 ) );
#2575 = SURFACE_STYLE_FILL_AREA( #4722 );
#2576 = ORIENTED_EDGE( '', *, *, #4522, .F. );
#2577 = ORIENTED_EDGE( '', *, *, #4723, .T. );
#2578 = ORIENTED_EDGE( '', *, *, #4724, .F. );
#2579 = ORIENTED_EDGE( '', *, *, #4725, .T. );
#2580 = CARTESIAN_POINT( '', ( 6.09600240000000, 15.4000000000000, -12.2000000000000 ) );
#2581 = DIRECTION( '', ( 0.000000000000000, 0.000000000000000, -1.00000000000000 ) );
#2582 = DIRECTION( '', ( 0.000000000000000, 1.00000000000000, 0.000000000000000 ) );
#2583 = SURFACE_STYLE_FILL_AREA( #4726 );
#2584 = ORIENTED_EDGE( '', *, *, #4727, .F. );
#2585 = ORIENTED_EDGE( '', *, *, #4728, .F. );
#2586 = ORIENTED_EDGE( '', *, *, #4729, .F. );
#2587 = ORIENTED_EDGE( '', *, *, #4730, .T. );
#2588 = ORIENTED_EDGE( '', *, *, #4668, .T. );
#2589 = CARTESIAN_POINT( '', ( 0.200000000000000, 7.07093599974894, -4.04000000000000 ) );
#2590 = DIRECTION( '', ( -0.000000000000000, -1.00000000000000, -0.000000000000000 ) );
#2591 = DIRECTION( '', ( 0.000000000000000, 0.000000000000000, 1.00000000000000 ) );
#2592 = SURFACE_STYLE_FILL_AREA( #4731 );
#2593 = ORIENTED_EDGE( '', *, *, #4732, .F. );
#2594 = ORIENTED_EDGE( '', *, *, #4733, .F. );
#2595 = ORIENTED_EDGE( '', *, *, #4734, .T. );
#2596 = ORIENTED_EDGE( '', *, *, #4673, .F. );
#2597 = CARTESIAN_POINT( '', ( 9.56000000000000, -6.16348200000000, 0.140002400000000 ) );
#2598 = DIRECTION( '', ( 1.00000000000000, 0.000000000000000, 0.000000000000000 ) );
#2599 = DIRECTION( '', ( 0.000000000000000, 1.00000000000000, 0.000000000000000 ) );
#2600 = SURFACE_STYLE_FILL_AREA( #4735 );
#2601 = ORIENTED_EDGE( '', *, *, #4736, .T. );
#2602 = ORIENTED_EDGE( '', *, *, #4707, .F. );
#2603 = ORIENTED_EDGE( '', *, *, #4737, .T. );
#2604 = ORIENTED_EDGE( '', *, *, #4738, .T. );
#2605 = CARTESIAN_POINT( '', ( 7.88000000000000, 6.70000000000000, -1.50000000000000 ) );
#2606 = DIRECTION( '', ( 0.000000000000000, -1.00000000000000, 0.000000000000000 ) );
#2607 = DIRECTION( '', ( -1.00000000000000, 0.000000000000000, 0.000000000000000 ) );
#2608 = SURFACE_STYLE_FILL_AREA( #4739 );
#2609 = ORIENTED_EDGE( '', *, *, #4740, .F. );
#2610 = ORIENTED_EDGE( '', *, *, #4741, .T. );
#2611 = ORIENTED_EDGE( '', *, *, #4742, .F. );
#2612 = ORIENTED_EDGE( '', *, *, #4644, .T. );
#2613 = ORIENTED_EDGE( '', *, *, #4743, .F. );
#2614 = CARTESIAN_POINT( '', ( 0.200000000000000, 7.76723869684921, -13.8000000000000 ) );
#2615 = DIRECTION( '', ( -0.000000000000000, -1.00000000000000, -0.000000000000000 ) );
#2616 = DIRECTION( '', ( 0.000000000000000, 0.000000000000000, 1.00000000000000 ) );
#2617 = SURFACE_STYLE_FILL_AREA( #4744 );
#2618 = ORIENTED_EDGE( '', *, *, #4745, .F. );
#2619 = ORIENTED_EDGE( '', *, *, #4746, .F. );
#2620 = ORIENTED_EDGE( '', *, *, #4747, .F. );
#2621 = ORIENTED_EDGE( '', *, *, #4740, .T. );
#2622 = CARTESIAN_POINT( '', ( 1.27734121107700, -3.46097004054130, -13.4000000000000 ) );
#2623 = DIRECTION( '', ( 0.000000000000000, 0.000000000000000, -1.00000000000000 ) );
#2624 = DIRECTION( '', ( -1.00000000000000, 0.000000000000000, 0.000000000000000 ) );
#2625 = SURFACE_STYLE_FILL_AREA( #4748 );
#2626 = ORIENTED_EDGE( '', *, *, #4749, .F. );
#2627 = ORIENTED_EDGE( '', *, *, #4750, .F. );
#2628 = ORIENTED_EDGE( '', *, *, #4751, .F. );
#2629 = ORIENTED_EDGE( '', *, *, #4752, .T. );
#2630 = ORIENTED_EDGE( '', *, *, #4721, .T. );
#2631 = CARTESIAN_POINT( '', ( 9.96000000000000, 7.07093599974894, -3.64000000000000 ) );
#2632 = DIRECTION( '', ( -0.000000000000000, -1.00000000000000, -0.000000000000000 ) );
#2633 = DIRECTION( '', ( 0.000000000000000, 0.000000000000000, 1.00000000000000 ) );
#2634 = SURFACE_STYLE_FILL_AREA( #4753 );
#2635 = ORIENTED_EDGE( '', *, *, #4754, .F. );
#2636 = ORIENTED_EDGE( '', *, *, #4755, .T. );
#2637 = ORIENTED_EDGE( '', *, *, #4756, .F. );
#2638 = ORIENTED_EDGE( '', *, *, #4757, .T. );
#2639 = CARTESIAN_POINT( '', ( 11.1760024000000, 6.80000000000000, -0.676616000000000 ) );
#2640 = DIRECTION( '', ( 0.000000000000000, 1.00000000000000, 0.000000000000000 ) );
#2641 = DIRECTION( '', ( 0.000000000000000, 0.000000000000000, 1.00000000000000 ) );
#2642 = SURFACE_STYLE_FILL_AREA( #4758 );
#2643 = ORIENTED_EDGE( '', *, *, #4759, .F. );
#2644 = ORIENTED_EDGE( '', *, *, #4608, .T. );
#2645 = ORIENTED_EDGE( '', *, *, #4760, .T. );
#2646 = ORIENTED_EDGE( '', *, *, #4761, .F. );
#2647 = CARTESIAN_POINT( '', ( 2.52123083153010, 27.5611360000000, -6.15000000000000 ) );
#2648 = DIRECTION( '', ( 0.898794046299167, -0.438371146789078, 0.000000000000000 ) );
#2649 = DIRECTION( '', ( -0.438371146789078, -0.898794046299167, 0.000000000000000 ) );
#2650 = SURFACE_STYLE_FILL_AREA( #4762 );
#2651 = ORIENTED_EDGE( '', *, *, #4763, .T. );
#2652 = ORIENTED_EDGE( '', *, *, #4764, .T. );
#2653 = ORIENTED_EDGE( '', *, *, #4765, .T. );
#2654 = ORIENTED_EDGE( '', *, *, #4766, .T. );
#2655 = CARTESIAN_POINT( '', ( 10.1600000000000, 16.4000000000000, -15.6000000000000 ) );
#2656 = DIRECTION( '', ( 0.000000000000000, 0.000000000000000, -1.00000000000000 ) );
#2657 = DIRECTION( '', ( 0.000000000000000, 1.00000000000000, 0.000000000000000 ) );
#2658 = SURFACE_STYLE_FILL_AREA( #4767 );
#2659 = ORIENTED_EDGE( '', *, *, #4768, .T. );
#2660 = ORIENTED_EDGE( '', *, *, #4769, .T. );
#2661 = ORIENTED_EDGE( '', *, *, #4770, .F. );
#2662 = ORIENTED_EDGE( '', *, *, #4698, .F. );
#2663 = CARTESIAN_POINT( '', ( 12.9600000000000, 6.70000000000000, -1.50000000000000 ) );
#2664 = DIRECTION( '', ( 0.000000000000000, -1.00000000000000, 0.000000000000000 ) );
#2665 = DIRECTION( '', ( -1.00000000000000, 0.000000000000000, 0.000000000000000 ) );
#2666 = SURFACE_STYLE_FILL_AREA( #4771 );
#2667 = ORIENTED_EDGE( '', *, *, #4772, .T. );
#2668 = ORIENTED_EDGE( '', *, *, #4773, .T. );
#2669 = ORIENTED_EDGE( '', *, *, #4774, .T. );
#2670 = ORIENTED_EDGE( '', *, *, #4775, .F. );
#2671 = CARTESIAN_POINT( '', ( 10.1200024000000, 12.8000000000000, -0.300000000000000 ) );
#2672 = DIRECTION( '', ( 0.000000000000000, -1.00000000000000, 0.000000000000000 ) );
#2673 = DIRECTION( '', ( 0.000000000000000, 0.000000000000000, -1.00000000000000 ) );
#2674 = SURFACE_STYLE_FILL_AREA( #4776 );
#2675 = ORIENTED_EDGE( '', *, *, #4777, .F. );
#2676 = ORIENTED_EDGE( '', *, *, #4778, .T. );
#2677 = ORIENTED_EDGE( '', *, *, #4779, .F. );
#2678 = ORIENTED_EDGE( '', *, *, #4780, .T. );
#2679 = ORIENTED_EDGE( '', *, *, #4565, .F. );
#2680 = ORIENTED_EDGE( '', *, *, #4781, .F. );
#2681 = CARTESIAN_POINT( '', ( 6.08000000000000, 23.3000000000000, -1.50000000000000 ) );
#2682 = DIRECTION( '', ( 0.000000000000000, -1.00000000000000, 0.000000000000000 ) );
#2683 = DIRECTION( '', ( -1.00000000000000, 0.000000000000000, 0.000000000000000 ) );
#2684 = SURFACE_STYLE_FILL_AREA( #4782 );
#2685 = ORIENTED_EDGE( '', *, *, #4783, .T. );
#2686 = ORIENTED_EDGE( '', *, *, #4784, .T. );
#2687 = ORIENTED_EDGE( '', *, *, #4750, .T. );
#2688 = ORIENTED_EDGE( '', *, *, #4785, .T. );
#2689 = CARTESIAN_POINT( '', ( 9.56000000000000, -4.16904566318510, -3.84063064193088 ) );
#2690 = DIRECTION( '', ( -1.00000000000000, 0.000000000000000, 0.000000000000000 ) );
#2691 = DIRECTION( '', ( 0.000000000000000, 0.000000000000000, 1.00000000000000 ) );
#2692 = SURFACE_STYLE_FILL_AREA( #4786 );
#2693 = ORIENTED_EDGE( '', *, *, #4787, .T. );
#2694 = ORIENTED_EDGE( '', *, *, #4788, .F. );
#2695 = ORIENTED_EDGE( '', *, *, #4789, .T. );
#2696 = ORIENTED_EDGE( '', *, *, #4790, .T. );
#2697 = CARTESIAN_POINT( '', ( 8.98546517713172, 24.8000000000012, -6.15000000000000 ) );
#2698 = DIRECTION( '', ( -0.898794046299167, -0.438371146789078, 0.000000000000000 ) );
#2699 = DIRECTION( '', ( -0.438371146789078, 0.898794046299167, 0.000000000000000 ) );
#2700 = SURFACE_STYLE_FILL_AREA( #4791 );
#2701 = ORIENTED_EDGE( '', *, *, #4792, .F. );
#2702 = ORIENTED_EDGE( '', *, *, #4793, .T. );
#2703 = ORIENTED_EDGE( '', *, *, #4794, .T. );
#2704 = ORIENTED_EDGE( '', *, *, #4795, .F. );
#2705 = ORIENTED_EDGE( '', *, *, #4796, .T. );
#2706 = ORIENTED_EDGE( '', *, *, #4729, .T. );
#2707 = CARTESIAN_POINT( '', ( 3.33066907387547E-016, -4.40000000000000, -13.8018876112894 ) );
#2708 = DIRECTION( '', ( -0.000000000000000, -0.000000000000000, -1.00000000000000 ) );
#2709 = DIRECTION( '', ( 0.000000000000000, -1.00000000000000, 0.000000000000000 ) );
#2710 = SURFACE_STYLE_FILL_AREA( #4797 );
#2711 = ORIENTED_EDGE( '', *, *, #4798, .F. );
#2712 = ORIENTED_EDGE( '', *, *, #4799, .T. );
#2713 = ORIENTED_EDGE( '', *, *, #4800, .F. );
#2714 = ORIENTED_EDGE( '', *, *, #4801, .T. );
#2715 = CARTESIAN_POINT( '', ( 5.46698517557821, 4.80000000000000, 3.11466685472233 ) );
#2716 = DIRECTION( '', ( 0.000000000000000, 1.00000000000000, 0.000000000000000 ) );
#2717 = DIRECTION( '', ( 0.000000000000000, 0.000000000000000, 1.00000000000000 ) );
#2718 = SURFACE_STYLE_FILL_AREA( #4802 );
#2719 = ORIENTED_EDGE( '', *, *, #4803, .T. );
#2720 = ORIENTED_EDGE( '', *, *, #4804, .T. );
#2721 = ORIENTED_EDGE( '', *, *, #4805, .T. );
#2722 = ORIENTED_EDGE( '', *, *, #4806, .T. );
#2723 = CARTESIAN_POINT( '', ( 7.36000000000000, 15.4000000000000, -0.300000000000000 ) );
#2724 = DIRECTION( '', ( -0.819152044288992, 0.000000000000000, -0.573576436351046 ) );
#2725 = DIRECTION( '', ( 0.573576436351046, 0.000000000000000, -0.819152044288992 ) );
#2726 = SURFACE_STYLE_FILL_AREA( #4807 );
#2727 = ORIENTED_EDGE( '', *, *, #4808, .T. );
#2728 = ORIENTED_EDGE( '', *, *, #4636, .F. );
#2729 = ORIENTED_EDGE( '', *, *, #4809, .T. );
#2730 = ORIENTED_EDGE( '', *, *, #4551, .F. );
#2731 = ORIENTED_EDGE( '', *, *, #4810, .T. );
#2732 = ORIENTED_EDGE( '', *, *, #4811, .T. );
#2733 = ORIENTED_EDGE( '', *, *, #4812, .T. );
#2734 = ORIENTED_EDGE( '', *, *, #4813, .F. );
#2735 = CARTESIAN_POINT( '', ( -85.5908976906263, 29.3000000000000, -2.89644339075328 ) );
#2736 = DIRECTION( '', ( -0.000000000000000, 1.00000000000000, 0.000000000000000 ) );
#2737 = DIRECTION( '', ( 1.00000000000000, 0.000000000000000, 0.000000000000000 ) );
#2738 = SURFACE_STYLE_FILL_AREA( #4814 );
#2739 = ORIENTED_EDGE( '', *, *, #4815, .T. );
#2740 = ORIENTED_EDGE( '', *, *, #4816, .T. );
#2741 = ORIENTED_EDGE( '', *, *, #4817, .T. );
#2742 = ORIENTED_EDGE( '', *, *, #4764, .F. );
#2743 = CARTESIAN_POINT( '', ( -10.1600000000000, 16.4000000000000, -15.6000000000000 ) );
#2744 = DIRECTION( '', ( 0.000000000000000, 1.00000000000000, 0.000000000000000 ) );
#2745 = DIRECTION( '', ( 0.000000000000000, 0.000000000000000, 1.00000000000000 ) );
#2746 = SURFACE_STYLE_FILL_AREA( #4818 );
#2747 = ORIENTED_EDGE( '', *, *, #4604, .F. );
#2748 = ORIENTED_EDGE( '', *, *, #4819, .T. );
#2749 = ORIENTED_EDGE( '', *, *, #4820, .T. );
#2750 = ORIENTED_EDGE( '', *, *, #4611, .F. );
#2751 = CARTESIAN_POINT( '', ( 0.600000000000000, 2.20597423758882, -9.60833035616114 ) );
#2752 = DIRECTION( '', ( -1.00000000000000, 0.000000000000000, 0.000000000000000 ) );
#2753 = DIRECTION( '', ( 0.000000000000000, 0.000000000000000, 1.00000000000000 ) );
#2754 = SURFACE_STYLE_FILL_AREA( #4821 );
#2755 = ORIENTED_EDGE( '', *, *, #4822, .T. );
#2756 = ORIENTED_EDGE( '', *, *, #4823, .T. );
#2757 = ORIENTED_EDGE( '', *, *, #4824, .F. );
#2758 = ORIENTED_EDGE( '', *, *, #4825, .F. );
#2759 = ORIENTED_EDGE( '', *, *, #4826, .F. );
#2760 = CARTESIAN_POINT( '', ( 0.966158203352920, 26.8000000000012, -10.0902740315453 ) );
#2761 = DIRECTION( '', ( 0.000000000000000, 1.00000000000000, 0.000000000000000 ) );
#2762 = DIRECTION( '', ( 0.000000000000000, 0.000000000000000, 1.00000000000000 ) );
#2763 = SURFACE_STYLE_FILL_AREA( #4827 );
#2764 = ORIENTED_EDGE( '', *, *, #4828, .T. );
#2765 = ORIENTED_EDGE( '', *, *, #4829, .T. );
#2766 = ORIENTED_EDGE( '', *, *, #4621, .T. );
#2767 = ORIENTED_EDGE( '', *, *, #4830, .T. );
#2768 = ORIENTED_EDGE( '', *, *, #4831, .T. );
#2769 = ORIENTED_EDGE( '', *, *, #4832, .T. );
#2770 = ORIENTED_EDGE( '', *, *, #4833, .F. );
#2771 = ORIENTED_EDGE( '', *, *, #4834, .T. );
#2772 = ORIENTED_EDGE( '', *, *, #4835, .T. );
#2773 = ORIENTED_EDGE( '', *, *, #4836, .F. );
#2774 = ORIENTED_EDGE( '', *, *, #4837, .F. );
#2775 = ORIENTED_EDGE( '', *, *, #4838, .T. );
#2776 = ORIENTED_EDGE( '', *, *, #4775, .T. );
#2777 = ORIENTED_EDGE( '', *, *, #4839, .F. );
#2778 = ORIENTED_EDGE( '', *, *, #4754, .T. );
#2779 = ORIENTED_EDGE( '', *, *, #4840, .T. );
#2780 = ORIENTED_EDGE( '', *, *, #4737, .F. );
#2781 = ORIENTED_EDGE( '', *, *, #4706, .F. );
#2782 = ORIENTED_EDGE( '', *, *, #4841, .T. );
#2783 = ORIENTED_EDGE( '', *, *, #4842, .T. );
#2784 = ORIENTED_EDGE( '', *, *, #4843, .T. );
#2785 = ORIENTED_EDGE( '', *, *, #4844, .T. );
#2786 = ORIENTED_EDGE( '', *, *, #4845, .F. );
#2787 = ORIENTED_EDGE( '', *, *, #4846, .F. );
#2788 = ORIENTED_EDGE( '', *, *, #4847, .T. );
#2789 = ORIENTED_EDGE( '', *, *, #4848, .T. );
#2790 = ORIENTED_EDGE( '', *, *, #4849, .F. );
#2791 = ORIENTED_EDGE( '', *, *, #4850, .F. );
#2792 = ORIENTED_EDGE( '', *, *, #4851, .F. );
#2793 = ORIENTED_EDGE( '', *, *, #4852, .T. );
#2794 = ORIENTED_EDGE( '', *, *, #4853, .T. );
#2795 = ORIENTED_EDGE( '', *, *, #4854, .F. );
#2796 = ORIENTED_EDGE( '', *, *, #4855, .F. );
#2797 = ORIENTED_EDGE( '', *, *, #4856, .F. );
#2798 = ORIENTED_EDGE( '', *, *, #4857, .F. );
#2799 = ORIENTED_EDGE( '', *, *, #4858, .T. );
#2800 = ORIENTED_EDGE( '', *, *, #4859, .T. );
#2801 = ORIENTED_EDGE( '', *, *, #4860, .T. );
#2802 = ORIENTED_EDGE( '', *, *, #4615, .T. );
#2803 = ORIENTED_EDGE( '', *, *, #4861, .T. );
#2804 = ORIENTED_EDGE( '', *, *, #4623, .T. );
#2805 = ORIENTED_EDGE( '', *, *, #4862, .F. );
#2806 = ORIENTED_EDGE( '', *, *, #4826, .T. );
#2807 = ORIENTED_EDGE( '', *, *, #4863, .F. );
#2808 = ORIENTED_EDGE( '', *, *, #4864, .F. );
#2809 = ORIENTED_EDGE( '', *, *, #4865, .F. );
#2810 = CARTESIAN_POINT( '', ( 5.08000000000000, -5.31313064513630, -17.4300024000000 ) );
#2811 = DIRECTION( '', ( -1.00000000000000, 0.000000000000000, 0.000000000000000 ) );
#2812 = DIRECTION( '', ( 0.000000000000000, 1.00000000000000, 0.000000000000000 ) );
#2813 = SURFACE_STYLE_FILL_AREA( #4866 );
#2814 = ORIENTED_EDGE( '', *, *, #4783, .F. );
#2815 = ORIENTED_EDGE( '', *, *, #4867, .T. );
#2816 = ORIENTED_EDGE( '', *, *, #4868, .T. );
#2817 = ORIENTED_EDGE( '', *, *, #4869, .T. );
#2818 = ORIENTED_EDGE( '', *, *, #4870, .F. );
#2819 = CARTESIAN_POINT( '', ( 9.96000000000000, 7.07093599974894, -4.04000000000000 ) );
#2820 = DIRECTION( '', ( -0.000000000000000, 1.00000000000000, -0.000000000000000 ) );
#2821 = DIRECTION( '', ( 0.000000000000000, 0.000000000000000, -1.00000000000000 ) );
#2822 = SURFACE_STYLE_FILL_AREA( #4871 );
#2823 = ORIENTED_EDGE( '', *, *, #4547, .F. );
#2824 = ORIENTED_EDGE( '', *, *, #4872, .T. );
#2825 = ORIENTED_EDGE( '', *, *, #4639, .T. );
#2826 = ORIENTED_EDGE( '', *, *, #4873, .F. );
#2827 = ORIENTED_EDGE( '', *, *, #4874, .T. );
#2828 = ORIENTED_EDGE( '', *, *, #4587, .T. );
#2829 = CARTESIAN_POINT( '', ( 0.000000000000000, -4.40000000000000, -9.79877921050629 ) );
#2830 = DIRECTION( '', ( -0.000000000000000, -0.000000000000000, -1.00000000000000 ) );
#2831 = DIRECTION( '', ( 0.000000000000000, -1.00000000000000, 0.000000000000000 ) );
#2832 = SURFACE_STYLE_FILL_AREA( #4875 );
#2833 = ORIENTED_EDGE( '', *, *, #4876, .F. );
#2834 = ORIENTED_EDGE( '', *, *, #4769, .F. );
#2835 = ORIENTED_EDGE( '', *, *, #4877, .F. );
#2836 = ORIENTED_EDGE( '', *, *, #4878, .T. );
#2837 = CARTESIAN_POINT( '', ( -2.77500000000000, 9.80000000000000, -1.45000000000000 ) );
#2838 = DIRECTION( '', ( 0.000000000000000, 0.000000000000000, 1.00000000000000 ) );
#2839 = DIRECTION( '', ( 1.00000000000000, 0.000000000000000, 0.000000000000000 ) );
#2840 = SURFACE_STYLE_FILL_AREA( #4879 );
#2841 = ORIENTED_EDGE( '', *, *, #4880, .T. );
#2842 = ORIENTED_EDGE( '', *, *, #4881, .F. );
#2843 = ORIENTED_EDGE( '', *, *, #4882, .F. );
#2844 = ORIENTED_EDGE( '', *, *, #4883, .F. );
#2845 = ORIENTED_EDGE( '', *, *, #4712, .T. );
#2846 = CARTESIAN_POINT( '', ( 6.09600240000000, 6.80000000000000, -0.300000000000000 ) );
#2847 = DIRECTION( '', ( 0.000000000000000, 0.707106781186548, 0.707106781186547 ) );
#2848 = DIRECTION( '', ( 0.000000000000000, -0.707106781186547, 0.707106781186548 ) );
#2849 = SURFACE_STYLE_FILL_AREA( #4884 );
#2850 = ORIENTED_EDGE( '', *, *, #4885, .T. );
#2851 = ORIENTED_EDGE( '', *, *, #4811, .F. );
#2852 = ORIENTED_EDGE( '', *, *, #4886, .T. );
#2853 = ORIENTED_EDGE( '', *, *, #4816, .F. );
#2854 = CARTESIAN_POINT( '', ( -5.08000000000000, 16.4000000000000, -13.6000000000000 ) );
#2855 = DIRECTION( '', ( 0.000000000000000, 0.204863154122693, -0.978790625252869 ) );
#2856 = DIRECTION( '', ( 0.000000000000000, -0.978790625252869, -0.204863154122693 ) );
#2857 = SURFACE_STYLE_FILL_AREA( #4887 );
#2858 = ORIENTED_EDGE( '', *, *, #4888, .T. );
#2859 = ORIENTED_EDGE( '', *, *, #4889, .T. );
#2860 = ORIENTED_EDGE( '', *, *, #4890, .T. );
#2861 = ORIENTED_EDGE( '', *, *, #4891, .F. );
#2862 = ORIENTED_EDGE( '', *, *, #4892, .T. );
#2863 = CARTESIAN_POINT( '', ( 6.09600240000000, 6.80000000000000, -0.300000000000000 ) );
#2864 = DIRECTION( '', ( 0.000000000000000, 0.707106781186548, 0.707106781186547 ) );
#2865 = DIRECTION( '', ( 0.000000000000000, -0.707106781186547, 0.707106781186548 ) );
#2866 = SURFACE_STYLE_FILL_AREA( #4893 );
#2867 = ORIENTED_EDGE( '', *, *, #4882, .T. );
#2868 = ORIENTED_EDGE( '', *, *, #4510, .F. );
#2869 = ORIENTED_EDGE( '', *, *, #4894, .F. );
#2870 = ORIENTED_EDGE( '', *, *, #4895, .F. );
#2871 = CARTESIAN_POINT( '', ( 6.09600240000000, 6.80000000000000, -0.676616000000000 ) );
#2872 = DIRECTION( '', ( 0.000000000000000, 1.00000000000000, 0.000000000000000 ) );
#2873 = DIRECTION( '', ( 0.000000000000000, 0.000000000000000, 1.00000000000000 ) );
#2874 = SURFACE_STYLE_FILL_AREA( #4896 );
#2875 = ORIENTED_EDGE( '', *, *, #4582, .T. );
#2876 = ORIENTED_EDGE( '', *, *, #4897, .F. );
#2877 = ORIENTED_EDGE( '', *, *, #4898, .T. );
#2878 = ORIENTED_EDGE( '', *, *, #4899, .F. );
#2879 = CARTESIAN_POINT( '', ( 5.04000240000002, 12.8000000000000, -0.300000000000000 ) );
#2880 = DIRECTION( '', ( 0.000000000000000, -1.00000000000000, 0.000000000000000 ) );
#2881 = DIRECTION( '', ( 0.000000000000000, 0.000000000000000, -1.00000000000000 ) );
#2882 = SURFACE_STYLE_FILL_AREA( #4900 );
#2883 = ORIENTED_EDGE( '', *, *, #4901, .F. );
#2884 = ORIENTED_EDGE( '', *, *, #4902, .T. );
#2885 = ORIENTED_EDGE( '', *, *, #4903, .T. );
#2886 = ORIENTED_EDGE( '', *, *, #4904, .F. );
#2887 = ORIENTED_EDGE( '', *, *, #4662, .T. );
#2888 = ORIENTED_EDGE( '', *, *, #4905, .T. );
#2889 = CARTESIAN_POINT( '', ( 0.000000000000000, -4.40000000000000, -13.8018876112894 ) );
#2890 = DIRECTION( '', ( -0.000000000000000, -0.000000000000000, -1.00000000000000 ) );
#2891 = DIRECTION( '', ( 0.000000000000000, -1.00000000000000, 0.000000000000000 ) );
#2892 = SURFACE_STYLE_FILL_AREA( #4906 );
#2893 = ORIENTED_EDGE( '', *, *, #4907, .F. );
#2894 = ORIENTED_EDGE( '', *, *, #4908, .T. );
#2895 = ORIENTED_EDGE( '', *, *, #4830, .F. );
#2896 = ORIENTED_EDGE( '', *, *, #4620, .T. );
#2897 = CARTESIAN_POINT( '', ( -50.8000000000000, 29.3000000000000, -1.40000000000000 ) );
#2898 = DIRECTION( '', ( 0.000000000000000, 0.254862252319700, 0.966977369095332 ) );
#2899 = DIRECTION( '', ( 0.000000000000000, 0.966977369095332, -0.254862252319700 ) );
#2900 = SURFACE_STYLE_FILL_AREA( #4909 );
#2901 = ORIENTED_EDGE( '', *, *, #4837, .T. );
#2902 = ORIENTED_EDGE( '', *, *, #4910, .T. );
#2903 = ORIENTED_EDGE( '', *, *, #4911, .F. );
#2904 = ORIENTED_EDGE( '', *, *, #4912, .F. );
#2905 = CARTESIAN_POINT( '', ( 2.28000000000000, 12.9000000000000, -1.50000000000000 ) );
#2906 = DIRECTION( '', ( -0.000000000000000, 1.00000000000000, 0.000000000000000 ) );
#2907 = DIRECTION( '', ( 1.00000000000000, 0.000000000000000, 0.000000000000000 ) );
#2908 = SURFACE_STYLE_FILL_AREA( #4913 );
#2909 = ORIENTED_EDGE( '', *, *, #4914, .T. );
#2910 = ORIENTED_EDGE( '', *, *, #4915, .F. );
#2911 = ORIENTED_EDGE( '', *, *, #4804, .F. );
#2912 = ORIENTED_EDGE( '', *, *, #4916, .F. );
#2913 = ORIENTED_EDGE( '', *, *, #4800, .T. );
#2914 = CARTESIAN_POINT( '', ( 16.2560024000000, 6.80000000000000, -0.300000000000000 ) );
#2915 = DIRECTION( '', ( 0.000000000000000, 0.707106781186548, 0.707106781186547 ) );
#2916 = DIRECTION( '', ( 0.000000000000000, -0.707106781186547, 0.707106781186548 ) );
#2917 = SURFACE_STYLE_FILL_AREA( #4917 );
#2918 = ORIENTED_EDGE( '', *, *, #4864, .T. );
#2919 = ORIENTED_EDGE( '', *, *, #4918, .T. );
#2920 = ORIENTED_EDGE( '', *, *, #4919, .T. );
#2921 = ORIENTED_EDGE( '', *, *, #4920, .F. );
#2922 = ORIENTED_EDGE( '', *, *, #4921, .F. );
#2923 = ORIENTED_EDGE( '', *, *, #4922, .T. );
#2924 = ORIENTED_EDGE( '', *, *, #4923, .T. );
#2925 = ORIENTED_EDGE( '', *, *, #4924, .T. );
#2926 = CARTESIAN_POINT( '', ( 6.25453482286826, 24.8000000000012, -6.15000000000000 ) );
#2927 = DIRECTION( '', ( 0.000000000000000, -1.00000000000000, 0.000000000000000 ) );
#2928 = DIRECTION( '', ( -1.00000000000000, 0.000000000000000, 0.000000000000000 ) );
#2929 = SURFACE_STYLE_FILL_AREA( #4925 );
#2930 = ORIENTED_EDGE( '', *, *, #4918, .F. );
#2931 = ORIENTED_EDGE( '', *, *, #4863, .T. );
#2932 = ORIENTED_EDGE( '', *, *, #4825, .T. );
#2933 = ORIENTED_EDGE( '', *, *, #4926, .F. );
#2934 = CARTESIAN_POINT( '', ( 5.08000000000000, 27.5611360000000, -8.67123083153008 ) );
#2935 = DIRECTION( '', ( 0.000000000000000, -0.438371146789078, -0.898794046299167 ) );
#2936 = DIRECTION( '', ( 0.000000000000000, 0.898794046299167, -0.438371146789078 ) );
#2937 = SURFACE_STYLE_FILL_AREA( #4927 );
#2938 = ORIENTED_EDGE( '', *, *, #4928, .F. );
#2939 = ORIENTED_EDGE( '', *, *, #4929, .F. );
#2940 = ORIENTED_EDGE( '', *, *, #4930, .T. );
#2941 = ORIENTED_EDGE( '', *, *, #4931, .T. );
#2942 = CARTESIAN_POINT( '', ( 10.1600000000000, 27.5611360000000, -3.62876916846992 ) );
#2943 = DIRECTION( '', ( 0.000000000000000, -0.438371146789078, 0.898794046299167 ) );
#2944 = DIRECTION( '', ( 0.000000000000000, -0.898794046299167, -0.438371146789078 ) );
#2945 = SURFACE_STYLE_FILL_AREA( #4932 );
#2946 = ORIENTED_EDGE( '', *, *, #4933, .F. );
#2947 = ORIENTED_EDGE( '', *, *, #4934, .T. );
#2948 = ORIENTED_EDGE( '', *, *, #4935, .F. );
#2949 = ORIENTED_EDGE( '', *, *, #4936, .T. );
#2950 = CARTESIAN_POINT( '', ( 5.46698517557820, 15.4000000000000, 3.11466685472233 ) );
#2951 = DIRECTION( '', ( 0.000000000000000, 1.00000000000000, 0.000000000000000 ) );
#2952 = DIRECTION( '', ( 0.000000000000000, 0.000000000000000, 1.00000000000000 ) );
#2953 = SURFACE_STYLE_FILL_AREA( #4937 );
#2954 = ORIENTED_EDGE( '', *, *, #4852, .F. );
#2955 = ORIENTED_EDGE( '', *, *, #4938, .F. );
#2956 = ORIENTED_EDGE( '', *, *, #4570, .F. );
#2957 = ORIENTED_EDGE( '', *, *, #4939, .T. );
#2958 = CARTESIAN_POINT( '', ( 4.48000000000000, 2.27932400000000, -4.44000000000000 ) );
#2959 = DIRECTION( '', ( 0.000000000000000, 0.000000000000000, -1.00000000000000 ) );
#2960 = DIRECTION( '', ( 0.000000000000000, 1.00000000000000, 0.000000000000000 ) );
#2961 = SURFACE_STYLE_FILL_AREA( #4940 );
#2962 = ORIENTED_EDGE( '', *, *, #4941, .F. );
#2963 = ORIENTED_EDGE( '', *, *, #4922, .F. );
#2964 = ORIENTED_EDGE( '', *, *, #4942, .T. );
#2965 = ORIENTED_EDGE( '', *, *, #4943, .T. );
#2966 = ORIENTED_EDGE( '', *, *, #4944, .T. );
#2967 = ORIENTED_EDGE( '', *, *, #4945, .T. );
#2968 = CARTESIAN_POINT( '', ( 1.62166964383884, 2.20597423758882, -5.55000000000000 ) );
#2969 = DIRECTION( '', ( 0.000000000000000, 0.000000000000000, 1.00000000000000 ) );
#2970 = DIRECTION( '', ( 1.00000000000000, 0.000000000000000, 0.000000000000000 ) );
#2971 = SURFACE_STYLE_FILL_AREA( #4946 );
#2972 = ORIENTED_EDGE( '', *, *, #4947, .T. );
#2973 = ORIENTED_EDGE( '', *, *, #4948, .F. );
#2974 = ORIENTED_EDGE( '', *, *, #4949, .F. );
#2975 = ORIENTED_EDGE( '', *, *, #4593, .T. );
#2976 = CARTESIAN_POINT( '', ( -10.1600000000000, 23.3000000000000, -10.6000000000000 ) );
#2977 = DIRECTION( '', ( 1.00000000000000, -0.000000000000000, -0.000000000000000 ) );
#2978 = DIRECTION( '', ( 0.000000000000000, 0.000000000000000, 1.00000000000000 ) );
#2979 = SURFACE_STYLE_FILL_AREA( #4950 );
#2980 = ORIENTED_EDGE( '', *, *, #4951, .T. );
#2981 = ORIENTED_EDGE( '', *, *, #4952, .F. );
#2982 = ORIENTED_EDGE( '', *, *, #4953, .T. );
#2983 = ORIENTED_EDGE( '', *, *, #4954, .F. );
#2984 = ORIENTED_EDGE( '', *, *, #4955, .T. );
#2985 = ORIENTED_EDGE( '', *, *, #4956, .T. );
#2986 = CARTESIAN_POINT( '', ( 0.879999999999979, 15.4000000000000, 1.69940720943896 ) );
#2987 = DIRECTION( '', ( -1.00000000000000, 0.000000000000000, 0.000000000000000 ) );
#2988 = DIRECTION( '', ( 0.000000000000000, 0.000000000000000, -1.00000000000000 ) );
#2989 = SURFACE_STYLE_FILL_AREA( #4957 );
#2990 = ORIENTED_EDGE( '', *, *, #4958, .T. );
#2991 = ORIENTED_EDGE( '', *, *, #4956, .F. );
#2992 = ORIENTED_EDGE( '', *, *, #4959, .T. );
#2993 = ORIENTED_EDGE( '', *, *, #4833, .T. );
#2994 = CARTESIAN_POINT( '', ( 0.386985175578199, 15.4000000000000, 3.11466685472233 ) );
#2995 = DIRECTION( '', ( 0.000000000000000, 1.00000000000000, 0.000000000000000 ) );
#2996 = DIRECTION( '', ( 0.000000000000000, 0.000000000000000, 1.00000000000000 ) );
#2997 = SURFACE_STYLE_FILL_AREA( #4960 );
#2998 = ORIENTED_EDGE( '', *, *, #4961, .T. );
#2999 = ORIENTED_EDGE( '', *, *, #4962, .T. );
#3000 = ORIENTED_EDGE( '', *, *, #4963, .F. );
#3001 = ORIENTED_EDGE( '', *, *, #4700, .T. );
#3002 = CARTESIAN_POINT( '', ( 16.2560024000000, 6.80000000000000, -0.676616000000000 ) );
#3003 = DIRECTION( '', ( 0.000000000000000, 1.00000000000000, 0.000000000000000 ) );
#3004 = DIRECTION( '', ( 0.000000000000000, 0.000000000000000, 1.00000000000000 ) );
#3005 = SURFACE_STYLE_FILL_AREA( #4964 );
#3006 = ORIENTED_EDGE( '', *, *, #4965, .F. );
#3007 = ORIENTED_EDGE( '', *, *, #4966, .T. );
#3008 = ORIENTED_EDGE( '', *, *, #4967, .F. );
#3009 = ORIENTED_EDGE( '', *, *, #4968, .T. );
#3010 = CARTESIAN_POINT( '', ( -4.69301482442178, 15.4000000000000, 3.11466685472233 ) );
#3011 = DIRECTION( '', ( 0.000000000000000, 1.00000000000000, 0.000000000000000 ) );
#3012 = DIRECTION( '', ( 0.000000000000000, 0.000000000000000, 1.00000000000000 ) );
#3013 = SURFACE_STYLE_FILL_AREA( #4969 );
#3014 = ORIENTED_EDGE( '', *, *, #4970, .F. );
#3015 = ORIENTED_EDGE( '', *, *, #4971, .F. );
#3016 = ORIENTED_EDGE( '', *, *, #4718, .T. );
#3017 = ORIENTED_EDGE( '', *, *, #4752, .F. );
#3018 = CARTESIAN_POINT( '', ( 14.6600024000000, -5.25175000000000, -3.58162950647651 ) );
#3019 = DIRECTION( '', ( 0.000000000000000, 0.342020143325669, -0.939692620785908 ) );
#3020 = DIRECTION( '', ( 0.000000000000000, 0.939692620785908, 0.342020143325669 ) );
#3021 = SURFACE_STYLE_FILL_AREA( #4972 );
#3022 = ORIENTED_EDGE( '', *, *, #4601, .T. );
#3023 = ORIENTED_EDGE( '', *, *, #4973, .T. );
#3024 = ORIENTED_EDGE( '', *, *, #4974, .T. );
#3025 = ORIENTED_EDGE( '', *, *, #4975, .T. );
#3026 = CARTESIAN_POINT( '', ( 1.27734121107700, -3.66097004054130, -14.6000000000000 ) );
#3027 = DIRECTION( '', ( 0.000000000000000, 0.000000000000000, -1.00000000000000 ) );
#3028 = DIRECTION( '', ( -1.00000000000000, 0.000000000000000, 0.000000000000000 ) );
#3029 = SURFACE_STYLE_FILL_AREA( #4976 );
#3030 = ORIENTED_EDGE( '', *, *, #4977, .T. );
#3031 = ORIENTED_EDGE( '', *, *, #4978, .T. );
#3032 = ORIENTED_EDGE( '', *, *, #4508, .F. );
#3033 = ORIENTED_EDGE( '', *, *, #4979, .F. );
#3034 = CARTESIAN_POINT( '', ( 2.80000000000000, 6.70000000000000, -1.50000000000000 ) );
#3035 = DIRECTION( '', ( 0.000000000000000, -1.00000000000000, 0.000000000000000 ) );
#3036 = DIRECTION( '', ( -1.00000000000000, 0.000000000000000, 0.000000000000000 ) );
#3037 = SURFACE_STYLE_FILL_AREA( #4980 );
#3038 = ORIENTED_EDGE( '', *, *, #4645, .F. );
#3039 = ORIENTED_EDGE( '', *, *, #4742, .T. );
#3040 = ORIENTED_EDGE( '', *, *, #4981, .T. );
#3041 = ORIENTED_EDGE( '', *, *, #4982, .F. );
#3042 = ORIENTED_EDGE( '', *, *, #4983, .T. );
#3043 = ORIENTED_EDGE( '', *, *, #4599, .T. );
#3044 = CARTESIAN_POINT( '', ( -3.33066907387547E-016, -4.40000000000000, -9.79877921050629 ) );
#3045 = DIRECTION( '', ( -0.000000000000000, -0.000000000000000, -1.00000000000000 ) );
#3046 = DIRECTION( '', ( 0.000000000000000, -1.00000000000000, 0.000000000000000 ) );
#3047 = SURFACE_STYLE_FILL_AREA( #4984 );
#3048 = ORIENTED_EDGE( '', *, *, #4985, .T. );
#3049 = ORIENTED_EDGE( '', *, *, #4878, .F. );
#3050 = ORIENTED_EDGE( '', *, *, #4986, .T. );
#3051 = ORIENTED_EDGE( '', *, *, #4915, .T. );
#3052 = CARTESIAN_POINT( '', ( 16.2560024000000, 6.80000000000000, -0.676616000000000 ) );
#3053 = DIRECTION( '', ( 0.000000000000000, 1.00000000000000, 0.000000000000000 ) );
#3054 = DIRECTION( '', ( 0.000000000000000, 0.000000000000000, 1.00000000000000 ) );
#3055 = SURFACE_STYLE_FILL_AREA( #4987 );
#3056 = ORIENTED_EDGE( '', *, *, #4988, .T. );
#3057 = ORIENTED_EDGE( '', *, *, #4989, .T. );
#3058 = ORIENTED_EDGE( '', *, *, #4724, .T. );
#3059 = ORIENTED_EDGE( '', *, *, #4990, .F. );
#3060 = CARTESIAN_POINT( '', ( 6.09600240000000, 6.80000000000000, -0.676616000000000 ) );
#3061 = DIRECTION( '', ( 0.000000000000000, 1.00000000000000, 0.000000000000000 ) );
#3062 = DIRECTION( '', ( 0.000000000000000, 0.000000000000000, 1.00000000000000 ) );
#3063 = SURFACE_STYLE_FILL_AREA( #4991 );
#3064 = ORIENTED_EDGE( '', *, *, #4992, .T. );
#3065 = ORIENTED_EDGE( '', *, *, #4970, .T. );
#3066 = ORIENTED_EDGE( '', *, *, #4751, .T. );
#3067 = ORIENTED_EDGE( '', *, *, #4784, .F. );
#3068 = ORIENTED_EDGE( '', *, *, #4870, .T. );
#3069 = ORIENTED_EDGE( '', *, *, #4993, .T. );
#3070 = CARTESIAN_POINT( '', ( 10.1600000000000, -4.40000000000000, -13.8018876112894 ) );
#3071 = DIRECTION( '', ( -0.000000000000000, -0.000000000000000, -1.00000000000000 ) );
#3072 = DIRECTION( '', ( 0.000000000000000, -1.00000000000000, 0.000000000000000 ) );
#3073 = SURFACE_STYLE_FILL_AREA( #4994 );
#3074 = ORIENTED_EDGE( '', *, *, #4995, .F. );
#3075 = ORIENTED_EDGE( '', *, *, #4806, .F. );
#3076 = ORIENTED_EDGE( '', *, *, #4996, .F. );
#3077 = ORIENTED_EDGE( '', *, *, #4997, .T. );
#3078 = ORIENTED_EDGE( '', *, *, #4936, .F. );
#3079 = CARTESIAN_POINT( '', ( 16.2560024000000, 16.0869630000000, 2.45808944099336 ) );
#3080 = DIRECTION( '', ( 0.000000000000000, -0.642787609686539, 0.766044443118978 ) );
#3081 = DIRECTION( '', ( 0.000000000000000, -0.766044443118978, -0.642787609686539 ) );
#3082 = SURFACE_STYLE_FILL_AREA( #4998 );
#3083 = ORIENTED_EDGE( '', *, *, #4563, .T. );
#3084 = ORIENTED_EDGE( '', *, *, #4999, .F. );
#3085 = ORIENTED_EDGE( '', *, *, #5000, .T. );
#3086 = ORIENTED_EDGE( '', *, *, #5001, .F. );
#3087 = ORIENTED_EDGE( '', *, *, #5002, .T. );
#3088 = ORIENTED_EDGE( '', *, *, #5003, .T. );
#3089 = CARTESIAN_POINT( '', ( -106.246736788368, 23.5000000000000, -15.1712437056908 ) );
#3090 = DIRECTION( '', ( 0.000000000000000, -1.00000000000000, 0.000000000000000 ) );
#3091 = DIRECTION( '', ( 1.00000000000000, 0.000000000000000, 0.000000000000000 ) );
#3092 = SURFACE_STYLE_FILL_AREA( #5004 );
#3093 = ORIENTED_EDGE( '', *, *, #5005, .F. );
#3094 = ORIENTED_EDGE( '', *, *, #4993, .F. );
#3095 = ORIENTED_EDGE( '', *, *, #4869, .F. );
#3096 = ORIENTED_EDGE( '', *, *, #5006, .T. );
#3097 = CARTESIAN_POINT( '', ( 14.6600024000000, -3.74213340296080, -4.64782600000000 ) );
#3098 = DIRECTION( '', ( 0.000000000000000, 0.342020143325669, 0.939692620785908 ) );
#3099 = DIRECTION( '', ( 0.000000000000000, -0.939692620785908, 0.342020143325669 ) );
#3100 = SURFACE_STYLE_FILL_AREA( #5007 );
#3101 = ORIENTED_EDGE( '', *, *, #4676, .T. );
#3102 = ORIENTED_EDGE( '', *, *, #5008, .F. );
#3103 = ORIENTED_EDGE( '', *, *, #5009, .F. );
#3104 = ORIENTED_EDGE( '', *, *, #5010, .F. );
#3105 = CARTESIAN_POINT( '', ( 11.4373412110770, -3.46097004054130, -13.4000000000000 ) );
#3106 = DIRECTION( '', ( 0.000000000000000, 0.000000000000000, -1.00000000000000 ) );
#3107 = DIRECTION( '', ( -1.00000000000000, 0.000000000000000, 0.000000000000000 ) );
#3108 = SURFACE_STYLE_FILL_AREA( #5011 );
#3109 = ORIENTED_EDGE( '', *, *, #5012, .F. );
#3110 = ORIENTED_EDGE( '', *, *, #5013, .F. );
#3111 = ORIENTED_EDGE( '', *, *, #4583, .F. );
#3112 = ORIENTED_EDGE( '', *, *, #4899, .T. );
#3113 = CARTESIAN_POINT( '', ( -2.77500000000000, 9.80000000000000, -1.45000000000000 ) );
#3114 = DIRECTION( '', ( 0.000000000000000, 0.000000000000000, 1.00000000000000 ) );
#3115 = DIRECTION( '', ( 1.00000000000000, 0.000000000000000, 0.000000000000000 ) );
#3116 = SURFACE_STYLE_FILL_AREA( #5014 );
#3117 = ORIENTED_EDGE( '', *, *, #5015, .F. );
#3118 = ORIENTED_EDGE( '', *, *, #4640, .T. );
#3119 = ORIENTED_EDGE( '', *, *, #4872, .F. );
#3120 = ORIENTED_EDGE( '', *, *, #4546, .T. );
#3121 = ORIENTED_EDGE( '', *, *, #4648, .F. );
#3122 = CARTESIAN_POINT( '', ( 0.200000000000000, 7.76723869684921, -13.8000000000000 ) );
#3123 = DIRECTION( '', ( -0.000000000000000, -1.00000000000000, -0.000000000000000 ) );
#3124 = DIRECTION( '', ( 0.000000000000000, 0.000000000000000, 1.00000000000000 ) );
#3125 = SURFACE_STYLE_FILL_AREA( #5016 );
#3126 = ORIENTED_EDGE( '', *, *, #5017, .T. );
#3127 = ORIENTED_EDGE( '', *, *, #4641, .F. );
#3128 = ORIENTED_EDGE( '', *, *, #5015, .T. );
#3129 = ORIENTED_EDGE( '', *, *, #4647, .F. );
#3130 = CARTESIAN_POINT( '', ( 1.27734121107700, -3.46097004054130, -13.4000000000000 ) );
#3131 = DIRECTION( '', ( 0.000000000000000, 0.000000000000000, -1.00000000000000 ) );
#3132 = DIRECTION( '', ( -1.00000000000000, 0.000000000000000, 0.000000000000000 ) );
#3133 = SURFACE_STYLE_FILL_AREA( #5018 );
#3134 = ORIENTED_EDGE( '', *, *, #5019, .T. );
#3135 = ORIENTED_EDGE( '', *, *, #4574, .T. );
#3136 = ORIENTED_EDGE( '', *, *, #4513, .T. );
#3137 = ORIENTED_EDGE( '', *, *, #5020, .T. );
#3138 = CARTESIAN_POINT( '', ( -12.9350000000000, 9.80000000000000, -1.45000000000000 ) );
#3139 = DIRECTION( '', ( 0.000000000000000, 0.000000000000000, 1.00000000000000 ) );
#3140 = DIRECTION( '', ( 1.00000000000000, 0.000000000000000, 0.000000000000000 ) );
#3141 = SURFACE_STYLE_FILL_AREA( #5021 );
#3142 = ORIENTED_EDGE( '', *, *, #5022, .T. );
#3143 = ORIENTED_EDGE( '', *, *, #4715, .T. );
#3144 = ORIENTED_EDGE( '', *, *, #5023, .F. );
#3145 = ORIENTED_EDGE( '', *, *, #5024, .T. );
#3146 = CARTESIAN_POINT( '', ( -2.77500000000000, 9.80000000000000, -1.45000000000000 ) );
#3147 = DIRECTION( '', ( 0.000000000000000, 0.000000000000000, 1.00000000000000 ) );
#3148 = DIRECTION( '', ( 1.00000000000000, 0.000000000000000, 0.000000000000000 ) );
#3149 = SURFACE_STYLE_FILL_AREA( #5025 );
#3150 = ORIENTED_EDGE( '', *, *, #5026, .F. );
#3151 = ORIENTED_EDGE( '', *, *, #5027, .F. );
#3152 = ORIENTED_EDGE( '', *, *, #5028, .F. );
#3153 = ORIENTED_EDGE( '', *, *, #5029, .T. );
#3154 = ORIENTED_EDGE( '', *, *, #5030, .F. );
#3155 = CARTESIAN_POINT( '', ( 6.09600240000000, 16.0869630000000, 2.45808944099336 ) );
#3156 = DIRECTION( '', ( 0.000000000000000, -0.642787609686539, 0.766044443118978 ) );
#3157 = DIRECTION( '', ( 0.000000000000000, -0.766044443118978, -0.642787609686539 ) );
#3158 = SURFACE_STYLE_FILL_AREA( #5031 );
#3159 = ORIENTED_EDGE( '', *, *, #5032, .F. );
#3160 = ORIENTED_EDGE( '', *, *, #5033, .F. );
#3161 = ORIENTED_EDGE( '', *, *, #4792, .T. );
#3162 = ORIENTED_EDGE( '', *, *, #4728, .T. );
#3163 = CARTESIAN_POINT( '', ( 0.600000000000000, -4.16904566318510, -3.84063064193088 ) );
#3164 = DIRECTION( '', ( -1.00000000000000, 0.000000000000000, 0.000000000000000 ) );
#3165 = DIRECTION( '', ( 0.000000000000000, 0.000000000000000, 1.00000000000000 ) );
#3166 = SURFACE_STYLE_FILL_AREA( #5034 );
#3167 = ORIENTED_EDGE( '', *, *, #5035, .F. );
#3168 = ORIENTED_EDGE( '', *, *, #5036, .T. );
#3169 = ORIENTED_EDGE( '', *, *, #5037, .T. );
#3170 = ORIENTED_EDGE( '', *, *, #5038, .F. );
#3171 = ORIENTED_EDGE( '', *, *, #4517, .T. );
#3172 = ORIENTED_EDGE( '', *, *, #5039, .F. );
#3173 = CARTESIAN_POINT( '', ( -3.45833035616114, 2.20597423758882, -5.55000000000000 ) );
#3174 = DIRECTION( '', ( 0.000000000000000, 0.000000000000000, 1.00000000000000 ) );
#3175 = DIRECTION( '', ( 1.00000000000000, 0.000000000000000, 0.000000000000000 ) );
#3176 = SURFACE_STYLE_FILL_AREA( #5040 );
#3177 = ORIENTED_EDGE( '', *, *, #4584, .T. );
#3178 = ORIENTED_EDGE( '', *, *, #5013, .T. );
#3179 = ORIENTED_EDGE( '', *, *, #5041, .F. );
#3180 = ORIENTED_EDGE( '', *, *, #4537, .F. );
#3181 = CARTESIAN_POINT( '', ( -2.80000000000000, 12.9000000000000, -1.50000000000000 ) );
#3182 = DIRECTION( '', ( -0.000000000000000, 1.00000000000000, 0.000000000000000 ) );
#3183 = DIRECTION( '', ( 1.00000000000000, 0.000000000000000, 0.000000000000000 ) );
#3184 = SURFACE_STYLE_FILL_AREA( #5042 );
#3185 = ORIENTED_EDGE( '', *, *, #5043, .F. );
#3186 = ORIENTED_EDGE( '', *, *, #5039, .T. );
#3187 = ORIENTED_EDGE( '', *, *, #4516, .T. );
#3188 = ORIENTED_EDGE( '', *, *, #5044, .F. );
#3189 = CARTESIAN_POINT( '', ( 2.52123083153008, 27.5611360000000, -6.15000000000000 ) );
#3190 = DIRECTION( '', ( 0.898794046299167, -0.438371146789078, 0.000000000000000 ) );
#3191 = DIRECTION( '', ( -0.438371146789078, -0.898794046299167, 0.000000000000000 ) );
#3192 = SURFACE_STYLE_FILL_AREA( #5045 );
#3193 = ORIENTED_EDGE( '', *, *, #5046, .F. );
#3194 = ORIENTED_EDGE( '', *, *, #4919, .F. );
#3195 = ORIENTED_EDGE( '', *, *, #4926, .T. );
#3196 = ORIENTED_EDGE( '', *, *, #4824, .T. );
#3197 = CARTESIAN_POINT( '', ( 4.48000000000000, 2.20597423758882, -9.60833035616114 ) );
#3198 = DIRECTION( '', ( -1.00000000000000, 0.000000000000000, 0.000000000000000 ) );
#3199 = DIRECTION( '', ( 0.000000000000000, 0.000000000000000, 1.00000000000000 ) );
#3200 = SURFACE_STYLE_FILL_AREA( #5047 );
#3201 = ORIENTED_EDGE( '', *, *, #5048, .F. );
#3202 = ORIENTED_EDGE( '', *, *, #5049, .F. );
#3203 = ORIENTED_EDGE( '', *, *, #5050, .T. );
#3204 = ORIENTED_EDGE( '', *, *, #4704, .F. );
#3205 = ORIENTED_EDGE( '', *, *, #4736, .F. );
#3206 = ORIENTED_EDGE( '', *, *, #5051, .F. );
#3207 = ORIENTED_EDGE( '', *, *, #4911, .T. );
#3208 = ORIENTED_EDGE( '', *, *, #5052, .T. );
#3209 = CARTESIAN_POINT( '', ( 2.28000000000000, 3.73999760000000, -2.17903900000000 ) );
#3210 = DIRECTION( '', ( 1.00000000000000, 0.000000000000000, -0.000000000000000 ) );
#3211 = DIRECTION( '', ( 0.000000000000000, 0.000000000000000, 1.00000000000000 ) );
#3212 = SURFACE_STYLE_FILL_AREA( #5053 );
#3213 = ORIENTED_EDGE( '', *, *, #4958, .F. );
#3214 = ORIENTED_EDGE( '', *, *, #4832, .F. );
#3215 = ORIENTED_EDGE( '', *, *, #5054, .F. );
#3216 = ORIENTED_EDGE( '', *, *, #5055, .T. );
#3217 = ORIENTED_EDGE( '', *, *, #5056, .T. );
#3218 = ORIENTED_EDGE( '', *, *, #4844, .F. );
#3219 = ORIENTED_EDGE( '', *, *, #5057, .T. );
#3220 = ORIENTED_EDGE( '', *, *, #4951, .F. );
#3221 = CARTESIAN_POINT( '', ( 96.5200000000000, 16.4000000000000, 2.70000000000000 ) );
#3222 = DIRECTION( '', ( 0.000000000000000, 0.000000000000000, 1.00000000000000 ) );
#3223 = DIRECTION( '', ( 0.000000000000000, -1.00000000000000, 0.000000000000000 ) );
#3224 = SURFACE_STYLE_FILL_AREA( #5058 );
#3225 = ORIENTED_EDGE( '', *, *, #5059, .F. );
#3226 = ORIENTED_EDGE( '', *, *, #5001, .T. );
#3227 = ORIENTED_EDGE( '', *, *, #5060, .T. );
#3228 = ORIENTED_EDGE( '', *, *, #4778, .F. );
#3229 = CARTESIAN_POINT( '', ( 10.1600000000000, 24.2000000000012, -6.15000000000000 ) );
#3230 = DIRECTION( '', ( -0.000000000000000, 1.00000000000000, -0.000000000000000 ) );
#3231 = DIRECTION( '', ( 1.00000000000000, 0.000000000000000, 0.000000000000000 ) );
#3232 = SURFACE_STYLE_FILL_AREA( #5061 );
#3233 = ORIENTED_EDGE( '', *, *, #5062, .T. );
#3234 = ORIENTED_EDGE( '', *, *, #5063, .T. );
#3235 = ORIENTED_EDGE( '', *, *, #4674, .T. );
#3236 = ORIENTED_EDGE( '', *, *, #4734, .F. );
#3237 = ORIENTED_EDGE( '', *, *, #5064, .T. );
#3238 = ORIENTED_EDGE( '', *, *, #5065, .T. );
#3239 = CARTESIAN_POINT( '', ( 10.1600000000000, -4.40000000000000, -9.79877921050629 ) );
#3240 = DIRECTION( '', ( -0.000000000000000, -0.000000000000000, -1.00000000000000 ) );
#3241 = DIRECTION( '', ( 0.000000000000000, -1.00000000000000, 0.000000000000000 ) );
#3242 = SURFACE_STYLE_FILL_AREA( #5066 );
#3243 = ORIENTED_EDGE( '', *, *, #5067, .T. );
#3244 = ORIENTED_EDGE( '', *, *, #5068, .T. );
#3245 = ORIENTED_EDGE( '', *, *, #5069, .T. );
#3246 = ORIENTED_EDGE( '', *, *, #5070, .T. );
#3247 = CARTESIAN_POINT( '', ( 11.4373412110770, -3.66097004054130, -14.6000000000000 ) );
#3248 = DIRECTION( '', ( 0.000000000000000, 0.000000000000000, -1.00000000000000 ) );
#3249 = DIRECTION( '', ( -1.00000000000000, 0.000000000000000, 0.000000000000000 ) );
#3250 = SURFACE_STYLE_FILL_AREA( #5071 );
#3251 = ORIENTED_EDGE( '', *, *, #5072, .T. );
#3252 = ORIENTED_EDGE( '', *, *, #4903, .F. );
#3253 = ORIENTED_EDGE( '', *, *, #5073, .F. );
#3254 = ORIENTED_EDGE( '', *, *, #4679, .T. );
#3255 = CARTESIAN_POINT( '', ( 4.50000240000000, -5.25175000000000, -3.58162950647651 ) );
#3256 = DIRECTION( '', ( 0.000000000000000, 0.342020143325669, -0.939692620785908 ) );
#3257 = DIRECTION( '', ( 0.000000000000000, 0.939692620785908, 0.342020143325669 ) );
#3258 = SURFACE_STYLE_FILL_AREA( #5074 );
#3259 = ORIENTED_EDGE( '', *, *, #5075, .F. );
#3260 = ORIENTED_EDGE( '', *, *, #5076, .T. );
#3261 = ORIENTED_EDGE( '', *, *, #4822, .F. );
#3262 = ORIENTED_EDGE( '', *, *, #4862, .T. );
#3263 = ORIENTED_EDGE( '', *, *, #4622, .T. );
#3264 = ORIENTED_EDGE( '', *, *, #4829, .F. );
#3265 = ORIENTED_EDGE( '', *, *, #5077, .F. );
#3266 = ORIENTED_EDGE( '', *, *, #4944, .F. );
#3267 = CARTESIAN_POINT( '', ( 5.08000000000000, 29.2000000000000, -6.15000000000000 ) );
#3268 = DIRECTION( '', ( -0.000000000000000, -1.00000000000000, -0.000000000000000 ) );
#3269 = DIRECTION( '', ( 0.000000000000000, 0.000000000000000, 1.00000000000000 ) );
#3270 = SURFACE_STYLE_FILL_AREA( #5078 );
#3271 = ORIENTED_EDGE( '', *, *, #5079, .F. );
#3272 = ORIENTED_EDGE( '', *, *, #5080, .F. );
#3273 = ORIENTED_EDGE( '', *, *, #5081, .T. );
#3274 = ORIENTED_EDGE( '', *, *, #5082, .F. );
#3275 = CARTESIAN_POINT( '', ( 4.48000000000000, -6.16348200000000, 0.140002400000000 ) );
#3276 = DIRECTION( '', ( 1.00000000000000, 0.000000000000000, 0.000000000000000 ) );
#3277 = DIRECTION( '', ( 0.000000000000000, 1.00000000000000, 0.000000000000000 ) );
#3278 = SURFACE_STYLE_FILL_AREA( #5083 );
#3279 = ORIENTED_EDGE( '', *, *, #4594, .F. );
#3280 = ORIENTED_EDGE( '', *, *, #4949, .T. );
#3281 = ORIENTED_EDGE( '', *, *, #5084, .T. );
#3282 = ORIENTED_EDGE( '', *, *, #4528, .T. );
#3283 = CARTESIAN_POINT( '', ( 3.88000000000000, 23.3000000000000, -9.05599943172105 ) );
#3284 = DIRECTION( '', ( -0.000000000000000, -0.000000000000000, -1.00000000000000 ) );
#3285 = DIRECTION( '', ( 0.000000000000000, -1.00000000000000, 0.000000000000000 ) );
#3286 = SURFACE_STYLE_FILL_AREA( #5085 );
#3287 = ORIENTED_EDGE( '', *, *, #5069, .F. );
#3288 = ORIENTED_EDGE( '', *, *, #5086, .T. );
#3289 = ORIENTED_EDGE( '', *, *, #5064, .F. );
#3290 = ORIENTED_EDGE( '', *, *, #4733, .T. );
#3291 = ORIENTED_EDGE( '', *, *, #5087, .F. );
#3292 = CARTESIAN_POINT( '', ( 9.96000000000000, 7.76723869684921, -14.2000000000000 ) );
#3293 = DIRECTION( '', ( -0.000000000000000, -1.00000000000000, -0.000000000000000 ) );
#3294 = DIRECTION( '', ( 0.000000000000000, 0.000000000000000, 1.00000000000000 ) );
#3295 = SURFACE_STYLE_FILL_AREA( #5088 );
#3296 = ORIENTED_EDGE( '', *, *, #4760, .F. );
#3297 = ORIENTED_EDGE( '', *, *, #4607, .F. );
#3298 = ORIENTED_EDGE( '', *, *, #5089, .T. );
#3299 = ORIENTED_EDGE( '', *, *, #5090, .F. );
#3300 = CARTESIAN_POINT( '', ( -1.47302600000000, 25.6000000000012, -3.91229600000000 ) );
#3301 = DIRECTION( '', ( -0.000000000000000, 1.00000000000000, 0.000000000000000 ) );
#3302 = DIRECTION( '', ( 1.00000000000000, 0.000000000000000, 0.000000000000000 ) );
#3303 = SURFACE_STYLE_FILL_AREA( #5091 );
#3304 = ORIENTED_EDGE( '', *, *, #5092, .T. );
#3305 = ORIENTED_EDGE( '', *, *, #4892, .F. );
#3306 = ORIENTED_EDGE( '', *, *, #4580, .F. );
#3307 = ORIENTED_EDGE( '', *, *, #5093, .F. );
#3308 = CARTESIAN_POINT( '', ( 6.09600240000000, 6.80000000000000, -0.676616000000000 ) );
#3309 = DIRECTION( '', ( 0.000000000000000, 1.00000000000000, 0.000000000000000 ) );
#3310 = DIRECTION( '', ( 0.000000000000000, 0.000000000000000, 1.00000000000000 ) );
#3311 = SURFACE_STYLE_FILL_AREA( #5094 );
#3312 = ORIENTED_EDGE( '', *, *, #4955, .F. );
#3313 = ORIENTED_EDGE( '', *, *, #5095, .F. );
#3314 = ORIENTED_EDGE( '', *, *, #5096, .T. );
#3315 = ORIENTED_EDGE( '', *, *, #4834, .F. );
#3316 = ORIENTED_EDGE( '', *, *, #4959, .F. );
#3317 = CARTESIAN_POINT( '', ( 11.1760024000000, 16.0869630000000, 2.45808944099336 ) );
#3318 = DIRECTION( '', ( 0.000000000000000, -0.642787609686539, 0.766044443118978 ) );
#3319 = DIRECTION( '', ( 0.000000000000000, -0.766044443118978, -0.642787609686539 ) );
#3320 = SURFACE_STYLE_FILL_AREA( #5097 );
#3321 = ORIENTED_EDGE( '', *, *, #5098, .T. );
#3322 = ORIENTED_EDGE( '', *, *, #5099, .F. );
#3323 = ORIENTED_EDGE( '', *, *, #5100, .T. );
#3324 = ORIENTED_EDGE( '', *, *, #5101, .T. );
#3325 = CARTESIAN_POINT( '', ( 0.000000000000000, 27.5611360000000, -8.67123083153008 ) );
#3326 = DIRECTION( '', ( 0.000000000000000, -0.438371146789078, -0.898794046299167 ) );
#3327 = DIRECTION( '', ( 0.000000000000000, 0.898794046299167, -0.438371146789078 ) );
#3328 = SURFACE_STYLE_FILL_AREA( #5102 );
#3329 = ORIENTED_EDGE( '', *, *, #5103, .T. );
#3330 = ORIENTED_EDGE( '', *, *, #4931, .F. );
#3331 = ORIENTED_EDGE( '', *, *, #5104, .F. );
#3332 = ORIENTED_EDGE( '', *, *, #5105, .F. );
#3333 = ORIENTED_EDGE( '', *, *, #4553, .T. );
#3334 = CARTESIAN_POINT( '', ( 6.04615820335294, 26.8000000000012, -10.0902740315453 ) );
#3335 = DIRECTION( '', ( 0.000000000000000, 1.00000000000000, 0.000000000000000 ) );
#3336 = DIRECTION( '', ( 0.000000000000000, 0.000000000000000, 1.00000000000000 ) );
#3337 = SURFACE_STYLE_FILL_AREA( #5106 );
#3338 = ORIENTED_EDGE( '', *, *, #4581, .T. );
#3339 = ORIENTED_EDGE( '', *, *, #4891, .T. );
#3340 = ORIENTED_EDGE( '', *, *, #5107, .F. );
#3341 = ORIENTED_EDGE( '', *, *, #5108, .T. );
#3342 = CARTESIAN_POINT( '', ( 4.20000000000000, 15.4000000000000, 1.69940720943896 ) );
#3343 = DIRECTION( '', ( 0.819152044288992, 0.000000000000000, -0.573576436351046 ) );
#3344 = DIRECTION( '', ( 0.573576436351046, 0.000000000000000, 0.819152044288992 ) );
#3345 = SURFACE_STYLE_FILL_AREA( #5109 );
#3346 = ORIENTED_EDGE( '', *, *, #4523, .T. );
#3347 = ORIENTED_EDGE( '', *, *, #4725, .F. );
#3348 = ORIENTED_EDGE( '', *, *, #4989, .F. );
#3349 = ORIENTED_EDGE( '', *, *, #5110, .F. );
#3350 = CARTESIAN_POINT( '', ( 2.75000000000000, 6.80000000000000, -1.50000000000000 ) );
#3351 = DIRECTION( '', ( 1.00000000000000, 0.000000000000000, 0.000000000000000 ) );
#3352 = DIRECTION( '', ( 0.000000000000000, -1.00000000000000, 0.000000000000000 ) );
#3353 = SURFACE_STYLE_FILL_AREA( #5111 );
#3354 = ORIENTED_EDGE( '', *, *, #5112, .T. );
#3355 = ORIENTED_EDGE( '', *, *, #5113, .F. );
#3356 = ORIENTED_EDGE( '', *, *, #5114, .T. );
#3357 = ORIENTED_EDGE( '', *, *, #5115, .T. );
#3358 = CARTESIAN_POINT( '', ( 4.44089209850063E-016, -5.20000000000000, -3.24000000000000 ) );
#3359 = DIRECTION( '', ( 0.000000000000000, 0.000000000000000, 1.00000000000000 ) );
#3360 = DIRECTION( '', ( 0.000000000000000, -1.00000000000000, 0.000000000000000 ) );
#3361 = SURFACE_STYLE_FILL_AREA( #5116 );
#3362 = ORIENTED_EDGE( '', *, *, #5117, .T. );
#3363 = ORIENTED_EDGE( '', *, *, #4683, .F. );
#3364 = ORIENTED_EDGE( '', *, *, #4693, .F. );
#3365 = ORIENTED_EDGE( '', *, *, #5118, .F. );
#3366 = CARTESIAN_POINT( '', ( -20.3200000000000, 16.4000000000000, -15.6000000000000 ) );
#3367 = DIRECTION( '', ( 0.000000000000000, 1.00000000000000, 0.000000000000000 ) );
#3368 = DIRECTION( '', ( 0.000000000000000, 0.000000000000000, 1.00000000000000 ) );
#3369 = SURFACE_STYLE_FILL_AREA( #5119 );
#3370 = ORIENTED_EDGE( '', *, *, #5117, .F. );
#3371 = ORIENTED_EDGE( '', *, *, #5120, .F. );
#3372 = ORIENTED_EDGE( '', *, *, #5121, .F. );
#3373 = ORIENTED_EDGE( '', *, *, #4684, .F. );
#3374 = CARTESIAN_POINT( '', ( -15.2400000000000, 16.4000000000000, -13.6000000000000 ) );
#3375 = DIRECTION( '', ( 0.000000000000000, 0.204863154122693, -0.978790625252869 ) );
#3376 = DIRECTION( '', ( 0.000000000000000, -0.978790625252869, -0.204863154122693 ) );
#3377 = SURFACE_STYLE_FILL_AREA( #5122 );
#3378 = ORIENTED_EDGE( '', *, *, #5123, .F. );
#3379 = ORIENTED_EDGE( '', *, *, #5124, .T. );
#3380 = ORIENTED_EDGE( '', *, *, #4761, .T. );
#3381 = ORIENTED_EDGE( '', *, *, #5090, .T. );
#3382 = ORIENTED_EDGE( '', *, *, #5125, .T. );
#3383 = ORIENTED_EDGE( '', *, *, #5126, .F. );
#3384 = CARTESIAN_POINT( '', ( -3.45833035616114, 2.20597423758882, -6.75000000000000 ) );
#3385 = DIRECTION( '', ( 0.000000000000000, 0.000000000000000, 1.00000000000000 ) );
#3386 = DIRECTION( '', ( 1.00000000000000, 0.000000000000000, 0.000000000000000 ) );
#3387 = SURFACE_STYLE_FILL_AREA( #5127 );
#3388 = ORIENTED_EDGE( '', *, *, #4656, .F. );
#3389 = ORIENTED_EDGE( '', *, *, #4680, .F. );
#3390 = ORIENTED_EDGE( '', *, *, #5073, .T. );
#3391 = ORIENTED_EDGE( '', *, *, #4902, .F. );
#3392 = ORIENTED_EDGE( '', *, *, #5128, .T. );
#3393 = CARTESIAN_POINT( '', ( 0.200000000000000, 7.07093599974894, -3.64000000000000 ) );
#3394 = DIRECTION( '', ( -0.000000000000000, -1.00000000000000, -0.000000000000000 ) );
#3395 = DIRECTION( '', ( 0.000000000000000, 0.000000000000000, 1.00000000000000 ) );
#3396 = SURFACE_STYLE_FILL_AREA( #5129 );
#3397 = ORIENTED_EDGE( '', *, *, #4781, .T. );
#3398 = ORIENTED_EDGE( '', *, *, #4564, .T. );
#3399 = ORIENTED_EDGE( '', *, *, #5003, .F. );
#3400 = ORIENTED_EDGE( '', *, *, #5130, .F. );
#3401 = CARTESIAN_POINT( '', ( 0.000000000000000, 23.3000000000000, -1.70000000000000 ) );
#3402 = DIRECTION( '', ( 1.00000000000000, -0.000000000000000, -0.000000000000000 ) );
#3403 = DIRECTION( '', ( 0.000000000000000, 0.000000000000000, 1.00000000000000 ) );
#3404 = SURFACE_STYLE_FILL_AREA( #5131 );
#3405 = ORIENTED_EDGE( '', *, *, #4975, .F. );
#3406 = ORIENTED_EDGE( '', *, *, #5132, .T. );
#3407 = ORIENTED_EDGE( '', *, *, #4766, .F. );
#3408 = ORIENTED_EDGE( '', *, *, #5133, .T. );
#3409 = ORIENTED_EDGE( '', *, *, #5070, .F. );
#3410 = ORIENTED_EDGE( '', *, *, #5087, .T. );
#3411 = ORIENTED_EDGE( '', *, *, #4732, .T. );
#3412 = ORIENTED_EDGE( '', *, *, #4672, .F. );
#3413 = ORIENTED_EDGE( '', *, *, #5010, .T. );
#3414 = ORIENTED_EDGE( '', *, *, #5134, .T. );
#3415 = ORIENTED_EDGE( '', *, *, #5135, .F. );
#3416 = ORIENTED_EDGE( '', *, *, #4867, .F. );
#3417 = ORIENTED_EDGE( '', *, *, #4785, .F. );
#3418 = ORIENTED_EDGE( '', *, *, #4749, .T. );
#3419 = ORIENTED_EDGE( '', *, *, #4720, .F. );
#3420 = ORIENTED_EDGE( '', *, *, #5136, .T. );
#3421 = ORIENTED_EDGE( '', *, *, #5137, .T. );
#3422 = ORIENTED_EDGE( '', *, *, #5138, .T. );
#3423 = ORIENTED_EDGE( '', *, *, #5115, .F. );
#3424 = ORIENTED_EDGE( '', *, *, #5139, .T. );
#3425 = ORIENTED_EDGE( '', *, *, #5032, .T. );
#3426 = ORIENTED_EDGE( '', *, *, #4727, .T. );
#3427 = ORIENTED_EDGE( '', *, *, #4667, .F. );
#3428 = ORIENTED_EDGE( '', *, *, #5140, .T. );
#3429 = ORIENTED_EDGE( '', *, *, #4745, .T. );
#3430 = ORIENTED_EDGE( '', *, *, #4743, .T. );
#3431 = ORIENTED_EDGE( '', *, *, #4643, .T. );
#3432 = ORIENTED_EDGE( '', *, *, #4597, .F. );
#3433 = CARTESIAN_POINT( '', ( -44.9247170470067, 0.000000000000000, -15.0510267354763 ) );
#3434 = DIRECTION( '', ( 0.000000000000000, -1.00000000000000, 0.000000000000000 ) );
#3435 = DIRECTION( '', ( 1.00000000000000, 0.000000000000000, 0.000000000000000 ) );
#3436 = SURFACE_STYLE_FILL_AREA( #5141 );
#3437 = ORIENTED_EDGE( '', *, *, #4657, .F. );
#3438 = ORIENTED_EDGE( '', *, *, #5128, .F. );
#3439 = ORIENTED_EDGE( '', *, *, #4901, .T. );
#3440 = ORIENTED_EDGE( '', *, *, #5142, .T. );
#3441 = CARTESIAN_POINT( '', ( 0.600000000000000, -4.16904566318510, -3.84063064193088 ) );
#3442 = DIRECTION( '', ( -1.00000000000000, 0.000000000000000, 0.000000000000000 ) );
#3443 = DIRECTION( '', ( 0.000000000000000, 0.000000000000000, 1.00000000000000 ) );
#3444 = SURFACE_STYLE_FILL_AREA( #5143 );
#3445 = ORIENTED_EDGE( '', *, *, #4828, .F. );
#3446 = ORIENTED_EDGE( '', *, *, #5144, .F. );
#3447 = ORIENTED_EDGE( '', *, *, #5145, .F. );
#3448 = ORIENTED_EDGE( '', *, *, #4945, .F. );
#3449 = ORIENTED_EDGE( '', *, *, #5077, .T. );
#3450 = CARTESIAN_POINT( '', ( 0.966158203352920, 26.8000000000012, -10.0902740315453 ) );
#3451 = DIRECTION( '', ( 0.000000000000000, 1.00000000000000, 0.000000000000000 ) );
#3452 = DIRECTION( '', ( 0.000000000000000, 0.000000000000000, 1.00000000000000 ) );
#3453 = SURFACE_STYLE_FILL_AREA( #5146 );
#3454 = ORIENTED_EDGE( '', *, *, #5147, .F. );
#3455 = ORIENTED_EDGE( '', *, *, #4859, .F. );
#3456 = ORIENTED_EDGE( '', *, *, #5148, .F. );
#3457 = ORIENTED_EDGE( '', *, *, #5149, .T. );
#3458 = ORIENTED_EDGE( '', *, *, #5079, .T. );
#3459 = ORIENTED_EDGE( '', *, *, #5150, .F. );
#3460 = ORIENTED_EDGE( '', *, *, #5151, .T. );
#3461 = ORIENTED_EDGE( '', *, *, #4853, .F. );
#3462 = ORIENTED_EDGE( '', *, *, #4939, .F. );
#3463 = ORIENTED_EDGE( '', *, *, #4569, .F. );
#3464 = ORIENTED_EDGE( '', *, *, #5152, .F. );
#3465 = ORIENTED_EDGE( '', *, *, #4627, .T. );
#3466 = ORIENTED_EDGE( '', *, *, #5153, .F. );
#3467 = ORIENTED_EDGE( '', *, *, #4847, .F. );
#3468 = ORIENTED_EDGE( '', *, *, #5154, .T. );
#3469 = ORIENTED_EDGE( '', *, *, #5155, .T. );
#3470 = CARTESIAN_POINT( '', ( -39.8447170470067, 0.000000000000000, -15.0510267354763 ) );
#3471 = DIRECTION( '', ( 0.000000000000000, -1.00000000000000, 0.000000000000000 ) );
#3472 = DIRECTION( '', ( 1.00000000000000, 0.000000000000000, 0.000000000000000 ) );
#3473 = SURFACE_STYLE_FILL_AREA( #5156 );
#3474 = ORIENTED_EDGE( '', *, *, #4555, .T. );
#3475 = ORIENTED_EDGE( '', *, *, #5157, .F. );
#3476 = ORIENTED_EDGE( '', *, *, #4787, .F. );
#3477 = ORIENTED_EDGE( '', *, *, #5158, .F. );
#3478 = CARTESIAN_POINT( '', ( 8.68697400000000, 25.6000000000012, -3.91229600000000 ) );
#3479 = DIRECTION( '', ( -0.000000000000000, 1.00000000000000, 0.000000000000000 ) );
#3480 = DIRECTION( '', ( 1.00000000000000, 0.000000000000000, 0.000000000000000 ) );
#3481 = SURFACE_STYLE_FILL_AREA( #5159 );
#3482 = ORIENTED_EDGE( '', *, *, #5160, .T. );
#3483 = ORIENTED_EDGE( '', *, *, #4813, .T. );
#3484 = ORIENTED_EDGE( '', *, *, #5161, .F. );
#3485 = ORIENTED_EDGE( '', *, *, #5162, .F. );
#3486 = ORIENTED_EDGE( '', *, *, #5163, .F. );
#3487 = ORIENTED_EDGE( '', *, *, #4518, .F. );
#3488 = ORIENTED_EDGE( '', *, *, #5038, .T. );
#3489 = ORIENTED_EDGE( '', *, *, #5164, .F. );
#3490 = CARTESIAN_POINT( '', ( 0.000000000000000, 29.2000000000000, -6.15000000000000 ) );
#3491 = DIRECTION( '', ( -0.000000000000000, -1.00000000000000, -0.000000000000000 ) );
#3492 = DIRECTION( '', ( 0.000000000000000, 0.000000000000000, 1.00000000000000 ) );
#3493 = SURFACE_STYLE_FILL_AREA( #5165 );
#3494 = ORIENTED_EDGE( '', *, *, #5166, .F. );
#3495 = ORIENTED_EDGE( '', *, *, #5137, .F. );
#3496 = ORIENTED_EDGE( '', *, *, #5167, .F. );
#3497 = ORIENTED_EDGE( '', *, *, #5168, .T. );
#3498 = CARTESIAN_POINT( '', ( 6.09600240000003, -0.178881000000000, 0.000000000000000 ) );
#3499 = DIRECTION( '', ( 0.000000000000000, 0.000000000000000, -1.00000000000000 ) );
#3500 = DIRECTION( '', ( 0.000000000000000, 1.00000000000000, 0.000000000000000 ) );
#3501 = SURFACE_STYLE_FILL_AREA( #5169 );
#3502 = ORIENTED_EDGE( '', *, *, #4756, .T. );
#3503 = ORIENTED_EDGE( '', *, *, #5170, .F. );
#3504 = ORIENTED_EDGE( '', *, *, #4773, .F. );
#3505 = ORIENTED_EDGE( '', *, *, #5171, .F. );
#3506 = CARTESIAN_POINT( '', ( 2.33000000000000, 12.8000000000000, -1.50000000000000 ) );
#3507 = DIRECTION( '', ( -1.00000000000000, 0.000000000000000, 0.000000000000000 ) );
#3508 = DIRECTION( '', ( 0.000000000000000, 1.00000000000000, 0.000000000000000 ) );
#3509 = SURFACE_STYLE_FILL_AREA( #5172 );
#3510 = ORIENTED_EDGE( '', *, *, #5164, .T. );
#3511 = ORIENTED_EDGE( '', *, *, #5037, .F. );
#3512 = ORIENTED_EDGE( '', *, *, #5173, .T. );
#3513 = ORIENTED_EDGE( '', *, *, #5174, .F. );
#3514 = ORIENTED_EDGE( '', *, *, #5175, .T. );
#3515 = CARTESIAN_POINT( '', ( -4.11384179664706, 26.8000000000012, -10.0902740315453 ) );
#3516 = DIRECTION( '', ( 0.000000000000000, 1.00000000000000, 0.000000000000000 ) );
#3517 = DIRECTION( '', ( 0.000000000000000, 0.000000000000000, 1.00000000000000 ) );
#3518 = SURFACE_STYLE_FILL_AREA( #5176 );
#3519 = ORIENTED_EDGE( '', *, *, #5084, .F. );
#3520 = ORIENTED_EDGE( '', *, *, #4948, .T. );
#3521 = ORIENTED_EDGE( '', *, *, #5177, .T. );
#3522 = ORIENTED_EDGE( '', *, *, #5178, .T. );
#3523 = ORIENTED_EDGE( '', *, *, #5179, .T. );
#3524 = ORIENTED_EDGE( '', *, *, #4529, .F. );
#3525 = CARTESIAN_POINT( '', ( -4.08000000000000, 23.3000000000000, -1.50000000000000 ) );
#3526 = DIRECTION( '', ( 0.000000000000000, -1.00000000000000, 0.000000000000000 ) );
#3527 = DIRECTION( '', ( -1.00000000000000, 0.000000000000000, 0.000000000000000 ) );
#3528 = SURFACE_STYLE_FILL_AREA( #5180 );
#3529 = ORIENTED_EDGE( '', *, *, #5181, .F. );
#3530 = ORIENTED_EDGE( '', *, *, #5182, .T. );
#3531 = ORIENTED_EDGE( '', *, *, #4686, .F. );
#3532 = ORIENTED_EDGE( '', *, *, #5183, .T. );
#3533 = CARTESIAN_POINT( '', ( -66.0400000000000, 29.3000000000000, -1.40000000000000 ) );
#3534 = DIRECTION( '', ( 0.000000000000000, 0.254862252319700, 0.966977369095332 ) );
#3535 = DIRECTION( '', ( 0.000000000000000, 0.966977369095332, -0.254862252319700 ) );
#3536 = SURFACE_STYLE_FILL_AREA( #5184 );
#3537 = ORIENTED_EDGE( '', *, *, #5185, .F. );
#3538 = ORIENTED_EDGE( '', *, *, #5186, .T. );
#3539 = ORIENTED_EDGE( '', *, *, #5104, .T. );
#3540 = ORIENTED_EDGE( '', *, *, #4930, .F. );
#3541 = CARTESIAN_POINT( '', ( 9.56000000000000, 2.20597423758882, -9.60833035616114 ) );
#3542 = DIRECTION( '', ( -1.00000000000000, 0.000000000000000, 0.000000000000000 ) );
#3543 = DIRECTION( '', ( 0.000000000000000, 0.000000000000000, 1.00000000000000 ) );
#3544 = SURFACE_STYLE_FILL_AREA( #5187 );
#3545 = ORIENTED_EDGE( '', *, *, #4780, .F. );
#3546 = ORIENTED_EDGE( '', *, *, #5188, .F. );
#3547 = ORIENTED_EDGE( '', *, *, #4999, .T. );
#3548 = ORIENTED_EDGE( '', *, *, #4566, .T. );
#3549 = CARTESIAN_POINT( '', ( 0.000000000000000, 23.3000000000000, -10.6000000000000 ) );
#3550 = DIRECTION( '', ( 1.00000000000000, -0.000000000000000, -0.000000000000000 ) );
#3551 = DIRECTION( '', ( 0.000000000000000, 0.000000000000000, 1.00000000000000 ) );
#3552 = SURFACE_STYLE_FILL_AREA( #5189 );
#3553 = ORIENTED_EDGE( '', *, *, #5190, .F. );
#3554 = ORIENTED_EDGE( '', *, *, #5191, .T. );
#3555 = ORIENTED_EDGE( '', *, *, #4687, .F. );
#3556 = ORIENTED_EDGE( '', *, *, #5182, .F. );
#3557 = CARTESIAN_POINT( '', ( -20.3200000000000, 16.4000000000000, 2.00000000000000 ) );
#3558 = DIRECTION( '', ( 0.000000000000000, 1.00000000000000, 0.000000000000000 ) );
#3559 = DIRECTION( '', ( 0.000000000000000, 0.000000000000000, 1.00000000000000 ) );
#3560 = SURFACE_STYLE_FILL_AREA( #5192 );
#3561 = ORIENTED_EDGE( '', *, *, #5147, .T. );
#3562 = ORIENTED_EDGE( '', *, *, #5193, .F. );
#3563 = ORIENTED_EDGE( '', *, *, #4616, .T. );
#3564 = ORIENTED_EDGE( '', *, *, #4860, .F. );
#3565 = CARTESIAN_POINT( '', ( 15.2400000000000, 16.4000000000000, -15.6000000000000 ) );
#3566 = DIRECTION( '', ( 0.000000000000000, 0.000000000000000, -1.00000000000000 ) );
#3567 = DIRECTION( '', ( 0.000000000000000, 1.00000000000000, 0.000000000000000 ) );
#3568 = SURFACE_STYLE_FILL_AREA( #5194 );
#3569 = ORIENTED_EDGE( '', *, *, #4856, .T. );
#3570 = ORIENTED_EDGE( '', *, *, #5195, .T. );
#3571 = ORIENTED_EDGE( '', *, *, #5196, .T. );
#3572 = ORIENTED_EDGE( '', *, *, #5081, .F. );
#3573 = ORIENTED_EDGE( '', *, *, #5197, .T. );
#3574 = ORIENTED_EDGE( '', *, *, #5198, .T. );
#3575 = CARTESIAN_POINT( '', ( 5.08000000000000, -4.40000000000000, -9.79877921050629 ) );
#3576 = DIRECTION( '', ( -0.000000000000000, -0.000000000000000, -1.00000000000000 ) );
#3577 = DIRECTION( '', ( 0.000000000000000, -1.00000000000000, 0.000000000000000 ) );
#3578 = SURFACE_STYLE_FILL_AREA( #5199 );
#3579 = ORIENTED_EDGE( '', *, *, #5200, .F. );
#3580 = ORIENTED_EDGE( '', *, *, #4920, .T. );
#3581 = ORIENTED_EDGE( '', *, *, #5046, .T. );
#3582 = ORIENTED_EDGE( '', *, *, #4823, .F. );
#3583 = ORIENTED_EDGE( '', *, *, #5076, .F. );
#3584 = ORIENTED_EDGE( '', *, *, #5201, .T. );
#3585 = CARTESIAN_POINT( '', ( 1.62166964383884, 2.20597423758882, -6.75000000000000 ) );
#3586 = DIRECTION( '', ( 0.000000000000000, 0.000000000000000, 1.00000000000000 ) );
#3587 = DIRECTION( '', ( 1.00000000000000, 0.000000000000000, 0.000000000000000 ) );
#3588 = SURFACE_STYLE_FILL_AREA( #5202 );
#3589 = ORIENTED_EDGE( '', *, *, #5203, .F. );
#3590 = ORIENTED_EDGE( '', *, *, #4841, .F. );
#3591 = ORIENTED_EDGE( '', *, *, #4705, .F. );
#3592 = ORIENTED_EDGE( '', *, *, #5050, .F. );
#3593 = CARTESIAN_POINT( '', ( 11.1760024000000, 6.80000000000000, -0.676616000000000 ) );
#3594 = DIRECTION( '', ( 0.000000000000000, 1.00000000000000, 0.000000000000000 ) );
#3595 = DIRECTION( '', ( 0.000000000000000, 0.000000000000000, 1.00000000000000 ) );
#3596 = SURFACE_STYLE_FILL_AREA( #5204 );
#3597 = ORIENTED_EDGE( '', *, *, #4659, .T. );
#3598 = ORIENTED_EDGE( '', *, *, #5205, .F. );
#3599 = ORIENTED_EDGE( '', *, *, #4664, .F. );
#3600 = ORIENTED_EDGE( '', *, *, #5206, .F. );
#3601 = CARTESIAN_POINT( '', ( -0.600000000000000, 2.27932400000000, -4.44000000000000 ) );
#3602 = DIRECTION( '', ( 0.000000000000000, 0.000000000000000, -1.00000000000000 ) );
#3603 = DIRECTION( '', ( 0.000000000000000, 1.00000000000000, 0.000000000000000 ) );
#3604 = SURFACE_STYLE_FILL_AREA( #5207 );
#3605 = ORIENTED_EDGE( '', *, *, #4874, .F. );
#3606 = ORIENTED_EDGE( '', *, *, #5208, .T. );
#3607 = ORIENTED_EDGE( '', *, *, #5209, .F. );
#3608 = ORIENTED_EDGE( '', *, *, #4588, .F. );
#3609 = CARTESIAN_POINT( '', ( -4.50000240000000, -5.43182000000000, -14.1928303734392 ) );
#3610 = DIRECTION( '', ( 0.000000000000000, 0.342020143325669, 0.939692620785908 ) );
#3611 = DIRECTION( '', ( 0.000000000000000, 0.939692620785908, -0.342020143325669 ) );
#3612 = SURFACE_STYLE_FILL_AREA( #5210 );
#3613 = ORIENTED_EDGE( '', *, *, #5211, .T. );
#3614 = ORIENTED_EDGE( '', *, *, #4801, .F. );
#3615 = ORIENTED_EDGE( '', *, *, #4916, .T. );
#3616 = ORIENTED_EDGE( '', *, *, #4803, .F. );
#3617 = ORIENTED_EDGE( '', *, *, #4995, .T. );
#3618 = ORIENTED_EDGE( '', *, *, #4935, .T. );
#3619 = CARTESIAN_POINT( '', ( 5.96000000000000, 15.4000000000000, 1.69940720943896 ) );
#3620 = DIRECTION( '', ( -1.00000000000000, 0.000000000000000, 0.000000000000000 ) );
#3621 = DIRECTION( '', ( 0.000000000000000, 0.000000000000000, -1.00000000000000 ) );
#3622 = SURFACE_STYLE_FILL_AREA( #5212 );
#3623 = ORIENTED_EDGE( '', *, *, #5089, .F. );
#3624 = ORIENTED_EDGE( '', *, *, #4606, .T. );
#3625 = ORIENTED_EDGE( '', *, *, #4610, .F. );
#3626 = ORIENTED_EDGE( '', *, *, #5213, .T. );
#3627 = ORIENTED_EDGE( '', *, *, #5214, .T. );
#3628 = ORIENTED_EDGE( '', *, *, #5215, .F. );
#3629 = ORIENTED_EDGE( '', *, *, #5216, .F. );
#3630 = ORIENTED_EDGE( '', *, *, #5125, .F. );
#3631 = CARTESIAN_POINT( '', ( 0.000000000000000, 29.2000000000000, -6.15000000000000 ) );
#3632 = DIRECTION( '', ( -0.000000000000000, -1.00000000000000, -0.000000000000000 ) );
#3633 = DIRECTION( '', ( 0.000000000000000, 0.000000000000000, 1.00000000000000 ) );
#3634 = SURFACE_STYLE_FILL_AREA( #5217 );
#3635 = ORIENTED_EDGE( '', *, *, #5218, .F. );
#3636 = ORIENTED_EDGE( '', *, *, #5219, .T. );
#3637 = ORIENTED_EDGE( '', *, *, #5220, .F. );
#3638 = ORIENTED_EDGE( '', *, *, #5221, .T. );
#3639 = ORIENTED_EDGE( '', *, *, #5222, .F. );
#3640 = ORIENTED_EDGE( '', *, *, #5035, .T. );
#3641 = ORIENTED_EDGE( '', *, *, #5043, .T. );
#3642 = ORIENTED_EDGE( '', *, *, #5223, .F. );
#3643 = CARTESIAN_POINT( '', ( 1.17453482286828, 24.8000000000012, -6.15000000000000 ) );
#3644 = DIRECTION( '', ( 0.000000000000000, -1.00000000000000, 0.000000000000000 ) );
#3645 = DIRECTION( '', ( -1.00000000000000, 0.000000000000000, 0.000000000000000 ) );
#3646 = SURFACE_STYLE_FILL_AREA( #5224 );
#3647 = ORIENTED_EDGE( '', *, *, #4511, .T. );
#3648 = ORIENTED_EDGE( '', *, *, #4881, .T. );
#3649 = ORIENTED_EDGE( '', *, *, #5225, .F. );
#3650 = ORIENTED_EDGE( '', *, *, #5028, .T. );
#3651 = CARTESIAN_POINT( '', ( 4.20000000000000, 15.4000000000000, 1.69940720943896 ) );
#3652 = DIRECTION( '', ( 0.819152044288992, 0.000000000000000, -0.573576436351046 ) );
#3653 = DIRECTION( '', ( 0.573576436351046, 0.000000000000000, 0.819152044288992 ) );
#3654 = SURFACE_STYLE_FILL_AREA( #5226 );
#3655 = ORIENTED_EDGE( '', *, *, #5227, .F. );
#3656 = ORIENTED_EDGE( '', *, *, #5228, .T. );
#3657 = ORIENTED_EDGE( '', *, *, #5229, .F. );
#3658 = ORIENTED_EDGE( '', *, *, #4689, .F. );
#3659 = CARTESIAN_POINT( '', ( 16.2560024000000, 3.80000000000000, 0.000000000000000 ) );
#3660 = DIRECTION( '', ( 0.000000000000000, 1.00000000000000, 0.000000000000000 ) );
#3661 = DIRECTION( '', ( 0.000000000000000, 0.000000000000000, 1.00000000000000 ) );
#3662 = SURFACE_STYLE_FILL_AREA( #5230 );
#3663 = ORIENTED_EDGE( '', *, *, #4658, .F. );
#3664 = ORIENTED_EDGE( '', *, *, #5142, .F. );
#3665 = ORIENTED_EDGE( '', *, *, #4905, .F. );
#3666 = ORIENTED_EDGE( '', *, *, #4665, .T. );
#3667 = ORIENTED_EDGE( '', *, *, #5205, .T. );
#3668 = CARTESIAN_POINT( '', ( 0.200000000000000, 7.07093599974894, -4.04000000000000 ) );
#3669 = DIRECTION( '', ( -0.000000000000000, -1.00000000000000, -0.000000000000000 ) );
#3670 = DIRECTION( '', ( 0.000000000000000, 0.000000000000000, 1.00000000000000 ) );
#3671 = SURFACE_STYLE_FILL_AREA( #5231 );
#3672 = ORIENTED_EDGE( '', *, *, #5232, .F. );
#3673 = ORIENTED_EDGE( '', *, *, #5233, .F. );
#3674 = ORIENTED_EDGE( '', *, *, #4534, .T. );
#3675 = ORIENTED_EDGE( '', *, *, #5234, .T. );
#3676 = CARTESIAN_POINT( '', ( 9.56000000000000, 2.20597423758882, -9.60833035616114 ) );
#3677 = DIRECTION( '', ( -1.00000000000000, 0.000000000000000, 0.000000000000000 ) );
#3678 = DIRECTION( '', ( 0.000000000000000, 0.000000000000000, 1.00000000000000 ) );
#3679 = SURFACE_STYLE_FILL_AREA( #5235 );
#3680 = ORIENTED_EDGE( '', *, *, #5236, .T. );
#3681 = ORIENTED_EDGE( '', *, *, #5237, .F. );
#3682 = ORIENTED_EDGE( '', *, *, #5238, .F. );
#3683 = ORIENTED_EDGE( '', *, *, #4889, .F. );
#3684 = CARTESIAN_POINT( '', ( -4.69301482442178, 4.80000000000000, 3.11466685472233 ) );
#3685 = DIRECTION( '', ( 0.000000000000000, 1.00000000000000, 0.000000000000000 ) );
#3686 = DIRECTION( '', ( 0.000000000000000, 0.000000000000000, 1.00000000000000 ) );
#3687 = SURFACE_STYLE_FILL_AREA( #5239 );
#3688 = ORIENTED_EDGE( '', *, *, #5240, .F. );
#3689 = ORIENTED_EDGE( '', *, *, #4531, .T. );
#3690 = ORIENTED_EDGE( '', *, *, #5233, .T. );
#3691 = ORIENTED_EDGE( '', *, *, #5241, .F. );
#3692 = ORIENTED_EDGE( '', *, *, #4789, .F. );
#3693 = ORIENTED_EDGE( '', *, *, #5242, .T. );
#3694 = ORIENTED_EDGE( '', *, *, #5185, .T. );
#3695 = ORIENTED_EDGE( '', *, *, #4929, .T. );
#3696 = CARTESIAN_POINT( '', ( 11.3345348228683, 24.8000000000012, -6.15000000000000 ) );
#3697 = DIRECTION( '', ( 0.000000000000000, -1.00000000000000, 0.000000000000000 ) );
#3698 = DIRECTION( '', ( -1.00000000000000, 0.000000000000000, 0.000000000000000 ) );
#3699 = SURFACE_STYLE_FILL_AREA( #5243 );
#3700 = ORIENTED_EDGE( '', *, *, #4865, .T. );
#3701 = ORIENTED_EDGE( '', *, *, #4924, .F. );
#3702 = ORIENTED_EDGE( '', *, *, #5244, .T. );
#3703 = ORIENTED_EDGE( '', *, *, #5144, .T. );
#3704 = CARTESIAN_POINT( '', ( 5.08000000000000, 27.5611360000000, -3.62876916846992 ) );
#3705 = DIRECTION( '', ( 0.000000000000000, -0.438371146789078, 0.898794046299167 ) );
#3706 = DIRECTION( '', ( 0.000000000000000, -0.898794046299167, -0.438371146789078 ) );
#3707 = SURFACE_STYLE_FILL_AREA( #5245 );
#3708 = ORIENTED_EDGE( '', *, *, #4649, .T. );
#3709 = ORIENTED_EDGE( '', *, *, #4589, .T. );
#3710 = ORIENTED_EDGE( '', *, *, #5209, .T. );
#3711 = ORIENTED_EDGE( '', *, *, #5246, .F. );
#3712 = CARTESIAN_POINT( '', ( 1.27734121107700, -3.66097004054130, -14.6000000000000 ) );
#3713 = DIRECTION( '', ( 0.000000000000000, 0.000000000000000, -1.00000000000000 ) );
#3714 = DIRECTION( '', ( -1.00000000000000, 0.000000000000000, 0.000000000000000 ) );
#3715 = SURFACE_STYLE_FILL_AREA( #5247 );
#3716 = ORIENTED_EDGE( '', *, *, #5248, .T. );
#3717 = ORIENTED_EDGE( '', *, *, #4897, .T. );
#3718 = ORIENTED_EDGE( '', *, *, #5108, .F. );
#3719 = ORIENTED_EDGE( '', *, *, #5249, .T. );
#3720 = ORIENTED_EDGE( '', *, *, #4966, .F. );
#3721 = CARTESIAN_POINT( '', ( 6.09600240000000, 16.0869630000000, 2.45808944099336 ) );
#3722 = DIRECTION( '', ( 0.000000000000000, -0.642787609686539, 0.766044443118978 ) );
#3723 = DIRECTION( '', ( 0.000000000000000, -0.766044443118978, -0.642787609686539 ) );
#3724 = SURFACE_STYLE_FILL_AREA( #5250 );
#3725 = ORIENTED_EDGE( '', *, *, #5036, .F. );
#3726 = ORIENTED_EDGE( '', *, *, #5222, .T. );
#3727 = ORIENTED_EDGE( '', *, *, #5251, .T. );
#3728 = ORIENTED_EDGE( '', *, *, #5173, .F. );
#3729 = CARTESIAN_POINT( '', ( 0.600000000000000, 2.20597423758882, -9.60833035616114 ) );
#3730 = DIRECTION( '', ( -1.00000000000000, 0.000000000000000, 0.000000000000000 ) );
#3731 = DIRECTION( '', ( 0.000000000000000, 0.000000000000000, 1.00000000000000 ) );
#3732 = SURFACE_STYLE_FILL_AREA( #5252 );
#3733 = ORIENTED_EDGE( '', *, *, #5253, .T. );
#3734 = ORIENTED_EDGE( '', *, *, #4653, .F. );
#3735 = ORIENTED_EDGE( '', *, *, #4690, .T. );
#3736 = ORIENTED_EDGE( '', *, *, #5229, .T. );
#3737 = CARTESIAN_POINT( '', ( -4.06399759999997, -0.178881000000000, 0.000000000000000 ) );
#3738 = DIRECTION( '', ( 0.000000000000000, 0.000000000000000, -1.00000000000000 ) );
#3739 = DIRECTION( '', ( 0.000000000000000, 1.00000000000000, 0.000000000000000 ) );
#3740 = SURFACE_STYLE_FILL_AREA( #5254 );
#3741 = ORIENTED_EDGE( '', *, *, #5063, .F. );
#3742 = ORIENTED_EDGE( '', *, *, #5255, .F. );
#3743 = ORIENTED_EDGE( '', *, *, #5008, .T. );
#3744 = ORIENTED_EDGE( '', *, *, #4675, .F. );
#3745 = CARTESIAN_POINT( '', ( 5.65999760000000, -2.44407121127492, -12.7197180000000 ) );
#3746 = DIRECTION( '', ( 0.000000000000000, 0.342020143325669, -0.939692620785908 ) );
#3747 = DIRECTION( '', ( 0.000000000000000, -0.939692620785908, -0.342020143325669 ) );
#3748 = SURFACE_STYLE_FILL_AREA( #5256 );
#3749 = ORIENTED_EDGE( '', *, *, #4507, .T. );
#3750 = ORIENTED_EDGE( '', *, *, #4576, .F. );
#3751 = ORIENTED_EDGE( '', *, *, #5257, .F. );
#3752 = ORIENTED_EDGE( '', *, *, #4524, .F. );
#3753 = ORIENTED_EDGE( '', *, *, #5110, .T. );
#3754 = ORIENTED_EDGE( '', *, *, #4988, .F. );
#3755 = ORIENTED_EDGE( '', *, *, #5258, .F. );
#3756 = ORIENTED_EDGE( '', *, *, #4979, .T. );
#3757 = CARTESIAN_POINT( '', ( -5.08000000000000, 10.1000000000000, -1.50000000000000 ) );
#3758 = DIRECTION( '', ( 0.000000000000000, 0.000000000000000, 1.00000000000000 ) );
#3759 = DIRECTION( '', ( 1.00000000000000, 0.000000000000000, 0.000000000000000 ) );
#3760 = SURFACE_STYLE_FILL_AREA( #5259 );
#3761 = ORIENTED_EDGE( '', *, *, #4894, .T. );
#3762 = ORIENTED_EDGE( '', *, *, #4509, .F. );
#3763 = ORIENTED_EDGE( '', *, *, #4978, .F. );
#3764 = ORIENTED_EDGE( '', *, *, #5260, .T. );
#3765 = CARTESIAN_POINT( '', ( -12.9350000000000, 9.80000000000000, -1.45000000000000 ) );
#3766 = DIRECTION( '', ( 0.000000000000000, 0.000000000000000, 1.00000000000000 ) );
#3767 = DIRECTION( '', ( 1.00000000000000, 0.000000000000000, 0.000000000000000 ) );
#3768 = SURFACE_STYLE_FILL_AREA( #5261 );
#3769 = ORIENTED_EDGE( '', *, *, #5262, .F. );
#3770 = ORIENTED_EDGE( '', *, *, #5054, .T. );
#3771 = ORIENTED_EDGE( '', *, *, #4831, .F. );
#3772 = ORIENTED_EDGE( '', *, *, #4908, .F. );
#3773 = CARTESIAN_POINT( '', ( -5.08000000000000, 16.4000000000000, 2.00000000000000 ) );
#3774 = DIRECTION( '', ( 0.000000000000000, 1.00000000000000, 0.000000000000000 ) );
#3775 = DIRECTION( '', ( 0.000000000000000, 0.000000000000000, 1.00000000000000 ) );
#3776 = SURFACE_STYLE_FILL_AREA( #5263 );
#3777 = ORIENTED_EDGE( '', *, *, #4854, .T. );
#3778 = ORIENTED_EDGE( '', *, *, #5151, .F. );
#3779 = ORIENTED_EDGE( '', *, *, #5264, .T. );
#3780 = ORIENTED_EDGE( '', *, *, #5265, .F. );
#3781 = CARTESIAN_POINT( '', ( 6.35734121107698, -3.46097004054130, -13.4000000000000 ) );
#3782 = DIRECTION( '', ( 0.000000000000000, 0.000000000000000, -1.00000000000000 ) );
#3783 = DIRECTION( '', ( -1.00000000000000, 0.000000000000000, 0.000000000000000 ) );
#3784 = SURFACE_STYLE_FILL_AREA( #5266 );
#3785 = ORIENTED_EDGE( '', *, *, #5267, .F. );
#3786 = ORIENTED_EDGE( '', *, *, #5101, .F. );
#3787 = ORIENTED_EDGE( '', *, *, #5268, .T. );
#3788 = ORIENTED_EDGE( '', *, *, #5126, .T. );
#3789 = ORIENTED_EDGE( '', *, *, #5216, .T. );
#3790 = CARTESIAN_POINT( '', ( -4.11384179664706, 26.8000000000012, -10.0902740315453 ) );
#3791 = DIRECTION( '', ( 0.000000000000000, 1.00000000000000, 0.000000000000000 ) );
#3792 = DIRECTION( '', ( 0.000000000000000, 0.000000000000000, 1.00000000000000 ) );
#3793 = SURFACE_STYLE_FILL_AREA( #5269 );
#3794 = ORIENTED_EDGE( '', *, *, #5059, .T. );
#3795 = ORIENTED_EDGE( '', *, *, #4777, .T. );
#3796 = ORIENTED_EDGE( '', *, *, #5130, .T. );
#3797 = ORIENTED_EDGE( '', *, *, #5002, .F. );
#3798 = ORIENTED_EDGE( '', *, *, #5060, .F. );
#3799 = ORIENTED_EDGE( '', *, *, #5000, .F. );
#3800 = ORIENTED_EDGE( '', *, *, #5188, .T. );
#3801 = ORIENTED_EDGE( '', *, *, #4779, .T. );
#3802 = ORIENTED_EDGE( '', *, *, #4699, .F. );
#3803 = ORIENTED_EDGE( '', *, *, #4770, .T. );
#3804 = ORIENTED_EDGE( '', *, *, #4876, .T. );
#3805 = ORIENTED_EDGE( '', *, *, #4985, .F. );
#3806 = ORIENTED_EDGE( '', *, *, #4914, .F. );
#3807 = ORIENTED_EDGE( '', *, *, #4799, .F. );
#3808 = ORIENTED_EDGE( '', *, *, #5270, .F. );
#3809 = ORIENTED_EDGE( '', *, *, #5271, .T. );
#3810 = ORIENTED_EDGE( '', *, *, #5167, .T. );
#3811 = ORIENTED_EDGE( '', *, *, #5136, .F. );
#3812 = ORIENTED_EDGE( '', *, *, #4719, .F. );
#3813 = ORIENTED_EDGE( '', *, *, #4971, .T. );
#3814 = ORIENTED_EDGE( '', *, *, #4992, .F. );
#3815 = ORIENTED_EDGE( '', *, *, #5005, .T. );
#3816 = ORIENTED_EDGE( '', *, *, #5272, .F. );
#3817 = ORIENTED_EDGE( '', *, *, #5134, .F. );
#3818 = ORIENTED_EDGE( '', *, *, #5009, .T. );
#3819 = ORIENTED_EDGE( '', *, *, #5255, .T. );
#3820 = ORIENTED_EDGE( '', *, *, #5062, .F. );
#3821 = ORIENTED_EDGE( '', *, *, #5273, .T. );
#3822 = ORIENTED_EDGE( '', *, *, #5067, .F. );
#3823 = ORIENTED_EDGE( '', *, *, #5133, .F. );
#3824 = ORIENTED_EDGE( '', *, *, #4765, .F. );
#3825 = ORIENTED_EDGE( '', *, *, #4817, .F. );
#3826 = ORIENTED_EDGE( '', *, *, #4886, .F. );
#3827 = ORIENTED_EDGE( '', *, *, #4810, .F. );
#3828 = ORIENTED_EDGE( '', *, *, #4550, .F. );
#3829 = ORIENTED_EDGE( '', *, *, #5274, .F. );
#3830 = ORIENTED_EDGE( '', *, *, #4532, .T. );
#3831 = ORIENTED_EDGE( '', *, *, #5240, .T. );
#3832 = ORIENTED_EDGE( '', *, *, #4928, .T. );
#3833 = ORIENTED_EDGE( '', *, *, #5103, .F. );
#3834 = ORIENTED_EDGE( '', *, *, #4552, .T. );
#3835 = ORIENTED_EDGE( '', *, *, #4809, .F. );
#3836 = ORIENTED_EDGE( '', *, *, #4635, .F. );
#3837 = ORIENTED_EDGE( '', *, *, #5275, .F. );
#3838 = ORIENTED_EDGE( '', *, *, #5276, .F. );
#3839 = ORIENTED_EDGE( '', *, *, #4933, .T. );
#3840 = ORIENTED_EDGE( '', *, *, #4997, .F. );
#3841 = ORIENTED_EDGE( '', *, *, #5277, .F. );
#3842 = ORIENTED_EDGE( '', *, *, #5023, .T. );
#3843 = ORIENTED_EDGE( '', *, *, #4714, .T. );
#3844 = ORIENTED_EDGE( '', *, *, #4695, .F. );
#3845 = ORIENTED_EDGE( '', *, *, #5278, .F. );
#3846 = ORIENTED_EDGE( '', *, *, #5279, .T. );
#3847 = ORIENTED_EDGE( '', *, *, #4961, .F. );
#3848 = CARTESIAN_POINT( '', ( 10.1600000000000, 31.6868693548637, -17.4300024000000 ) );
#3849 = DIRECTION( '', ( 1.00000000000000, 1.20024110770287E-016, 0.000000000000000 ) );
#3850 = DIRECTION( '', ( 1.20024110770287E-016, -1.00000000000000, 0.000000000000000 ) );
#3851 = SURFACE_STYLE_FILL_AREA( #5280 );
#3852 = ORIENTED_EDGE( '', *, *, #5281, .T. );
#3853 = ORIENTED_EDGE( '', *, *, #4942, .F. );
#3854 = ORIENTED_EDGE( '', *, *, #4921, .T. );
#3855 = ORIENTED_EDGE( '', *, *, #5200, .T. );
#3856 = CARTESIAN_POINT( '', ( 3.90546517713170, 24.8000000000012, -6.15000000000000 ) );
#3857 = DIRECTION( '', ( -0.898794046299167, -0.438371146789078, 0.000000000000000 ) );
#3858 = DIRECTION( '', ( -0.438371146789078, 0.898794046299167, 0.000000000000000 ) );
#3859 = SURFACE_STYLE_FILL_AREA( #5282 );
#3860 = ORIENTED_EDGE( '', *, *, #4845, .T. );
#3861 = ORIENTED_EDGE( '', *, *, #5056, .F. );
#3862 = ORIENTED_EDGE( '', *, *, #5283, .T. );
#3863 = ORIENTED_EDGE( '', *, *, #5284, .F. );
#3864 = CARTESIAN_POINT( '', ( 31.4960024000000, 3.80000000000000, 0.000000000000000 ) );
#3865 = DIRECTION( '', ( 0.000000000000000, 1.00000000000000, 0.000000000000000 ) );
#3866 = DIRECTION( '', ( 0.000000000000000, 0.000000000000000, 1.00000000000000 ) );
#3867 = SURFACE_STYLE_FILL_AREA( #5285 );
#3868 = ORIENTED_EDGE( '', *, *, #5286, .F. );
#3869 = ORIENTED_EDGE( '', *, *, #4560, .F. );
#3870 = ORIENTED_EDGE( '', *, *, #5287, .T. );
#3871 = ORIENTED_EDGE( '', *, *, #5288, .F. );
#3872 = CARTESIAN_POINT( '', ( 6.09600240000000, 15.4000000000000, -12.2000000000000 ) );
#3873 = DIRECTION( '', ( 0.000000000000000, 0.000000000000000, -1.00000000000000 ) );
#3874 = DIRECTION( '', ( 0.000000000000000, 1.00000000000000, 0.000000000000000 ) );
#3875 = SURFACE_STYLE_FILL_AREA( #5289 );
#3876 = ORIENTED_EDGE( '', *, *, #5290, .F. );
#3877 = ORIENTED_EDGE( '', *, *, #4981, .F. );
#3878 = ORIENTED_EDGE( '', *, *, #4741, .F. );
#3879 = ORIENTED_EDGE( '', *, *, #4747, .T. );
#3880 = CARTESIAN_POINT( '', ( -4.50000240000000, -2.44407121127492, -12.7197180000000 ) );
#3881 = DIRECTION( '', ( 0.000000000000000, 0.342020143325669, -0.939692620785908 ) );
#3882 = DIRECTION( '', ( 0.000000000000000, -0.939692620785908, -0.342020143325669 ) );
#3883 = SURFACE_STYLE_FILL_AREA( #5291 );
#3884 = ORIENTED_EDGE( '', *, *, #5292, .F. );
#3885 = ORIENTED_EDGE( '', *, *, #4794, .F. );
#3886 = ORIENTED_EDGE( '', *, *, #5293, .F. );
#3887 = ORIENTED_EDGE( '', *, *, #5113, .T. );
#3888 = CARTESIAN_POINT( '', ( 4.50000240000000, -5.25175000000000, -3.58162950647651 ) );
#3889 = DIRECTION( '', ( 0.000000000000000, 0.342020143325669, -0.939692620785908 ) );
#3890 = DIRECTION( '', ( 0.000000000000000, 0.939692620785908, 0.342020143325669 ) );
#3891 = SURFACE_STYLE_FILL_AREA( #5294 );
#3892 = ORIENTED_EDGE( '', *, *, #5175, .F. );
#3893 = ORIENTED_EDGE( '', *, *, #5295, .T. );
#3894 = ORIENTED_EDGE( '', *, *, #5220, .T. );
#3895 = ORIENTED_EDGE( '', *, *, #5296, .T. );
#3896 = ORIENTED_EDGE( '', *, *, #5297, .F. );
#3897 = ORIENTED_EDGE( '', *, *, #5161, .T. );
#3898 = ORIENTED_EDGE( '', *, *, #4812, .F. );
#3899 = ORIENTED_EDGE( '', *, *, #4885, .F. );
#3900 = ORIENTED_EDGE( '', *, *, #4815, .F. );
#3901 = ORIENTED_EDGE( '', *, *, #4763, .F. );
#3902 = ORIENTED_EDGE( '', *, *, #5132, .F. );
#3903 = ORIENTED_EDGE( '', *, *, #4974, .F. );
#3904 = ORIENTED_EDGE( '', *, *, #5298, .T. );
#3905 = ORIENTED_EDGE( '', *, *, #4982, .T. );
#3906 = ORIENTED_EDGE( '', *, *, #5290, .T. );
#3907 = ORIENTED_EDGE( '', *, *, #4746, .T. );
#3908 = ORIENTED_EDGE( '', *, *, #5140, .F. );
#3909 = ORIENTED_EDGE( '', *, *, #4670, .F. );
#3910 = ORIENTED_EDGE( '', *, *, #5299, .T. );
#3911 = ORIENTED_EDGE( '', *, *, #4795, .T. );
#3912 = ORIENTED_EDGE( '', *, *, #5292, .T. );
#3913 = ORIENTED_EDGE( '', *, *, #5112, .F. );
#3914 = ORIENTED_EDGE( '', *, *, #5138, .F. );
#3915 = ORIENTED_EDGE( '', *, *, #5166, .T. );
#3916 = ORIENTED_EDGE( '', *, *, #5300, .T. );
#3917 = ORIENTED_EDGE( '', *, *, #5301, .F. );
#3918 = ORIENTED_EDGE( '', *, *, #5236, .F. );
#3919 = ORIENTED_EDGE( '', *, *, #4888, .F. );
#3920 = ORIENTED_EDGE( '', *, *, #5092, .F. );
#3921 = ORIENTED_EDGE( '', *, *, #5302, .T. );
#3922 = ORIENTED_EDGE( '', *, *, #5303, .T. );
#3923 = ORIENTED_EDGE( '', *, *, #4542, .F. );
#3924 = ORIENTED_EDGE( '', *, *, #4561, .F. );
#3925 = ORIENTED_EDGE( '', *, *, #5286, .T. );
#3926 = ORIENTED_EDGE( '', *, *, #5304, .F. );
#3927 = ORIENTED_EDGE( '', *, *, #4538, .F. );
#3928 = ORIENTED_EDGE( '', *, *, #5041, .T. );
#3929 = ORIENTED_EDGE( '', *, *, #5012, .T. );
#3930 = ORIENTED_EDGE( '', *, *, #4898, .F. );
#3931 = ORIENTED_EDGE( '', *, *, #5248, .F. );
#3932 = ORIENTED_EDGE( '', *, *, #4965, .T. );
#3933 = ORIENTED_EDGE( '', *, *, #5305, .F. );
#3934 = ORIENTED_EDGE( '', *, *, #5306, .F. );
#3935 = ORIENTED_EDGE( '', *, *, #4633, .F. );
#3936 = ORIENTED_EDGE( '', *, *, #4808, .F. );
#3937 = ORIENTED_EDGE( '', *, *, #5160, .F. );
#3938 = CARTESIAN_POINT( '', ( 0.000000000000000, -5.31313064513630, -17.4300024000000 ) );
#3939 = DIRECTION( '', ( -1.00000000000000, 0.000000000000000, 0.000000000000000 ) );
#3940 = DIRECTION( '', ( 0.000000000000000, 1.00000000000000, 0.000000000000000 ) );
#3941 = SURFACE_STYLE_FILL_AREA( #5307 );
#3942 = ORIENTED_EDGE( '', *, *, #5308, .F. );
#3943 = ORIENTED_EDGE( '', *, *, #5223, .T. );
#3944 = ORIENTED_EDGE( '', *, *, #5044, .T. );
#3945 = ORIENTED_EDGE( '', *, *, #4519, .T. );
#3946 = ORIENTED_EDGE( '', *, *, #5163, .T. );
#3947 = ORIENTED_EDGE( '', *, *, #5309, .F. );
#3948 = CARTESIAN_POINT( '', ( -3.45833035616114, 2.20597423758882, -6.75000000000000 ) );
#3949 = DIRECTION( '', ( 0.000000000000000, 0.000000000000000, 1.00000000000000 ) );
#3950 = DIRECTION( '', ( 1.00000000000000, 0.000000000000000, 0.000000000000000 ) );
#3951 = SURFACE_STYLE_FILL_AREA( #5310 );
#3952 = ORIENTED_EDGE( '', *, *, #5311, .F. );
#3953 = ORIENTED_EDGE( '', *, *, #4848, .F. );
#3954 = ORIENTED_EDGE( '', *, *, #5153, .T. );
#3955 = ORIENTED_EDGE( '', *, *, #4631, .F. );
#3956 = CARTESIAN_POINT( '', ( 5.08000000000000, -5.20000000000000, -3.24000000000000 ) );
#3957 = DIRECTION( '', ( 0.000000000000000, 0.000000000000000, 1.00000000000000 ) );
#3958 = DIRECTION( '', ( 0.000000000000000, -1.00000000000000, 0.000000000000000 ) );
#3959 = SURFACE_STYLE_FILL_AREA( #5312 );
#3960 = ORIENTED_EDGE( '', *, *, #5313, .F. );
#3961 = ORIENTED_EDGE( '', *, *, #4967, .T. );
#3962 = ORIENTED_EDGE( '', *, *, #5249, .F. );
#3963 = ORIENTED_EDGE( '', *, *, #5107, .T. );
#3964 = ORIENTED_EDGE( '', *, *, #4890, .F. );
#3965 = ORIENTED_EDGE( '', *, *, #5238, .T. );
#3966 = CARTESIAN_POINT( '', ( 4.20000000000000, 1.86174122228114, -13.9669407616018 ) );
#3967 = DIRECTION( '', ( -1.00000000000000, 0.000000000000000, 0.000000000000000 ) );
#3968 = DIRECTION( '', ( 0.000000000000000, 0.000000000000000, 1.00000000000000 ) );
#3969 = SURFACE_STYLE_FILL_AREA( #5314 );
#3970 = ORIENTED_EDGE( '', *, *, #5303, .F. );
#3971 = ORIENTED_EDGE( '', *, *, #5315, .F. );
#3972 = ORIENTED_EDGE( '', *, *, #4578, .F. );
#3973 = ORIENTED_EDGE( '', *, *, #4543, .T. );
#3974 = CARTESIAN_POINT( '', ( 2.80000000000000, 6.70000000000000, -1.50000000000000 ) );
#3975 = DIRECTION( '', ( 0.000000000000000, -1.00000000000000, 0.000000000000000 ) );
#3976 = DIRECTION( '', ( -1.00000000000000, 0.000000000000000, 0.000000000000000 ) );
#3977 = SURFACE_STYLE_FILL_AREA( #5316 );
#3978 = ORIENTED_EDGE( '', *, *, #4851, .T. );
#3979 = ORIENTED_EDGE( '', *, *, #5317, .F. );
#3980 = ORIENTED_EDGE( '', *, *, #4571, .F. );
#3981 = ORIENTED_EDGE( '', *, *, #4938, .T. );
#3982 = CARTESIAN_POINT( '', ( 9.58000239999998, -3.74213340296080, -4.64782600000000 ) );
#3983 = DIRECTION( '', ( 0.000000000000000, 0.342020143325669, 0.939692620785908 ) );
#3984 = DIRECTION( '', ( 0.000000000000000, -0.939692620785908, 0.342020143325669 ) );
#3985 = SURFACE_STYLE_FILL_AREA( #5318 );
#3986 = ORIENTED_EDGE( '', *, *, #5319, .F. );
#3987 = ORIENTED_EDGE( '', *, *, #4849, .T. );
#3988 = ORIENTED_EDGE( '', *, *, #5311, .T. );
#3989 = ORIENTED_EDGE( '', *, *, #4630, .F. );
#3990 = CARTESIAN_POINT( '', ( 9.58000239999998, -5.25175000000000, -3.58162950647651 ) );
#3991 = DIRECTION( '', ( 0.000000000000000, 0.342020143325669, -0.939692620785908 ) );
#3992 = DIRECTION( '', ( 0.000000000000000, 0.939692620785908, 0.342020143325669 ) );
#3993 = SURFACE_STYLE_FILL_AREA( #5320 );
#3994 = ORIENTED_EDGE( '', *, *, #5296, .F. );
#3995 = ORIENTED_EDGE( '', *, *, #5219, .F. );
#3996 = ORIENTED_EDGE( '', *, *, #5321, .T. );
#3997 = ORIENTED_EDGE( '', *, *, #5322, .T. );
#3998 = CARTESIAN_POINT( '', ( 0.000000000000000, 27.5611360000000, -8.67123083153008 ) );
#3999 = DIRECTION( '', ( 0.000000000000000, -0.438371146789078, -0.898794046299167 ) );
#4000 = DIRECTION( '', ( 0.000000000000000, 0.898794046299167, -0.438371146789078 ) );
#4001 = SURFACE_STYLE_FILL_AREA( #5323 );
#4002 = ORIENTED_EDGE( '', *, *, #5150, .T. );
#4003 = ORIENTED_EDGE( '', *, *, #5082, .T. );
#4004 = ORIENTED_EDGE( '', *, *, #5196, .F. );
#4005 = ORIENTED_EDGE( '', *, *, #5324, .T. );
#4006 = ORIENTED_EDGE( '', *, *, #5264, .F. );
#4007 = CARTESIAN_POINT( '', ( 4.88000000000000, 7.76723869684921, -13.8000000000000 ) );
#4008 = DIRECTION( '', ( -0.000000000000000, 1.00000000000000, -0.000000000000000 ) );
#4009 = DIRECTION( '', ( 0.000000000000000, 0.000000000000000, -1.00000000000000 ) );
#4010 = SURFACE_STYLE_FILL_AREA( #5325 );
#4011 = ORIENTED_EDGE( '', *, *, #4796, .F. );
#4012 = ORIENTED_EDGE( '', *, *, #5299, .F. );
#4013 = ORIENTED_EDGE( '', *, *, #4669, .T. );
#4014 = ORIENTED_EDGE( '', *, *, #4730, .F. );
#4015 = CARTESIAN_POINT( '', ( 4.50000240000000, -3.74213340296080, -4.64782600000000 ) );
#4016 = DIRECTION( '', ( 0.000000000000000, 0.342020143325669, 0.939692620785908 ) );
#4017 = DIRECTION( '', ( 0.000000000000000, -0.939692620785908, 0.342020143325669 ) );
#4018 = SURFACE_STYLE_FILL_AREA( #5326 );
#4019 = ORIENTED_EDGE( '', *, *, #4910, .F. );
#4020 = ORIENTED_EDGE( '', *, *, #4836, .T. );
#4021 = ORIENTED_EDGE( '', *, *, #5327, .T. );
#4022 = ORIENTED_EDGE( '', *, *, #5052, .F. );
#4023 = CARTESIAN_POINT( '', ( 2.30500000000000, 9.80000000000000, -1.45000000000000 ) );
#4024 = DIRECTION( '', ( 0.000000000000000, 0.000000000000000, 1.00000000000000 ) );
#4025 = DIRECTION( '', ( 1.00000000000000, 0.000000000000000, 0.000000000000000 ) );
#4026 = SURFACE_STYLE_FILL_AREA( #5328 );
#4027 = ORIENTED_EDGE( '', *, *, #5329, .T. );
#4028 = ORIENTED_EDGE( '', *, *, #5287, .F. );
#4029 = ORIENTED_EDGE( '', *, *, #4559, .F. );
#4030 = ORIENTED_EDGE( '', *, *, #4540, .F. );
#4031 = CARTESIAN_POINT( '', ( 2.75000000000000, 6.80000000000000, -1.50000000000000 ) );
#4032 = DIRECTION( '', ( 1.00000000000000, 0.000000000000000, 0.000000000000000 ) );
#4033 = DIRECTION( '', ( 0.000000000000000, -1.00000000000000, 0.000000000000000 ) );
#4034 = SURFACE_STYLE_FILL_AREA( #5330 );
#4035 = ORIENTED_EDGE( '', *, *, #4755, .F. );
#4036 = ORIENTED_EDGE( '', *, *, #4839, .T. );
#4037 = ORIENTED_EDGE( '', *, *, #4774, .F. );
#4038 = ORIENTED_EDGE( '', *, *, #5170, .T. );
#4039 = CARTESIAN_POINT( '', ( 11.1760024000000, 15.4000000000000, -12.2000000000000 ) );
#4040 = DIRECTION( '', ( 0.000000000000000, 0.000000000000000, -1.00000000000000 ) );
#4041 = DIRECTION( '', ( 0.000000000000000, 1.00000000000000, 0.000000000000000 ) );
#4042 = SURFACE_STYLE_FILL_AREA( #5331 );
#4043 = ORIENTED_EDGE( '', *, *, #5123, .T. );
#4044 = ORIENTED_EDGE( '', *, *, #5268, .F. );
#4045 = ORIENTED_EDGE( '', *, *, #5100, .F. );
#4046 = ORIENTED_EDGE( '', *, *, #5332, .T. );
#4047 = CARTESIAN_POINT( '', ( 0.600000000000000, 2.20597423758882, -9.60833035616114 ) );
#4048 = DIRECTION( '', ( -1.00000000000000, 0.000000000000000, 0.000000000000000 ) );
#4049 = DIRECTION( '', ( 0.000000000000000, 0.000000000000000, 1.00000000000000 ) );
#4050 = SURFACE_STYLE_FILL_AREA( #5333 );
#4051 = ORIENTED_EDGE( '', *, *, #5214, .F. );
#4052 = ORIENTED_EDGE( '', *, *, #5334, .F. );
#4053 = ORIENTED_EDGE( '', *, *, #5183, .F. );
#4054 = ORIENTED_EDGE( '', *, *, #4685, .F. );
#4055 = ORIENTED_EDGE( '', *, *, #5121, .T. );
#4056 = ORIENTED_EDGE( '', *, *, #5335, .F. );
#4057 = CARTESIAN_POINT( '', ( -95.7508976906263, 29.3000000000000, -2.89644339075328 ) );
#4058 = DIRECTION( '', ( -0.000000000000000, 1.00000000000000, 0.000000000000000 ) );
#4059 = DIRECTION( '', ( 1.00000000000000, 0.000000000000000, 0.000000000000000 ) );
#4060 = SURFACE_STYLE_FILL_AREA( #5336 );
#4061 = ORIENTED_EDGE( '', *, *, #5337, .F. );
#4062 = ORIENTED_EDGE( '', *, *, #4595, .T. );
#4063 = ORIENTED_EDGE( '', *, *, #4526, .F. );
#4064 = ORIENTED_EDGE( '', *, *, #5179, .F. );
#4065 = ORIENTED_EDGE( '', *, *, #5338, .T. );
#4066 = ORIENTED_EDGE( '', *, *, #5177, .F. );
#4067 = ORIENTED_EDGE( '', *, *, #4947, .F. );
#4068 = ORIENTED_EDGE( '', *, *, #4592, .T. );
#4069 = ORIENTED_EDGE( '', *, *, #5258, .T. );
#4070 = ORIENTED_EDGE( '', *, *, #4990, .T. );
#4071 = ORIENTED_EDGE( '', *, *, #4723, .F. );
#4072 = ORIENTED_EDGE( '', *, *, #4521, .T. );
#4073 = ORIENTED_EDGE( '', *, *, #5257, .T. );
#4074 = ORIENTED_EDGE( '', *, *, #4575, .F. );
#4075 = ORIENTED_EDGE( '', *, *, #5019, .F. );
#4076 = ORIENTED_EDGE( '', *, *, #5339, .T. );
#4077 = ORIENTED_EDGE( '', *, *, #5026, .T. );
#4078 = ORIENTED_EDGE( '', *, *, #5340, .F. );
#4079 = ORIENTED_EDGE( '', *, *, #5341, .T. );
#4080 = ORIENTED_EDGE( '', *, *, #5190, .T. );
#4081 = ORIENTED_EDGE( '', *, *, #5181, .T. );
#4082 = ORIENTED_EDGE( '', *, *, #5334, .T. );
#4083 = ORIENTED_EDGE( '', *, *, #5213, .F. );
#4084 = ORIENTED_EDGE( '', *, *, #4613, .T. );
#4085 = ORIENTED_EDGE( '', *, *, #5342, .F. );
#4086 = ORIENTED_EDGE( '', *, *, #5343, .F. );
#4087 = ORIENTED_EDGE( '', *, *, #5098, .F. );
#4088 = ORIENTED_EDGE( '', *, *, #5267, .T. );
#4089 = ORIENTED_EDGE( '', *, *, #5215, .T. );
#4090 = ORIENTED_EDGE( '', *, *, #5335, .T. );
#4091 = ORIENTED_EDGE( '', *, *, #5120, .T. );
#4092 = ORIENTED_EDGE( '', *, *, #5118, .T. );
#4093 = ORIENTED_EDGE( '', *, *, #4692, .T. );
#4094 = ORIENTED_EDGE( '', *, *, #4650, .T. );
#4095 = ORIENTED_EDGE( '', *, *, #5246, .T. );
#4096 = ORIENTED_EDGE( '', *, *, #5208, .F. );
#4097 = ORIENTED_EDGE( '', *, *, #4873, .T. );
#4098 = ORIENTED_EDGE( '', *, *, #4638, .F. );
#4099 = ORIENTED_EDGE( '', *, *, #5017, .F. );
#4100 = ORIENTED_EDGE( '', *, *, #4660, .T. );
#4101 = ORIENTED_EDGE( '', *, *, #5206, .T. );
#4102 = ORIENTED_EDGE( '', *, *, #4663, .F. );
#4103 = ORIENTED_EDGE( '', *, *, #4904, .T. );
#4104 = ORIENTED_EDGE( '', *, *, #5072, .F. );
#4105 = ORIENTED_EDGE( '', *, *, #4678, .T. );
#4106 = ORIENTED_EDGE( '', *, *, #4654, .T. );
#4107 = ORIENTED_EDGE( '', *, *, #5253, .F. );
#4108 = ORIENTED_EDGE( '', *, *, #5228, .F. );
#4109 = ORIENTED_EDGE( '', *, *, #5344, .T. );
#4110 = ORIENTED_EDGE( '', *, *, #4709, .T. );
#4111 = ORIENTED_EDGE( '', *, *, #4883, .T. );
#4112 = ORIENTED_EDGE( '', *, *, #4895, .T. );
#4113 = ORIENTED_EDGE( '', *, *, #5260, .F. );
#4114 = ORIENTED_EDGE( '', *, *, #4977, .F. );
#4115 = CARTESIAN_POINT( '', ( 0.000000000000000, 31.6868693548637, -17.4300024000000 ) );
#4116 = DIRECTION( '', ( 1.00000000000000, 1.20024110770287E-016, 0.000000000000000 ) );
#4117 = DIRECTION( '', ( 1.20024110770287E-016, -1.00000000000000, 0.000000000000000 ) );
#4118 = SURFACE_STYLE_FILL_AREA( #5345 );
#4119 = ORIENTED_EDGE( '', *, *, #5346, .F. );
#4120 = ORIENTED_EDGE( '', *, *, #4805, .F. );
#4121 = ORIENTED_EDGE( '', *, *, #4986, .F. );
#4122 = ORIENTED_EDGE( '', *, *, #4877, .T. );
#4123 = ORIENTED_EDGE( '', *, *, #4768, .F. );
#4124 = ORIENTED_EDGE( '', *, *, #4697, .F. );
#4125 = ORIENTED_EDGE( '', *, *, #4716, .T. );
#4126 = ORIENTED_EDGE( '', *, *, #5022, .F. );
#4127 = CARTESIAN_POINT( '', ( 7.36000000000000, 3.73999760000000, -2.17903900000000 ) );
#4128 = DIRECTION( '', ( 1.00000000000000, 0.000000000000000, -0.000000000000000 ) );
#4129 = DIRECTION( '', ( 0.000000000000000, 0.000000000000000, 1.00000000000000 ) );
#4130 = SURFACE_STYLE_FILL_AREA( #5347 );
#4131 = ORIENTED_EDGE( '', *, *, #4963, .T. );
#4132 = ORIENTED_EDGE( '', *, *, #5348, .F. );
#4133 = ORIENTED_EDGE( '', *, *, #5349, .F. );
#4134 = ORIENTED_EDGE( '', *, *, #4701, .F. );
#4135 = CARTESIAN_POINT( '', ( 7.41000000000000, 12.8000000000000, -1.50000000000000 ) );
#4136 = DIRECTION( '', ( -1.00000000000000, 0.000000000000000, 0.000000000000000 ) );
#4137 = DIRECTION( '', ( 0.000000000000000, 1.00000000000000, 0.000000000000000 ) );
#4138 = SURFACE_STYLE_FILL_AREA( #5350 );
#4139 = ORIENTED_EDGE( '', *, *, #5300, .F. );
#4140 = ORIENTED_EDGE( '', *, *, #5168, .F. );
#4141 = ORIENTED_EDGE( '', *, *, #5271, .F. );
#4142 = ORIENTED_EDGE( '', *, *, #5351, .F. );
#4143 = CARTESIAN_POINT( '', ( 26.4160024000000, 3.80000000000000, 0.000000000000000 ) );
#4144 = DIRECTION( '', ( 0.000000000000000, 1.00000000000000, 0.000000000000000 ) );
#4145 = DIRECTION( '', ( 0.000000000000000, 0.000000000000000, 1.00000000000000 ) );
#4146 = SURFACE_STYLE_FILL_AREA( #5352 );
#4147 = ORIENTED_EDGE( '', *, *, #4850, .T. );
#4148 = ORIENTED_EDGE( '', *, *, #5319, .T. );
#4149 = ORIENTED_EDGE( '', *, *, #4629, .T. );
#4150 = ORIENTED_EDGE( '', *, *, #5353, .F. );
#4151 = ORIENTED_EDGE( '', *, *, #4572, .T. );
#4152 = ORIENTED_EDGE( '', *, *, #5317, .T. );
#4153 = CARTESIAN_POINT( '', ( 5.08000000000000, -4.40000000000000, -13.8018876112894 ) );
#4154 = DIRECTION( '', ( -0.000000000000000, -0.000000000000000, -1.00000000000000 ) );
#4155 = DIRECTION( '', ( 0.000000000000000, -1.00000000000000, 0.000000000000000 ) );
#4156 = SURFACE_STYLE_FILL_AREA( #5354 );
#4157 = ORIENTED_EDGE( '', *, *, #5057, .F. );
#4158 = ORIENTED_EDGE( '', *, *, #4843, .F. );
#4159 = ORIENTED_EDGE( '', *, *, #5355, .F. );
#4160 = ORIENTED_EDGE( '', *, *, #4952, .T. );
#4161 = CARTESIAN_POINT( '', ( 0.386985175578199, 4.80000000000000, 3.11466685472233 ) );
#4162 = DIRECTION( '', ( 0.000000000000000, 1.00000000000000, 0.000000000000000 ) );
#4163 = DIRECTION( '', ( 0.000000000000000, 0.000000000000000, 1.00000000000000 ) );
#4164 = SURFACE_STYLE_FILL_AREA( #5356 );
#4165 = ORIENTED_EDGE( '', *, *, #5357, .F. );
#4166 = ORIENTED_EDGE( '', *, *, #5358, .T. );
#4167 = ORIENTED_EDGE( '', *, *, #5197, .F. );
#4168 = ORIENTED_EDGE( '', *, *, #5080, .T. );
#4169 = ORIENTED_EDGE( '', *, *, #5149, .F. );
#4170 = CARTESIAN_POINT( '', ( 4.88000000000000, 7.76723869684921, -14.2000000000000 ) );
#4171 = DIRECTION( '', ( -0.000000000000000, -1.00000000000000, -0.000000000000000 ) );
#4172 = DIRECTION( '', ( 0.000000000000000, 0.000000000000000, 1.00000000000000 ) );
#4173 = SURFACE_STYLE_FILL_AREA( #5359 );
#4174 = ORIENTED_EDGE( '', *, *, #4858, .F. );
#4175 = ORIENTED_EDGE( '', *, *, #5360, .T. );
#4176 = ORIENTED_EDGE( '', *, *, #5357, .T. );
#4177 = ORIENTED_EDGE( '', *, *, #5148, .T. );
#4178 = CARTESIAN_POINT( '', ( 6.35734121107698, -3.66097004054130, -14.6000000000000 ) );
#4179 = DIRECTION( '', ( 0.000000000000000, 0.000000000000000, -1.00000000000000 ) );
#4180 = DIRECTION( '', ( -1.00000000000000, 0.000000000000000, 0.000000000000000 ) );
#4181 = SURFACE_STYLE_FILL_AREA( #5361 );
#4182 = ORIENTED_EDGE( '', *, *, #5332, .F. );
#4183 = ORIENTED_EDGE( '', *, *, #5099, .T. );
#4184 = ORIENTED_EDGE( '', *, *, #5343, .T. );
#4185 = ORIENTED_EDGE( '', *, *, #5362, .T. );
#4186 = ORIENTED_EDGE( '', *, *, #4819, .F. );
#4187 = ORIENTED_EDGE( '', *, *, #4603, .T. );
#4188 = ORIENTED_EDGE( '', *, *, #4759, .T. );
#4189 = ORIENTED_EDGE( '', *, *, #5124, .F. );
#4190 = CARTESIAN_POINT( '', ( 1.17453482286830, 24.8000000000012, -6.15000000000000 ) );
#4191 = DIRECTION( '', ( 0.000000000000000, -1.00000000000000, 0.000000000000000 ) );
#4192 = DIRECTION( '', ( -1.00000000000000, 0.000000000000000, 0.000000000000000 ) );
#4193 = SURFACE_STYLE_FILL_AREA( #5363 );
#4194 = ORIENTED_EDGE( '', *, *, #5024, .F. );
#4195 = ORIENTED_EDGE( '', *, *, #5277, .T. );
#4196 = ORIENTED_EDGE( '', *, *, #4996, .T. );
#4197 = ORIENTED_EDGE( '', *, *, #5346, .T. );
#4198 = CARTESIAN_POINT( '', ( 15.2000024000000, 12.8000000000000, -0.300000000000000 ) );
#4199 = DIRECTION( '', ( 0.000000000000000, -1.00000000000000, 0.000000000000000 ) );
#4200 = DIRECTION( '', ( 0.000000000000000, 0.000000000000000, -1.00000000000000 ) );
#4201 = SURFACE_STYLE_FILL_AREA( #5364 );
#4202 = ORIENTED_EDGE( '', *, *, #5304, .T. );
#4203 = ORIENTED_EDGE( '', *, *, #5288, .T. );
#4204 = ORIENTED_EDGE( '', *, *, #5329, .F. );
#4205 = ORIENTED_EDGE( '', *, *, #4539, .T. );
#4206 = CARTESIAN_POINT( '', ( 5.04000240000002, 12.8000000000000, -0.300000000000000 ) );
#4207 = DIRECTION( '', ( 0.000000000000000, -1.00000000000000, 0.000000000000000 ) );
#4208 = DIRECTION( '', ( 0.000000000000000, 0.000000000000000, -1.00000000000000 ) );
#4209 = SURFACE_STYLE_FILL_AREA( #5365 );
#4210 = ORIENTED_EDGE( '', *, *, #4983, .F. );
#4211 = ORIENTED_EDGE( '', *, *, #5298, .F. );
#4212 = ORIENTED_EDGE( '', *, *, #4973, .F. );
#4213 = ORIENTED_EDGE( '', *, *, #4600, .F. );
#4214 = CARTESIAN_POINT( '', ( -4.50000240000000, -5.43182000000000, -14.1928303734392 ) );
#4215 = DIRECTION( '', ( 0.000000000000000, 0.342020143325669, 0.939692620785908 ) );
#4216 = DIRECTION( '', ( 0.000000000000000, 0.939692620785908, -0.342020143325669 ) );
#4217 = SURFACE_STYLE_FILL_AREA( #5366 );
#4218 = ORIENTED_EDGE( '', *, *, #5154, .F. );
#4219 = ORIENTED_EDGE( '', *, *, #4846, .T. );
#4220 = ORIENTED_EDGE( '', *, *, #5284, .T. );
#4221 = ORIENTED_EDGE( '', *, *, #5367, .T. );
#4222 = CARTESIAN_POINT( '', ( 11.1760024000000, -0.178881000000000, 0.000000000000000 ) );
#4223 = DIRECTION( '', ( 0.000000000000000, 0.000000000000000, -1.00000000000000 ) );
#4224 = DIRECTION( '', ( 0.000000000000000, 1.00000000000000, 0.000000000000000 ) );
#4225 = SURFACE_STYLE_FILL_AREA( #5368 );
#4226 = ORIENTED_EDGE( '', *, *, #5186, .F. );
#4227 = ORIENTED_EDGE( '', *, *, #5242, .F. );
#4228 = ORIENTED_EDGE( '', *, *, #4788, .T. );
#4229 = ORIENTED_EDGE( '', *, *, #5157, .T. );
#4230 = ORIENTED_EDGE( '', *, *, #4554, .T. );
#4231 = ORIENTED_EDGE( '', *, *, #5105, .T. );
#4232 = CARTESIAN_POINT( '', ( 6.70166964383886, 2.20597423758882, -5.55000000000000 ) );
#4233 = DIRECTION( '', ( 0.000000000000000, 0.000000000000000, 1.00000000000000 ) );
#4234 = DIRECTION( '', ( 1.00000000000000, 0.000000000000000, 0.000000000000000 ) );
#4235 = SURFACE_STYLE_FILL_AREA( #5369 );
#4236 = ORIENTED_EDGE( '', *, *, #4835, .F. );
#4237 = ORIENTED_EDGE( '', *, *, #5096, .F. );
#4238 = ORIENTED_EDGE( '', *, *, #5048, .T. );
#4239 = ORIENTED_EDGE( '', *, *, #5327, .F. );
#4240 = CARTESIAN_POINT( '', ( 10.1200024000000, 12.8000000000000, -0.300000000000000 ) );
#4241 = DIRECTION( '', ( 0.000000000000000, -1.00000000000000, 0.000000000000000 ) );
#4242 = DIRECTION( '', ( 0.000000000000000, 0.000000000000000, -1.00000000000000 ) );
#4243 = SURFACE_STYLE_FILL_AREA( #5370 );
#4244 = ORIENTED_EDGE( '', *, *, #4557, .T. );
#4245 = ORIENTED_EDGE( '', *, *, #5371, .T. );
#4246 = ORIENTED_EDGE( '', *, *, #5234, .F. );
#4247 = ORIENTED_EDGE( '', *, *, #4533, .F. );
#4248 = ORIENTED_EDGE( '', *, *, #5274, .T. );
#4249 = CARTESIAN_POINT( '', ( 6.04615820335294, 26.8000000000012, -10.0902740315453 ) );
#4250 = DIRECTION( '', ( 0.000000000000000, 1.00000000000000, 0.000000000000000 ) );
#4251 = DIRECTION( '', ( 0.000000000000000, 0.000000000000000, 1.00000000000000 ) );
#4252 = SURFACE_STYLE_FILL_AREA( #5372 );
#4253 = ORIENTED_EDGE( '', *, *, #5302, .F. );
#4254 = ORIENTED_EDGE( '', *, *, #5093, .T. );
#4255 = ORIENTED_EDGE( '', *, *, #4579, .T. );
#4256 = ORIENTED_EDGE( '', *, *, #5315, .T. );
#4257 = CARTESIAN_POINT( '', ( -2.77500000000000, 9.80000000000000, -1.45000000000000 ) );
#4258 = DIRECTION( '', ( 0.000000000000000, 0.000000000000000, 1.00000000000000 ) );
#4259 = DIRECTION( '', ( 1.00000000000000, 0.000000000000000, 0.000000000000000 ) );
#4260 = SURFACE_STYLE_FILL_AREA( #5373 );
#4261 = ORIENTED_EDGE( '', *, *, #4861, .F. );
#4262 = ORIENTED_EDGE( '', *, *, #4618, .F. );
#4263 = ORIENTED_EDGE( '', *, *, #5374, .F. );
#4264 = ORIENTED_EDGE( '', *, *, #4624, .F. );
#4265 = CARTESIAN_POINT( '', ( 0.000000000000000, 16.4000000000000, -13.6000000000000 ) );
#4266 = DIRECTION( '', ( 0.000000000000000, 0.204863154122693, -0.978790625252869 ) );
#4267 = DIRECTION( '', ( 0.000000000000000, -0.978790625252869, -0.204863154122693 ) );
#4268 = SURFACE_STYLE_FILL_AREA( #5375 );
#4269 = ORIENTED_EDGE( '', *, *, #4857, .T. );
#4270 = ORIENTED_EDGE( '', *, *, #5198, .F. );
#4271 = ORIENTED_EDGE( '', *, *, #5358, .F. );
#4272 = ORIENTED_EDGE( '', *, *, #5360, .F. );
#4273 = CARTESIAN_POINT( '', ( 0.579997599999980, -5.43182000000000, -14.1928303734392 ) );
#4274 = DIRECTION( '', ( 0.000000000000000, 0.342020143325669, 0.939692620785908 ) );
#4275 = DIRECTION( '', ( 0.000000000000000, 0.939692620785908, -0.342020143325669 ) );
#4276 = SURFACE_STYLE_FILL_AREA( #5376 );
#4277 = ORIENTED_EDGE( '', *, *, #5273, .F. );
#4278 = ORIENTED_EDGE( '', *, *, #5065, .F. );
#4279 = ORIENTED_EDGE( '', *, *, #5086, .F. );
#4280 = ORIENTED_EDGE( '', *, *, #5068, .F. );
#4281 = CARTESIAN_POINT( '', ( 5.65999760000000, -5.43182000000000, -14.1928303734392 ) );
#4282 = DIRECTION( '', ( 0.000000000000000, 0.342020143325669, 0.939692620785908 ) );
#4283 = DIRECTION( '', ( 0.000000000000000, 0.939692620785908, -0.342020143325669 ) );
#4284 = SURFACE_STYLE_FILL_AREA( #5377 );
#4285 = ORIENTED_EDGE( '', *, *, #5075, .T. );
#4286 = ORIENTED_EDGE( '', *, *, #4943, .F. );
#4287 = ORIENTED_EDGE( '', *, *, #5281, .F. );
#4288 = ORIENTED_EDGE( '', *, *, #5201, .F. );
#4289 = CARTESIAN_POINT( '', ( 3.60697400000000, 25.6000000000012, -3.91229600000000 ) );
#4290 = DIRECTION( '', ( -0.000000000000000, 1.00000000000000, 0.000000000000000 ) );
#4291 = DIRECTION( '', ( 1.00000000000000, 0.000000000000000, 0.000000000000000 ) );
#4292 = SURFACE_STYLE_FILL_AREA( #5378 );
#4293 = ORIENTED_EDGE( '', *, *, #4954, .T. );
#4294 = ORIENTED_EDGE( '', *, *, #5379, .T. );
#4295 = ORIENTED_EDGE( '', *, *, #5049, .T. );
#4296 = ORIENTED_EDGE( '', *, *, #5095, .T. );
#4297 = CARTESIAN_POINT( '', ( 2.28000000000000, 15.4000000000000, -0.300000000000000 ) );
#4298 = DIRECTION( '', ( -0.819152044288992, 0.000000000000000, -0.573576436351046 ) );
#4299 = DIRECTION( '', ( 0.573576436351046, 0.000000000000000, -0.819152044288992 ) );
#4300 = SURFACE_STYLE_FILL_AREA( #5380 );
#4301 = ORIENTED_EDGE( '', *, *, #5139, .F. );
#4302 = ORIENTED_EDGE( '', *, *, #5114, .F. );
#4303 = ORIENTED_EDGE( '', *, *, #5293, .T. );
#4304 = ORIENTED_EDGE( '', *, *, #4793, .F. );
#4305 = ORIENTED_EDGE( '', *, *, #5033, .T. );
#4306 = CARTESIAN_POINT( '', ( 0.200000000000000, 7.07093599974894, -3.64000000000000 ) );
#4307 = DIRECTION( '', ( -0.000000000000000, -1.00000000000000, -0.000000000000000 ) );
#4308 = DIRECTION( '', ( 0.000000000000000, 0.000000000000000, 1.00000000000000 ) );
#4309 = SURFACE_STYLE_FILL_AREA( #5381 );
#4310 = ORIENTED_EDGE( '', *, *, #4591, .T. );
#4311 = ORIENTED_EDGE( '', *, *, #5337, .T. );
#4312 = ORIENTED_EDGE( '', *, *, #5178, .F. );
#4313 = ORIENTED_EDGE( '', *, *, #5338, .F. );
#4314 = CARTESIAN_POINT( '', ( 0.000000000000000, 24.2000000000012, -6.15000000000000 ) );
#4315 = DIRECTION( '', ( -0.000000000000000, 1.00000000000000, -0.000000000000000 ) );
#4316 = DIRECTION( '', ( 1.00000000000000, 0.000000000000000, 0.000000000000000 ) );
#4317 = SURFACE_STYLE_FILL_AREA( #5382 );
#4318 = ORIENTED_EDGE( '', *, *, #5383, .F. );
#4319 = ORIENTED_EDGE( '', *, *, #5384, .T. );
#4320 = ORIENTED_EDGE( '', *, *, #5340, .T. );
#4321 = ORIENTED_EDGE( '', *, *, #5030, .T. );
#4322 = CARTESIAN_POINT( '', ( -4.69301482442180, 15.4000000000000, 3.11466685472233 ) );
#4323 = DIRECTION( '', ( 0.000000000000000, 1.00000000000000, 0.000000000000000 ) );
#4324 = DIRECTION( '', ( 0.000000000000000, 0.000000000000000, 1.00000000000000 ) );
#4325 = SURFACE_STYLE_FILL_AREA( #5385 );
#4326 = ORIENTED_EDGE( '', *, *, #5308, .T. );
#4327 = ORIENTED_EDGE( '', *, *, #5386, .F. );
#4328 = ORIENTED_EDGE( '', *, *, #5321, .F. );
#4329 = ORIENTED_EDGE( '', *, *, #5218, .T. );
#4330 = CARTESIAN_POINT( '', ( 0.600000000000000, 2.20597423758882, -9.60833035616114 ) );
#4331 = DIRECTION( '', ( -1.00000000000000, 0.000000000000000, 0.000000000000000 ) );
#4332 = DIRECTION( '', ( 0.000000000000000, 0.000000000000000, 1.00000000000000 ) );
#4333 = SURFACE_STYLE_FILL_AREA( #5387 );
#4334 = ORIENTED_EDGE( '', *, *, #4568, .T. );
#4335 = ORIENTED_EDGE( '', *, *, #5353, .T. );
#4336 = ORIENTED_EDGE( '', *, *, #4628, .T. );
#4337 = ORIENTED_EDGE( '', *, *, #5152, .T. );
#4338 = CARTESIAN_POINT( '', ( 4.48000000000000, -4.16904566318510, -3.84063064193088 ) );
#4339 = DIRECTION( '', ( -1.00000000000000, 0.000000000000000, 0.000000000000000 ) );
#4340 = DIRECTION( '', ( 0.000000000000000, 0.000000000000000, 1.00000000000000 ) );
#4341 = SURFACE_STYLE_FILL_AREA( #5388 );
#4342 = ORIENTED_EDGE( '', *, *, #5362, .F. );
#4343 = ORIENTED_EDGE( '', *, *, #5342, .T. );
#4344 = ORIENTED_EDGE( '', *, *, #4612, .T. );
#4345 = ORIENTED_EDGE( '', *, *, #4820, .F. );
#4346 = CARTESIAN_POINT( '', ( 0.000000000000000, 27.5611360000000, -3.62876916846992 ) );
#4347 = DIRECTION( '', ( 0.000000000000000, -0.438371146789078, 0.898794046299167 ) );
#4348 = DIRECTION( '', ( 0.000000000000000, -0.898794046299167, -0.438371146789078 ) );
#4349 = SURFACE_STYLE_FILL_AREA( #5389 );
#4350 = ORIENTED_EDGE( '', *, *, #4840, .F. );
#4351 = ORIENTED_EDGE( '', *, *, #4757, .F. );
#4352 = ORIENTED_EDGE( '', *, *, #5171, .T. );
#4353 = ORIENTED_EDGE( '', *, *, #4772, .F. );
#4354 = ORIENTED_EDGE( '', *, *, #4838, .F. );
#4355 = ORIENTED_EDGE( '', *, *, #4912, .T. );
#4356 = ORIENTED_EDGE( '', *, *, #5051, .T. );
#4357 = ORIENTED_EDGE( '', *, *, #4738, .F. );
#4358 = CARTESIAN_POINT( '', ( 10.1600000000000, 10.1000000000000, -1.50000000000000 ) );
#4359 = DIRECTION( '', ( 0.000000000000000, 0.000000000000000, 1.00000000000000 ) );
#4360 = DIRECTION( '', ( 1.00000000000000, 0.000000000000000, 0.000000000000000 ) );
#4361 = SURFACE_STYLE_FILL_AREA( #5390 );
#4362 = ORIENTED_EDGE( '', *, *, #5339, .F. );
#4363 = ORIENTED_EDGE( '', *, *, #5020, .F. );
#4364 = ORIENTED_EDGE( '', *, *, #4512, .F. );
#4365 = ORIENTED_EDGE( '', *, *, #5027, .T. );
#4366 = CARTESIAN_POINT( '', ( 5.04000240000000, 12.8000000000000, -0.300000000000000 ) );
#4367 = DIRECTION( '', ( 0.000000000000000, -1.00000000000000, 0.000000000000000 ) );
#4368 = DIRECTION( '', ( 0.000000000000000, 0.000000000000000, -1.00000000000000 ) );
#4369 = SURFACE_STYLE_FILL_AREA( #5391 );
#4370 = ORIENTED_EDGE( '', *, *, #4923, .F. );
#4371 = ORIENTED_EDGE( '', *, *, #4941, .T. );
#4372 = ORIENTED_EDGE( '', *, *, #5145, .T. );
#4373 = ORIENTED_EDGE( '', *, *, #5244, .F. );
#4374 = CARTESIAN_POINT( '', ( 4.48000000000000, 2.20597423758882, -9.60833035616114 ) );
#4375 = DIRECTION( '', ( -1.00000000000000, 0.000000000000000, 0.000000000000000 ) );
#4376 = DIRECTION( '', ( 0.000000000000000, 0.000000000000000, 1.00000000000000 ) );
#4377 = SURFACE_STYLE_FILL_AREA( #5392 );
#4378 = ORIENTED_EDGE( '', *, *, #5279, .F. );
#4379 = ORIENTED_EDGE( '', *, *, #5393, .F. );
#4380 = ORIENTED_EDGE( '', *, *, #5348, .T. );
#4381 = ORIENTED_EDGE( '', *, *, #4962, .F. );
#4382 = CARTESIAN_POINT( '', ( 16.2560024000000, 15.4000000000000, -12.2000000000000 ) );
#4383 = DIRECTION( '', ( 0.000000000000000, 0.000000000000000, -1.00000000000000 ) );
#4384 = DIRECTION( '', ( 0.000000000000000, 1.00000000000000, 0.000000000000000 ) );
#4385 = SURFACE_STYLE_FILL_AREA( #5394 );
#4386 = ORIENTED_EDGE( '', *, *, #5221, .F. );
#4387 = ORIENTED_EDGE( '', *, *, #5295, .F. );
#4388 = ORIENTED_EDGE( '', *, *, #5174, .T. );
#4389 = ORIENTED_EDGE( '', *, *, #5251, .F. );
#4390 = CARTESIAN_POINT( '', ( 0.000000000000000, 27.5611360000000, -3.62876916846992 ) );
#4391 = DIRECTION( '', ( 0.000000000000000, -0.438371146789078, 0.898794046299167 ) );
#4392 = DIRECTION( '', ( 0.000000000000000, -0.898794046299167, -0.438371146789078 ) );
#4393 = SURFACE_STYLE_FILL_AREA( #5395 );
#4394 = ORIENTED_EDGE( '', *, *, #5283, .F. );
#4395 = ORIENTED_EDGE( '', *, *, #5055, .F. );
#4396 = ORIENTED_EDGE( '', *, *, #5262, .T. );
#4397 = ORIENTED_EDGE( '', *, *, #4907, .T. );
#4398 = ORIENTED_EDGE( '', *, *, #4625, .T. );
#4399 = ORIENTED_EDGE( '', *, *, #5374, .T. );
#4400 = ORIENTED_EDGE( '', *, *, #4617, .F. );
#4401 = ORIENTED_EDGE( '', *, *, #5193, .T. );
#4402 = ORIENTED_EDGE( '', *, *, #5155, .F. );
#4403 = ORIENTED_EDGE( '', *, *, #5367, .F. );
#4404 = CARTESIAN_POINT( '', ( 0.000000000000000, 51.0028980000000, -17.4300024000000 ) );
#4405 = DIRECTION( '', ( 1.00000000000000, 0.000000000000000, 0.000000000000000 ) );
#4406 = DIRECTION( '', ( 0.000000000000000, -1.00000000000000, 0.000000000000000 ) );
#4407 = SURFACE_STYLE_FILL_AREA( #5396 );
#4408 = ORIENTED_EDGE( '', *, *, #4790, .F. );
#4409 = ORIENTED_EDGE( '', *, *, #5241, .T. );
#4410 = ORIENTED_EDGE( '', *, *, #5232, .T. );
#4411 = ORIENTED_EDGE( '', *, *, #5371, .F. );
#4412 = ORIENTED_EDGE( '', *, *, #4556, .F. );
#4413 = ORIENTED_EDGE( '', *, *, #5158, .T. );
#4414 = CARTESIAN_POINT( '', ( 6.70166964383886, 2.20597423758882, -6.75000000000000 ) );
#4415 = DIRECTION( '', ( 0.000000000000000, 0.000000000000000, 1.00000000000000 ) );
#4416 = DIRECTION( '', ( 1.00000000000000, 0.000000000000000, 0.000000000000000 ) );
#4417 = SURFACE_STYLE_FILL_AREA( #5397 );
#4418 = ORIENTED_EDGE( '', *, *, #5195, .F. );
#4419 = ORIENTED_EDGE( '', *, *, #4855, .T. );
#4420 = ORIENTED_EDGE( '', *, *, #5265, .T. );
#4421 = ORIENTED_EDGE( '', *, *, #5324, .F. );
#4422 = CARTESIAN_POINT( '', ( 0.579997599999980, -2.44407121127492, -12.7197180000000 ) );
#4423 = DIRECTION( '', ( 0.000000000000000, 0.342020143325669, -0.939692620785908 ) );
#4424 = DIRECTION( '', ( 0.000000000000000, -0.939692620785908, -0.342020143325669 ) );
#4425 = SURFACE_STYLE_FILL_AREA( #5398 );
#4426 = ORIENTED_EDGE( '', *, *, #4702, .T. );
#4427 = ORIENTED_EDGE( '', *, *, #5349, .T. );
#4428 = ORIENTED_EDGE( '', *, *, #5393, .T. );
#4429 = ORIENTED_EDGE( '', *, *, #5278, .T. );
#4430 = CARTESIAN_POINT( '', ( 15.2000024000000, 12.8000000000000, -0.300000000000000 ) );
#4431 = DIRECTION( '', ( 0.000000000000000, -1.00000000000000, 0.000000000000000 ) );
#4432 = DIRECTION( '', ( 0.000000000000000, 0.000000000000000, -1.00000000000000 ) );
#4433 = SURFACE_STYLE_FILL_AREA( #5399 );
#4434 = ORIENTED_EDGE( '', *, *, #5297, .T. );
#4435 = ORIENTED_EDGE( '', *, *, #5322, .F. );
#4436 = ORIENTED_EDGE( '', *, *, #5386, .T. );
#4437 = ORIENTED_EDGE( '', *, *, #5309, .T. );
#4438 = ORIENTED_EDGE( '', *, *, #5162, .T. );
#4439 = CARTESIAN_POINT( '', ( -4.11384179664706, 26.8000000000012, -10.0902740315453 ) );
#4440 = DIRECTION( '', ( 0.000000000000000, 1.00000000000000, 0.000000000000000 ) );
#4441 = DIRECTION( '', ( 0.000000000000000, 0.000000000000000, 1.00000000000000 ) );
#4442 = SURFACE_STYLE_FILL_AREA( #5400 );
#4443 = ORIENTED_EDGE( '', *, *, #5227, .T. );
#4444 = ORIENTED_EDGE( '', *, *, #4688, .F. );
#4445 = ORIENTED_EDGE( '', *, *, #5191, .F. );
#4446 = ORIENTED_EDGE( '', *, *, #5341, .F. );
#4447 = ORIENTED_EDGE( '', *, *, #5384, .F. );
#4448 = ORIENTED_EDGE( '', *, *, #5401, .T. );
#4449 = ORIENTED_EDGE( '', *, *, #4710, .T. );
#4450 = ORIENTED_EDGE( '', *, *, #5344, .F. );
#4451 = CARTESIAN_POINT( '', ( 81.2800000000000, 16.4000000000000, 2.70000000000000 ) );
#4452 = DIRECTION( '', ( 0.000000000000000, 0.000000000000000, 1.00000000000000 ) );
#4453 = DIRECTION( '', ( 0.000000000000000, -1.00000000000000, 0.000000000000000 ) );
#4454 = SURFACE_STYLE_FILL_AREA( #5402 );
#4455 = ORIENTED_EDGE( '', *, *, #5272, .T. );
#4456 = ORIENTED_EDGE( '', *, *, #5006, .F. );
#4457 = ORIENTED_EDGE( '', *, *, #4868, .F. );
#4458 = ORIENTED_EDGE( '', *, *, #5135, .T. );
#4459 = CARTESIAN_POINT( '', ( 9.56000000000000, 2.27932400000000, -4.44000000000000 ) );
#4460 = DIRECTION( '', ( 0.000000000000000, 0.000000000000000, -1.00000000000000 ) );
#4461 = DIRECTION( '', ( 0.000000000000000, 1.00000000000000, 0.000000000000000 ) );
#4462 = SURFACE_STYLE_FILL_AREA( #5403 );
#4463 = ORIENTED_EDGE( '', *, *, #5203, .T. );
#4464 = ORIENTED_EDGE( '', *, *, #5379, .F. );
#4465 = ORIENTED_EDGE( '', *, *, #4953, .F. );
#4466 = ORIENTED_EDGE( '', *, *, #5355, .T. );
#4467 = ORIENTED_EDGE( '', *, *, #4842, .F. );
#4468 = CARTESIAN_POINT( '', ( 11.1760024000000, 6.80000000000000, -0.300000000000000 ) );
#4469 = DIRECTION( '', ( 0.000000000000000, 0.707106781186548, 0.707106781186547 ) );
#4470 = DIRECTION( '', ( 0.000000000000000, -0.707106781186547, 0.707106781186548 ) );
#4471 = SURFACE_STYLE_FILL_AREA( #5404 );
#4472 = ORIENTED_EDGE( '', *, *, #4798, .T. );
#4473 = ORIENTED_EDGE( '', *, *, #5211, .F. );
#4474 = ORIENTED_EDGE( '', *, *, #4934, .F. );
#4475 = ORIENTED_EDGE( '', *, *, #5276, .T. );
#4476 = ORIENTED_EDGE( '', *, *, #5405, .F. );
#4477 = ORIENTED_EDGE( '', *, *, #5305, .T. );
#4478 = ORIENTED_EDGE( '', *, *, #4968, .F. );
#4479 = ORIENTED_EDGE( '', *, *, #5313, .T. );
#4480 = ORIENTED_EDGE( '', *, *, #5237, .T. );
#4481 = ORIENTED_EDGE( '', *, *, #5301, .T. );
#4482 = ORIENTED_EDGE( '', *, *, #5351, .T. );
#4483 = ORIENTED_EDGE( '', *, *, #5270, .T. );
#4484 = CARTESIAN_POINT( '', ( 91.4400000000000, 16.4000000000000, 2.70000000000000 ) );
#4485 = DIRECTION( '', ( 0.000000000000000, 0.000000000000000, 1.00000000000000 ) );
#4486 = DIRECTION( '', ( 0.000000000000000, -1.00000000000000, 0.000000000000000 ) );
#4487 = SURFACE_STYLE_FILL_AREA( #5406 );
#4488 = ORIENTED_EDGE( '', *, *, #5401, .F. );
#4489 = ORIENTED_EDGE( '', *, *, #5383, .T. );
#4490 = ORIENTED_EDGE( '', *, *, #5029, .F. );
#4491 = ORIENTED_EDGE( '', *, *, #5225, .T. );
#4492 = ORIENTED_EDGE( '', *, *, #4880, .F. );
#4493 = ORIENTED_EDGE( '', *, *, #4711, .T. );
#4494 = CARTESIAN_POINT( '', ( 4.20000000000000, 1.86174122228114, -13.9669407616018 ) );
#4495 = DIRECTION( '', ( -1.00000000000000, 0.000000000000000, 0.000000000000000 ) );
#4496 = DIRECTION( '', ( 0.000000000000000, 0.000000000000000, 1.00000000000000 ) );
#4497 = SURFACE_STYLE_FILL_AREA( #5407 );
#4498 = ORIENTED_EDGE( '', *, *, #5306, .T. );
#4499 = ORIENTED_EDGE( '', *, *, #5405, .T. );
#4500 = ORIENTED_EDGE( '', *, *, #5275, .T. );
#4501 = ORIENTED_EDGE( '', *, *, #4634, .F. );
#4502 = CARTESIAN_POINT( '', ( -10.1600000000000, 16.4000000000000, 2.00000000000000 ) );
#4503 = DIRECTION( '', ( 0.000000000000000, 1.00000000000000, 0.000000000000000 ) );
#4504 = DIRECTION( '', ( 0.000000000000000, 0.000000000000000, 1.00000000000000 ) );
#4506 = FILL_AREA_STYLE( '', ( #5408 ) );
#4507 = EDGE_CURVE( '', #5409, #5410, #5411, .T. );
#4508 = EDGE_CURVE( '', #5409, #5412, #5413, .T. );
#4509 = EDGE_CURVE( '', #5412, #5414, #5415, .T. );
#4510 = EDGE_CURVE( '', #5414, #5416, #5417, .T. );
#4511 = EDGE_CURVE( '', #5418, #5416, #5419, .T. );
#4512 = EDGE_CURVE( '', #5418, #5420, #5421, .T. );
#4513 = EDGE_CURVE( '', #5422, #5420, #5423, .T. );
#4514 = EDGE_CURVE( '', #5410, #5422, #5424, .T. );
#4515 = FILL_AREA_STYLE( '', ( #5425 ) );
#4516 = EDGE_CURVE( '', #5426, #5427, #5428, .T. );
#4517 = EDGE_CURVE( '', #5429, #5426, #5430, .T. );
#4518 = EDGE_CURVE( '', #5429, #5431, #5432, .T. );
#4519 = EDGE_CURVE( '', #5427, #5431, #5433, .T. );
#4520 = FILL_AREA_STYLE( '', ( #5434 ) );
#4521 = EDGE_CURVE( '', #5435, #5436, #5437, .T. );
#4522 = EDGE_CURVE( '', #5435, #5438, #5439, .T. );
#4523 = EDGE_CURVE( '', #5440, #5438, #5441, .T. );
#4524 = EDGE_CURVE( '', #5440, #5436, #5442, .T. );
#4525 = FILL_AREA_STYLE( '', ( #5443 ) );
#4526 = EDGE_CURVE( '', #5444, #5445, #5446, .T. );
#4527 = EDGE_CURVE( '', #5447, #5445, #5448, .T. );
#4528 = EDGE_CURVE( '', #5449, #5447, #5450, .T. );
#4529 = EDGE_CURVE( '', #5449, #5444, #5451, .T. );
#4530 = FILL_AREA_STYLE( '', ( #5452 ) );
#4531 = EDGE_CURVE( '', #5453, #5454, #5455, .T. );
#4532 = EDGE_CURVE( '', #5456, #5453, #5457, .T. );
#4533 = EDGE_CURVE( '', #5456, #5458, #5459, .T. );
#4534 = EDGE_CURVE( '', #5454, #5458, #5460, .T. );
#4535 = FILL_AREA_STYLE( '', ( #5461 ) );
#4536 = EDGE_CURVE( '', #5462, #5463, #5464, .T. );
#4537 = EDGE_CURVE( '', #5463, #5465, #5466, .T. );
#4538 = EDGE_CURVE( '', #5465, #5467, #5468, .T. );
#4539 = EDGE_CURVE( '', #5469, #5467, #5470, .T. );
#4540 = EDGE_CURVE( '', #5469, #5471, #5472, .T. );
#4541 = EDGE_CURVE( '', #5473, #5471, #5474, .T. );
#4542 = EDGE_CURVE( '', #5473, #5475, #5476, .T. );
#4543 = EDGE_CURVE( '', #5462, #5475, #5477, .T. );
#4544 = FILL_AREA_STYLE( '', ( #5478 ) );
#4545 = EDGE_CURVE( '', #5479, #5480, #5481, .T. );
#4546 = EDGE_CURVE( '', #5482, #5479, #5483, .T. );
#4547 = EDGE_CURVE( '', #5482, #5484, #5485, .T. );
#4548 = EDGE_CURVE( '', #5480, #5484, #5486, .T. );
#4549 = FILL_AREA_STYLE( '', ( #5487 ) );
#4550 = EDGE_CURVE( '', #5488, #5489, #5490, .T. );
#4551 = EDGE_CURVE( '', #5489, #5491, #5492, .T. );
#4552 = EDGE_CURVE( '', #5493, #5491, #5494, .T. );
#4553 = EDGE_CURVE( '', #5495, #5493, #5496, .T. );
#4554 = EDGE_CURVE( '', #5497, #5495, #5498, .T. );
#4555 = EDGE_CURVE( '', #5499, #5497, #5500, .T. );
#4556 = EDGE_CURVE( '', #5499, #5501, #5502, .T. );
#4557 = EDGE_CURVE( '', #5488, #5501, #5503, .T. );
#4558 = FILL_AREA_STYLE( '', ( #5504 ) );
#4559 = EDGE_CURVE( '', #5471, #5505, #5506, .T. );
#4560 = EDGE_CURVE( '', #5505, #5507, #5508, .T. );
#4561 = EDGE_CURVE( '', #5507, #5473, #5509, .T. );
#4562 = FILL_AREA_STYLE( '', ( #5510 ) );
#4563 = EDGE_CURVE( '', #5511, #5512, #5513, .T. );
#4564 = EDGE_CURVE( '', #5514, #5511, #5515, .T. );
#4565 = EDGE_CURVE( '', #5514, #5516, #5517, .T. );
#4566 = EDGE_CURVE( '', #5512, #5516, #5518, .T. );
#4567 = FILL_AREA_STYLE( '', ( #5519 ) );
#4568 = EDGE_CURVE( '', #5520, #5521, #5522, .T. );
#4569 = EDGE_CURVE( '', #5520, #5523, #5524, .T. );
#4570 = EDGE_CURVE( '', #5523, #5525, #5526, .T. );
#4571 = EDGE_CURVE( '', #5525, #5527, #5528, .T. );
#4572 = EDGE_CURVE( '', #5521, #5527, #5529, .T. );
#4573 = FILL_AREA_STYLE( '', ( #5530 ) );
#4574 = EDGE_CURVE( '', #5531, #5422, #5532, .T. );
#4575 = EDGE_CURVE( '', #5531, #5533, #5534, .T. );
#4576 = EDGE_CURVE( '', #5533, #5410, #5535, .T. );
#4577 = FILL_AREA_STYLE( '', ( #5536 ) );
#4578 = EDGE_CURVE( '', #5462, #5537, #5538, .T. );
#4579 = EDGE_CURVE( '', #5539, #5537, #5540, .T. );
#4580 = EDGE_CURVE( '', #5539, #5541, #5542, .T. );
#4581 = EDGE_CURVE( '', #5543, #5541, #5544, .T. );
#4582 = EDGE_CURVE( '', #5545, #5543, #5546, .T. );
#4583 = EDGE_CURVE( '', #5545, #5547, #5548, .T. );
#4584 = EDGE_CURVE( '', #5463, #5547, #5549, .T. );
#4585 = FILL_AREA_STYLE( '', ( #5550 ) );
#4586 = EDGE_CURVE( '', #5551, #5480, #5552, .T. );
#4587 = EDGE_CURVE( '', #5553, #5484, #5554, .T. );
#4588 = EDGE_CURVE( '', #5553, #5555, #5556, .T. );
#4589 = EDGE_CURVE( '', #5551, #5555, #5557, .T. );
#4590 = FILL_AREA_STYLE( '', ( #5558 ) );
#4591 = EDGE_CURVE( '', #5559, #5560, #5561, .T. );
#4592 = EDGE_CURVE( '', #5562, #5559, #5563, .T. );
#4593 = EDGE_CURVE( '', #5564, #5562, #5565, .T. );
#4594 = EDGE_CURVE( '', #5564, #5447, #5566, .T. );
#4595 = EDGE_CURVE( '', #5560, #5445, #5567, .T. );
#4596 = FILL_AREA_STYLE( '', ( #5568 ) );
#4597 = EDGE_CURVE( '', #5569, #5570, #5571, .T. );
#4598 = EDGE_CURVE( '', #5570, #5572, #5573, .T. );
#4599 = EDGE_CURVE( '', #5574, #5572, #5575, .T. );
#4600 = EDGE_CURVE( '', #5574, #5576, #5577, .T. );
#4601 = EDGE_CURVE( '', #5569, #5576, #5578, .T. );
#4602 = FILL_AREA_STYLE( '', ( #5579 ) );
#4603 = EDGE_CURVE( '', #5580, #5581, #5582, .T. );
#4604 = EDGE_CURVE( '', #5580, #5583, #5584, .T. );
#4605 = EDGE_CURVE( '', #5583, #5585, #5586, .T. );
#4606 = EDGE_CURVE( '', #5587, #5585, #5588, .T. );
#4607 = EDGE_CURVE( '', #5587, #5589, #5590, .T. );
#4608 = EDGE_CURVE( '', #5581, #5589, #5591, .T. );
#4609 = FILL_AREA_STYLE( '', ( #5592 ) );
#4610 = EDGE_CURVE( '', #5593, #5585, #5594, .T. );
#4611 = EDGE_CURVE( '', #5583, #5595, #5596, .T. );
#4612 = EDGE_CURVE( '', #5597, #5595, #5598, .T. );
#4613 = EDGE_CURVE( '', #5593, #5597, #5599, .T. );
#4614 = FILL_AREA_STYLE( '', ( #5600 ) );
#4615 = EDGE_CURVE( '', #5601, #5602, #5603, .T. );
#4616 = EDGE_CURVE( '', #5604, #5601, #5605, .T. );
#4617 = EDGE_CURVE( '', #5604, #5606, #5607, .T. );
#4618 = EDGE_CURVE( '', #5606, #5602, #5608, .T. );
#4619 = FILL_AREA_STYLE( '', ( #5609 ) );
#4620 = EDGE_CURVE( '', #5610, #5611, #5612, .T. );
#4621 = EDGE_CURVE( '', #5613, #5610, #5614, .T. );
#4622 = EDGE_CURVE( '', #5615, #5613, #5616, .T. );
#4623 = EDGE_CURVE( '', #5617, #5615, #5618, .T. );
#4624 = EDGE_CURVE( '', #5617, #5619, #5620, .T. );
#4625 = EDGE_CURVE( '', #5611, #5619, #5621, .T. );
#4626 = FILL_AREA_STYLE( '', ( #5622 ) );
#4627 = EDGE_CURVE( '', #5623, #5624, #5625, .T. );
#4628 = EDGE_CURVE( '', #5626, #5623, #5627, .T. );
#4629 = EDGE_CURVE( '', #5628, #5626, #5629, .T. );
#4630 = EDGE_CURVE( '', #5628, #5630, #5631, .T. );
#4631 = EDGE_CURVE( '', #5630, #5624, #5632, .T. );
#4632 = FILL_AREA_STYLE( '', ( #5633 ) );
#4633 = EDGE_CURVE( '', #5634, #5635, #5636, .T. );
#4634 = EDGE_CURVE( '', #5635, #5637, #5638, .T. );
#4635 = EDGE_CURVE( '', #5637, #5639, #5640, .T. );
#4636 = EDGE_CURVE( '', #5639, #5634, #5641, .T. );
#4637 = FILL_AREA_STYLE( '', ( #5642 ) );
#4638 = EDGE_CURVE( '', #5643, #5644, #5645, .T. );
#4639 = EDGE_CURVE( '', #5646, #5644, #5647, .T. );
#4640 = EDGE_CURVE( '', #5648, #5646, #5649, .T. );
#4641 = EDGE_CURVE( '', #5648, #5643, #5650, .T. );
#4642 = FILL_AREA_STYLE( '', ( #5651 ) );
#4643 = EDGE_CURVE( '', #5652, #5570, #5653, .T. );
#4644 = EDGE_CURVE( '', #5654, #5652, #5655, .T. );
#4645 = EDGE_CURVE( '', #5654, #5572, #5656, .T. );
#4646 = FILL_AREA_STYLE( '', ( #5657 ) );
#4647 = EDGE_CURVE( '', #5658, #5659, #5660, .T. );
#4648 = EDGE_CURVE( '', #5659, #5479, #5661, .T. );
#4649 = EDGE_CURVE( '', #5662, #5551, #5663, .T. );
#4650 = EDGE_CURVE( '', #5664, #5662, #5665, .T. );
#4651 = EDGE_CURVE( '', #5666, #5664, #5667, .T. );
#4652 = EDGE_CURVE( '', #5668, #5666, #5669, .T. );
#4653 = EDGE_CURVE( '', #5668, #5670, #5671, .T. );
#4654 = EDGE_CURVE( '', #5672, #5670, #5673, .T. );
#4655 = EDGE_CURVE( '', #5674, #5672, #5675, .T. );
#4656 = EDGE_CURVE( '', #5674, #5676, #5677, .T. );
#4657 = EDGE_CURVE( '', #5676, #5678, #5679, .T. );
#4658 = EDGE_CURVE( '', #5678, #5680, #5681, .T. );
#4659 = EDGE_CURVE( '', #5682, #5680, #5683, .T. );
#4660 = EDGE_CURVE( '', #5658, #5682, #5684, .T. );
#4661 = FILL_AREA_STYLE( '', ( #5685 ) );
#4662 = EDGE_CURVE( '', #5686, #5687, #5688, .T. );
#4663 = EDGE_CURVE( '', #5686, #5689, #5690, .T. );
#4664 = EDGE_CURVE( '', #5689, #5691, #5692, .T. );
#4665 = EDGE_CURVE( '', #5687, #5691, #5693, .T. );
#4666 = FILL_AREA_STYLE( '', ( #5694 ) );
#4667 = EDGE_CURVE( '', #5695, #5696, #5697, .T. );
#4668 = EDGE_CURVE( '', #5698, #5696, #5699, .T. );
#4669 = EDGE_CURVE( '', #5700, #5698, #5701, .T. );
#4670 = EDGE_CURVE( '', #5700, #5695, #5702, .T. );
#4671 = FILL_AREA_STYLE( '', ( #5703 ) );
#4672 = EDGE_CURVE( '', #5704, #5705, #5706, .T. );
#4673 = EDGE_CURVE( '', #5705, #5707, #5708, .T. );
#4674 = EDGE_CURVE( '', #5709, #5707, #5710, .T. );
#4675 = EDGE_CURVE( '', #5709, #5711, #5712, .T. );
#4676 = EDGE_CURVE( '', #5704, #5711, #5713, .T. );
#4677 = FILL_AREA_STYLE( '', ( #5714 ) );
#4678 = EDGE_CURVE( '', #5715, #5672, #5716, .T. );
#4679 = EDGE_CURVE( '', #5717, #5715, #5718, .T. );
#4680 = EDGE_CURVE( '', #5717, #5674, #5719, .T. );
#4681 = FILL_AREA_STYLE( '', ( #5720 ) );
#4682 = EDGE_CURVE( '', #5666, #5721, #5722, .T. );
#4683 = EDGE_CURVE( '', #5721, #5723, #5724, .T. );
#4684 = EDGE_CURVE( '', #5723, #5725, #5726, .T. );
#4685 = EDGE_CURVE( '', #5725, #5727, #5728, .T. );
#4686 = EDGE_CURVE( '', #5727, #5729, #5730, .T. );
#4687 = EDGE_CURVE( '', #5729, #5731, #5732, .T. );
#4688 = EDGE_CURVE( '', #5731, #5733, #5734, .T. );
#4689 = EDGE_CURVE( '', #5733, #5735, #5736, .T. );
#4690 = EDGE_CURVE( '', #5668, #5735, #5737, .T. );
#4691 = FILL_AREA_STYLE( '', ( #5738 ) );
#4692 = EDGE_CURVE( '', #5739, #5664, #5740, .T. );
#4693 = EDGE_CURVE( '', #5739, #5721, #5741, .T. );
#4694 = FILL_AREA_STYLE( '', ( #5742 ) );
#4695 = EDGE_CURVE( '', #5743, #5744, #5745, .T. );
#4696 = EDGE_CURVE( '', #5746, #5744, #5747, .T. );
#4697 = EDGE_CURVE( '', #5746, #5748, #5749, .T. );
#4698 = EDGE_CURVE( '', #5748, #5750, #5751, .T. );
#4699 = EDGE_CURVE( '', #5750, #5752, #5753, .T. );
#4700 = EDGE_CURVE( '', #5754, #5752, #5755, .T. );
#4701 = EDGE_CURVE( '', #5754, #5756, #5757, .T. );
#4702 = EDGE_CURVE( '', #5743, #5756, #5758, .T. );
#4703 = FILL_AREA_STYLE( '', ( #5759 ) );
#4704 = EDGE_CURVE( '', #5760, #5761, #5762, .T. );
#4705 = EDGE_CURVE( '', #5761, #5763, #5764, .T. );
#4706 = EDGE_CURVE( '', #5763, #5765, #5766, .T. );
#4707 = EDGE_CURVE( '', #5765, #5760, #5767, .T. );
#4708 = FILL_AREA_STYLE( '', ( #5768 ) );
#4709 = EDGE_CURVE( '', #5769, #5770, #5771, .T. );
#4710 = EDGE_CURVE( '', #5772, #5769, #5773, .T. );
#4711 = EDGE_CURVE( '', #5774, #5772, #5775, .T. );
#4712 = EDGE_CURVE( '', #5770, #5774, #5776, .T. );
#4713 = FILL_AREA_STYLE( '', ( #5777 ) );
#4714 = EDGE_CURVE( '', #5778, #5744, #5779, .T. );
#4715 = EDGE_CURVE( '', #5780, #5778, #5781, .T. );
#4716 = EDGE_CURVE( '', #5746, #5780, #5782, .T. );
#4717 = FILL_AREA_STYLE( '', ( #5783 ) );
#4718 = EDGE_CURVE( '', #5784, #5785, #5786, .T. );
#4719 = EDGE_CURVE( '', #5784, #5787, #5788, .T. );
#4720 = EDGE_CURVE( '', #5787, #5789, #5790, .T. );
#4721 = EDGE_CURVE( '', #5785, #5789, #5791, .T. );
#4722 = FILL_AREA_STYLE( '', ( #5792 ) );
#4723 = EDGE_CURVE( '', #5435, #5793, #5794, .T. );
#4724 = EDGE_CURVE( '', #5795, #5793, #5796, .T. );
#4725 = EDGE_CURVE( '', #5795, #5438, #5797, .T. );
#4726 = FILL_AREA_STYLE( '', ( #5798 ) );
#4727 = EDGE_CURVE( '', #5799, #5696, #5800, .T. );
#4728 = EDGE_CURVE( '', #5801, #5799, #5802, .T. );
#4729 = EDGE_CURVE( '', #5803, #5801, #5804, .T. );
#4730 = EDGE_CURVE( '', #5803, #5698, #5805, .T. );
#4731 = FILL_AREA_STYLE( '', ( #5806 ) );
#4732 = EDGE_CURVE( '', #5807, #5705, #5808, .T. );
#4733 = EDGE_CURVE( '', #5809, #5807, #5810, .T. );
#4734 = EDGE_CURVE( '', #5809, #5707, #5811, .T. );
#4735 = FILL_AREA_STYLE( '', ( #5812 ) );
#4736 = EDGE_CURVE( '', #5813, #5760, #5814, .T. );
#4737 = EDGE_CURVE( '', #5765, #5815, #5816, .T. );
#4738 = EDGE_CURVE( '', #5815, #5813, #5817, .T. );
#4739 = FILL_AREA_STYLE( '', ( #5818 ) );
#4740 = EDGE_CURVE( '', #5819, #5820, #5821, .T. );
#4741 = EDGE_CURVE( '', #5819, #5822, #5823, .T. );
#4742 = EDGE_CURVE( '', #5654, #5822, #5824, .T. );
#4743 = EDGE_CURVE( '', #5820, #5652, #5825, .T. );
#4744 = FILL_AREA_STYLE( '', ( #5826 ) );
#4745 = EDGE_CURVE( '', #5827, #5820, #5828, .T. );
#4746 = EDGE_CURVE( '', #5829, #5827, #5830, .T. );
#4747 = EDGE_CURVE( '', #5819, #5829, #5831, .T. );
#4748 = FILL_AREA_STYLE( '', ( #5832 ) );
#4749 = EDGE_CURVE( '', #5833, #5789, #5834, .T. );
#4750 = EDGE_CURVE( '', #5835, #5833, #5836, .T. );
#4751 = EDGE_CURVE( '', #5837, #5835, #5838, .T. );
#4752 = EDGE_CURVE( '', #5837, #5785, #5839, .T. );
#4753 = FILL_AREA_STYLE( '', ( #5840 ) );
#4754 = EDGE_CURVE( '', #5841, #5842, #5843, .T. );
#4755 = EDGE_CURVE( '', #5841, #5844, #5845, .T. );
#4756 = EDGE_CURVE( '', #5846, #5844, #5847, .T. );
#4757 = EDGE_CURVE( '', #5846, #5842, #5848, .T. );
#4758 = FILL_AREA_STYLE( '', ( #5849 ) );
#4759 = EDGE_CURVE( '', #5581, #5850, #5851, .T. );
#4760 = EDGE_CURVE( '', #5589, #5852, #5853, .T. );
#4761 = EDGE_CURVE( '', #5850, #5852, #5854, .T. );
#4762 = FILL_AREA_STYLE( '', ( #5855 ) );
#4763 = EDGE_CURVE( '', #5856, #5857, #5858, .T. );
#4764 = EDGE_CURVE( '', #5857, #5859, #5860, .T. );
#4765 = EDGE_CURVE( '', #5859, #5861, #5862, .T. );
#4766 = EDGE_CURVE( '', #5861, #5856, #5863, .T. );
#4767 = FILL_AREA_STYLE( '', ( #5864 ) );
#4768 = EDGE_CURVE( '', #5748, #5865, #5866, .T. );
#4769 = EDGE_CURVE( '', #5865, #5867, #5868, .T. );
#4770 = EDGE_CURVE( '', #5750, #5867, #5869, .T. );
#4771 = FILL_AREA_STYLE( '', ( #5870 ) );
#4772 = EDGE_CURVE( '', #5871, #5872, #5873, .T. );
#4773 = EDGE_CURVE( '', #5872, #5874, #5875, .T. );
#4774 = EDGE_CURVE( '', #5874, #5876, #5877, .T. );
#4775 = EDGE_CURVE( '', #5871, #5876, #5878, .T. );
#4776 = FILL_AREA_STYLE( '', ( #5879 ) );
#4777 = EDGE_CURVE( '', #5880, #5881, #5882, .T. );
#4778 = EDGE_CURVE( '', #5880, #5883, #5884, .T. );
#4779 = EDGE_CURVE( '', #5885, #5883, #5886, .T. );
#4780 = EDGE_CURVE( '', #5885, #5516, #5887, .T. );
#4781 = EDGE_CURVE( '', #5881, #5514, #5888, .T. );
#4782 = FILL_AREA_STYLE( '', ( #5889 ) );
#4783 = EDGE_CURVE( '', #5890, #5891, #5892, .T. );
#4784 = EDGE_CURVE( '', #5891, #5835, #5893, .T. );
#4785 = EDGE_CURVE( '', #5833, #5890, #5894, .T. );
#4786 = FILL_AREA_STYLE( '', ( #5895 ) );
#4787 = EDGE_CURVE( '', #5896, #5897, #5898, .T. );
#4788 = EDGE_CURVE( '', #5899, #5897, #5900, .T. );
#4789 = EDGE_CURVE( '', #5899, #5901, #5902, .T. );
#4790 = EDGE_CURVE( '', #5901, #5896, #5903, .T. );
#4791 = FILL_AREA_STYLE( '', ( #5904 ) );
#4792 = EDGE_CURVE( '', #5905, #5801, #5906, .T. );
#4793 = EDGE_CURVE( '', #5905, #5907, #5908, .T. );
#4794 = EDGE_CURVE( '', #5907, #5909, #5910, .T. );
#4795 = EDGE_CURVE( '', #5911, #5909, #5912, .T. );
#4796 = EDGE_CURVE( '', #5911, #5803, #5913, .T. );
#4797 = FILL_AREA_STYLE( '', ( #5914 ) );
#4798 = EDGE_CURVE( '', #5915, #5916, #5917, .T. );
#4799 = EDGE_CURVE( '', #5915, #5918, #5919, .T. );
#4800 = EDGE_CURVE( '', #5920, #5918, #5921, .T. );
#4801 = EDGE_CURVE( '', #5920, #5916, #5922, .T. );
#4802 = FILL_AREA_STYLE( '', ( #5923 ) );
#4803 = EDGE_CURVE( '', #5924, #5925, #5926, .T. );
#4804 = EDGE_CURVE( '', #5925, #5927, #5928, .T. );
#4805 = EDGE_CURVE( '', #5927, #5929, #5930, .T. );
#4806 = EDGE_CURVE( '', #5929, #5924, #5931, .T. );
#4807 = FILL_AREA_STYLE( '', ( #5932 ) );
#4808 = EDGE_CURVE( '', #5933, #5634, #5934, .T. );
#4809 = EDGE_CURVE( '', #5639, #5491, #5935, .T. );
#4810 = EDGE_CURVE( '', #5489, #5936, #5937, .T. );
#4811 = EDGE_CURVE( '', #5936, #5938, #5939, .T. );
#4812 = EDGE_CURVE( '', #5938, #5940, #5941, .T. );
#4813 = EDGE_CURVE( '', #5933, #5940, #5942, .T. );
#4814 = FILL_AREA_STYLE( '', ( #5943 ) );
#4815 = EDGE_CURVE( '', #5857, #5944, #5945, .T. );
#4816 = EDGE_CURVE( '', #5944, #5946, #5947, .T. );
#4817 = EDGE_CURVE( '', #5946, #5859, #5948, .T. );
#4818 = FILL_AREA_STYLE( '', ( #5949 ) );
#4819 = EDGE_CURVE( '', #5580, #5950, #5951, .T. );
#4820 = EDGE_CURVE( '', #5950, #5595, #5952, .T. );
#4821 = FILL_AREA_STYLE( '', ( #5953 ) );
#4822 = EDGE_CURVE( '', #5954, #5955, #5956, .T. );
#4823 = EDGE_CURVE( '', #5955, #5957, #5958, .T. );
#4824 = EDGE_CURVE( '', #5959, #5957, #5960, .T. );
#4825 = EDGE_CURVE( '', #5961, #5959, #5962, .T. );
#4826 = EDGE_CURVE( '', #5954, #5961, #5963, .T. );
#4827 = FILL_AREA_STYLE( '', ( #5964 ) );
#4828 = EDGE_CURVE( '', #5965, #5966, #5967, .T. );
#4829 = EDGE_CURVE( '', #5966, #5613, #5968, .T. );
#4830 = EDGE_CURVE( '', #5610, #5969, #5970, .T. );
#4831 = EDGE_CURVE( '', #5969, #5971, #5972, .T. );
#4832 = EDGE_CURVE( '', #5971, #5973, #5974, .T. );
#4833 = EDGE_CURVE( '', #5975, #5973, #5976, .T. );
#4834 = EDGE_CURVE( '', #5975, #5977, #5978, .T. );
#4835 = EDGE_CURVE( '', #5977, #5979, #5980, .T. );
#4836 = EDGE_CURVE( '', #5981, #5979, #5982, .T. );
#4837 = EDGE_CURVE( '', #5983, #5981, #5984, .T. );
#4838 = EDGE_CURVE( '', #5983, #5871, #5985, .T. );
#4839 = EDGE_CURVE( '', #5841, #5876, #5986, .T. );
#4840 = EDGE_CURVE( '', #5842, #5815, #5987, .T. );
#4841 = EDGE_CURVE( '', #5763, #5988, #5989, .T. );
#4842 = EDGE_CURVE( '', #5988, #5990, #5991, .T. );
#4843 = EDGE_CURVE( '', #5990, #5992, #5993, .T. );
#4844 = EDGE_CURVE( '', #5992, #5994, #5995, .T. );
#4845 = EDGE_CURVE( '', #5996, #5994, #5997, .T. );
#4846 = EDGE_CURVE( '', #5998, #5996, #5999, .T. );
#4847 = EDGE_CURVE( '', #5998, #6000, #6001, .T. );
#4848 = EDGE_CURVE( '', #6000, #6002, #6003, .T. );
#4849 = EDGE_CURVE( '', #6004, #6002, #6005, .T. );
#4850 = EDGE_CURVE( '', #6006, #6004, #6007, .T. );
#4851 = EDGE_CURVE( '', #6008, #6006, #6009, .T. );
#4852 = EDGE_CURVE( '', #6008, #6010, #6011, .T. );
#4853 = EDGE_CURVE( '', #6010, #6012, #6013, .T. );
#4854 = EDGE_CURVE( '', #6014, #6012, #6015, .T. );
#4855 = EDGE_CURVE( '', #6016, #6014, #6017, .T. );
#4856 = EDGE_CURVE( '', #6018, #6016, #6019, .T. );
#4857 = EDGE_CURVE( '', #6020, #6018, #6021, .T. );
#4858 = EDGE_CURVE( '', #6020, #6022, #6023, .T. );
#4859 = EDGE_CURVE( '', #6022, #6024, #6025, .T. );
#4860 = EDGE_CURVE( '', #6024, #5601, #6026, .T. );
#4861 = EDGE_CURVE( '', #5602, #5617, #6027, .T. );
#4862 = EDGE_CURVE( '', #5954, #5615, #6028, .T. );
#4863 = EDGE_CURVE( '', #6029, #5961, #6030, .T. );
#4864 = EDGE_CURVE( '', #6031, #6029, #6032, .T. );
#4865 = EDGE_CURVE( '', #5965, #6031, #6033, .T. );
#4866 = FILL_AREA_STYLE( '', ( #6034 ) );
#4867 = EDGE_CURVE( '', #5890, #6035, #6036, .T. );
#4868 = EDGE_CURVE( '', #6035, #6037, #6038, .T. );
#4869 = EDGE_CURVE( '', #6037, #6039, #6040, .T. );
#4870 = EDGE_CURVE( '', #5891, #6039, #6041, .T. );
#4871 = FILL_AREA_STYLE( '', ( #6042 ) );
#4872 = EDGE_CURVE( '', #5482, #5646, #6043, .T. );
#4873 = EDGE_CURVE( '', #6044, #5644, #6045, .T. );
#4874 = EDGE_CURVE( '', #6044, #5553, #6046, .T. );
#4875 = FILL_AREA_STYLE( '', ( #6047 ) );
#4876 = EDGE_CURVE( '', #5867, #6048, #6049, .T. );
#4877 = EDGE_CURVE( '', #6050, #5865, #6051, .T. );
#4878 = EDGE_CURVE( '', #6050, #6048, #6052, .T. );
#4879 = FILL_AREA_STYLE( '', ( #6053 ) );
#4880 = EDGE_CURVE( '', #5774, #6054, #6055, .T. );
#4881 = EDGE_CURVE( '', #5416, #6054, #6056, .T. );
#4882 = EDGE_CURVE( '', #6057, #5416, #6058, .T. );
#4883 = EDGE_CURVE( '', #5770, #6057, #6059, .T. );
#4884 = FILL_AREA_STYLE( '', ( #6060 ) );
#4885 = EDGE_CURVE( '', #5944, #5938, #6061, .T. );
#4886 = EDGE_CURVE( '', #5936, #5946, #6062, .T. );
#4887 = FILL_AREA_STYLE( '', ( #6063 ) );
#4888 = EDGE_CURVE( '', #6064, #6065, #6066, .T. );
#4889 = EDGE_CURVE( '', #6065, #6067, #6068, .T. );
#4890 = EDGE_CURVE( '', #6067, #6069, #6070, .T. );
#4891 = EDGE_CURVE( '', #5541, #6069, #6071, .T. );
#4892 = EDGE_CURVE( '', #5541, #6064, #6072, .T. );
#4893 = FILL_AREA_STYLE( '', ( #6073 ) );
#4894 = EDGE_CURVE( '', #6074, #5414, #6075, .T. );
#4895 = EDGE_CURVE( '', #6057, #6074, #6076, .T. );
#4896 = FILL_AREA_STYLE( '', ( #6077 ) );
#4897 = EDGE_CURVE( '', #6078, #5543, #6079, .T. );
#4898 = EDGE_CURVE( '', #6078, #6080, #6081, .T. );
#4899 = EDGE_CURVE( '', #5545, #6080, #6082, .T. );
#4900 = FILL_AREA_STYLE( '', ( #6083 ) );
#4901 = EDGE_CURVE( '', #6084, #6085, #6086, .T. );
#4902 = EDGE_CURVE( '', #6084, #6087, #6088, .T. );
#4903 = EDGE_CURVE( '', #6087, #6089, #6090, .T. );
#4904 = EDGE_CURVE( '', #5686, #6089, #6091, .T. );
#4905 = EDGE_CURVE( '', #5687, #6085, #6092, .T. );
#4906 = FILL_AREA_STYLE( '', ( #6093 ) );
#4907 = EDGE_CURVE( '', #6094, #5611, #6095, .T. );
#4908 = EDGE_CURVE( '', #6094, #5969, #6096, .T. );
#4909 = FILL_AREA_STYLE( '', ( #6097 ) );
#4910 = EDGE_CURVE( '', #5981, #6098, #6099, .T. );
#4911 = EDGE_CURVE( '', #6100, #6098, #6101, .T. );
#4912 = EDGE_CURVE( '', #5983, #6100, #6102, .T. );
#4913 = FILL_AREA_STYLE( '', ( #6103 ) );
#4914 = EDGE_CURVE( '', #5918, #6104, #6105, .T. );
#4915 = EDGE_CURVE( '', #5927, #6104, #6106, .T. );
#4916 = EDGE_CURVE( '', #5920, #5925, #6107, .T. );
#4917 = FILL_AREA_STYLE( '', ( #6108 ) );
#4918 = EDGE_CURVE( '', #6029, #6109, #6110, .T. );
#4919 = EDGE_CURVE( '', #6109, #6111, #6112, .T. );
#4920 = EDGE_CURVE( '', #6113, #6111, #6114, .T. );
#4921 = EDGE_CURVE( '', #6115, #6113, #6116, .T. );
#4922 = EDGE_CURVE( '', #6115, #6117, #6118, .T. );
#4923 = EDGE_CURVE( '', #6117, #6119, #6120, .T. );
#4924 = EDGE_CURVE( '', #6119, #6031, #6121, .T. );
#4925 = FILL_AREA_STYLE( '', ( #6122 ) );
#4926 = EDGE_CURVE( '', #6109, #5959, #6123, .T. );
#4927 = FILL_AREA_STYLE( '', ( #6124 ) );
#4928 = EDGE_CURVE( '', #6125, #6126, #6127, .T. );
#4929 = EDGE_CURVE( '', #6128, #6125, #6129, .T. );
#4930 = EDGE_CURVE( '', #6128, #6130, #6131, .T. );
#4931 = EDGE_CURVE( '', #6130, #6126, #6132, .T. );
#4932 = FILL_AREA_STYLE( '', ( #6133 ) );
#4933 = EDGE_CURVE( '', #6134, #6135, #6136, .T. );
#4934 = EDGE_CURVE( '', #6134, #6137, #6138, .T. );
#4935 = EDGE_CURVE( '', #6139, #6137, #6140, .T. );
#4936 = EDGE_CURVE( '', #6139, #6135, #6141, .T. );
#4937 = FILL_AREA_STYLE( '', ( #6142 ) );
#4938 = EDGE_CURVE( '', #5525, #6008, #6143, .T. );
#4939 = EDGE_CURVE( '', #5523, #6010, #6144, .T. );
#4940 = FILL_AREA_STYLE( '', ( #6145 ) );
#4941 = EDGE_CURVE( '', #6117, #6146, #6147, .T. );
#4942 = EDGE_CURVE( '', #6115, #6148, #6149, .T. );
#4943 = EDGE_CURVE( '', #6148, #6150, #6151, .T. );
#4944 = EDGE_CURVE( '', #6150, #6152, #6153, .T. );
#4945 = EDGE_CURVE( '', #6152, #6146, #6154, .T. );
#4946 = FILL_AREA_STYLE( '', ( #6155 ) );
#4947 = EDGE_CURVE( '', #5562, #6156, #6157, .T. );
#4948 = EDGE_CURVE( '', #6158, #6156, #6159, .T. );
#4949 = EDGE_CURVE( '', #5564, #6158, #6160, .T. );
#4950 = FILL_AREA_STYLE( '', ( #6161 ) );
#4951 = EDGE_CURVE( '', #6162, #6163, #6164, .T. );
#4952 = EDGE_CURVE( '', #6165, #6163, #6166, .T. );
#4953 = EDGE_CURVE( '', #6165, #6167, #6168, .T. );
#4954 = EDGE_CURVE( '', #6169, #6167, #6170, .T. );
#4955 = EDGE_CURVE( '', #6169, #6171, #6172, .T. );
#4956 = EDGE_CURVE( '', #6171, #6162, #6173, .T. );
#4957 = FILL_AREA_STYLE( '', ( #6174 ) );
#4958 = EDGE_CURVE( '', #5973, #6162, #6175, .T. );
#4959 = EDGE_CURVE( '', #6171, #5975, #6176, .T. );
#4960 = FILL_AREA_STYLE( '', ( #6177 ) );
#4961 = EDGE_CURVE( '', #5752, #6178, #6179, .T. );
#4962 = EDGE_CURVE( '', #6178, #6180, #6181, .T. );
#4963 = EDGE_CURVE( '', #5754, #6180, #6182, .T. );
#4964 = FILL_AREA_STYLE( '', ( #6183 ) );
#4965 = EDGE_CURVE( '', #6184, #6185, #6186, .T. );
#4966 = EDGE_CURVE( '', #6184, #6187, #6188, .T. );
#4967 = EDGE_CURVE( '', #6189, #6187, #6190, .T. );
#4968 = EDGE_CURVE( '', #6189, #6185, #6191, .T. );
#4969 = FILL_AREA_STYLE( '', ( #6192 ) );
#4970 = EDGE_CURVE( '', #6193, #5837, #6194, .T. );
#4971 = EDGE_CURVE( '', #5784, #6193, #6195, .T. );
#4972 = FILL_AREA_STYLE( '', ( #6196 ) );
#4973 = EDGE_CURVE( '', #5576, #6197, #6198, .T. );
#4974 = EDGE_CURVE( '', #6197, #6199, #6200, .T. );
#4975 = EDGE_CURVE( '', #6199, #5569, #6201, .T. );
#4976 = FILL_AREA_STYLE( '', ( #6202 ) );
#4977 = EDGE_CURVE( '', #6203, #6204, #6205, .T. );
#4978 = EDGE_CURVE( '', #6204, #5412, #6206, .T. );
#4979 = EDGE_CURVE( '', #6203, #5409, #6207, .T. );
#4980 = FILL_AREA_STYLE( '', ( #6208 ) );
#4981 = EDGE_CURVE( '', #5822, #6209, #6210, .T. );
#4982 = EDGE_CURVE( '', #6211, #6209, #6212, .T. );
#4983 = EDGE_CURVE( '', #6211, #5574, #6213, .T. );
#4984 = FILL_AREA_STYLE( '', ( #6214 ) );
#4985 = EDGE_CURVE( '', #6104, #6048, #6215, .T. );
#4986 = EDGE_CURVE( '', #6050, #5927, #6216, .T. );
#4987 = FILL_AREA_STYLE( '', ( #6217 ) );
#4988 = EDGE_CURVE( '', #6218, #6219, #6220, .T. );
#4989 = EDGE_CURVE( '', #6219, #5795, #6221, .T. );
#4990 = EDGE_CURVE( '', #6218, #5793, #6222, .T. );
#4991 = FILL_AREA_STYLE( '', ( #6223 ) );
#4992 = EDGE_CURVE( '', #6224, #6193, #6225, .T. );
#4993 = EDGE_CURVE( '', #6039, #6224, #6226, .T. );
#4994 = FILL_AREA_STYLE( '', ( #6227 ) );
#4995 = EDGE_CURVE( '', #5924, #6139, #6228, .T. );
#4996 = EDGE_CURVE( '', #6229, #5929, #6230, .T. );
#4997 = EDGE_CURVE( '', #6229, #6135, #6231, .T. );
#4998 = FILL_AREA_STYLE( '', ( #6232 ) );
#4999 = EDGE_CURVE( '', #6233, #5512, #6234, .T. );
#5000 = EDGE_CURVE( '', #6233, #6235, #6236, .T. );
#5001 = EDGE_CURVE( '', #6237, #6235, #6238, .T. );
#5002 = EDGE_CURVE( '', #6237, #6239, #6240, .T. );
#5003 = EDGE_CURVE( '', #6239, #5511, #6241, .T. );
#5004 = FILL_AREA_STYLE( '', ( #6242 ) );
#5005 = EDGE_CURVE( '', #6224, #6243, #6244, .T. );
#5006 = EDGE_CURVE( '', #6037, #6243, #6245, .T. );
#5007 = FILL_AREA_STYLE( '', ( #6246 ) );
#5008 = EDGE_CURVE( '', #6247, #5711, #6248, .T. );
#5009 = EDGE_CURVE( '', #6249, #6247, #6250, .T. );
#5010 = EDGE_CURVE( '', #5704, #6249, #6251, .T. );
#5011 = FILL_AREA_STYLE( '', ( #6252 ) );
#5012 = EDGE_CURVE( '', #6253, #6080, #6254, .T. );
#5013 = EDGE_CURVE( '', #5547, #6253, #6255, .T. );
#5014 = FILL_AREA_STYLE( '', ( #6256 ) );
#5015 = EDGE_CURVE( '', #5648, #5659, #6257, .T. );
#5016 = FILL_AREA_STYLE( '', ( #6258 ) );
#5017 = EDGE_CURVE( '', #5658, #5643, #6259, .T. );
#5018 = FILL_AREA_STYLE( '', ( #6260 ) );
#5019 = EDGE_CURVE( '', #6261, #5531, #6262, .T. );
#5020 = EDGE_CURVE( '', #5420, #6261, #6263, .T. );
#5021 = FILL_AREA_STYLE( '', ( #6264 ) );
#5022 = EDGE_CURVE( '', #6265, #5780, #6266, .T. );
#5023 = EDGE_CURVE( '', #6267, #5778, #6268, .T. );
#5024 = EDGE_CURVE( '', #6267, #6265, #6269, .T. );
#5025 = FILL_AREA_STYLE( '', ( #6270 ) );
#5026 = EDGE_CURVE( '', #6271, #6272, #6273, .T. );
#5027 = EDGE_CURVE( '', #5418, #6271, #6274, .T. );
#5028 = EDGE_CURVE( '', #6275, #5418, #6276, .T. );
#5029 = EDGE_CURVE( '', #6275, #6277, #6278, .T. );
#5030 = EDGE_CURVE( '', #6272, #6277, #6279, .T. );
#5031 = FILL_AREA_STYLE( '', ( #6280 ) );
#5032 = EDGE_CURVE( '', #6281, #5799, #6282, .T. );
#5033 = EDGE_CURVE( '', #5905, #6281, #6283, .T. );
#5034 = FILL_AREA_STYLE( '', ( #6284 ) );
#5035 = EDGE_CURVE( '', #6285, #6286, #6287, .T. );
#5036 = EDGE_CURVE( '', #6285, #6288, #6289, .T. );
#5037 = EDGE_CURVE( '', #6288, #6290, #6291, .T. );
#5038 = EDGE_CURVE( '', #5429, #6290, #6292, .T. );
#5039 = EDGE_CURVE( '', #6286, #5426, #6293, .T. );
#5040 = FILL_AREA_STYLE( '', ( #6294 ) );
#5041 = EDGE_CURVE( '', #5465, #6253, #6295, .T. );
#5042 = FILL_AREA_STYLE( '', ( #6296 ) );
#5043 = EDGE_CURVE( '', #6286, #6297, #6298, .T. );
#5044 = EDGE_CURVE( '', #6297, #5427, #6299, .T. );
#5045 = FILL_AREA_STYLE( '', ( #6300 ) );
#5046 = EDGE_CURVE( '', #6111, #5957, #6301, .T. );
#5047 = FILL_AREA_STYLE( '', ( #6302 ) );
#5048 = EDGE_CURVE( '', #6303, #6304, #6305, .T. );
#5049 = EDGE_CURVE( '', #6306, #6303, #6307, .T. );
#5050 = EDGE_CURVE( '', #6306, #5761, #6308, .T. );
#5051 = EDGE_CURVE( '', #6100, #5813, #6309, .T. );
#5052 = EDGE_CURVE( '', #6098, #6304, #6310, .T. );
#5053 = FILL_AREA_STYLE( '', ( #6311 ) );
#5054 = EDGE_CURVE( '', #6312, #5971, #6313, .T. );
#5055 = EDGE_CURVE( '', #6312, #6314, #6315, .T. );
#5056 = EDGE_CURVE( '', #6314, #5994, #6316, .T. );
#5057 = EDGE_CURVE( '', #5992, #6163, #6317, .T. );
#5058 = FILL_AREA_STYLE( '', ( #6318 ) );
#5059 = EDGE_CURVE( '', #6237, #5880, #6319, .T. );
#5060 = EDGE_CURVE( '', #6235, #5883, #6320, .T. );
#5061 = FILL_AREA_STYLE( '', ( #6321 ) );
#5062 = EDGE_CURVE( '', #6322, #6323, #6324, .T. );
#5063 = EDGE_CURVE( '', #6323, #5709, #6325, .T. );
#5064 = EDGE_CURVE( '', #5809, #6326, #6327, .T. );
#5065 = EDGE_CURVE( '', #6326, #6322, #6328, .T. );
#5066 = FILL_AREA_STYLE( '', ( #6329 ) );
#5067 = EDGE_CURVE( '', #6330, #6331, #6332, .T. );
#5068 = EDGE_CURVE( '', #6331, #6333, #6334, .T. );
#5069 = EDGE_CURVE( '', #6333, #6335, #6336, .T. );
#5070 = EDGE_CURVE( '', #6335, #6330, #6337, .T. );
#5071 = FILL_AREA_STYLE( '', ( #6338 ) );
#5072 = EDGE_CURVE( '', #5715, #6089, #6339, .T. );
#5073 = EDGE_CURVE( '', #5717, #6087, #6340, .T. );
#5074 = FILL_AREA_STYLE( '', ( #6341 ) );
#5075 = EDGE_CURVE( '', #6342, #6150, #6343, .T. );
#5076 = EDGE_CURVE( '', #6342, #5955, #6344, .T. );
#5077 = EDGE_CURVE( '', #6152, #5966, #6345, .T. );
#5078 = FILL_AREA_STYLE( '', ( #6346 ) );
#5079 = EDGE_CURVE( '', #6347, #6348, #6349, .T. );
#5080 = EDGE_CURVE( '', #6350, #6347, #6351, .T. );
#5081 = EDGE_CURVE( '', #6350, #6352, #6353, .T. );
#5082 = EDGE_CURVE( '', #6348, #6352, #6354, .T. );
#5083 = FILL_AREA_STYLE( '', ( #6355 ) );
#5084 = EDGE_CURVE( '', #6158, #5449, #6356, .T. );
#5085 = FILL_AREA_STYLE( '', ( #6357 ) );
#5086 = EDGE_CURVE( '', #6333, #6326, #6358, .T. );
#5087 = EDGE_CURVE( '', #6335, #5807, #6359, .T. );
#5088 = FILL_AREA_STYLE( '', ( #6360 ) );
#5089 = EDGE_CURVE( '', #5587, #6361, #6362, .T. );
#5090 = EDGE_CURVE( '', #5852, #6361, #6363, .T. );
#5091 = FILL_AREA_STYLE( '', ( #6364 ) );
#5092 = EDGE_CURVE( '', #6365, #6064, #6366, .T. );
#5093 = EDGE_CURVE( '', #6365, #5539, #6367, .T. );
#5094 = FILL_AREA_STYLE( '', ( #6368 ) );
#5095 = EDGE_CURVE( '', #6303, #6169, #6369, .T. );
#5096 = EDGE_CURVE( '', #6303, #5977, #6370, .T. );
#5097 = FILL_AREA_STYLE( '', ( #6371 ) );
#5098 = EDGE_CURVE( '', #6372, #6373, #6374, .T. );
#5099 = EDGE_CURVE( '', #6375, #6373, #6376, .T. );
#5100 = EDGE_CURVE( '', #6375, #6377, #6378, .T. );
#5101 = EDGE_CURVE( '', #6377, #6372, #6379, .T. );
#5102 = FILL_AREA_STYLE( '', ( #6380 ) );
#5103 = EDGE_CURVE( '', #5493, #6126, #6381, .T. );
#5104 = EDGE_CURVE( '', #6382, #6130, #6383, .T. );
#5105 = EDGE_CURVE( '', #5495, #6382, #6384, .T. );
#5106 = FILL_AREA_STYLE( '', ( #6385 ) );
#5107 = EDGE_CURVE( '', #6386, #6069, #6387, .T. );
#5108 = EDGE_CURVE( '', #6386, #5543, #6388, .T. );
#5109 = FILL_AREA_STYLE( '', ( #6389 ) );
#5110 = EDGE_CURVE( '', #5440, #6219, #6390, .T. );
#5111 = FILL_AREA_STYLE( '', ( #6391 ) );
#5112 = EDGE_CURVE( '', #6392, #6393, #6394, .T. );
#5113 = EDGE_CURVE( '', #6395, #6393, #6396, .T. );
#5114 = EDGE_CURVE( '', #6395, #6397, #6398, .T. );
#5115 = EDGE_CURVE( '', #6397, #6392, #6399, .T. );
#5116 = FILL_AREA_STYLE( '', ( #6400 ) );
#5117 = EDGE_CURVE( '', #6401, #5723, #6402, .T. );
#5118 = EDGE_CURVE( '', #6401, #5739, #6403, .T. );
#5119 = FILL_AREA_STYLE( '', ( #6404 ) );
#5120 = EDGE_CURVE( '', #6405, #6401, #6406, .T. );
#5121 = EDGE_CURVE( '', #5725, #6405, #6407, .T. );
#5122 = FILL_AREA_STYLE( '', ( #6408 ) );
#5123 = EDGE_CURVE( '', #6409, #6410, #6411, .T. );
#5124 = EDGE_CURVE( '', #6409, #5850, #6412, .T. );
#5125 = EDGE_CURVE( '', #6361, #6413, #6414, .T. );
#5126 = EDGE_CURVE( '', #6410, #6413, #6415, .T. );
#5127 = FILL_AREA_STYLE( '', ( #6416 ) );
#5128 = EDGE_CURVE( '', #6084, #5676, #6417, .T. );
#5129 = FILL_AREA_STYLE( '', ( #6418 ) );
#5130 = EDGE_CURVE( '', #5881, #6239, #6419, .T. );
#5131 = FILL_AREA_STYLE( '', ( #6420 ) );
#5132 = EDGE_CURVE( '', #6199, #5856, #6421, .T. );
#5133 = EDGE_CURVE( '', #5861, #6330, #6422, .T. );
#5134 = EDGE_CURVE( '', #6249, #6423, #6424, .T. );
#5135 = EDGE_CURVE( '', #6035, #6423, #6425, .T. );
#5136 = EDGE_CURVE( '', #5787, #6426, #6427, .T. );
#5137 = EDGE_CURVE( '', #6426, #6428, #6429, .T. );
#5138 = EDGE_CURVE( '', #6428, #6392, #6430, .T. );
#5139 = EDGE_CURVE( '', #6397, #6281, #6431, .T. );
#5140 = EDGE_CURVE( '', #5695, #5827, #6432, .T. );
#5141 = FILL_AREA_STYLE( '', ( #6433 ) );
#5142 = EDGE_CURVE( '', #6085, #5678, #6434, .T. );
#5143 = FILL_AREA_STYLE( '', ( #6435 ) );
#5144 = EDGE_CURVE( '', #6436, #5965, #6437, .T. );
#5145 = EDGE_CURVE( '', #6146, #6436, #6438, .T. );
#5146 = FILL_AREA_STYLE( '', ( #6439 ) );
#5147 = EDGE_CURVE( '', #6024, #6440, #6441, .T. );
#5148 = EDGE_CURVE( '', #6442, #6022, #6443, .T. );
#5149 = EDGE_CURVE( '', #6442, #6347, #6444, .T. );
#5150 = EDGE_CURVE( '', #6445, #6348, #6446, .T. );
#5151 = EDGE_CURVE( '', #6445, #6012, #6447, .T. );
#5152 = EDGE_CURVE( '', #5623, #5520, #6448, .T. );
#5153 = EDGE_CURVE( '', #6000, #5624, #6449, .T. );
#5154 = EDGE_CURVE( '', #5998, #6450, #6451, .T. );
#5155 = EDGE_CURVE( '', #6450, #6440, #6452, .T. );
#5156 = FILL_AREA_STYLE( '', ( #6453 ) );
#5157 = EDGE_CURVE( '', #5897, #5497, #6454, .T. );
#5158 = EDGE_CURVE( '', #5499, #5896, #6455, .T. );
#5159 = FILL_AREA_STYLE( '', ( #6456 ) );
#5160 = EDGE_CURVE( '', #6457, #5933, #6458, .T. );
#5161 = EDGE_CURVE( '', #6459, #5940, #6460, .T. );
#5162 = EDGE_CURVE( '', #6461, #6459, #6462, .T. );
#5163 = EDGE_CURVE( '', #5431, #6461, #6463, .T. );
#5164 = EDGE_CURVE( '', #6457, #6290, #6464, .T. );
#5165 = FILL_AREA_STYLE( '', ( #6465 ) );
#5166 = EDGE_CURVE( '', #6428, #6466, #6467, .T. );
#5167 = EDGE_CURVE( '', #6468, #6426, #6469, .T. );
#5168 = EDGE_CURVE( '', #6468, #6466, #6470, .T. );
#5169 = FILL_AREA_STYLE( '', ( #6471 ) );
#5170 = EDGE_CURVE( '', #5874, #5844, #6472, .T. );
#5171 = EDGE_CURVE( '', #5846, #5872, #6473, .T. );
#5172 = FILL_AREA_STYLE( '', ( #6474 ) );
#5173 = EDGE_CURVE( '', #6288, #6475, #6476, .T. );
#5174 = EDGE_CURVE( '', #6477, #6475, #6478, .T. );
#5175 = EDGE_CURVE( '', #6477, #6457, #6479, .T. );
#5176 = FILL_AREA_STYLE( '', ( #6480 ) );
#5177 = EDGE_CURVE( '', #6156, #6481, #6482, .T. );
#5178 = EDGE_CURVE( '', #6481, #6483, #6484, .T. );
#5179 = EDGE_CURVE( '', #6483, #5444, #6485, .T. );
#5180 = FILL_AREA_STYLE( '', ( #6486 ) );
#5181 = EDGE_CURVE( '', #6487, #6488, #6489, .T. );
#5182 = EDGE_CURVE( '', #6487, #5729, #6490, .T. );
#5183 = EDGE_CURVE( '', #5727, #6488, #6491, .T. );
#5184 = FILL_AREA_STYLE( '', ( #6492 ) );
#5185 = EDGE_CURVE( '', #6493, #6128, #6494, .T. );
#5186 = EDGE_CURVE( '', #6493, #6382, #6495, .T. );
#5187 = FILL_AREA_STYLE( '', ( #6496 ) );
#5188 = EDGE_CURVE( '', #6233, #5885, #6497, .T. );
#5189 = FILL_AREA_STYLE( '', ( #6498 ) );
#5190 = EDGE_CURVE( '', #6499, #6487, #6500, .T. );
#5191 = EDGE_CURVE( '', #6499, #5731, #6501, .T. );
#5192 = FILL_AREA_STYLE( '', ( #6502 ) );
#5193 = EDGE_CURVE( '', #5604, #6440, #6503, .T. );
#5194 = FILL_AREA_STYLE( '', ( #6504 ) );
#5195 = EDGE_CURVE( '', #6016, #6505, #6506, .T. );
#5196 = EDGE_CURVE( '', #6505, #6352, #6507, .T. );
#5197 = EDGE_CURVE( '', #6350, #6508, #6509, .T. );
#5198 = EDGE_CURVE( '', #6508, #6018, #6510, .T. );
#5199 = FILL_AREA_STYLE( '', ( #6511 ) );
#5200 = EDGE_CURVE( '', #6113, #6512, #6513, .T. );
#5201 = EDGE_CURVE( '', #6342, #6512, #6514, .T. );
#5202 = FILL_AREA_STYLE( '', ( #6515 ) );
#5203 = EDGE_CURVE( '', #5988, #6306, #6516, .T. );
#5204 = FILL_AREA_STYLE( '', ( #6517 ) );
#5205 = EDGE_CURVE( '', #5691, #5680, #6518, .T. );
#5206 = EDGE_CURVE( '', #5682, #5689, #6519, .T. );
#5207 = FILL_AREA_STYLE( '', ( #6520 ) );
#5208 = EDGE_CURVE( '', #6044, #6521, #6522, .T. );
#5209 = EDGE_CURVE( '', #5555, #6521, #6523, .T. );
#5210 = FILL_AREA_STYLE( '', ( #6524 ) );
#5211 = EDGE_CURVE( '', #6137, #5916, #6525, .T. );
#5212 = FILL_AREA_STYLE( '', ( #6526 ) );
#5213 = EDGE_CURVE( '', #5593, #6527, #6528, .T. );
#5214 = EDGE_CURVE( '', #6527, #6529, #6530, .T. );
#5215 = EDGE_CURVE( '', #6531, #6529, #6532, .T. );
#5216 = EDGE_CURVE( '', #6413, #6531, #6533, .T. );
#5217 = FILL_AREA_STYLE( '', ( #6534 ) );
#5218 = EDGE_CURVE( '', #6535, #6536, #6537, .T. );
#5219 = EDGE_CURVE( '', #6535, #6538, #6539, .T. );
#5220 = EDGE_CURVE( '', #6540, #6538, #6541, .T. );
#5221 = EDGE_CURVE( '', #6540, #6542, #6543, .T. );
#5222 = EDGE_CURVE( '', #6285, #6542, #6544, .T. );
#5223 = EDGE_CURVE( '', #6536, #6297, #6545, .T. );
#5224 = FILL_AREA_STYLE( '', ( #6546 ) );
#5225 = EDGE_CURVE( '', #6275, #6054, #6547, .T. );
#5226 = FILL_AREA_STYLE( '', ( #6548 ) );
#5227 = EDGE_CURVE( '', #6549, #5733, #6550, .T. );
#5228 = EDGE_CURVE( '', #6549, #6551, #6552, .T. );
#5229 = EDGE_CURVE( '', #5735, #6551, #6553, .T. );
#5230 = FILL_AREA_STYLE( '', ( #6554 ) );
#5231 = FILL_AREA_STYLE( '', ( #6555 ) );
#5232 = EDGE_CURVE( '', #6556, #6557, #6558, .T. );
#5233 = EDGE_CURVE( '', #5454, #6556, #6559, .T. );
#5234 = EDGE_CURVE( '', #5458, #6557, #6560, .T. );
#5235 = FILL_AREA_STYLE( '', ( #6561 ) );
#5236 = EDGE_CURVE( '', #6065, #6562, #6563, .T. );
#5237 = EDGE_CURVE( '', #6564, #6562, #6565, .T. );
#5238 = EDGE_CURVE( '', #6067, #6564, #6566, .T. );
#5239 = FILL_AREA_STYLE( '', ( #6567 ) );
#5240 = EDGE_CURVE( '', #5453, #6125, #6568, .T. );
#5241 = EDGE_CURVE( '', #5901, #6556, #6569, .T. );
#5242 = EDGE_CURVE( '', #5899, #6493, #6570, .T. );
#5243 = FILL_AREA_STYLE( '', ( #6571 ) );
#5244 = EDGE_CURVE( '', #6119, #6436, #6572, .T. );
#5245 = FILL_AREA_STYLE( '', ( #6573 ) );
#5246 = EDGE_CURVE( '', #5662, #6521, #6574, .T. );
#5247 = FILL_AREA_STYLE( '', ( #6575 ) );
#5248 = EDGE_CURVE( '', #6184, #6078, #6576, .T. );
#5249 = EDGE_CURVE( '', #6386, #6187, #6577, .T. );
#5250 = FILL_AREA_STYLE( '', ( #6578 ) );
#5251 = EDGE_CURVE( '', #6542, #6475, #6579, .T. );
#5252 = FILL_AREA_STYLE( '', ( #6580 ) );
#5253 = EDGE_CURVE( '', #6551, #5670, #6581, .T. );
#5254 = FILL_AREA_STYLE( '', ( #6582 ) );
#5255 = EDGE_CURVE( '', #6247, #6323, #6583, .T. );
#5256 = FILL_AREA_STYLE( '', ( #6584 ) );
#5257 = EDGE_CURVE( '', #5436, #5533, #6585, .T. );
#5258 = EDGE_CURVE( '', #6203, #6218, #6586, .T. );
#5259 = FILL_AREA_STYLE( '', ( #6587 ) );
#5260 = EDGE_CURVE( '', #6204, #6074, #6588, .T. );
#5261 = FILL_AREA_STYLE( '', ( #6589 ) );
#5262 = EDGE_CURVE( '', #6312, #6094, #6590, .T. );
#5263 = FILL_AREA_STYLE( '', ( #6591 ) );
#5264 = EDGE_CURVE( '', #6445, #6592, #6593, .T. );
#5265 = EDGE_CURVE( '', #6014, #6592, #6594, .T. );
#5266 = FILL_AREA_STYLE( '', ( #6595 ) );
#5267 = EDGE_CURVE( '', #6372, #6531, #6596, .T. );
#5268 = EDGE_CURVE( '', #6377, #6410, #6597, .T. );
#5269 = FILL_AREA_STYLE( '', ( #6598 ) );
#5270 = EDGE_CURVE( '', #6599, #5915, #6600, .T. );
#5271 = EDGE_CURVE( '', #6599, #6468, #6601, .T. );
#5272 = EDGE_CURVE( '', #6423, #6243, #6602, .T. );
#5273 = EDGE_CURVE( '', #6322, #6331, #6603, .T. );
#5274 = EDGE_CURVE( '', #5456, #5488, #6604, .T. );
#5275 = EDGE_CURVE( '', #6605, #5637, #6606, .T. );
#5276 = EDGE_CURVE( '', #6134, #6605, #6607, .T. );
#5277 = EDGE_CURVE( '', #6267, #6229, #6608, .T. );
#5278 = EDGE_CURVE( '', #6609, #5743, #6610, .T. );
#5279 = EDGE_CURVE( '', #6609, #6178, #6611, .T. );
#5280 = FILL_AREA_STYLE( '', ( #6612 ) );
#5281 = EDGE_CURVE( '', #6512, #6148, #6613, .T. );
#5282 = FILL_AREA_STYLE( '', ( #6614 ) );
#5283 = EDGE_CURVE( '', #6314, #6615, #6616, .T. );
#5284 = EDGE_CURVE( '', #5996, #6615, #6617, .T. );
#5285 = FILL_AREA_STYLE( '', ( #6618 ) );
#5286 = EDGE_CURVE( '', #5507, #6619, #6620, .T. );
#5287 = EDGE_CURVE( '', #5505, #6621, #6622, .T. );
#5288 = EDGE_CURVE( '', #6619, #6621, #6623, .T. );
#5289 = FILL_AREA_STYLE( '', ( #6624 ) );
#5290 = EDGE_CURVE( '', #6209, #5829, #6625, .T. );
#5291 = FILL_AREA_STYLE( '', ( #6626 ) );
#5292 = EDGE_CURVE( '', #5909, #6393, #6627, .T. );
#5293 = EDGE_CURVE( '', #6395, #5907, #6628, .T. );
#5294 = FILL_AREA_STYLE( '', ( #6629 ) );
#5295 = EDGE_CURVE( '', #6477, #6540, #6630, .T. );
#5296 = EDGE_CURVE( '', #6538, #6631, #6632, .T. );
#5297 = EDGE_CURVE( '', #6459, #6631, #6633, .T. );
#5298 = EDGE_CURVE( '', #6197, #6211, #6634, .T. );
#5299 = EDGE_CURVE( '', #5700, #5911, #6635, .T. );
#5300 = EDGE_CURVE( '', #6466, #6636, #6637, .T. );
#5301 = EDGE_CURVE( '', #6562, #6636, #6638, .T. );
#5302 = EDGE_CURVE( '', #6365, #6639, #6640, .T. );
#5303 = EDGE_CURVE( '', #6639, #5475, #6641, .T. );
#5304 = EDGE_CURVE( '', #5467, #6619, #6642, .T. );
#5305 = EDGE_CURVE( '', #6643, #6185, #6644, .T. );
#5306 = EDGE_CURVE( '', #5635, #6643, #6645, .T. );
#5307 = FILL_AREA_STYLE( '', ( #6646 ) );
#5308 = EDGE_CURVE( '', #6536, #6647, #6648, .T. );
#5309 = EDGE_CURVE( '', #6647, #6461, #6649, .T. );
#5310 = FILL_AREA_STYLE( '', ( #6650 ) );
#5311 = EDGE_CURVE( '', #6002, #5630, #6651, .T. );
#5312 = FILL_AREA_STYLE( '', ( #6652 ) );
#5313 = EDGE_CURVE( '', #6189, #6564, #6653, .T. );
#5314 = FILL_AREA_STYLE( '', ( #6654 ) );
#5315 = EDGE_CURVE( '', #5537, #6639, #6655, .T. );
#5316 = FILL_AREA_STYLE( '', ( #6656 ) );
#5317 = EDGE_CURVE( '', #5527, #6006, #6657, .T. );
#5318 = FILL_AREA_STYLE( '', ( #6658 ) );
#5319 = EDGE_CURVE( '', #6004, #5628, #6659, .T. );
#5320 = FILL_AREA_STYLE( '', ( #6660 ) );
#5321 = EDGE_CURVE( '', #6535, #6661, #6662, .T. );
#5322 = EDGE_CURVE( '', #6661, #6631, #6663, .T. );
#5323 = FILL_AREA_STYLE( '', ( #6664 ) );
#5324 = EDGE_CURVE( '', #6505, #6592, #6665, .T. );
#5325 = FILL_AREA_STYLE( '', ( #6666 ) );
#5326 = FILL_AREA_STYLE( '', ( #6667 ) );
#5327 = EDGE_CURVE( '', #5979, #6304, #6668, .T. );
#5328 = FILL_AREA_STYLE( '', ( #6669 ) );
#5329 = EDGE_CURVE( '', #5469, #6621, #6670, .T. );
#5330 = FILL_AREA_STYLE( '', ( #6671 ) );
#5331 = FILL_AREA_STYLE( '', ( #6672 ) );
#5332 = EDGE_CURVE( '', #6375, #6409, #6673, .T. );
#5333 = FILL_AREA_STYLE( '', ( #6674 ) );
#5334 = EDGE_CURVE( '', #6488, #6527, #6675, .T. );
#5335 = EDGE_CURVE( '', #6529, #6405, #6676, .T. );
#5336 = FILL_AREA_STYLE( '', ( #6677 ) );
#5337 = EDGE_CURVE( '', #5560, #6483, #6678, .T. );
#5338 = EDGE_CURVE( '', #5559, #6481, #6679, .T. );
#5339 = EDGE_CURVE( '', #6261, #6271, #6680, .T. );
#5340 = EDGE_CURVE( '', #6681, #6272, #6682, .T. );
#5341 = EDGE_CURVE( '', #6681, #6499, #6683, .T. );
#5342 = EDGE_CURVE( '', #6684, #5597, #6685, .T. );
#5343 = EDGE_CURVE( '', #6373, #6684, #6686, .T. );
#5344 = EDGE_CURVE( '', #6549, #5769, #6687, .T. );
#5345 = FILL_AREA_STYLE( '', ( #6688 ) );
#5346 = EDGE_CURVE( '', #5929, #6265, #6689, .T. );
#5347 = FILL_AREA_STYLE( '', ( #6690 ) );
#5348 = EDGE_CURVE( '', #6691, #6180, #6692, .T. );
#5349 = EDGE_CURVE( '', #5756, #6691, #6693, .T. );
#5350 = FILL_AREA_STYLE( '', ( #6694 ) );
#5351 = EDGE_CURVE( '', #6636, #6599, #6695, .T. );
#5352 = FILL_AREA_STYLE( '', ( #6696 ) );
#5353 = EDGE_CURVE( '', #5521, #5626, #6697, .T. );
#5354 = FILL_AREA_STYLE( '', ( #6698 ) );
#5355 = EDGE_CURVE( '', #6165, #5990, #6699, .T. );
#5356 = FILL_AREA_STYLE( '', ( #6700 ) );
#5357 = EDGE_CURVE( '', #6701, #6442, #6702, .T. );
#5358 = EDGE_CURVE( '', #6701, #6508, #6703, .T. );
#5359 = FILL_AREA_STYLE( '', ( #6704 ) );
#5360 = EDGE_CURVE( '', #6020, #6701, #6705, .T. );
#5361 = FILL_AREA_STYLE( '', ( #6706 ) );
#5362 = EDGE_CURVE( '', #6684, #5950, #6707, .T. );
#5363 = FILL_AREA_STYLE( '', ( #6708 ) );
#5364 = FILL_AREA_STYLE( '', ( #6709 ) );
#5365 = FILL_AREA_STYLE( '', ( #6710 ) );
#5366 = FILL_AREA_STYLE( '', ( #6711 ) );
#5367 = EDGE_CURVE( '', #6615, #6450, #6712, .T. );
#5368 = FILL_AREA_STYLE( '', ( #6713 ) );
#5369 = FILL_AREA_STYLE( '', ( #6714 ) );
#5370 = FILL_AREA_STYLE( '', ( #6715 ) );
#5371 = EDGE_CURVE( '', #5501, #6557, #6716, .T. );
#5372 = FILL_AREA_STYLE( '', ( #6717 ) );
#5373 = FILL_AREA_STYLE( '', ( #6718 ) );
#5374 = EDGE_CURVE( '', #5619, #5606, #6719, .T. );
#5375 = FILL_AREA_STYLE( '', ( #6720 ) );
#5376 = FILL_AREA_STYLE( '', ( #6721 ) );
#5377 = FILL_AREA_STYLE( '', ( #6722 ) );
#5378 = FILL_AREA_STYLE( '', ( #6723 ) );
#5379 = EDGE_CURVE( '', #6167, #6306, #6724, .T. );
#5380 = FILL_AREA_STYLE( '', ( #6725 ) );
#5381 = FILL_AREA_STYLE( '', ( #6726 ) );
#5382 = FILL_AREA_STYLE( '', ( #6727 ) );
#5383 = EDGE_CURVE( '', #6728, #6277, #6729, .T. );
#5384 = EDGE_CURVE( '', #6728, #6681, #6730, .T. );
#5385 = FILL_AREA_STYLE( '', ( #6731 ) );
#5386 = EDGE_CURVE( '', #6661, #6647, #6732, .T. );
#5387 = FILL_AREA_STYLE( '', ( #6733 ) );
#5388 = FILL_AREA_STYLE( '', ( #6734 ) );
#5389 = FILL_AREA_STYLE( '', ( #6735 ) );
#5390 = FILL_AREA_STYLE( '', ( #6736 ) );
#5391 = FILL_AREA_STYLE( '', ( #6737 ) );
#5392 = FILL_AREA_STYLE( '', ( #6738 ) );
#5393 = EDGE_CURVE( '', #6691, #6609, #6739, .T. );
#5394 = FILL_AREA_STYLE( '', ( #6740 ) );
#5395 = FILL_AREA_STYLE( '', ( #6741 ) );
#5396 = FILL_AREA_STYLE( '', ( #6742 ) );
#5397 = FILL_AREA_STYLE( '', ( #6743 ) );
#5398 = FILL_AREA_STYLE( '', ( #6744 ) );
#5399 = FILL_AREA_STYLE( '', ( #6745 ) );
#5400 = FILL_AREA_STYLE( '', ( #6746 ) );
#5401 = EDGE_CURVE( '', #6728, #5772, #6747, .T. );
#5402 = FILL_AREA_STYLE( '', ( #6748 ) );
#5403 = FILL_AREA_STYLE( '', ( #6749 ) );
#5404 = FILL_AREA_STYLE( '', ( #6750 ) );
#5405 = EDGE_CURVE( '', #6643, #6605, #6751, .T. );
#5406 = FILL_AREA_STYLE( '', ( #6752 ) );
#5407 = FILL_AREA_STYLE( '', ( #6753 ) );
#5408 = FILL_AREA_STYLE_COLOUR( '', #6754 );
#5409 = VERTEX_POINT( '', #6755 );
#5410 = VERTEX_POINT( '', #6756 );
#5411 = LINE( '', #6757, #6758 );
#5412 = VERTEX_POINT( '', #6759 );
#5413 = LINE( '', #6760, #6761 );
#5414 = VERTEX_POINT( '', #6762 );
#5415 = LINE( '', #6763, #6764 );
#5416 = VERTEX_POINT( '', #6765 );
#5417 = LINE( '', #6766, #6767 );
#5418 = VERTEX_POINT( '', #6768 );
#5419 = LINE( '', #6769, #6770 );
#5420 = VERTEX_POINT( '', #6771 );
#5421 = LINE( '', #6772, #6773 );
#5422 = VERTEX_POINT( '', #6774 );
#5423 = LINE( '', #6775, #6776 );
#5424 = LINE( '', #6777, #6778 );
#5425 = FILL_AREA_STYLE_COLOUR( '', #6779 );
#5426 = VERTEX_POINT( '', #6780 );
#5427 = VERTEX_POINT( '', #6781 );
#5428 = LINE( '', #6782, #6783 );
#5429 = VERTEX_POINT( '', #6784 );
#5430 = LINE( '', #6785, #6786 );
#5431 = VERTEX_POINT( '', #6787 );
#5432 = CIRCLE( '', #6788, 3.70000000000000 );
#5433 = LINE( '', #6789, #6790 );
#5434 = FILL_AREA_STYLE_COLOUR( '', #6791 );
#5435 = VERTEX_POINT( '', #6792 );
#5436 = VERTEX_POINT( '', #6793 );
#5437 = LINE( '', #6794, #6795 );
#5438 = VERTEX_POINT( '', #6796 );
#5439 = LINE( '', #6797, #6798 );
#5440 = VERTEX_POINT( '', #6799 );
#5441 = LINE( '', #6800, #6801 );
#5442 = LINE( '', #6802, #6803 );
#5443 = FILL_AREA_STYLE_COLOUR( '', #6804 );
#5444 = VERTEX_POINT( '', #6805 );
#5445 = VERTEX_POINT( '', #6806 );
#5446 = CIRCLE( '', #6807, 0.200000000000000 );
#5447 = VERTEX_POINT( '', #6808 );
#5448 = LINE( '', #6809, #6810 );
#5449 = VERTEX_POINT( '', #6811 );
#5450 = ELLIPSE( '', #6812, 0.282842712500000, 0.200000000000000 );
#5451 = LINE( '', #6813, #6814 );
#5452 = FILL_AREA_STYLE_COLOUR( '', #6815 );
#5453 = VERTEX_POINT( '', #6816 );
#5454 = VERTEX_POINT( '', #6817 );
#5455 = LINE( '', #6818, #6819 );
#5456 = VERTEX_POINT( '', #6820 );
#5457 = LINE( '', #6821, #6822 );
#5458 = VERTEX_POINT( '', #6823 );
#5459 = LINE( '', #6824, #6825 );
#5460 = LINE( '', #6826, #6827 );
#5461 = FILL_AREA_STYLE_COLOUR( '', #6828 );
#5462 = VERTEX_POINT( '', #6829 );
#5463 = VERTEX_POINT( '', #6830 );
#5464 = LINE( '', #6831, #6832 );
#5465 = VERTEX_POINT( '', #6833 );
#5466 = LINE( '', #6834, #6835 );
#5467 = VERTEX_POINT( '', #6836 );
#5468 = LINE( '', #6837, #6838 );
#5469 = VERTEX_POINT( '', #6839 );
#5470 = LINE( '', #6840, #6841 );
#5471 = VERTEX_POINT( '', #6842 );
#5472 = LINE( '', #6843, #6844 );
#5473 = VERTEX_POINT( '', #6845 );
#5474 = LINE( '', #6846, #6847 );
#5475 = VERTEX_POINT( '', #6848 );
#5476 = LINE( '', #6849, #6850 );
#5477 = LINE( '', #6851, #6852 );
#5478 = FILL_AREA_STYLE_COLOUR( '', #6853 );
#5479 = VERTEX_POINT( '', #6854 );
#5480 = VERTEX_POINT( '', #6855 );
#5481 = LINE( '', #6856, #6857 );
#5482 = VERTEX_POINT( '', #6858 );
#5483 = LINE( '', #6859, #6860 );
#5484 = VERTEX_POINT( '', #6861 );
#5485 = LINE( '', #6862, #6863 );
#5486 = LINE( '', #6864, #6865 );
#5487 = FILL_AREA_STYLE_COLOUR( '', #6866 );
#5488 = VERTEX_POINT( '', #6867 );
#5489 = VERTEX_POINT( '', #6868 );
#5490 = LINE( '', #6869, #6870 );
#5491 = VERTEX_POINT( '', #6871 );
#5492 = CIRCLE( '', #6872, 3.70000000000000 );
#5493 = VERTEX_POINT( '', #6873 );
#5494 = LINE( '', #6874, #6875 );
#5495 = VERTEX_POINT( '', #6876 );
#5496 = CIRCLE( '', #6877, 3.70000000000000 );
#5497 = VERTEX_POINT( '', #6878 );
#5498 = LINE( '', #6879, #6880 );
#5499 = VERTEX_POINT( '', #6881 );
#5500 = CIRCLE( '', #6882, 3.70000000000000 );
#5501 = VERTEX_POINT( '', #6883 );
#5502 = LINE( '', #6884, #6885 );
#5503 = CIRCLE( '', #6886, 3.70000000000000 );
#5504 = FILL_AREA_STYLE_COLOUR( '', #6887 );
#5505 = VERTEX_POINT( '', #6888 );
#5506 = LINE( '', #6889, #6890 );
#5507 = VERTEX_POINT( '', #6891 );
#5508 = LINE( '', #6892, #6893 );
#5509 = LINE( '', #6894, #6895 );
#5510 = FILL_AREA_STYLE_COLOUR( '', #6896 );
#5511 = VERTEX_POINT( '', #6897 );
#5512 = VERTEX_POINT( '', #6898 );
#5513 = LINE( '', #6899, #6900 );
#5514 = VERTEX_POINT( '', #6901 );
#5515 = ELLIPSE( '', #6902, 0.282842712500000, 0.200000000000000 );
#5516 = VERTEX_POINT( '', #6903 );
#5517 = LINE( '', #6904, #6905 );
#5518 = ELLIPSE( '', #6906, 0.282842712500000, 0.200000000000000 );
#5519 = FILL_AREA_STYLE_COLOUR( '', #6907 );
#5520 = VERTEX_POINT( '', #6908 );
#5521 = VERTEX_POINT( '', #6909 );
#5522 = LINE( '', #6910, #6911 );
#5523 = VERTEX_POINT( '', #6912 );
#5524 = CIRCLE( '', #6913, 0.400000000000000 );
#5525 = VERTEX_POINT( '', #6914 );
#5526 = LINE( '', #6915, #6916 );
#5527 = VERTEX_POINT( '', #6917 );
#5528 = ELLIPSE( '', #6918, 1.16952176010000, 0.400000000000000 );
#5529 = B_SPLINE_CURVE_WITH_KNOTS( '', 3, ( #6919, #6920, #6921, #6922, #6923, #6924, #6925, #6926, #6927, #6928, #6929, #6930, #6931, #6932, #6933, #6934 ), .UNSPECIFIED., .F., .F., ( 4, 3, 3, 3, 3, 4 ), ( 0.000000000000000, 0.104760881905870, 0.209695628877778, 0.262035527410800, 0.314299291805424, 0.418904337184182 ), .UNSPECIFIED. );
#5530 = FILL_AREA_STYLE_COLOUR( '', #6935 );
#5531 = VERTEX_POINT( '', #6936 );
#5532 = LINE( '', #6937, #6938 );
#5533 = VERTEX_POINT( '', #6939 );
#5534 = LINE( '', #6940, #6941 );
#5535 = LINE( '', #6942, #6943 );
#5536 = FILL_AREA_STYLE_COLOUR( '', #6944 );
#5537 = VERTEX_POINT( '', #6945 );
#5538 = LINE( '', #6946, #6947 );
#5539 = VERTEX_POINT( '', #6948 );
#5540 = LINE( '', #6949, #6950 );
#5541 = VERTEX_POINT( '', #6951 );
#5542 = LINE( '', #6952, #6953 );
#5543 = VERTEX_POINT( '', #6954 );
#5544 = LINE( '', #6955, #6956 );
#5545 = VERTEX_POINT( '', #6957 );
#5546 = LINE( '', #6958, #6959 );
#5547 = VERTEX_POINT( '', #6960 );
#5548 = LINE( '', #6961, #6962 );
#5549 = LINE( '', #6963, #6964 );
#5550 = FILL_AREA_STYLE_COLOUR( '', #6965 );
#5551 = VERTEX_POINT( '', #6966 );
#5552 = CIRCLE( '', #6967, 0.400000000000000 );
#5553 = VERTEX_POINT( '', #6968 );
#5554 = B_SPLINE_CURVE_WITH_KNOTS( '', 3, ( #6969, #6970, #6971, #6972, #6973, #6974, #6975, #6976, #6977, #6978, #6979, #6980, #6981, #6982, #6983, #6984 ), .UNSPECIFIED., .F., .F., ( 4, 3, 3, 3, 3, 4 ), ( 0.000000000000000, 0.104605045378755, 0.156868809773378, 0.209208708306342, 0.314143455278259, 0.418904337184179 ), .UNSPECIFIED. );
#5555 = VERTEX_POINT( '', #6985 );
#5556 = ELLIPSE( '', #6986, 1.16952176010000, 0.400000000000000 );
#5557 = LINE( '', #6987, #6988 );
#5558 = FILL_AREA_STYLE_COLOUR( '', #6989 );
#5559 = VERTEX_POINT( '', #6990 );
#5560 = VERTEX_POINT( '', #6991 );
#5561 = CIRCLE( '', #6992, 2.35074787290000 );
#5562 = VERTEX_POINT( '', #6993 );
#5563 = LINE( '', #6994, #6995 );
#5564 = VERTEX_POINT( '', #6996 );
#5565 = LINE( '', #6997, #6998 );
#5566 = LINE( '', #6999, #7000 );
#5567 = LINE( '', #7001, #7002 );
#5568 = FILL_AREA_STYLE_COLOUR( '', #7003 );
#5569 = VERTEX_POINT( '', #7004 );
#5570 = VERTEX_POINT( '', #7005 );
#5571 = CIRCLE( '', #7006, 0.400000000000000 );
#5572 = VERTEX_POINT( '', #7007 );
#5573 = LINE( '', #7008, #7009 );
#5574 = VERTEX_POINT( '', #7010 );
#5575 = B_SPLINE_CURVE_WITH_KNOTS( '', 3, ( #7011, #7012, #7013, #7014, #7015, #7016, #7017, #7018, #7019, #7020, #7021, #7022, #7023, #7024, #7025, #7026 ), .UNSPECIFIED., .F., .F., ( 4, 3, 3, 3, 3, 4 ), ( 0.000000000000000, 0.104605045378757, 0.156868809773379, 0.209208708306347, 0.314143455278264, 0.418904337184182 ), .UNSPECIFIED. );
#5576 = VERTEX_POINT( '', #7027 );
#5577 = ELLIPSE( '', #7028, 1.16952176010000, 0.400000000000000 );
#5578 = LINE( '', #7029, #7030 );
#5579 = FILL_AREA_STYLE_COLOUR( '', #7031 );
#5580 = VERTEX_POINT( '', #7032 );
#5581 = VERTEX_POINT( '', #7033 );
#5582 = LINE( '', #7034, #7035 );
#5583 = VERTEX_POINT( '', #7036 );
#5584 = LINE( '', #7037, #7038 );
#5585 = VERTEX_POINT( '', #7039 );
#5586 = LINE( '', #7040, #7041 );
#5587 = VERTEX_POINT( '', #7042 );
#5588 = LINE( '', #7043, #7044 );
#5589 = VERTEX_POINT( '', #7045 );
#5590 = LINE( '', #7046, #7047 );
#5591 = LINE( '', #7048, #7049 );
#5592 = FILL_AREA_STYLE_COLOUR( '', #7050 );
#5593 = VERTEX_POINT( '', #7051 );
#5594 = CIRCLE( '', #7052, 3.70000000000000 );
#5595 = VERTEX_POINT( '', #7053 );
#5596 = LINE( '', #7054, #7055 );
#5597 = VERTEX_POINT( '', #7056 );
#5598 = LINE( '', #7057, #7058 );
#5599 = LINE( '', #7059, #7060 );
#5600 = FILL_AREA_STYLE_COLOUR( '', #7061 );
#5601 = VERTEX_POINT( '', #7062 );
#5602 = VERTEX_POINT( '', #7063 );
#5603 = LINE( '', #7064, #7065 );
#5604 = VERTEX_POINT( '', #7066 );
#5605 = LINE( '', #7067, #7068 );
#5606 = VERTEX_POINT( '', #7069 );
#5607 = LINE( '', #7070, #7071 );
#5608 = LINE( '', #7072, #7073 );
#5609 = FILL_AREA_STYLE_COLOUR( '', #7074 );
#5610 = VERTEX_POINT( '', #7075 );
#5611 = VERTEX_POINT( '', #7076 );
#5612 = LINE( '', #7077, #7078 );
#5613 = VERTEX_POINT( '', #7079 );
#5614 = LINE( '', #7080, #7081 );
#5615 = VERTEX_POINT( '', #7082 );
#5616 = CIRCLE( '', #7083, 3.70000000000000 );
#5617 = VERTEX_POINT( '', #7084 );
#5618 = LINE( '', #7085, #7086 );
#5619 = VERTEX_POINT( '', #7087 );
#5620 = LINE( '', #7088, #7089 );
#5621 = LINE( '', #7090, #7091 );
#5622 = FILL_AREA_STYLE_COLOUR( '', #7092 );
#5623 = VERTEX_POINT( '', #7093 );
#5624 = VERTEX_POINT( '', #7094 );
#5625 = CIRCLE( '', #7095, 0.400000000000000 );
#5626 = VERTEX_POINT( '', #7096 );
#5627 = LINE( '', #7097, #7098 );
#5628 = VERTEX_POINT( '', #7099 );
#5629 = B_SPLINE_CURVE_WITH_KNOTS( '', 3, ( #7100, #7101, #7102, #7103, #7104, #7105, #7106, #7107, #7108, #7109, #7110, #7111, #7112, #7113, #7114, #7115 ), .UNSPECIFIED., .F., .F., ( 4, 3, 3, 3, 3, 4 ), ( 0.000000000000000, 0.104605045378756, 0.156868809773384, 0.209208708306402, 0.314143455278304, 0.418904337184178 ), .UNSPECIFIED. );
#5630 = VERTEX_POINT( '', #7116 );
#5631 = ELLIPSE( '', #7117, 1.16952176010000, 0.400000000000000 );
#5632 = LINE( '', #7118, #7119 );
#5633 = FILL_AREA_STYLE_COLOUR( '', #7120 );
#5634 = VERTEX_POINT( '', #7121 );
#5635 = VERTEX_POINT( '', #7122 );
#5636 = LINE( '', #7123, #7124 );
#5637 = VERTEX_POINT( '', #7125 );
#5638 = LINE( '', #7126, #7127 );
#5639 = VERTEX_POINT( '', #7128 );
#5640 = LINE( '', #7129, #7130 );
#5641 = LINE( '', #7131, #7132 );
#5642 = FILL_AREA_STYLE_COLOUR( '', #7133 );
#5643 = VERTEX_POINT( '', #7134 );
#5644 = VERTEX_POINT( '', #7135 );
#5645 = LINE( '', #7136, #7137 );
#5646 = VERTEX_POINT( '', #7138 );
#5647 = ELLIPSE( '', #7139, 0.638506663500000, 0.600000000000000 );
#5648 = VERTEX_POINT( '', #7140 );
#5649 = ELLIPSE( '', #7141, 1.16952176010000, 0.400000000000000 );
#5650 = LINE( '', #7142, #7143 );
#5651 = FILL_AREA_STYLE_COLOUR( '', #7144 );
#5652 = VERTEX_POINT( '', #7145 );
#5653 = LINE( '', #7146, #7147 );
#5654 = VERTEX_POINT( '', #7148 );
#5655 = LINE( '', #7149, #7150 );
#5656 = LINE( '', #7151, #7152 );
#5657 = FILL_AREA_STYLE_COLOUR( '', #7153 );
#5658 = VERTEX_POINT( '', #7154 );
#5659 = VERTEX_POINT( '', #7155 );
#5660 = LINE( '', #7156, #7157 );
#5661 = CIRCLE( '', #7158, 0.400000000000000 );
#5662 = VERTEX_POINT( '', #7159 );
#5663 = LINE( '', #7160, #7161 );
#5664 = VERTEX_POINT( '', #7162 );
#5665 = LINE( '', #7163, #7164 );
#5666 = VERTEX_POINT( '', #7165 );
#5667 = LINE( '', #7166, #7167 );
#5668 = VERTEX_POINT( '', #7168 );
#5669 = LINE( '', #7169, #7170 );
#5670 = VERTEX_POINT( '', #7171 );
#5671 = LINE( '', #7172, #7173 );
#5672 = VERTEX_POINT( '', #7174 );
#5673 = LINE( '', #7175, #7176 );
#5674 = VERTEX_POINT( '', #7177 );
#5675 = LINE( '', #7178, #7179 );
#5676 = VERTEX_POINT( '', #7180 );
#5677 = CIRCLE( '', #7181, 0.400000000000000 );
#5678 = VERTEX_POINT( '', #7182 );
#5679 = LINE( '', #7183, #7184 );
#5680 = VERTEX_POINT( '', #7185 );
#5681 = CIRCLE( '', #7186, 0.400000000000000 );
#5682 = VERTEX_POINT( '', #7187 );
#5683 = LINE( '', #7188, #7189 );
#5684 = LINE( '', #7190, #7191 );
#5685 = FILL_AREA_STYLE_COLOUR( '', #7192 );
#5686 = VERTEX_POINT( '', #7193 );
#5687 = VERTEX_POINT( '', #7194 );
#5688 = ELLIPSE( '', #7195, 0.638506663500000, 0.600000000000000 );
#5689 = VERTEX_POINT( '', #7196 );
#5690 = LINE( '', #7197, #7198 );
#5691 = VERTEX_POINT( '', #7199 );
#5692 = LINE( '', #7200, #7201 );
#5693 = ELLIPSE( '', #7202, 1.16952176010000, 0.400000000000000 );
#5694 = FILL_AREA_STYLE_COLOUR( '', #7203 );
#5695 = VERTEX_POINT( '', #7204 );
#5696 = VERTEX_POINT( '', #7205 );
#5697 = LINE( '', #7206, #7207 );
#5698 = VERTEX_POINT( '', #7208 );
#5699 = LINE( '', #7209, #7210 );
#5700 = VERTEX_POINT( '', #7211 );
#5701 = LINE( '', #7212, #7213 );
#5702 = LINE( '', #7214, #7215 );
#5703 = FILL_AREA_STYLE_COLOUR( '', #7216 );
#5704 = VERTEX_POINT( '', #7217 );
#5705 = VERTEX_POINT( '', #7218 );
#5706 = CIRCLE( '', #7219, 0.400000000000000 );
#5707 = VERTEX_POINT( '', #7220 );
#5708 = LINE( '', #7221, #7222 );
#5709 = VERTEX_POINT( '', #7223 );
#5710 = B_SPLINE_CURVE_WITH_KNOTS( '', 3, ( #7224, #7225, #7226, #7227, #7228, #7229, #7230, #7231, #7232, #7233, #7234, #7235, #7236, #7237, #7238, #7239 ), .UNSPECIFIED., .F., .F., ( 4, 3, 3, 3, 3, 4 ), ( 0.000000000000000, 0.104605045378762, 0.156868809773386, 0.209208708306408, 0.314143455278315, 0.418904337184186 ), .UNSPECIFIED. );
#5711 = VERTEX_POINT( '', #7240 );
#5712 = ELLIPSE( '', #7241, 1.16952176010000, 0.400000000000000 );
#5713 = LINE( '', #7242, #7243 );
#5714 = FILL_AREA_STYLE_COLOUR( '', #7244 );
#5715 = VERTEX_POINT( '', #7245 );
#5716 = LINE( '', #7246, #7247 );
#5717 = VERTEX_POINT( '', #7248 );
#5718 = LINE( '', #7249, #7250 );
#5719 = LINE( '', #7251, #7252 );
#5720 = FILL_AREA_STYLE_COLOUR( '', #7253 );
#5721 = VERTEX_POINT( '', #7254 );
#5722 = LINE( '', #7255, #7256 );
#5723 = VERTEX_POINT( '', #7257 );
#5724 = LINE( '', #7258, #7259 );
#5725 = VERTEX_POINT( '', #7260 );
#5726 = LINE( '', #7261, #7262 );
#5727 = VERTEX_POINT( '', #7263 );
#5728 = LINE( '', #7264, #7265 );
#5729 = VERTEX_POINT( '', #7266 );
#5730 = LINE( '', #7267, #7268 );
#5731 = VERTEX_POINT( '', #7269 );
#5732 = LINE( '', #7270, #7271 );
#5733 = VERTEX_POINT( '', #7272 );
#5734 = LINE( '', #7273, #7274 );
#5735 = VERTEX_POINT( '', #7275 );
#5736 = LINE( '', #7276, #7277 );
#5737 = LINE( '', #7278, #7279 );
#5738 = FILL_AREA_STYLE_COLOUR( '', #7280 );
#5739 = VERTEX_POINT( '', #7281 );
#5740 = LINE( '', #7282, #7283 );
#5741 = LINE( '', #7284, #7285 );
#5742 = FILL_AREA_STYLE_COLOUR( '', #7286 );
#5743 = VERTEX_POINT( '', #7287 );
#5744 = VERTEX_POINT( '', #7288 );
#5745 = LINE( '', #7289, #7290 );
#5746 = VERTEX_POINT( '', #7291 );
#5747 = LINE( '', #7292, #7293 );
#5748 = VERTEX_POINT( '', #7294 );
#5749 = LINE( '', #7295, #7296 );
#5750 = VERTEX_POINT( '', #7297 );
#5751 = LINE( '', #7298, #7299 );
#5752 = VERTEX_POINT( '', #7300 );
#5753 = LINE( '', #7301, #7302 );
#5754 = VERTEX_POINT( '', #7303 );
#5755 = LINE( '', #7304, #7305 );
#5756 = VERTEX_POINT( '', #7306 );
#5757 = LINE( '', #7307, #7308 );
#5758 = LINE( '', #7309, #7310 );
#5759 = FILL_AREA_STYLE_COLOUR( '', #7311 );
#5760 = VERTEX_POINT( '', #7312 );
#5761 = VERTEX_POINT( '', #7313 );
#5762 = LINE( '', #7314, #7315 );
#5763 = VERTEX_POINT( '', #7316 );
#5764 = LINE( '', #7317, #7318 );
#5765 = VERTEX_POINT( '', #7319 );
#5766 = LINE( '', #7320, #7321 );
#5767 = LINE( '', #7322, #7323 );
#5768 = FILL_AREA_STYLE_COLOUR( '', #7324 );
#5769 = VERTEX_POINT( '', #7325 );
#5770 = VERTEX_POINT( '', #7326 );
#5771 = LINE( '', #7327, #7328 );
#5772 = VERTEX_POINT( '', #7329 );
#5773 = LINE( '', #7330, #7331 );
#5774 = VERTEX_POINT( '', #7332 );
#5775 = LINE( '', #7333, #7334 );
#5776 = LINE( '', #7335, #7336 );
#5777 = FILL_AREA_STYLE_COLOUR( '', #7337 );
#5778 = VERTEX_POINT( '', #7338 );
#5779 = LINE( '', #7339, #7340 );
#5780 = VERTEX_POINT( '', #7341 );
#5781 = LINE( '', #7342, #7343 );
#5782 = LINE( '', #7344, #7345 );
#5783 = FILL_AREA_STYLE_COLOUR( '', #7346 );
#5784 = VERTEX_POINT( '', #7347 );
#5785 = VERTEX_POINT( '', #7348 );
#5786 = LINE( '', #7349, #7350 );
#5787 = VERTEX_POINT( '', #7351 );
#5788 = LINE( '', #7352, #7353 );
#5789 = VERTEX_POINT( '', #7354 );
#5790 = LINE( '', #7355, #7356 );
#5791 = LINE( '', #7357, #7358 );
#5792 = FILL_AREA_STYLE_COLOUR( '', #7359 );
#5793 = VERTEX_POINT( '', #7360 );
#5794 = LINE( '', #7361, #7362 );
#5795 = VERTEX_POINT( '', #7363 );
#5796 = LINE( '', #7364, #7365 );
#5797 = LINE( '', #7366, #7367 );
#5798 = FILL_AREA_STYLE_COLOUR( '', #7368 );
#5799 = VERTEX_POINT( '', #7369 );
#5800 = CIRCLE( '', #7370, 0.400000000000000 );
#5801 = VERTEX_POINT( '', #7371 );
#5802 = LINE( '', #7372, #7373 );
#5803 = VERTEX_POINT( '', #7374 );
#5804 = B_SPLINE_CURVE_WITH_KNOTS( '', 3, ( #7375, #7376, #7377, #7378, #7379, #7380, #7381, #7382, #7383, #7384, #7385, #7386, #7387, #7388, #7389, #7390 ), .UNSPECIFIED., .F., .F., ( 4, 3, 3, 3, 3, 4 ), ( 0.000000000000000, 0.104605045378758, 0.156868809773383, 0.209208708306407, 0.314143455278308, 0.418904337184180 ), .UNSPECIFIED. );
#5805 = ELLIPSE( '', #7391, 1.16952176010000, 0.400000000000000 );
#5806 = FILL_AREA_STYLE_COLOUR( '', #7392 );
#5807 = VERTEX_POINT( '', #7393 );
#5808 = LINE( '', #7394, #7395 );
#5809 = VERTEX_POINT( '', #7396 );
#5810 = LINE( '', #7397, #7398 );
#5811 = LINE( '', #7399, #7400 );
#5812 = FILL_AREA_STYLE_COLOUR( '', #7401 );
#5813 = VERTEX_POINT( '', #7402 );
#5814 = LINE( '', #7403, #7404 );
#5815 = VERTEX_POINT( '', #7405 );
#5816 = LINE( '', #7406, #7407 );
#5817 = LINE( '', #7408, #7409 );
#5818 = FILL_AREA_STYLE_COLOUR( '', #7410 );
#5819 = VERTEX_POINT( '', #7411 );
#5820 = VERTEX_POINT( '', #7412 );
#5821 = LINE( '', #7413, #7414 );
#5822 = VERTEX_POINT( '', #7415 );
#5823 = ELLIPSE( '', #7416, 1.16952176010000, 0.400000000000000 );
#5824 = B_SPLINE_CURVE_WITH_KNOTS( '', 3, ( #7417, #7418, #7419, #7420, #7421, #7422, #7423, #7424, #7425, #7426, #7427, #7428, #7429, #7430, #7431, #7432 ), .UNSPECIFIED., .F., .F., ( 4, 3, 3, 3, 3, 4 ), ( 0.000000000000000, 0.104760881905854, 0.209695628877751, 0.262035527410796, 0.314299291805424, 0.418904337184180 ), .UNSPECIFIED. );
#5825 = CIRCLE( '', #7433, 0.400000000000000 );
#5826 = FILL_AREA_STYLE_COLOUR( '', #7434 );
#5827 = VERTEX_POINT( '', #7435 );
#5828 = LINE( '', #7436, #7437 );
#5829 = VERTEX_POINT( '', #7438 );
#5830 = LINE( '', #7439, #7440 );
#5831 = LINE( '', #7441, #7442 );
#5832 = FILL_AREA_STYLE_COLOUR( '', #7443 );
#5833 = VERTEX_POINT( '', #7444 );
#5834 = CIRCLE( '', #7445, 0.400000000000000 );
#5835 = VERTEX_POINT( '', #7446 );
#5836 = LINE( '', #7447, #7448 );
#5837 = VERTEX_POINT( '', #7449 );
#5838 = B_SPLINE_CURVE_WITH_KNOTS( '', 3, ( #7450, #7451, #7452, #7453, #7454, #7455, #7456, #7457, #7458, #7459, #7460, #7461, #7462, #7463, #7464, #7465 ), .UNSPECIFIED., .F., .F., ( 4, 3, 3, 3, 3, 4 ), ( 0.000000000000000, 0.104605045378757, 0.156868809773386, 0.209208708306411, 0.314143455278315, 0.418904337184189 ), .UNSPECIFIED. );
#5839 = ELLIPSE( '', #7466, 1.16952176010000, 0.400000000000000 );
#5840 = FILL_AREA_STYLE_COLOUR( '', #7467 );
#5841 = VERTEX_POINT( '', #7468 );
#5842 = VERTEX_POINT( '', #7469 );
#5843 = LINE( '', #7470, #7471 );
#5844 = VERTEX_POINT( '', #7472 );
#5845 = LINE( '', #7473, #7474 );
#5846 = VERTEX_POINT( '', #7475 );
#5847 = LINE( '', #7476, #7477 );
#5848 = LINE( '', #7478, #7479 );
#5849 = FILL_AREA_STYLE_COLOUR( '', #7480 );
#5850 = VERTEX_POINT( '', #7481 );
#5851 = LINE( '', #7482, #7483 );
#5852 = VERTEX_POINT( '', #7484 );
#5853 = LINE( '', #7485, #7486 );
#5854 = LINE( '', #7487, #7488 );
#5855 = FILL_AREA_STYLE_COLOUR( '', #7489 );
#5856 = VERTEX_POINT( '', #7490 );
#5857 = VERTEX_POINT( '', #7491 );
#5858 = LINE( '', #7492, #7493 );
#5859 = VERTEX_POINT( '', #7494 );
#5860 = LINE( '', #7495, #7496 );
#5861 = VERTEX_POINT( '', #7497 );
#5862 = LINE( '', #7498, #7499 );
#5863 = LINE( '', #7500, #7501 );
#5864 = FILL_AREA_STYLE_COLOUR( '', #7502 );
#5865 = VERTEX_POINT( '', #7503 );
#5866 = LINE( '', #7504, #7505 );
#5867 = VERTEX_POINT( '', #7506 );
#5868 = LINE( '', #7507, #7508 );
#5869 = LINE( '', #7509, #7510 );
#5870 = FILL_AREA_STYLE_COLOUR( '', #7511 );
#5871 = VERTEX_POINT( '', #7512 );
#5872 = VERTEX_POINT( '', #7513 );
#5873 = LINE( '', #7514, #7515 );
#5874 = VERTEX_POINT( '', #7516 );
#5875 = LINE( '', #7517, #7518 );
#5876 = VERTEX_POINT( '', #7519 );
#5877 = LINE( '', #7520, #7521 );
#5878 = LINE( '', #7522, #7523 );
#5879 = FILL_AREA_STYLE_COLOUR( '', #7524 );
#5880 = VERTEX_POINT( '', #7525 );
#5881 = VERTEX_POINT( '', #7526 );
#5882 = LINE( '', #7527, #7528 );
#5883 = VERTEX_POINT( '', #7529 );
#5884 = CIRCLE( '', #7530, 2.35074787290000 );
#5885 = VERTEX_POINT( '', #7531 );
#5886 = LINE( '', #7532, #7533 );
#5887 = LINE( '', #7534, #7535 );
#5888 = LINE( '', #7536, #7537 );
#5889 = FILL_AREA_STYLE_COLOUR( '', #7538 );
#5890 = VERTEX_POINT( '', #7539 );
#5891 = VERTEX_POINT( '', #7540 );
#5892 = LINE( '', #7541, #7542 );
#5893 = LINE( '', #7543, #7544 );
#5894 = LINE( '', #7545, #7546 );
#5895 = FILL_AREA_STYLE_COLOUR( '', #7547 );
#5896 = VERTEX_POINT( '', #7548 );
#5897 = VERTEX_POINT( '', #7549 );
#5898 = LINE( '', #7550, #7551 );
#5899 = VERTEX_POINT( '', #7552 );
#5900 = LINE( '', #7553, #7554 );
#5901 = VERTEX_POINT( '', #7555 );
#5902 = LINE( '', #7556, #7557 );
#5903 = LINE( '', #7558, #7559 );
#5904 = FILL_AREA_STYLE_COLOUR( '', #7560 );
#5905 = VERTEX_POINT( '', #7561 );
#5906 = LINE( '', #7562, #7563 );
#5907 = VERTEX_POINT( '', #7564 );
#5908 = B_SPLINE_CURVE_WITH_KNOTS( '', 3, ( #7565, #7566, #7567, #7568, #7569, #7570, #7571, #7572, #7573, #7574, #7575, #7576, #7577, #7578, #7579, #7580 ), .UNSPECIFIED., .F., .F., ( 4, 3, 3, 3, 3, 4 ), ( 0.000000000000000, 0.104760881905871, 0.209695628877779, 0.262035527410801, 0.314299291805427, 0.418904337184188 ), .UNSPECIFIED. );
#5909 = VERTEX_POINT( '', #7581 );
#5910 = ELLIPSE( '', #7582, 0.638506663500000, 0.600000000000000 );
#5911 = VERTEX_POINT( '', #7583 );
#5912 = LINE( '', #7584, #7585 );
#5913 = ELLIPSE( '', #7586, 0.638506663500000, 0.600000000000000 );
#5914 = FILL_AREA_STYLE_COLOUR( '', #7587 );
#5915 = VERTEX_POINT( '', #7588 );
#5916 = VERTEX_POINT( '', #7589 );
#5917 = LINE( '', #7590, #7591 );
#5918 = VERTEX_POINT( '', #7592 );
#5919 = LINE( '', #7593, #7594 );
#5920 = VERTEX_POINT( '', #7595 );
#5921 = LINE( '', #7596, #7597 );
#5922 = LINE( '', #7598, #7599 );
#5923 = FILL_AREA_STYLE_COLOUR( '', #7600 );
#5924 = VERTEX_POINT( '', #7601 );
#5925 = VERTEX_POINT( '', #7602 );
#5926 = LINE( '', #7603, #7604 );
#5927 = VERTEX_POINT( '', #7605 );
#5928 = LINE( '', #7606, #7607 );
#5929 = VERTEX_POINT( '', #7608 );
#5930 = LINE( '', #7609, #7610 );
#5931 = LINE( '', #7611, #7612 );
#5932 = FILL_AREA_STYLE_COLOUR( '', #7613 );
#5933 = VERTEX_POINT( '', #7614 );
#5934 = LINE( '', #7615, #7616 );
#5935 = LINE( '', #7617, #7618 );
#5936 = VERTEX_POINT( '', #7619 );
#5937 = LINE( '', #7620, #7621 );
#5938 = VERTEX_POINT( '', #7622 );
#5939 = LINE( '', #7623, #7624 );
#5940 = VERTEX_POINT( '', #7625 );
#5941 = LINE( '', #7626, #7627 );
#5942 = CIRCLE( '', #7628, 3.70000000000000 );
#5943 = FILL_AREA_STYLE_COLOUR( '', #7629 );
#5944 = VERTEX_POINT( '', #7630 );
#5945 = LINE( '', #7631, #7632 );
#5946 = VERTEX_POINT( '', #7633 );
#5947 = LINE( '', #7634, #7635 );
#5948 = LINE( '', #7636, #7637 );
#5949 = FILL_AREA_STYLE_COLOUR( '', #7638 );
#5950 = VERTEX_POINT( '', #7639 );
#5951 = LINE( '', #7640, #7641 );
#5952 = LINE( '', #7642, #7643 );
#5953 = FILL_AREA_STYLE_COLOUR( '', #7644 );
#5954 = VERTEX_POINT( '', #7645 );
#5955 = VERTEX_POINT( '', #7646 );
#5956 = CIRCLE( '', #7647, 3.70000000000000 );
#5957 = VERTEX_POINT( '', #7648 );
#5958 = LINE( '', #7649, #7650 );
#5959 = VERTEX_POINT( '', #7651 );
#5960 = LINE( '', #7652, #7653 );
#5961 = VERTEX_POINT( '', #7654 );
#5962 = LINE( '', #7655, #7656 );
#5963 = LINE( '', #7657, #7658 );
#5964 = FILL_AREA_STYLE_COLOUR( '', #7659 );
#5965 = VERTEX_POINT( '', #7660 );
#5966 = VERTEX_POINT( '', #7661 );
#5967 = LINE( '', #7662, #7663 );
#5968 = LINE( '', #7664, #7665 );
#5969 = VERTEX_POINT( '', #7666 );
#5970 = LINE( '', #7667, #7668 );
#5971 = VERTEX_POINT( '', #7669 );
#5972 = LINE( '', #7670, #7671 );
#5973 = VERTEX_POINT( '', #7672 );
#5974 = LINE( '', #7673, #7674 );
#5975 = VERTEX_POINT( '', #7675 );
#5976 = LINE( '', #7676, #7677 );
#5977 = VERTEX_POINT( '', #7678 );
#5978 = LINE( '', #7679, #7680 );
#5979 = VERTEX_POINT( '', #7681 );
#5980 = LINE( '', #7682, #7683 );
#5981 = VERTEX_POINT( '', #7684 );
#5982 = LINE( '', #7685, #7686 );
#5983 = VERTEX_POINT( '', #7687 );
#5984 = LINE( '', #7688, #7689 );
#5985 = LINE( '', #7690, #7691 );
#5986 = LINE( '', #7692, #7693 );
#5987 = LINE( '', #7694, #7695 );
#5988 = VERTEX_POINT( '', #7696 );
#5989 = LINE( '', #7697, #7698 );
#5990 = VERTEX_POINT( '', #7699 );
#5991 = LINE( '', #7700, #7701 );
#5992 = VERTEX_POINT( '', #7702 );
#5993 = LINE( '', #7703, #7704 );
#5994 = VERTEX_POINT( '', #7705 );
#5995 = LINE( '', #7706, #7707 );
#5996 = VERTEX_POINT( '', #7708 );
#5997 = LINE( '', #7709, #7710 );
#5998 = VERTEX_POINT( '', #7711 );
#5999 = LINE( '', #7712, #7713 );
#6000 = VERTEX_POINT( '', #7714 );
#6001 = LINE( '', #7715, #7716 );
#6002 = VERTEX_POINT( '', #7717 );
#6003 = LINE( '', #7718, #7719 );
#6004 = VERTEX_POINT( '', #7720 );
#6005 = LINE( '', #7721, #7722 );
#6006 = VERTEX_POINT( '', #7723 );
#6007 = LINE( '', #7724, #7725 );
#6008 = VERTEX_POINT( '', #7726 );
#6009 = LINE( '', #7727, #7728 );
#6010 = VERTEX_POINT( '', #7729 );
#6011 = LINE( '', #7730, #7731 );
#6012 = VERTEX_POINT( '', #7732 );
#6013 = LINE( '', #7733, #7734 );
#6014 = VERTEX_POINT( '', #7735 );
#6015 = LINE( '', #7736, #7737 );
#6016 = VERTEX_POINT( '', #7738 );
#6017 = LINE( '', #7739, #7740 );
#6018 = VERTEX_POINT( '', #7741 );
#6019 = LINE( '', #7742, #7743 );
#6020 = VERTEX_POINT( '', #7744 );
#6021 = LINE( '', #7745, #7746 );
#6022 = VERTEX_POINT( '', #7747 );
#6023 = LINE( '', #7748, #7749 );
#6024 = VERTEX_POINT( '', #7750 );
#6025 = LINE( '', #7751, #7752 );
#6026 = LINE( '', #7753, #7754 );
#6027 = LINE( '', #7755, #7756 );
#6028 = LINE( '', #7757, #7758 );
#6029 = VERTEX_POINT( '', #7759 );
#6030 = LINE( '', #7760, #7761 );
#6031 = VERTEX_POINT( '', #7762 );
#6032 = LINE( '', #7763, #7764 );
#6033 = LINE( '', #7765, #7766 );
#6034 = FILL_AREA_STYLE_COLOUR( '', #7767 );
#6035 = VERTEX_POINT( '', #7768 );
#6036 = CIRCLE( '', #7769, 0.400000000000000 );
#6037 = VERTEX_POINT( '', #7770 );
#6038 = LINE( '', #7771, #7772 );
#6039 = VERTEX_POINT( '', #7773 );
#6040 = ELLIPSE( '', #7774, 1.16952176010000, 0.400000000000000 );
#6041 = B_SPLINE_CURVE_WITH_KNOTS( '', 3, ( #7775, #7776, #7777, #7778, #7779, #7780, #7781, #7782, #7783, #7784, #7785, #7786, #7787, #7788, #7789, #7790 ), .UNSPECIFIED., .F., .F., ( 4, 3, 3, 3, 3, 4 ), ( 0.000000000000000, 0.104760881905873, 0.209695628877781, 0.262035527410802, 0.314299291805427, 0.418904337184183 ), .UNSPECIFIED. );
#6042 = FILL_AREA_STYLE_COLOUR( '', #7791 );
#6043 = B_SPLINE_CURVE_WITH_KNOTS( '', 3, ( #7792, #7793, #7794, #7795, #7796, #7797, #7798, #7799, #7800, #7801, #7802, #7803, #7804, #7805, #7806, #7807 ), .UNSPECIFIED., .F., .F., ( 4, 3, 3, 3, 3, 4 ), ( 0.000000000000000, 0.104760881905856, 0.209695628877755, 0.262035527410800, 0.314299291805428, 0.418904337184184 ), .UNSPECIFIED. );
#6044 = VERTEX_POINT( '', #7808 );
#6045 = LINE( '', #7809, #7810 );
#6046 = ELLIPSE( '', #7811, 0.638506663500000, 0.600000000000000 );
#6047 = FILL_AREA_STYLE_COLOUR( '', #7812 );
#6048 = VERTEX_POINT( '', #7813 );
#6049 = LINE( '', #7814, #7815 );
#6050 = VERTEX_POINT( '', #7816 );
#6051 = LINE( '', #7817, #7818 );
#6052 = LINE( '', #7819, #7820 );
#6053 = FILL_AREA_STYLE_COLOUR( '', #7821 );
#6054 = VERTEX_POINT( '', #7822 );
#6055 = LINE( '', #7823, #7824 );
#6056 = LINE( '', #7825, #7826 );
#6057 = VERTEX_POINT( '', #7827 );
#6058 = LINE( '', #7828, #7829 );
#6059 = LINE( '', #7830, #7831 );
#6060 = FILL_AREA_STYLE_COLOUR( '', #7832 );
#6061 = LINE( '', #7833, #7834 );
#6062 = LINE( '', #7835, #7836 );
#6063 = FILL_AREA_STYLE_COLOUR( '', #7837 );
#6064 = VERTEX_POINT( '', #7838 );
#6065 = VERTEX_POINT( '', #7839 );
#6066 = LINE( '', #7840, #7841 );
#6067 = VERTEX_POINT( '', #7842 );
#6068 = LINE( '', #7843, #7844 );
#6069 = VERTEX_POINT( '', #7845 );
#6070 = LINE( '', #7846, #7847 );
#6071 = LINE( '', #7848, #7849 );
#6072 = LINE( '', #7850, #7851 );
#6073 = FILL_AREA_STYLE_COLOUR( '', #7852 );
#6074 = VERTEX_POINT( '', #7853 );
#6075 = LINE( '', #7854, #7855 );
#6076 = LINE( '', #7856, #7857 );
#6077 = FILL_AREA_STYLE_COLOUR( '', #7858 );
#6078 = VERTEX_POINT( '', #7859 );
#6079 = LINE( '', #7860, #7861 );
#6080 = VERTEX_POINT( '', #7862 );
#6081 = LINE( '', #7863, #7864 );
#6082 = LINE( '', #7865, #7866 );
#6083 = FILL_AREA_STYLE_COLOUR( '', #7867 );
#6084 = VERTEX_POINT( '', #7868 );
#6085 = VERTEX_POINT( '', #7869 );
#6086 = LINE( '', #7870, #7871 );
#6087 = VERTEX_POINT( '', #7872 );
#6088 = B_SPLINE_CURVE_WITH_KNOTS( '', 3, ( #7873, #7874, #7875, #7876, #7877, #7878, #7879, #7880, #7881, #7882, #7883, #7884, #7885, #7886, #7887, #7888 ), .UNSPECIFIED., .F., .F., ( 4, 3, 3, 3, 3, 4 ), ( 0.000000000000000, 0.104760881905873, 0.209695628877780, 0.262035527410800, 0.314299291805420, 0.418904337184180 ), .UNSPECIFIED. );
#6089 = VERTEX_POINT( '', #7889 );
#6090 = ELLIPSE( '', #7890, 0.638506663500000, 0.600000000000000 );
#6091 = LINE( '', #7891, #7892 );
#6092 = B_SPLINE_CURVE_WITH_KNOTS( '', 3, ( #7893, #7894, #7895, #7896, #7897, #7898, #7899, #7900, #7901, #7902, #7903, #7904, #7905, #7906, #7907, #7908 ), .UNSPECIFIED., .F., .F., ( 4, 3, 3, 3, 3, 4 ), ( 0.000000000000000, 0.104605045378758, 0.156868809773383, 0.209208708306409, 0.314143455278310, 0.418904337184183 ), .UNSPECIFIED. );
#6093 = FILL_AREA_STYLE_COLOUR( '', #7909 );
#6094 = VERTEX_POINT( '', #7910 );
#6095 = LINE( '', #7911, #7912 );
#6096 = LINE( '', #7913, #7914 );
#6097 = FILL_AREA_STYLE_COLOUR( '', #7915 );
#6098 = VERTEX_POINT( '', #7916 );
#6099 = LINE( '', #7917, #7918 );
#6100 = VERTEX_POINT( '', #7919 );
#6101 = LINE( '', #7920, #7921 );
#6102 = LINE( '', #7922, #7923 );
#6103 = FILL_AREA_STYLE_COLOUR( '', #7924 );
#6104 = VERTEX_POINT( '', #7925 );
#6105 = LINE( '', #7926, #7927 );
#6106 = LINE( '', #7928, #7929 );
#6107 = LINE( '', #7930, #7931 );
#6108 = FILL_AREA_STYLE_COLOUR( '', #7932 );
#6109 = VERTEX_POINT( '', #7933 );
#6110 = LINE( '', #7934, #7935 );
#6111 = VERTEX_POINT( '', #7936 );
#6112 = LINE( '', #7937, #7938 );
#6113 = VERTEX_POINT( '', #7939 );
#6114 = LINE( '', #7940, #7941 );
#6115 = VERTEX_POINT( '', #7942 );
#6116 = LINE( '', #7943, #7944 );
#6117 = VERTEX_POINT( '', #7945 );
#6118 = LINE( '', #7946, #7947 );
#6119 = VERTEX_POINT( '', #7948 );
#6120 = LINE( '', #7949, #7950 );
#6121 = LINE( '', #7951, #7952 );
#6122 = FILL_AREA_STYLE_COLOUR( '', #7953 );
#6123 = LINE( '', #7954, #7955 );
#6124 = FILL_AREA_STYLE_COLOUR( '', #7956 );
#6125 = VERTEX_POINT( '', #7957 );
#6126 = VERTEX_POINT( '', #7958 );
#6127 = LINE( '', #7959, #7960 );
#6128 = VERTEX_POINT( '', #7961 );
#6129 = LINE( '', #7962, #7963 );
#6130 = VERTEX_POINT( '', #7964 );
#6131 = LINE( '', #7965, #7966 );
#6132 = LINE( '', #7967, #7968 );
#6133 = FILL_AREA_STYLE_COLOUR( '', #7969 );
#6134 = VERTEX_POINT( '', #7970 );
#6135 = VERTEX_POINT( '', #7971 );
#6136 = LINE( '', #7972, #7973 );
#6137 = VERTEX_POINT( '', #7974 );
#6138 = LINE( '', #7975, #7976 );
#6139 = VERTEX_POINT( '', #7977 );
#6140 = LINE( '', #7978, #7979 );
#6141 = LINE( '', #7980, #7981 );
#6142 = FILL_AREA_STYLE_COLOUR( '', #7982 );
#6143 = LINE( '', #7983, #7984 );
#6144 = LINE( '', #7985, #7986 );
#6145 = FILL_AREA_STYLE_COLOUR( '', #7987 );
#6146 = VERTEX_POINT( '', #7988 );
#6147 = LINE( '', #7989, #7990 );
#6148 = VERTEX_POINT( '', #7991 );
#6149 = LINE( '', #7992, #7993 );
#6150 = VERTEX_POINT( '', #7994 );
#6151 = LINE( '', #7995, #7996 );
#6152 = VERTEX_POINT( '', #7997 );
#6153 = LINE( '', #7998, #7999 );
#6154 = LINE( '', #8000, #8001 );
#6155 = FILL_AREA_STYLE_COLOUR( '', #8002 );
#6156 = VERTEX_POINT( '', #8003 );
#6157 = CIRCLE( '', #8004, 0.200000000000000 );
#6158 = VERTEX_POINT( '', #8005 );
#6159 = LINE( '', #8006, #8007 );
#6160 = ELLIPSE( '', #8008, 0.282842712500000, 0.200000000000000 );
#6161 = FILL_AREA_STYLE_COLOUR( '', #8009 );
#6162 = VERTEX_POINT( '', #8010 );
#6163 = VERTEX_POINT( '', #8011 );
#6164 = LINE( '', #8012, #8013 );
#6165 = VERTEX_POINT( '', #8014 );
#6166 = LINE( '', #8015, #8016 );
#6167 = VERTEX_POINT( '', #8017 );
#6168 = LINE( '', #8018, #8019 );
#6169 = VERTEX_POINT( '', #8020 );
#6170 = LINE( '', #8021, #8022 );
#6171 = VERTEX_POINT( '', #8023 );
#6172 = LINE( '', #8024, #8025 );
#6173 = LINE( '', #8026, #8027 );
#6174 = FILL_AREA_STYLE_COLOUR( '', #8028 );
#6175 = LINE( '', #8029, #8030 );
#6176 = LINE( '', #8031, #8032 );
#6177 = FILL_AREA_STYLE_COLOUR( '', #8033 );
#6178 = VERTEX_POINT( '', #8034 );
#6179 = LINE( '', #8035, #8036 );
#6180 = VERTEX_POINT( '', #8037 );
#6181 = LINE( '', #8038, #8039 );
#6182 = LINE( '', #8040, #8041 );
#6183 = FILL_AREA_STYLE_COLOUR( '', #8042 );
#6184 = VERTEX_POINT( '', #8043 );
#6185 = VERTEX_POINT( '', #8044 );
#6186 = LINE( '', #8045, #8046 );
#6187 = VERTEX_POINT( '', #8047 );
#6188 = LINE( '', #8048, #8049 );
#6189 = VERTEX_POINT( '', #8050 );
#6190 = LINE( '', #8051, #8052 );
#6191 = LINE( '', #8053, #8054 );
#6192 = FILL_AREA_STYLE_COLOUR( '', #8055 );
#6193 = VERTEX_POINT( '', #8056 );
#6194 = ELLIPSE( '', #8057, 0.638506663500000, 0.600000000000000 );
#6195 = LINE( '', #8058, #8059 );
#6196 = FILL_AREA_STYLE_COLOUR( '', #8060 );
#6197 = VERTEX_POINT( '', #8061 );
#6198 = LINE( '', #8062, #8063 );
#6199 = VERTEX_POINT( '', #8064 );
#6200 = LINE( '', #8065, #8066 );
#6201 = LINE( '', #8067, #8068 );
#6202 = FILL_AREA_STYLE_COLOUR( '', #8069 );
#6203 = VERTEX_POINT( '', #8070 );
#6204 = VERTEX_POINT( '', #8071 );
#6205 = LINE( '', #8072, #8073 );
#6206 = LINE( '', #8074, #8075 );
#6207 = LINE( '', #8076, #8077 );
#6208 = FILL_AREA_STYLE_COLOUR( '', #8078 );
#6209 = VERTEX_POINT( '', #8079 );
#6210 = ELLIPSE( '', #8080, 0.638506663500000, 0.600000000000000 );
#6211 = VERTEX_POINT( '', #8081 );
#6212 = LINE( '', #8082, #8083 );
#6213 = ELLIPSE( '', #8084, 0.638506663500000, 0.600000000000000 );
#6214 = FILL_AREA_STYLE_COLOUR( '', #8085 );
#6215 = LINE( '', #8086, #8087 );
#6216 = LINE( '', #8088, #8089 );
#6217 = FILL_AREA_STYLE_COLOUR( '', #8090 );
#6218 = VERTEX_POINT( '', #8091 );
#6219 = VERTEX_POINT( '', #8092 );
#6220 = LINE( '', #8093, #8094 );
#6221 = LINE( '', #8095, #8096 );
#6222 = LINE( '', #8097, #8098 );
#6223 = FILL_AREA_STYLE_COLOUR( '', #8099 );
#6224 = VERTEX_POINT( '', #8100 );
#6225 = LINE( '', #8101, #8102 );
#6226 = ELLIPSE( '', #8103, 0.638506663500000, 0.600000000000000 );
#6227 = FILL_AREA_STYLE_COLOUR( '', #8104 );
#6228 = LINE( '', #8105, #8106 );
#6229 = VERTEX_POINT( '', #8107 );
#6230 = LINE( '', #8108, #8109 );
#6231 = LINE( '', #8110, #8111 );
#6232 = FILL_AREA_STYLE_COLOUR( '', #8112 );
#6233 = VERTEX_POINT( '', #8113 );
#6234 = LINE( '', #8114, #8115 );
#6235 = VERTEX_POINT( '', #8116 );
#6236 = LINE( '', #8117, #8118 );
#6237 = VERTEX_POINT( '', #8119 );
#6238 = CIRCLE( '', #8120, 2.35074787290000 );
#6239 = VERTEX_POINT( '', #8121 );
#6240 = LINE( '', #8122, #8123 );
#6241 = LINE( '', #8124, #8125 );
#6242 = FILL_AREA_STYLE_COLOUR( '', #8126 );
#6243 = VERTEX_POINT( '', #8127 );
#6244 = LINE( '', #8128, #8129 );
#6245 = LINE( '', #8130, #8131 );
#6246 = FILL_AREA_STYLE_COLOUR( '', #8132 );
#6247 = VERTEX_POINT( '', #8133 );
#6248 = LINE( '', #8134, #8135 );
#6249 = VERTEX_POINT( '', #8136 );
#6250 = LINE( '', #8137, #8138 );
#6251 = LINE( '', #8139, #8140 );
#6252 = FILL_AREA_STYLE_COLOUR( '', #8141 );
#6253 = VERTEX_POINT( '', #8142 );
#6254 = LINE( '', #8143, #8144 );
#6255 = LINE( '', #8145, #8146 );
#6256 = FILL_AREA_STYLE_COLOUR( '', #8147 );
#6257 = LINE( '', #8148, #8149 );
#6258 = FILL_AREA_STYLE_COLOUR( '', #8150 );
#6259 = LINE( '', #8151, #8152 );
#6260 = FILL_AREA_STYLE_COLOUR( '', #8153 );
#6261 = VERTEX_POINT( '', #8154 );
#6262 = LINE( '', #8155, #8156 );
#6263 = LINE( '', #8157, #8158 );
#6264 = FILL_AREA_STYLE_COLOUR( '', #8159 );
#6265 = VERTEX_POINT( '', #8160 );
#6266 = LINE( '', #8161, #8162 );
#6267 = VERTEX_POINT( '', #8163 );
#6268 = LINE( '', #8164, #8165 );
#6269 = LINE( '', #8166, #8167 );
#6270 = FILL_AREA_STYLE_COLOUR( '', #8168 );
#6271 = VERTEX_POINT( '', #8169 );
#6272 = VERTEX_POINT( '', #8170 );
#6273 = LINE( '', #8171, #8172 );
#6274 = LINE( '', #8173, #8174 );
#6275 = VERTEX_POINT( '', #8175 );
#6276 = LINE( '', #8176, #8177 );
#6277 = VERTEX_POINT( '', #8178 );
#6278 = LINE( '', #8179, #8180 );
#6279 = LINE( '', #8181, #8182 );
#6280 = FILL_AREA_STYLE_COLOUR( '', #8183 );
#6281 = VERTEX_POINT( '', #8184 );
#6282 = LINE( '', #8185, #8186 );
#6283 = LINE( '', #8187, #8188 );
#6284 = FILL_AREA_STYLE_COLOUR( '', #8189 );
#6285 = VERTEX_POINT( '', #8190 );
#6286 = VERTEX_POINT( '', #8191 );
#6287 = LINE( '', #8192, #8193 );
#6288 = VERTEX_POINT( '', #8194 );
#6289 = LINE( '', #8195, #8196 );
#6290 = VERTEX_POINT( '', #8197 );
#6291 = LINE( '', #8198, #8199 );
#6292 = LINE( '', #8200, #8201 );
#6293 = LINE( '', #8202, #8203 );
#6294 = FILL_AREA_STYLE_COLOUR( '', #8204 );
#6295 = LINE( '', #8205, #8206 );
#6296 = FILL_AREA_STYLE_COLOUR( '', #8207 );
#6297 = VERTEX_POINT( '', #8208 );
#6298 = LINE( '', #8209, #8210 );
#6299 = LINE( '', #8211, #8212 );
#6300 = FILL_AREA_STYLE_COLOUR( '', #8213 );
#6301 = LINE( '', #8214, #8215 );
#6302 = FILL_AREA_STYLE_COLOUR( '', #8216 );
#6303 = VERTEX_POINT( '', #8217 );
#6304 = VERTEX_POINT( '', #8218 );
#6305 = LINE( '', #8219, #8220 );
#6306 = VERTEX_POINT( '', #8221 );
#6307 = LINE( '', #8222, #8223 );
#6308 = LINE( '', #8224, #8225 );
#6309 = LINE( '', #8226, #8227 );
#6310 = LINE( '', #8228, #8229 );
#6311 = FILL_AREA_STYLE_COLOUR( '', #8230 );
#6312 = VERTEX_POINT( '', #8231 );
#6313 = LINE( '', #8232, #8233 );
#6314 = VERTEX_POINT( '', #8234 );
#6315 = LINE( '', #8235, #8236 );
#6316 = LINE( '', #8237, #8238 );
#6317 = LINE( '', #8239, #8240 );
#6318 = FILL_AREA_STYLE_COLOUR( '', #8241 );
#6319 = LINE( '', #8242, #8243 );
#6320 = LINE( '', #8244, #8245 );
#6321 = FILL_AREA_STYLE_COLOUR( '', #8246 );
#6322 = VERTEX_POINT( '', #8247 );
#6323 = VERTEX_POINT( '', #8248 );
#6324 = LINE( '', #8249, #8250 );
#6325 = ELLIPSE( '', #8251, 0.638506663500000, 0.600000000000000 );
#6326 = VERTEX_POINT( '', #8252 );
#6327 = B_SPLINE_CURVE_WITH_KNOTS( '', 3, ( #8253, #8254, #8255, #8256, #8257, #8258, #8259, #8260, #8261, #8262, #8263, #8264, #8265, #8266, #8267, #8268 ), .UNSPECIFIED., .F., .F., ( 4, 3, 3, 3, 3, 4 ), ( 0.000000000000000, 0.104760881905871, 0.209695628877767, 0.262035527410792, 0.314299291805414, 0.418904337184175 ), .UNSPECIFIED. );
#6328 = ELLIPSE( '', #8269, 0.638506663500000, 0.600000000000000 );
#6329 = FILL_AREA_STYLE_COLOUR( '', #8270 );
#6330 = VERTEX_POINT( '', #8271 );
#6331 = VERTEX_POINT( '', #8272 );
#6332 = LINE( '', #8273, #8274 );
#6333 = VERTEX_POINT( '', #8275 );
#6334 = LINE( '', #8276, #8277 );
#6335 = VERTEX_POINT( '', #8278 );
#6336 = LINE( '', #8279, #8280 );
#6337 = LINE( '', #8281, #8282 );
#6338 = FILL_AREA_STYLE_COLOUR( '', #8283 );
#6339 = LINE( '', #8284, #8285 );
#6340 = ELLIPSE( '', #8286, 1.16952176010000, 0.400000000000000 );
#6341 = FILL_AREA_STYLE_COLOUR( '', #8287 );
#6342 = VERTEX_POINT( '', #8288 );
#6343 = CIRCLE( '', #8289, 3.70000000000000 );
#6344 = LINE( '', #8290, #8291 );
#6345 = CIRCLE( '', #8292, 3.70000000000000 );
#6346 = FILL_AREA_STYLE_COLOUR( '', #8293 );
#6347 = VERTEX_POINT( '', #8294 );
#6348 = VERTEX_POINT( '', #8295 );
#6349 = LINE( '', #8296, #8297 );
#6350 = VERTEX_POINT( '', #8298 );
#6351 = LINE( '', #8299, #8300 );
#6352 = VERTEX_POINT( '', #8301 );
#6353 = LINE( '', #8302, #8303 );
#6354 = LINE( '', #8304, #8305 );
#6355 = FILL_AREA_STYLE_COLOUR( '', #8306 );
#6356 = LINE( '', #8307, #8308 );
#6357 = FILL_AREA_STYLE_COLOUR( '', #8309 );
#6358 = ELLIPSE( '', #8310, 1.16952176010000, 0.400000000000000 );
#6359 = CIRCLE( '', #8311, 0.400000000000000 );
#6360 = FILL_AREA_STYLE_COLOUR( '', #8312 );
#6361 = VERTEX_POINT( '', #8313 );
#6362 = CIRCLE( '', #8314, 3.70000000000000 );
#6363 = LINE( '', #8315, #8316 );
#6364 = FILL_AREA_STYLE_COLOUR( '', #8317 );
#6365 = VERTEX_POINT( '', #8318 );
#6366 = LINE( '', #8319, #8320 );
#6367 = LINE( '', #8321, #8322 );
#6368 = FILL_AREA_STYLE_COLOUR( '', #8323 );
#6369 = LINE( '', #8324, #8325 );
#6370 = LINE( '', #8326, #8327 );
#6371 = FILL_AREA_STYLE_COLOUR( '', #8328 );
#6372 = VERTEX_POINT( '', #8329 );
#6373 = VERTEX_POINT( '', #8330 );
#6374 = LINE( '', #8331, #8332 );
#6375 = VERTEX_POINT( '', #8333 );
#6376 = LINE( '', #8334, #8335 );
#6377 = VERTEX_POINT( '', #8336 );
#6378 = LINE( '', #8337, #8338 );
#6379 = LINE( '', #8339, #8340 );
#6380 = FILL_AREA_STYLE_COLOUR( '', #8341 );
#6381 = LINE( '', #8342, #8343 );
#6382 = VERTEX_POINT( '', #8344 );
#6383 = LINE( '', #8345, #8346 );
#6384 = LINE( '', #8347, #8348 );
#6385 = FILL_AREA_STYLE_COLOUR( '', #8349 );
#6386 = VERTEX_POINT( '', #8350 );
#6387 = LINE( '', #8351, #8352 );
#6388 = LINE( '', #8353, #8354 );
#6389 = FILL_AREA_STYLE_COLOUR( '', #8355 );
#6390 = LINE( '', #8356, #8357 );
#6391 = FILL_AREA_STYLE_COLOUR( '', #8358 );
#6392 = VERTEX_POINT( '', #8359 );
#6393 = VERTEX_POINT( '', #8360 );
#6394 = LINE( '', #8361, #8362 );
#6395 = VERTEX_POINT( '', #8363 );
#6396 = LINE( '', #8364, #8365 );
#6397 = VERTEX_POINT( '', #8366 );
#6398 = LINE( '', #8367, #8368 );
#6399 = LINE( '', #8369, #8370 );
#6400 = FILL_AREA_STYLE_COLOUR( '', #8371 );
#6401 = VERTEX_POINT( '', #8372 );
#6402 = LINE( '', #8373, #8374 );
#6403 = LINE( '', #8375, #8376 );
#6404 = FILL_AREA_STYLE_COLOUR( '', #8377 );
#6405 = VERTEX_POINT( '', #8378 );
#6406 = LINE( '', #8379, #8380 );
#6407 = LINE( '', #8381, #8382 );
#6408 = FILL_AREA_STYLE_COLOUR( '', #8383 );
#6409 = VERTEX_POINT( '', #8384 );
#6410 = VERTEX_POINT( '', #8385 );
#6411 = LINE( '', #8386, #8387 );
#6412 = LINE( '', #8388, #8389 );
#6413 = VERTEX_POINT( '', #8390 );
#6414 = LINE( '', #8391, #8392 );
#6415 = LINE( '', #8393, #8394 );
#6416 = FILL_AREA_STYLE_COLOUR( '', #8395 );
#6417 = LINE( '', #8396, #8397 );
#6418 = FILL_AREA_STYLE_COLOUR( '', #8398 );
#6419 = CIRCLE( '', #8399, 0.200000000000000 );
#6420 = FILL_AREA_STYLE_COLOUR( '', #8400 );
#6421 = LINE( '', #8401, #8402 );
#6422 = LINE( '', #8403, #8404 );
#6423 = VERTEX_POINT( '', #8405 );
#6424 = LINE( '', #8406, #8407 );
#6425 = LINE( '', #8408, #8409 );
#6426 = VERTEX_POINT( '', #8410 );
#6427 = LINE( '', #8411, #8412 );
#6428 = VERTEX_POINT( '', #8413 );
#6429 = LINE( '', #8414, #8415 );
#6430 = LINE( '', #8416, #8417 );
#6431 = CIRCLE( '', #8418, 0.400000000000000 );
#6432 = LINE( '', #8419, #8420 );
#6433 = FILL_AREA_STYLE_COLOUR( '', #8421 );
#6434 = LINE( '', #8422, #8423 );
#6435 = FILL_AREA_STYLE_COLOUR( '', #8424 );
#6436 = VERTEX_POINT( '', #8425 );
#6437 = LINE( '', #8426, #8427 );
#6438 = LINE( '', #8428, #8429 );
#6439 = FILL_AREA_STYLE_COLOUR( '', #8430 );
#6440 = VERTEX_POINT( '', #8431 );
#6441 = LINE( '', #8432, #8433 );
#6442 = VERTEX_POINT( '', #8434 );
#6443 = LINE( '', #8435, #8436 );
#6444 = CIRCLE( '', #8437, 0.400000000000000 );
#6445 = VERTEX_POINT( '', #8438 );
#6446 = CIRCLE( '', #8439, 0.400000000000000 );
#6447 = LINE( '', #8440, #8441 );
#6448 = LINE( '', #8442, #8443 );
#6449 = LINE( '', #8444, #8445 );
#6450 = VERTEX_POINT( '', #8446 );
#6451 = LINE( '', #8447, #8448 );
#6452 = LINE( '', #8449, #8450 );
#6453 = FILL_AREA_STYLE_COLOUR( '', #8451 );
#6454 = LINE( '', #8452, #8453 );
#6455 = LINE( '', #8454, #8455 );
#6456 = FILL_AREA_STYLE_COLOUR( '', #8456 );
#6457 = VERTEX_POINT( '', #8457 );
#6458 = LINE( '', #8458, #8459 );
#6459 = VERTEX_POINT( '', #8460 );
#6460 = LINE( '', #8461, #8462 );
#6461 = VERTEX_POINT( '', #8463 );
#6462 = CIRCLE( '', #8464, 3.70000000000000 );
#6463 = LINE( '', #8465, #8466 );
#6464 = CIRCLE( '', #8467, 3.70000000000000 );
#6465 = FILL_AREA_STYLE_COLOUR( '', #8468 );
#6466 = VERTEX_POINT( '', #8469 );
#6467 = LINE( '', #8470, #8471 );
#6468 = VERTEX_POINT( '', #8472 );
#6469 = LINE( '', #8473, #8474 );
#6470 = LINE( '', #8475, #8476 );
#6471 = FILL_AREA_STYLE_COLOUR( '', #8477 );
#6472 = LINE( '', #8478, #8479 );
#6473 = LINE( '', #8480, #8481 );
#6474 = FILL_AREA_STYLE_COLOUR( '', #8482 );
#6475 = VERTEX_POINT( '', #8483 );
#6476 = LINE( '', #8484, #8485 );
#6477 = VERTEX_POINT( '', #8486 );
#6478 = LINE( '', #8487, #8488 );
#6479 = LINE( '', #8489, #8490 );
#6480 = FILL_AREA_STYLE_COLOUR( '', #8491 );
#6481 = VERTEX_POINT( '', #8492 );
#6482 = LINE( '', #8493, #8494 );
#6483 = VERTEX_POINT( '', #8495 );
#6484 = CIRCLE( '', #8496, 2.35074787290000 );
#6485 = LINE( '', #8497, #8498 );
#6486 = FILL_AREA_STYLE_COLOUR( '', #8499 );
#6487 = VERTEX_POINT( '', #8500 );
#6488 = VERTEX_POINT( '', #8501 );
#6489 = LINE( '', #8502, #8503 );
#6490 = LINE( '', #8504, #8505 );
#6491 = LINE( '', #8506, #8507 );
#6492 = FILL_AREA_STYLE_COLOUR( '', #8508 );
#6493 = VERTEX_POINT( '', #8509 );
#6494 = LINE( '', #8510, #8511 );
#6495 = LINE( '', #8512, #8513 );
#6496 = FILL_AREA_STYLE_COLOUR( '', #8514 );
#6497 = CIRCLE( '', #8515, 0.200000000000000 );
#6498 = FILL_AREA_STYLE_COLOUR( '', #8516 );
#6499 = VERTEX_POINT( '', #8517 );
#6500 = LINE( '', #8518, #8519 );
#6501 = LINE( '', #8520, #8521 );
#6502 = FILL_AREA_STYLE_COLOUR( '', #8522 );
#6503 = LINE( '', #8523, #8524 );
#6504 = FILL_AREA_STYLE_COLOUR( '', #8525 );
#6505 = VERTEX_POINT( '', #8526 );
#6506 = ELLIPSE( '', #8527, 0.638506663500000, 0.600000000000000 );
#6507 = B_SPLINE_CURVE_WITH_KNOTS( '', 3, ( #8528, #8529, #8530, #8531, #8532, #8533, #8534, #8535, #8536, #8537, #8538, #8539, #8540, #8541, #8542, #8543 ), .UNSPECIFIED., .F., .F., ( 4, 3, 3, 3, 3, 4 ), ( 0.000000000000000, 0.104605045378763, 0.156868809773390, 0.209208708306410, 0.314143455278314, 0.418904337184185 ), .UNSPECIFIED. );
#6508 = VERTEX_POINT( '', #8544 );
#6509 = B_SPLINE_CURVE_WITH_KNOTS( '', 3, ( #8545, #8546, #8547, #8548, #8549, #8550, #8551, #8552, #8553, #8554, #8555, #8556, #8557, #8558, #8559, #8560 ), .UNSPECIFIED., .F., .F., ( 4, 3, 3, 3, 3, 4 ), ( 0.000000000000000, 0.104760881905872, 0.209695628877768, 0.262035527410791, 0.314299291805414, 0.418904337184173 ), .UNSPECIFIED. );
#6510 = ELLIPSE( '', #8561, 0.638506663500000, 0.600000000000000 );
#6511 = FILL_AREA_STYLE_COLOUR( '', #8562 );
#6512 = VERTEX_POINT( '', #8563 );
#6513 = LINE( '', #8564, #8565 );
#6514 = LINE( '', #8566, #8567 );
#6515 = FILL_AREA_STYLE_COLOUR( '', #8568 );
#6516 = LINE( '', #8569, #8570 );
#6517 = FILL_AREA_STYLE_COLOUR( '', #8571 );
#6518 = LINE( '', #8572, #8573 );
#6519 = LINE( '', #8574, #8575 );
#6520 = FILL_AREA_STYLE_COLOUR( '', #8576 );
#6521 = VERTEX_POINT( '', #8577 );
#6522 = LINE( '', #8578, #8579 );
#6523 = LINE( '', #8580, #8581 );
#6524 = FILL_AREA_STYLE_COLOUR( '', #8582 );
#6525 = LINE( '', #8583, #8584 );
#6526 = FILL_AREA_STYLE_COLOUR( '', #8585 );
#6527 = VERTEX_POINT( '', #8586 );
#6528 = LINE( '', #8587, #8588 );
#6529 = VERTEX_POINT( '', #8589 );
#6530 = CIRCLE( '', #8590, 3.70000000000000 );
#6531 = VERTEX_POINT( '', #8591 );
#6532 = LINE( '', #8592, #8593 );
#6533 = CIRCLE( '', #8594, 3.70000000000000 );
#6534 = FILL_AREA_STYLE_COLOUR( '', #8595 );
#6535 = VERTEX_POINT( '', #8596 );
#6536 = VERTEX_POINT( '', #8597 );
#6537 = LINE( '', #8598, #8599 );
#6538 = VERTEX_POINT( '', #8600 );
#6539 = LINE( '', #8601, #8602 );
#6540 = VERTEX_POINT( '', #8603 );
#6541 = LINE( '', #8604, #8605 );
#6542 = VERTEX_POINT( '', #8606 );
#6543 = LINE( '', #8607, #8608 );
#6544 = LINE( '', #8609, #8610 );
#6545 = LINE( '', #8611, #8612 );
#6546 = FILL_AREA_STYLE_COLOUR( '', #8613 );
#6547 = LINE( '', #8614, #8615 );
#6548 = FILL_AREA_STYLE_COLOUR( '', #8616 );
#6549 = VERTEX_POINT( '', #8617 );
#6550 = LINE( '', #8618, #8619 );
#6551 = VERTEX_POINT( '', #8620 );
#6552 = LINE( '', #8621, #8622 );
#6553 = LINE( '', #8623, #8624 );
#6554 = FILL_AREA_STYLE_COLOUR( '', #8625 );
#6555 = FILL_AREA_STYLE_COLOUR( '', #8626 );
#6556 = VERTEX_POINT( '', #8627 );
#6557 = VERTEX_POINT( '', #8628 );
#6558 = LINE( '', #8629, #8630 );
#6559 = LINE( '', #8631, #8632 );
#6560 = LINE( '', #8633, #8634 );
#6561 = FILL_AREA_STYLE_COLOUR( '', #8635 );
#6562 = VERTEX_POINT( '', #8636 );
#6563 = LINE( '', #8637, #8638 );
#6564 = VERTEX_POINT( '', #8639 );
#6565 = LINE( '', #8640, #8641 );
#6566 = LINE( '', #8642, #8643 );
#6567 = FILL_AREA_STYLE_COLOUR( '', #8644 );
#6568 = LINE( '', #8645, #8646 );
#6569 = LINE( '', #8647, #8648 );
#6570 = LINE( '', #8649, #8650 );
#6571 = FILL_AREA_STYLE_COLOUR( '', #8651 );
#6572 = LINE( '', #8652, #8653 );
#6573 = FILL_AREA_STYLE_COLOUR( '', #8654 );
#6574 = LINE( '', #8655, #8656 );
#6575 = FILL_AREA_STYLE_COLOUR( '', #8657 );
#6576 = LINE( '', #8658, #8659 );
#6577 = LINE( '', #8660, #8661 );
#6578 = FILL_AREA_STYLE_COLOUR( '', #8662 );
#6579 = LINE( '', #8663, #8664 );
#6580 = FILL_AREA_STYLE_COLOUR( '', #8665 );
#6581 = LINE( '', #8666, #8667 );
#6582 = FILL_AREA_STYLE_COLOUR( '', #8668 );
#6583 = LINE( '', #8669, #8670 );
#6584 = FILL_AREA_STYLE_COLOUR( '', #8671 );
#6585 = LINE( '', #8672, #8673 );
#6586 = LINE( '', #8674, #8675 );
#6587 = FILL_AREA_STYLE_COLOUR( '', #8676 );
#6588 = LINE( '', #8677, #8678 );
#6589 = FILL_AREA_STYLE_COLOUR( '', #8679 );
#6590 = LINE( '', #8680, #8681 );
#6591 = FILL_AREA_STYLE_COLOUR( '', #8682 );
#6592 = VERTEX_POINT( '', #8683 );
#6593 = LINE( '', #8684, #8685 );
#6594 = LINE( '', #8686, #8687 );
#6595 = FILL_AREA_STYLE_COLOUR( '', #8688 );
#6596 = LINE( '', #8689, #8690 );
#6597 = LINE( '', #8691, #8692 );
#6598 = FILL_AREA_STYLE_COLOUR( '', #8693 );
#6599 = VERTEX_POINT( '', #8694 );
#6600 = LINE( '', #8695, #8696 );
#6601 = LINE( '', #8697, #8698 );
#6602 = LINE( '', #8699, #8700 );
#6603 = LINE( '', #8701, #8702 );
#6604 = LINE( '', #8703, #8704 );
#6605 = VERTEX_POINT( '', #8705 );
#6606 = LINE( '', #8706, #8707 );
#6607 = LINE( '', #8708, #8709 );
#6608 = LINE( '', #8710, #8711 );
#6609 = VERTEX_POINT( '', #8712 );
#6610 = LINE( '', #8713, #8714 );
#6611 = LINE( '', #8715, #8716 );
#6612 = FILL_AREA_STYLE_COLOUR( '', #8717 );
#6613 = LINE( '', #8718, #8719 );
#6614 = FILL_AREA_STYLE_COLOUR( '', #8720 );
#6615 = VERTEX_POINT( '', #8721 );
#6616 = LINE( '', #8722, #8723 );
#6617 = LINE( '', #8724, #8725 );
#6618 = FILL_AREA_STYLE_COLOUR( '', #8726 );
#6619 = VERTEX_POINT( '', #8727 );
#6620 = LINE( '', #8728, #8729 );
#6621 = VERTEX_POINT( '', #8730 );
#6622 = LINE( '', #8731, #8732 );
#6623 = LINE( '', #8733, #8734 );
#6624 = FILL_AREA_STYLE_COLOUR( '', #8735 );
#6625 = LINE( '', #8736, #8737 );
#6626 = FILL_AREA_STYLE_COLOUR( '', #8738 );
#6627 = LINE( '', #8739, #8740 );
#6628 = ELLIPSE( '', #8741, 1.16952176010000, 0.400000000000000 );
#6629 = FILL_AREA_STYLE_COLOUR( '', #8742 );
#6630 = LINE( '', #8743, #8744 );
#6631 = VERTEX_POINT( '', #8745 );
#6632 = LINE( '', #8746, #8747 );
#6633 = LINE( '', #8748, #8749 );
#6634 = LINE( '', #8750, #8751 );
#6635 = LINE( '', #8752, #8753 );
#6636 = VERTEX_POINT( '', #8754 );
#6637 = LINE( '', #8755, #8756 );
#6638 = LINE( '', #8757, #8758 );
#6639 = VERTEX_POINT( '', #8759 );
#6640 = LINE( '', #8760, #8761 );
#6641 = LINE( '', #8762, #8763 );
#6642 = LINE( '', #8764, #8765 );
#6643 = VERTEX_POINT( '', #8766 );
#6644 = LINE( '', #8767, #8768 );
#6645 = LINE( '', #8769, #8770 );
#6646 = FILL_AREA_STYLE_COLOUR( '', #8771 );
#6647 = VERTEX_POINT( '', #8772 );
#6648 = LINE( '', #8773, #8774 );
#6649 = LINE( '', #8775, #8776 );
#6650 = FILL_AREA_STYLE_COLOUR( '', #8777 );
#6651 = LINE( '', #8778, #8779 );
#6652 = FILL_AREA_STYLE_COLOUR( '', #8780 );
#6653 = LINE( '', #8781, #8782 );
#6654 = FILL_AREA_STYLE_COLOUR( '', #8783 );
#6655 = LINE( '', #8784, #8785 );
#6656 = FILL_AREA_STYLE_COLOUR( '', #8786 );
#6657 = ELLIPSE( '', #8787, 0.638506663500000, 0.600000000000000 );
#6658 = FILL_AREA_STYLE_COLOUR( '', #8788 );
#6659 = ELLIPSE( '', #8789, 0.638506663500000, 0.600000000000000 );
#6660 = FILL_AREA_STYLE_COLOUR( '', #8790 );
#6661 = VERTEX_POINT( '', #8791 );
#6662 = LINE( '', #8792, #8793 );
#6663 = LINE( '', #8794, #8795 );
#6664 = FILL_AREA_STYLE_COLOUR( '', #8796 );
#6665 = ELLIPSE( '', #8797, 1.16952176010000, 0.400000000000000 );
#6666 = FILL_AREA_STYLE_COLOUR( '', #8798 );
#6667 = FILL_AREA_STYLE_COLOUR( '', #8799 );
#6668 = LINE( '', #8800, #8801 );
#6669 = FILL_AREA_STYLE_COLOUR( '', #8802 );
#6670 = LINE( '', #8803, #8804 );
#6671 = FILL_AREA_STYLE_COLOUR( '', #8805 );
#6672 = FILL_AREA_STYLE_COLOUR( '', #8806 );
#6673 = LINE( '', #8807, #8808 );
#6674 = FILL_AREA_STYLE_COLOUR( '', #8809 );
#6675 = LINE( '', #8810, #8811 );
#6676 = LINE( '', #8812, #8813 );
#6677 = FILL_AREA_STYLE_COLOUR( '', #8814 );
#6678 = LINE( '', #8815, #8816 );
#6679 = LINE( '', #8817, #8818 );
#6680 = LINE( '', #8819, #8820 );
#6681 = VERTEX_POINT( '', #8821 );
#6682 = LINE( '', #8822, #8823 );
#6683 = LINE( '', #8824, #8825 );
#6684 = VERTEX_POINT( '', #8826 );
#6685 = LINE( '', #8827, #8828 );
#6686 = LINE( '', #8829, #8830 );
#6687 = LINE( '', #8831, #8832 );
#6688 = FILL_AREA_STYLE_COLOUR( '', #8833 );
#6689 = LINE( '', #8834, #8835 );
#6690 = FILL_AREA_STYLE_COLOUR( '', #8836 );
#6691 = VERTEX_POINT( '', #8837 );
#6692 = LINE( '', #8838, #8839 );
#6693 = LINE( '', #8840, #8841 );
#6694 = FILL_AREA_STYLE_COLOUR( '', #8842 );
#6695 = LINE( '', #8843, #8844 );
#6696 = FILL_AREA_STYLE_COLOUR( '', #8845 );
#6697 = LINE( '', #8846, #8847 );
#6698 = FILL_AREA_STYLE_COLOUR( '', #8848 );
#6699 = LINE( '', #8849, #8850 );
#6700 = FILL_AREA_STYLE_COLOUR( '', #8851 );
#6701 = VERTEX_POINT( '', #8852 );
#6702 = LINE( '', #8853, #8854 );
#6703 = ELLIPSE( '', #8855, 1.16952176010000, 0.400000000000000 );
#6704 = FILL_AREA_STYLE_COLOUR( '', #8856 );
#6705 = LINE( '', #8857, #8858 );
#6706 = FILL_AREA_STYLE_COLOUR( '', #8859 );
#6707 = LINE( '', #8860, #8861 );
#6708 = FILL_AREA_STYLE_COLOUR( '', #8862 );
#6709 = FILL_AREA_STYLE_COLOUR( '', #8863 );
#6710 = FILL_AREA_STYLE_COLOUR( '', #8864 );
#6711 = FILL_AREA_STYLE_COLOUR( '', #8865 );
#6712 = LINE( '', #8866, #8867 );
#6713 = FILL_AREA_STYLE_COLOUR( '', #8868 );
#6714 = FILL_AREA_STYLE_COLOUR( '', #8869 );
#6715 = FILL_AREA_STYLE_COLOUR( '', #8870 );
#6716 = LINE( '', #8871, #8872 );
#6717 = FILL_AREA_STYLE_COLOUR( '', #8873 );
#6718 = FILL_AREA_STYLE_COLOUR( '', #8874 );
#6719 = LINE( '', #8875, #8876 );
#6720 = FILL_AREA_STYLE_COLOUR( '', #8877 );
#6721 = FILL_AREA_STYLE_COLOUR( '', #8878 );
#6722 = FILL_AREA_STYLE_COLOUR( '', #8879 );
#6723 = FILL_AREA_STYLE_COLOUR( '', #8880 );
#6724 = LINE( '', #8881, #8882 );
#6725 = FILL_AREA_STYLE_COLOUR( '', #8883 );
#6726 = FILL_AREA_STYLE_COLOUR( '', #8884 );
#6727 = FILL_AREA_STYLE_COLOUR( '', #8885 );
#6728 = VERTEX_POINT( '', #8886 );
#6729 = LINE( '', #8887, #8888 );
#6730 = LINE( '', #8889, #8890 );
#6731 = FILL_AREA_STYLE_COLOUR( '', #8891 );
#6732 = LINE( '', #8892, #8893 );
#6733 = FILL_AREA_STYLE_COLOUR( '', #8894 );
#6734 = FILL_AREA_STYLE_COLOUR( '', #8895 );
#6735 = FILL_AREA_STYLE_COLOUR( '', #8896 );
#6736 = FILL_AREA_STYLE_COLOUR( '', #8897 );
#6737 = FILL_AREA_STYLE_COLOUR( '', #8898 );
#6738 = FILL_AREA_STYLE_COLOUR( '', #8899 );
#6739 = LINE( '', #8900, #8901 );
#6740 = FILL_AREA_STYLE_COLOUR( '', #8902 );
#6741 = FILL_AREA_STYLE_COLOUR( '', #8903 );
#6742 = FILL_AREA_STYLE_COLOUR( '', #8904 );
#6743 = FILL_AREA_STYLE_COLOUR( '', #8905 );
#6744 = FILL_AREA_STYLE_COLOUR( '', #8906 );
#6745 = FILL_AREA_STYLE_COLOUR( '', #8907 );
#6746 = FILL_AREA_STYLE_COLOUR( '', #8908 );
#6747 = LINE( '', #8909, #8910 );
#6748 = FILL_AREA_STYLE_COLOUR( '', #8911 );
#6749 = FILL_AREA_STYLE_COLOUR( '', #8912 );
#6750 = FILL_AREA_STYLE_COLOUR( '', #8913 );
#6751 = LINE( '', #8914, #8915 );
#6752 = FILL_AREA_STYLE_COLOUR( '', #8916 );
#6753 = FILL_AREA_STYLE_COLOUR( '', #8917 );
#6754 = COLOUR_RGB( '', 0.666666686500000, 0.733333349200000, 0.733333349200000 );
#6755 = CARTESIAN_POINT( '', ( 2.80000000000000, 6.70000000000000, -1.50000000000000 ) );
#6756 = CARTESIAN_POINT( '', ( 2.80000000000000, 12.9000000000000, -1.50000000000000 ) );
#6757 = CARTESIAN_POINT( '', ( 2.80000000000000, 7.83550830638944, -1.50000000000000 ) );
#6758 = VECTOR( '', #8918, 1000.00000000000 );
#6759 = CARTESIAN_POINT( '', ( 2.80000000000000, 6.70000000000000, -1.45000000000000 ) );
#6760 = CARTESIAN_POINT( '', ( 2.80000000000000, 6.70000000000000, -1.50000000000000 ) );
#6761 = VECTOR( '', #8919, 1000.00000000000 );
#6762 = CARTESIAN_POINT( '', ( 2.80000000000000, 6.80000000000000, -1.45000000000000 ) );
#6763 = CARTESIAN_POINT( '', ( 2.80000000000000, 6.70000000000000, -1.45000000000000 ) );
#6764 = VECTOR( '', #8920, 1000.00000000000 );
#6765 = CARTESIAN_POINT( '', ( 2.80000000000000, 6.80000000000000, -0.300000000000000 ) );
#6766 = CARTESIAN_POINT( '', ( 2.80000000000000, 6.80000000000000, -9.05599943172105 ) );
#6767 = VECTOR( '', #8921, 1000.00000000000 );
#6768 = CARTESIAN_POINT( '', ( 2.80000000000000, 12.8000000000000, -0.300000000000000 ) );
#6769 = CARTESIAN_POINT( '', ( 2.80000000000000, 7.83550830638944, -0.299999999999990 ) );
#6770 = VECTOR( '', #8922, 1000.00000000000 );
#6771 = CARTESIAN_POINT( '', ( 2.80000000000000, 12.8000000000000, -1.45000000000000 ) );
#6772 = CARTESIAN_POINT( '', ( 2.80000000000000, 12.8000000000000, -9.05599943172105 ) );
#6773 = VECTOR( '', #8923, 1000.00000000000 );
#6774 = CARTESIAN_POINT( '', ( 2.80000000000000, 12.9000000000000, -1.45000000000000 ) );
#6775 = CARTESIAN_POINT( '', ( 2.80000000000000, 12.9000000000000, -1.45000000000000 ) );
#6776 = VECTOR( '', #8924, 1000.00000000000 );
#6777 = CARTESIAN_POINT( '', ( 2.80000000000000, 12.9000000000000, -1.50000000000000 ) );
#6778 = VECTOR( '', #8925, 1000.00000000000 );
#6779 = COLOUR_RGB( '', 0.866666674600000, 0.866666674600000, 0.866666674600000 );
#6780 = CARTESIAN_POINT( '', ( 1.56472089372097, 25.6000000000012, -5.55000000000000 ) );
#6781 = CARTESIAN_POINT( '', ( 1.56472089372097, 25.6000000000012, -6.75000000000000 ) );
#6782 = CARTESIAN_POINT( '', ( 1.56472089372097, 25.6000000000012, -10.0902740315453 ) );
#6783 = VECTOR( '', #8926, 1000.00000000000 );
#6784 = CARTESIAN_POINT( '', ( 3.65102725270574, 25.6000000000012, -5.55000000000000 ) );
#6785 = CARTESIAN_POINT( '', ( -4.11384179664706, 25.6000000000012, -5.55000000000000 ) );
#6786 = VECTOR( '', #8927, 1000.00000000000 );
#6787 = CARTESIAN_POINT( '', ( 3.65102725270574, 25.6000000000012, -6.75000000000000 ) );
#6788 = AXIS2_PLACEMENT_3D( '', #8928, #8929, #8930 );
#6789 = CARTESIAN_POINT( '', ( -4.11384179664706, 25.6000000000012, -6.75000000000000 ) );
#6790 = VECTOR( '', #8931, 1000.00000000000 );
#6791 = COLOUR_RGB( '', 0.866666674600000, 0.866666674600000, 0.866666674600000 );
#6792 = CARTESIAN_POINT( '', ( 0.000000000000000, 12.8000000000000, -12.2000000000000 ) );
#6793 = CARTESIAN_POINT( '', ( 0.000000000000000, 12.8000000000000, -1.50000000000000 ) );
#6794 = CARTESIAN_POINT( '', ( 0.000000000000000, 12.8000000000000, -9.05599943172105 ) );
#6795 = VECTOR( '', #8932, 1000.00000000000 );
#6796 = CARTESIAN_POINT( '', ( 2.75000000000000, 12.8000000000000, -12.2000000000000 ) );
#6797 = CARTESIAN_POINT( '', ( -10.1600000000000, 12.8000000000000, -12.2000000000000 ) );
#6798 = VECTOR( '', #8933, 1000.00000000000 );
#6799 = CARTESIAN_POINT( '', ( 2.75000000000000, 12.8000000000000, -1.50000000000000 ) );
#6800 = CARTESIAN_POINT( '', ( 2.75000000000000, 12.8000000000000, -9.05599943172105 ) );
#6801 = VECTOR( '', #8934, 1000.00000000000 );
#6802 = CARTESIAN_POINT( '', ( -10.1600000000000, 12.8000000000000, -1.50000000000000 ) );
#6803 = VECTOR( '', #8935, 1000.00000000000 );
#6804 = COLOUR_RGB( '', 0.666666686500000, 0.733333349200000, 0.733333349200000 );
#6805 = CARTESIAN_POINT( '', ( 0.000000000000000, 23.3000000000000, -1.50000000000000 ) );
#6806 = CARTESIAN_POINT( '', ( 0.000000000000000, 23.5000000000000, -1.70000000000000 ) );
#6807 = AXIS2_PLACEMENT_3D( '', #8936, #8937, #8938 );
#6808 = CARTESIAN_POINT( '', ( 3.88000000000000, 23.5000000000000, -1.70000000000000 ) );
#6809 = CARTESIAN_POINT( '', ( -10.1600000000000, 23.5000000000000, -1.70000000000000 ) );
#6810 = VECTOR( '', #8939, 1000.00000000000 );
#6811 = CARTESIAN_POINT( '', ( 4.08000000000000, 23.3000000000000, -1.50000000000000 ) );
#6812 = AXIS2_PLACEMENT_3D( '', #8940, #8941, #8942 );
#6813 = CARTESIAN_POINT( '', ( 4.08001500000000, 23.3000000000000, -1.50000000000000 ) );
#6814 = VECTOR( '', #8943, 1000.00000000000 );
#6815 = COLOUR_RGB( '', 0.866666674600000, 0.866666674600000, 0.866666674600000 );
#6816 = CARTESIAN_POINT( '', ( 10.1600000000000, 24.8000000000012, -7.32453482286828 ) );
#6817 = CARTESIAN_POINT( '', ( 9.56000000000000, 24.8000000000012, -7.32453482286828 ) );
#6818 = CARTESIAN_POINT( '', ( 10.1600000000000, 24.8000000000012, -7.32453482286828 ) );
#6819 = VECTOR( '', #8944, 1000.00000000000 );
#6820 = CARTESIAN_POINT( '', ( 10.1600000000000, 26.8000000000012, -8.30000000000000 ) );
#6821 = CARTESIAN_POINT( '', ( 10.1600000000000, 7.83550830638944, 0.949600624561050 ) );
#6822 = VECTOR( '', #8945, 1000.00000000000 );
#6823 = CARTESIAN_POINT( '', ( 9.56000000000000, 26.8000000000012, -8.30000000000000 ) );
#6824 = CARTESIAN_POINT( '', ( 6.04615820335294, 26.8000000000012, -8.30000000000000 ) );
#6825 = VECTOR( '', #8946, 1000.00000000000 );
#6826 = CARTESIAN_POINT( '', ( 9.56000000000000, 26.8000000000012, -8.30000000000000 ) );
#6827 = VECTOR( '', #8947, 1000.00000000000 );
#6828 = COLOUR_RGB( '', 0.866666674600000, 0.866666674600000, 0.866666674600000 );
#6829 = CARTESIAN_POINT( '', ( 2.80000000000000, 6.70000000000000, -1.50000000000000 ) );
#6830 = CARTESIAN_POINT( '', ( 2.80000000000000, 12.9000000000000, -1.50000000000000 ) );
#6831 = CARTESIAN_POINT( '', ( 2.80000000000000, 7.83550830638944, -1.50000000000000 ) );
#6832 = VECTOR( '', #8948, 1000.00000000000 );
#6833 = CARTESIAN_POINT( '', ( 0.000000000000000, 12.9000000000000, -1.50000000000000 ) );
#6834 = CARTESIAN_POINT( '', ( 2.80000000000000, 12.9000000000000, -1.50000000000000 ) );
#6835 = VECTOR( '', #8949, 1000.00000000000 );
#6836 = CARTESIAN_POINT( '', ( 0.000000000000000, 12.8000000000000, -1.50000000000000 ) );
#6837 = CARTESIAN_POINT( '', ( 0.000000000000000, 7.83550830638944, -1.50000000000000 ) );
#6838 = VECTOR( '', #8950, 1000.00000000000 );
#6839 = CARTESIAN_POINT( '', ( 2.75000000000000, 12.8000000000000, -1.50000000000000 ) );
#6840 = CARTESIAN_POINT( '', ( 0.000000000000000, 12.8000000000000, -1.50000000000000 ) );
#6841 = VECTOR( '', #8951, 1000.00000000000 );
#6842 = CARTESIAN_POINT( '', ( 2.75000000000000, 6.80000000000000, -1.50000000000000 ) );
#6843 = CARTESIAN_POINT( '', ( 2.75000000000000, 12.8000000000000, -1.50000000000000 ) );
#6844 = VECTOR( '', #8952, 1000.00000000000 );
#6845 = CARTESIAN_POINT( '', ( 0.000000000000000, 6.80000000000000, -1.50000000000000 ) );
#6846 = CARTESIAN_POINT( '', ( 0.000000000000000, 6.80000000000000, -1.50000000000000 ) );
#6847 = VECTOR( '', #8953, 1000.00000000000 );
#6848 = CARTESIAN_POINT( '', ( 0.000000000000000, 6.70000000000000, -1.50000000000000 ) );
#6849 = CARTESIAN_POINT( '', ( 0.000000000000000, 7.83550830638944, -1.50000000000000 ) );
#6850 = VECTOR( '', #8954, 1000.00000000000 );
#6851 = CARTESIAN_POINT( '', ( 2.80000000000000, 6.70000000000000, -1.50000000000000 ) );
#6852 = VECTOR( '', #8955, 1000.00000000000 );
#6853 = COLOUR_RGB( '', 0.866666674600000, 0.866666674600000, 0.866666674600000 );
#6854 = CARTESIAN_POINT( '', ( 0.600000000000000, 0.000000000000000, -13.8000000000000 ) );
#6855 = CARTESIAN_POINT( '', ( 0.600000000000000, 0.000000000000000, -14.2000000000000 ) );
#6856 = CARTESIAN_POINT( '', ( 0.600000000000000, 0.000000000000000, -9.05599943172105 ) );
#6857 = VECTOR( '', #8956, 1000.00000000000 );
#6858 = CARTESIAN_POINT( '', ( 0.600000000000000, -4.40000000000000, -13.8000000000000 ) );
#6859 = CARTESIAN_POINT( '', ( 0.600000000000000, 7.76723869684921, -13.8000000000000 ) );
#6860 = VECTOR( '', #8957, 1000.00000000000 );
#6861 = CARTESIAN_POINT( '', ( 0.600000000000000, -4.40000000000000, -14.2000000000000 ) );
#6862 = CARTESIAN_POINT( '', ( 0.600000000000000, -4.40000000000000, -9.79877921050629 ) );
#6863 = VECTOR( '', #8958, 1000.00000000000 );
#6864 = CARTESIAN_POINT( '', ( 0.600000000000000, 7.76723869684921, -14.2000000000000 ) );
#6865 = VECTOR( '', #8959, 1000.00000000000 );
#6866 = COLOUR_RGB( '', 0.666666686500000, 0.733333349200000, 0.733333349200000 );
#6867 = CARTESIAN_POINT( '', ( 10.1600000000000, 26.8000000000012, -9.85000000000000 ) );
#6868 = CARTESIAN_POINT( '', ( 10.1600000000000, 29.3000000000000, -9.85000000000000 ) );
#6869 = CARTESIAN_POINT( '', ( 10.1600000000000, 29.2000000000000, -9.85000000000000 ) );
#6870 = VECTOR( '', #8960, 1000.00000000000 );
#6871 = CARTESIAN_POINT( '', ( 10.1600000000000, 29.3000000000000, -2.45000000000000 ) );
#6872 = AXIS2_PLACEMENT_3D( '', #8961, #8962, #8963 );
#6873 = CARTESIAN_POINT( '', ( 10.1600000000000, 26.8000000000012, -2.45000000000000 ) );
#6874 = CARTESIAN_POINT( '', ( 10.1600000000000, 29.2000000000000, -2.45000000000000 ) );
#6875 = VECTOR( '', #8964, 1000.00000000000 );
#6876 = CARTESIAN_POINT( '', ( 6.50897274729426, 26.8000000000012, -5.55000000000000 ) );
#6877 = AXIS2_PLACEMENT_3D( '', #8965, #8966, #8967 );
#6878 = CARTESIAN_POINT( '', ( 6.50897274729426, 25.6000000000012, -5.55000000000000 ) );
#6879 = CARTESIAN_POINT( '', ( 6.50897274729426, 29.2000000000000, -5.55000000000000 ) );
#6880 = VECTOR( '', #8968, 1000.00000000000 );
#6881 = CARTESIAN_POINT( '', ( 6.50897274729426, 25.6000000000012, -6.75000000000000 ) );
#6882 = AXIS2_PLACEMENT_3D( '', #8969, #8970, #8971 );
#6883 = CARTESIAN_POINT( '', ( 6.50897274729426, 26.8000000000012, -6.75000000000000 ) );
#6884 = CARTESIAN_POINT( '', ( 6.50897274729426, 29.2000000000000, -6.75000000000000 ) );
#6885 = VECTOR( '', #8972, 1000.00000000000 );
#6886 = AXIS2_PLACEMENT_3D( '', #8973, #8974, #8975 );
#6887 = COLOUR_RGB( '', 0.866666674600000, 0.866666674600000, 0.866666674600000 );
#6888 = CARTESIAN_POINT( '', ( 2.75000000000000, 6.80000000000000, -12.2000000000000 ) );
#6889 = CARTESIAN_POINT( '', ( 2.75000000000000, 6.80000000000000, -9.05599943172105 ) );
#6890 = VECTOR( '', #8976, 1000.00000000000 );
#6891 = CARTESIAN_POINT( '', ( 0.000000000000000, 6.80000000000000, -12.2000000000000 ) );
#6892 = CARTESIAN_POINT( '', ( 0.000000000000000, 6.80000000000000, -12.2000000000000 ) );
#6893 = VECTOR( '', #8977, 1000.00000000000 );
#6894 = CARTESIAN_POINT( '', ( 0.000000000000000, 6.80000000000000, -9.05599943172105 ) );
#6895 = VECTOR( '', #8978, 1000.00000000000 );
#6896 = COLOUR_RGB( '', 0.666666686500000, 0.733333349200000, 0.733333349200000 );
#6897 = CARTESIAN_POINT( '', ( 6.28000000000000, 23.5000000000000, -1.70000000000000 ) );
#6898 = CARTESIAN_POINT( '', ( 6.28000000000000, 23.5000000000000, -10.6000000000000 ) );
#6899 = CARTESIAN_POINT( '', ( 6.28000000000000, 23.5000000000000, -9.05599943172105 ) );
#6900 = VECTOR( '', #8979, 1000.00000000000 );
#6901 = CARTESIAN_POINT( '', ( 6.08000000000000, 23.3000000000000, -1.50000000000000 ) );
#6902 = AXIS2_PLACEMENT_3D( '', #8980, #8981, #8982 );
#6903 = CARTESIAN_POINT( '', ( 6.08000000000000, 23.3000000000000, -10.8000000000000 ) );
#6904 = CARTESIAN_POINT( '', ( 6.08000000000000, 23.3000000000000, -1.49998500000000 ) );
#6905 = VECTOR( '', #8983, 1000.00000000000 );
#6906 = AXIS2_PLACEMENT_3D( '', #8984, #8985, #8986 );
#6907 = COLOUR_RGB( '', 0.866666674600000, 0.866666674600000, 0.866666674600000 );
#6908 = CARTESIAN_POINT( '', ( 4.48000000000000, 0.000000000000000, -4.04000000000000 ) );
#6909 = CARTESIAN_POINT( '', ( 4.48000000000000, -4.40000000000000, -4.04000000000000 ) );
#6910 = CARTESIAN_POINT( '', ( 4.48000000000000, 7.07093599974894, -4.04000000000000 ) );
#6911 = VECTOR( '', #8987, 1000.00000000000 );
#6912 = CARTESIAN_POINT( '', ( 4.88000000000000, 0.000000000000000, -4.44000000000000 ) );
#6913 = AXIS2_PLACEMENT_3D( '', #8988, #8989, #8990 );
#6914 = CARTESIAN_POINT( '', ( 4.88000000000000, -4.31313064513640, -4.44000000000000 ) );
#6915 = CARTESIAN_POINT( '', ( 4.88000000000000, 7.07093599974894, -4.44000000000000 ) );
#6916 = VECTOR( '', #8991, 1000.00000000000 );
#6917 = CARTESIAN_POINT( '', ( 4.57030788030033, -4.71656585905000, -4.29316159068061 ) );
#6918 = AXIS2_PLACEMENT_3D( '', #8992, #8993, #8994 );
#6919 = CARTESIAN_POINT( '', ( 4.48000000000000, -4.40000000000000, -4.04000000000000 ) );
#6920 = CARTESIAN_POINT( '', ( 4.48000000000000, -4.42696580599830, -4.06201748839993 ) );
#6921 = CARTESIAN_POINT( '', ( 4.48181875022268, -4.45404711251730, -4.08412971487022 ) );
#6922 = CARTESIAN_POINT( '', ( 4.48549745858237, -4.48103535183920, -4.10608891597886 ) );
#6923 = CARTESIAN_POINT( '', ( 4.48917614226542, -4.50802341012500, -4.12804796978604 ) );
#6924 = CARTESIAN_POINT( '', ( 4.49471395239316, -4.53491782082000, -4.14985385959726 ) );
#6925 = CARTESIAN_POINT( '', ( 4.50214754034827, -4.56151326532040, -4.17125364275012 ) );
#6926 = CARTESIAN_POINT( '', ( 4.50586433813204, -4.57481100118820, -4.18195354528388 ) );
#6927 = CARTESIAN_POINT( '', ( 4.51005509862250, -4.58803414810840, -4.19255189536989 ) );
#6928 = CARTESIAN_POINT( '', ( 4.51472514332656, -4.60115749156530, -4.20301619269940 ) );
#6929 = CARTESIAN_POINT( '', ( 4.51939336634605, -4.61427571588660, -4.21347640813032 ) );
#6930 = CARTESIAN_POINT( '', ( 4.52454451785072, -4.62730857929820, -4.22381430289120 ) );
#6931 = CARTESIAN_POINT( '', ( 4.53020741719227, -4.64026675985170, -4.23402357849681 ) );
#6932 = CARTESIAN_POINT( '', ( 4.54152960062395, -4.66617484832710, -4.25443561200467 ) );
#6933 = CARTESIAN_POINT( '', ( 4.55487142309739, -4.69171213472220, -4.27427820027775 ) );
#6934 = CARTESIAN_POINT( '', ( 4.57030788030033, -4.71656585905000, -4.29316159068060 ) );
#6935 = COLOUR_RGB( '', 0.666666686500000, 0.733333349200000, 0.733333349200000 );
#6936 = CARTESIAN_POINT( '', ( 0.000000000000000, 12.9000000000000, -1.45000000000000 ) );
#6937 = CARTESIAN_POINT( '', ( -2.80000000000000, 12.9000000000000, -1.45000000000000 ) );
#6938 = VECTOR( '', #8995, 1000.00000000000 );
#6939 = CARTESIAN_POINT( '', ( 0.000000000000000, 12.9000000000000, -1.50000000000000 ) );
#6940 = CARTESIAN_POINT( '', ( 0.000000000000000, 12.9000000000000, -9.05599943172105 ) );
#6941 = VECTOR( '', #8996, 1000.00000000000 );
#6942 = CARTESIAN_POINT( '', ( -2.80000000000000, 12.9000000000000, -1.50000000000000 ) );
#6943 = VECTOR( '', #8997, 1000.00000000000 );
#6944 = COLOUR_RGB( '', 0.666666686500000, 0.733333349200000, 0.733333349200000 );
#6945 = CARTESIAN_POINT( '', ( 2.80000000000000, 6.70000000000000, -1.45000000000000 ) );
#6946 = CARTESIAN_POINT( '', ( 2.80000000000000, 6.70000000000000, -1.50000000000000 ) );
#6947 = VECTOR( '', #8998, 1000.00000000000 );
#6948 = CARTESIAN_POINT( '', ( 2.80000000000000, 6.80000000000000, -1.45000000000000 ) );
#6949 = CARTESIAN_POINT( '', ( 2.80000000000000, 6.80000000000000, -1.45000000000000 ) );
#6950 = VECTOR( '', #8999, 1000.00000000000 );
#6951 = CARTESIAN_POINT( '', ( 2.80000000000000, 6.80000000000000, -0.300000000000000 ) );
#6952 = CARTESIAN_POINT( '', ( 2.80000000000000, 6.80000000000000, -9.05599943172105 ) );
#6953 = VECTOR( '', #9000, 1000.00000000000 );
#6954 = CARTESIAN_POINT( '', ( 2.80000000000000, 12.8000000000000, -0.300000000000000 ) );
#6955 = CARTESIAN_POINT( '', ( 2.80000000000000, 7.83550830638944, -0.300000000000000 ) );
#6956 = VECTOR( '', #9001, 1000.00000000000 );
#6957 = CARTESIAN_POINT( '', ( 2.80000000000000, 12.8000000000000, -1.45000000000000 ) );
#6958 = CARTESIAN_POINT( '', ( 2.80000000000000, 12.8000000000000, -9.05599943172105 ) );
#6959 = VECTOR( '', #9002, 1000.00000000000 );
#6960 = CARTESIAN_POINT( '', ( 2.80000000000000, 12.9000000000000, -1.45000000000000 ) );
#6961 = CARTESIAN_POINT( '', ( 2.80000000000000, 12.8000000000000, -1.45000000000000 ) );
#6962 = VECTOR( '', #9003, 1000.00000000000 );
#6963 = CARTESIAN_POINT( '', ( 2.80000000000000, 12.9000000000000, -1.50000000000000 ) );
#6964 = VECTOR( '', #9004, 1000.00000000000 );
#6965 = COLOUR_RGB( '', 0.866666674600000, 0.866666674600000, 0.866666674600000 );
#6966 = CARTESIAN_POINT( '', ( 0.200000000000000, 0.000000000000000, -14.6000000000000 ) );
#6967 = AXIS2_PLACEMENT_3D( '', #9005, #9006, #9007 );
#6968 = CARTESIAN_POINT( '', ( 0.509692119699701, -4.71656585905000, -14.4531615906806 ) );
#6969 = CARTESIAN_POINT( '', ( 0.509692119699701, -4.71656585905000, -14.4531615906806 ) );
#6970 = CARTESIAN_POINT( '', ( 0.525128576902598, -4.69171213472220, -14.4342782002777 ) );
#6971 = CARTESIAN_POINT( '', ( 0.538470399375999, -4.66617484832710, -14.4144356120047 ) );
#6972 = CARTESIAN_POINT( '', ( 0.549792582807698, -4.64026675985170, -14.3940235784968 ) );
#6973 = CARTESIAN_POINT( '', ( 0.555455482149300, -4.62730857929810, -14.3838143028912 ) );
#6974 = CARTESIAN_POINT( '', ( 0.560606633653898, -4.61427571588660, -14.3734764081303 ) );
#6975 = CARTESIAN_POINT( '', ( 0.565274856673400, -4.60115749156530, -14.3630161926994 ) );
#6976 = CARTESIAN_POINT( '', ( 0.569944901377500, -4.58803414810840, -14.3525518953699 ) );
#6977 = CARTESIAN_POINT( '', ( 0.574135661867899, -4.57481100118820, -14.3419535452839 ) );
#6978 = CARTESIAN_POINT( '', ( 0.577852459651699, -4.56151326532040, -14.3312536427502 ) );
#6979 = CARTESIAN_POINT( '', ( 0.585286047606800, -4.53491782082010, -14.3098538595973 ) );
#6980 = CARTESIAN_POINT( '', ( 0.590823857734501, -4.50802341012510, -14.2880479697861 ) );
#6981 = CARTESIAN_POINT( '', ( 0.594502541417599, -4.48103535183920, -14.2660889159789 ) );
#6982 = CARTESIAN_POINT( '', ( 0.598181249777998, -4.45404711251230, -14.2441297148662 ) );
#6983 = CARTESIAN_POINT( '', ( 0.600000000000000, -4.42696580599360, -14.2220174883955 ) );
#6984 = CARTESIAN_POINT( '', ( 0.600000000000000, -4.40000000000000, -14.2000000000000 ) );
#6985 = CARTESIAN_POINT( '', ( 0.200000000000000, -4.31313064513630, -14.6000000000000 ) );
#6986 = AXIS2_PLACEMENT_3D( '', #9008, #9009, #9010 );
#6987 = CARTESIAN_POINT( '', ( 0.200000000000000, 7.76723869684921, -14.6000000000000 ) );
#6988 = VECTOR( '', #9011, 1000.00000000000 );
#6989 = COLOUR_RGB( '', 0.666666686500000, 0.733333349200000, 0.733333349200000 );
#6990 = CARTESIAN_POINT( '', ( 0.000000000000000, 23.5000000000000, -8.50074787290323 ) );
#6991 = CARTESIAN_POINT( '', ( 0.000000000000000, 23.5000000000000, -3.79925212709677 ) );
#6992 = AXIS2_PLACEMENT_3D( '', #9012, #9013, #9014 );
#6993 = CARTESIAN_POINT( '', ( 0.000000000000000, 23.5000000000000, -10.6000000000000 ) );
#6994 = CARTESIAN_POINT( '', ( 0.000000000000000, 23.5000000000000, -9.05599943172105 ) );
#6995 = VECTOR( '', #9015, 1000.00000000000 );
#6996 = CARTESIAN_POINT( '', ( 3.88000000000000, 23.5000000000000, -10.6000000000000 ) );
#6997 = CARTESIAN_POINT( '', ( -10.1600000000000, 23.5000000000000, -10.6000000000000 ) );
#6998 = VECTOR( '', #9016, 1000.00000000000 );
#6999 = CARTESIAN_POINT( '', ( 3.88000000000000, 23.5000000000000, -9.05599943172105 ) );
#7000 = VECTOR( '', #9017, 1000.00000000000 );
#7001 = CARTESIAN_POINT( '', ( 0.000000000000000, 23.5000000000000, -9.05599943172105 ) );
#7002 = VECTOR( '', #9018, 1000.00000000000 );
#7003 = COLOUR_RGB( '', 0.866666674600000, 0.866666674600000, 0.866666674600000 );
#7004 = CARTESIAN_POINT( '', ( 0.200000000000000, 0.000000000000000, -14.6000000000000 ) );
#7005 = CARTESIAN_POINT( '', ( 0.600000000000000, 0.000000000000000, -14.2000000000000 ) );
#7006 = AXIS2_PLACEMENT_3D( '', #9019, #9020, #9021 );
#7007 = CARTESIAN_POINT( '', ( 0.600000000000000, -4.40000000000000, -14.2000000000000 ) );
#7008 = CARTESIAN_POINT( '', ( 0.600000000000000, 7.76723869684921, -14.2000000000000 ) );
#7009 = VECTOR( '', #9022, 1000.00000000000 );
#7010 = CARTESIAN_POINT( '', ( 0.509692119699656, -4.71656585905000, -14.4531615906806 ) );
#7011 = CARTESIAN_POINT( '', ( 0.509692119699655, -4.71656585905000, -14.4531615906806 ) );
#7012 = CARTESIAN_POINT( '', ( 0.525128576902592, -4.69171213472220, -14.4342782002777 ) );
#7013 = CARTESIAN_POINT( '', ( 0.538470399376028, -4.66617484832710, -14.4144356120047 ) );
#7014 = CARTESIAN_POINT( '', ( 0.549792582807716, -4.64026675985170, -14.3940235784968 ) );
#7015 = CARTESIAN_POINT( '', ( 0.555455482149262, -4.62730857929820, -14.3838143028912 ) );
#7016 = CARTESIAN_POINT( '', ( 0.560606633653934, -4.61427571588660, -14.3734764081303 ) );
#7017 = CARTESIAN_POINT( '', ( 0.565274856673423, -4.60115749156530, -14.3630161926994 ) );
#7018 = CARTESIAN_POINT( '', ( 0.569944901378214, -4.58803414810630, -14.3525518953682 ) );
#7019 = CARTESIAN_POINT( '', ( 0.574135661868513, -4.57481100118610, -14.3419535452822 ) );
#7020 = CARTESIAN_POINT( '', ( 0.577852459651699, -4.56151326532040, -14.3312536427502 ) );
#7021 = CARTESIAN_POINT( '', ( 0.585286047606805, -4.53491782082010, -14.3098538595973 ) );
#7022 = CARTESIAN_POINT( '', ( 0.590823857734543, -4.50802341012510, -14.2880479697861 ) );
#7023 = CARTESIAN_POINT( '', ( 0.594502541417606, -4.48103535183920, -14.2660889159789 ) );
#7024 = CARTESIAN_POINT( '', ( 0.598181249777978, -4.45404711251230, -14.2441297148662 ) );
#7025 = CARTESIAN_POINT( '', ( 0.600000000000000, -4.42696580599360, -14.2220174883955 ) );
#7026 = CARTESIAN_POINT( '', ( 0.600000000000000, -4.40000000000000, -14.2000000000000 ) );
#7027 = CARTESIAN_POINT( '', ( 0.200000000000000, -4.31313064513630, -14.6000000000000 ) );
#7028 = AXIS2_PLACEMENT_3D( '', #9023, #9024, #9025 );
#7029 = CARTESIAN_POINT( '', ( 0.200000000000000, 7.76723869684921, -14.6000000000000 ) );
#7030 = VECTOR( '', #9026, 1000.00000000000 );
#7031 = COLOUR_RGB( '', 0.866666674600000, 0.866666674600000, 0.866666674600000 );
#7032 = CARTESIAN_POINT( '', ( 0.600000000000000, 24.8000000000012, -5.55000000000000 ) );
#7033 = CARTESIAN_POINT( '', ( 1.17453482286830, 24.8000000000012, -5.55000000000000 ) );
#7034 = CARTESIAN_POINT( '', ( -0.600000000000000, 24.8000000000012, -5.55000000000000 ) );
#7035 = VECTOR( '', #9027, 1000.00000000000 );
#7036 = CARTESIAN_POINT( '', ( 0.600000000000000, 26.8000000000012, -5.55000000000000 ) );
#7037 = CARTESIAN_POINT( '', ( 0.600000000000000, 26.9000000000012, -5.55000000000000 ) );
#7038 = VECTOR( '', #9028, 1000.00000000000 );
#7039 = CARTESIAN_POINT( '', ( 3.65102725270570, 26.8000000000012, -5.55000000000000 ) );
#7040 = CARTESIAN_POINT( '', ( -4.11384179664706, 26.8000000000012, -5.55000000000000 ) );
#7041 = VECTOR( '', #9029, 1000.00000000000 );
#7042 = CARTESIAN_POINT( '', ( 3.65102725270570, 25.6000000000012, -5.55000000000000 ) );
#7043 = CARTESIAN_POINT( '', ( 3.65102725270570, 29.2000000000000, -5.55000000000000 ) );
#7044 = VECTOR( '', #9030, 1000.00000000000 );
#7045 = CARTESIAN_POINT( '', ( 1.56472089372100, 25.6000000000012, -5.55000000000000 ) );
#7046 = CARTESIAN_POINT( '', ( -4.11384179664706, 25.6000000000012, -5.55000000000000 ) );
#7047 = VECTOR( '', #9031, 1000.00000000000 );
#7048 = CARTESIAN_POINT( '', ( 2.15000000000000, 26.8000000000012, -5.55000000000000 ) );
#7049 = VECTOR( '', #9032, 1000.00000000000 );
#7050 = COLOUR_RGB( '', 0.866666674600000, 0.866666674600000, 0.866666674600000 );
#7051 = CARTESIAN_POINT( '', ( 0.000000000000000, 26.8000000000012, -2.45000000000000 ) );
#7052 = AXIS2_PLACEMENT_3D( '', #9033, #9034, #9035 );
#7053 = CARTESIAN_POINT( '', ( 0.600000000000000, 26.8000000000012, -4.00000000000000 ) );
#7054 = CARTESIAN_POINT( '', ( 0.600000000000000, 26.8000000000012, -10.0902740315453 ) );
#7055 = VECTOR( '', #9036, 1000.00000000000 );
#7056 = CARTESIAN_POINT( '', ( 0.000000000000000, 26.8000000000012, -4.00000000000000 ) );
#7057 = CARTESIAN_POINT( '', ( -4.11384179664706, 26.8000000000012, -4.00000000000000 ) );
#7058 = VECTOR( '', #9037, 1000.00000000000 );
#7059 = CARTESIAN_POINT( '', ( 0.000000000000000, 26.8000000000012, -9.05599943172105 ) );
#7060 = VECTOR( '', #9038, 1000.00000000000 );
#7061 = COLOUR_RGB( '', 0.666666686500000, 0.733333349200000, 0.733333349200000 );
#7062 = CARTESIAN_POINT( '', ( 5.08000000000000, 16.4000000000000, -15.6000000000000 ) );
#7063 = CARTESIAN_POINT( '', ( 5.08000000000000, 16.4000000000000, -13.6000000000000 ) );
#7064 = CARTESIAN_POINT( '', ( 5.08000000000000, 16.4000000000000, -9.05599943172105 ) );
#7065 = VECTOR( '', #9039, 1000.00000000000 );
#7066 = CARTESIAN_POINT( '', ( 0.000000000000000, 16.4000000000000, -15.6000000000000 ) );
#7067 = CARTESIAN_POINT( '', ( 5.08000000000000, 16.4000000000000, -15.6000000000000 ) );
#7068 = VECTOR( '', #9040, 1000.00000000000 );
#7069 = CARTESIAN_POINT( '', ( 0.000000000000000, 16.4000000000000, -13.6000000000000 ) );
#7070 = CARTESIAN_POINT( '', ( 0.000000000000000, 16.4000000000000, -9.05599943172105 ) );
#7071 = VECTOR( '', #9041, 1000.00000000000 );
#7072 = CARTESIAN_POINT( '', ( 5.08000000000000, 16.4000000000000, -13.6000000000000 ) );
#7073 = VECTOR( '', #9042, 1000.00000000000 );
#7074 = COLOUR_RGB( '', 0.666666686500000, 0.733333349200000, 0.733333349200000 );
#7075 = CARTESIAN_POINT( '', ( 5.08000000000000, 29.3000000000000, -1.40000000000000 ) );
#7076 = CARTESIAN_POINT( '', ( 0.000000000000000, 29.3000000000000, -1.40000000000000 ) );
#7077 = CARTESIAN_POINT( '', ( -2.08166817117217E-014, 29.3000000000000, -1.40000000000000 ) );
#7078 = VECTOR( '', #9043, 1000.00000000000 );
#7079 = CARTESIAN_POINT( '', ( 5.08000000000000, 29.3000000000000, -2.45000000000000 ) );
#7080 = CARTESIAN_POINT( '', ( 5.08000000000000, 29.3000000000000, -9.05599943172105 ) );
#7081 = VECTOR( '', #9044, 1000.00000000000 );
#7082 = CARTESIAN_POINT( '', ( 5.08000000000000, 29.3000000000000, -9.85000000000000 ) );
#7083 = AXIS2_PLACEMENT_3D( '', #9045, #9046, #9047 );
#7084 = CARTESIAN_POINT( '', ( 5.08000000000000, 29.3000000000000, -10.9000000000000 ) );
#7085 = CARTESIAN_POINT( '', ( 5.08000000000000, 29.3000000000000, -9.05599943172105 ) );
#7086 = VECTOR( '', #9048, 1000.00000000000 );
#7087 = CARTESIAN_POINT( '', ( 0.000000000000000, 29.3000000000000, -10.9000000000000 ) );
#7088 = CARTESIAN_POINT( '', ( 20.3200000000000, 29.3000000000000, -10.9000000000000 ) );
#7089 = VECTOR( '', #9049, 1000.00000000000 );
#7090 = CARTESIAN_POINT( '', ( 0.000000000000000, 29.3000000000000, -9.05599943172105 ) );
#7091 = VECTOR( '', #9050, 1000.00000000000 );
#7092 = COLOUR_RGB( '', 0.866666674600000, 0.866666674600000, 0.866666674600000 );
#7093 = CARTESIAN_POINT( '', ( 4.48000000000000, 0.000000000000000, -3.64000000000000 ) );
#7094 = CARTESIAN_POINT( '', ( 4.88000000000000, 0.000000000000000, -3.24000000000000 ) );
#7095 = AXIS2_PLACEMENT_3D( '', #9051, #9052, #9053 );
#7096 = CARTESIAN_POINT( '', ( 4.48000000000000, -4.40000000000000, -3.64000000000000 ) );
#7097 = CARTESIAN_POINT( '', ( 4.48000000000000, 7.07093599974894, -3.64000000000000 ) );
#7098 = VECTOR( '', #9054, 1000.00000000000 );
#7099 = CARTESIAN_POINT( '', ( 4.57030788030033, -4.71656585905000, -3.38683840931939 ) );
#7100 = CARTESIAN_POINT( '', ( 4.57030788030033, -4.71656585905000, -3.38683840931939 ) );
#7101 = CARTESIAN_POINT( '', ( 4.55487142309739, -4.69171213472220, -3.40572179972225 ) );
#7102 = CARTESIAN_POINT( '', ( 4.54152960062395, -4.66617484832710, -3.42556438799532 ) );
#7103 = CARTESIAN_POINT( '', ( 4.53020741719227, -4.64026675985170, -3.44597642150319 ) );
#7104 = CARTESIAN_POINT( '', ( 4.52454451785072, -4.62730857929820, -3.45618569710879 ) );
#7105 = CARTESIAN_POINT( '', ( 4.51939336634605, -4.61427571588660, -3.46652359186967 ) );
#7106 = CARTESIAN_POINT( '', ( 4.51472514332655, -4.60115749156530, -3.47698380730060 ) );
#7107 = CARTESIAN_POINT( '', ( 4.51005509862250, -4.58803414810840, -3.48744810463010 ) );
#7108 = CARTESIAN_POINT( '', ( 4.50586433813204, -4.57481100118820, -3.49804645471612 ) );
#7109 = CARTESIAN_POINT( '', ( 4.50214754034827, -4.56151326532040, -3.50874635724987 ) );
#7110 = CARTESIAN_POINT( '', ( 4.49471395239316, -4.53491782082000, -3.53014614040274 ) );
#7111 = CARTESIAN_POINT( '', ( 4.48917614226542, -4.50802341012510, -3.55195203021395 ) );
#7112 = CARTESIAN_POINT( '', ( 4.48549745858237, -4.48103535183920, -3.57391108402114 ) );
#7113 = CARTESIAN_POINT( '', ( 4.48181875022200, -4.45404711251230, -3.59587028513384 ) );
#7114 = CARTESIAN_POINT( '', ( 4.48000000000000, -4.42696580599350, -3.61798251160440 ) );
#7115 = CARTESIAN_POINT( '', ( 4.48000000000000, -4.40000000000000, -3.64000000000000 ) );
#7116 = CARTESIAN_POINT( '', ( 4.88000000000000, -4.31313064513630, -3.24000000000000 ) );
#7117 = AXIS2_PLACEMENT_3D( '', #9055, #9056, #9057 );
#7118 = CARTESIAN_POINT( '', ( 4.88000000000000, 7.07093599974894, -3.24000000000000 ) );
#7119 = VECTOR( '', #9058, 1000.00000000000 );
#7120 = COLOUR_RGB( '', 0.666666686500000, 0.733333349200000, 0.733333349200000 );
#7121 = CARTESIAN_POINT( '', ( 0.000000000000000, 29.3000000000000, -1.40000000000000 ) );
#7122 = CARTESIAN_POINT( '', ( 0.000000000000000, 16.4000000000000, 2.00000000000000 ) );
#7123 = CARTESIAN_POINT( '', ( 0.000000000000000, 7.83550830638944, 4.25730788823846 ) );
#7124 = VECTOR( '', #9059, 1000.00000000000 );
#7125 = CARTESIAN_POINT( '', ( 10.1600000000000, 16.4000000000000, 2.00000000000000 ) );
#7126 = CARTESIAN_POINT( '', ( -10.1600000000000, 16.4000000000000, 2.00000000000000 ) );
#7127 = VECTOR( '', #9060, 1000.00000000000 );
#7128 = CARTESIAN_POINT( '', ( 10.1600000000000, 29.3000000000000, -1.40000000000000 ) );
#7129 = CARTESIAN_POINT( '', ( 10.1600000000000, 7.83550830638944, 4.25730788823846 ) );
#7130 = VECTOR( '', #9061, 1000.00000000000 );
#7131 = CARTESIAN_POINT( '', ( -5.08000000000000, 29.3000000000000, -1.40000000000000 ) );
#7132 = VECTOR( '', #9062, 1000.00000000000 );
#7133 = COLOUR_RGB( '', 0.866666674600000, 0.866666674600000, 0.866666674600000 );
#7134 = CARTESIAN_POINT( '', ( 0.000000000000000, -4.31313064513630, -13.4000000000000 ) );
#7135 = CARTESIAN_POINT( '', ( 0.000000000000000, -5.00000000000000, -13.6500000000000 ) );
#7136 = CARTESIAN_POINT( '', ( 0.000000000000000, 7.83550830638944, -8.97825703479765 ) );
#7137 = VECTOR( '', #9063, 1000.00000000000 );
#7138 = CARTESIAN_POINT( '', ( 0.509692119699701, -4.71656585905000, -13.5468384093194 ) );
#7139 = AXIS2_PLACEMENT_3D( '', #9064, #9065, #9066 );
#7140 = CARTESIAN_POINT( '', ( 0.200000000000000, -4.31313064513630, -13.4000000000000 ) );
#7141 = AXIS2_PLACEMENT_3D( '', #9067, #9068, #9069 );
#7142 = CARTESIAN_POINT( '', ( 0.000000000000000, -4.31313064513630, -13.4000000000000 ) );
#7143 = VECTOR( '', #9070, 1000.00000000000 );
#7144 = COLOUR_RGB( '', 0.866666674600000, 0.866666674600000, 0.866666674600000 );
#7145 = CARTESIAN_POINT( '', ( 0.600000000000000, 0.000000000000000, -13.8000000000000 ) );
#7146 = CARTESIAN_POINT( '', ( 0.600000000000000, 0.000000000000000, -9.05599943172105 ) );
#7147 = VECTOR( '', #9071, 1000.00000000000 );
#7148 = CARTESIAN_POINT( '', ( 0.600000000000000, -4.40000000000000, -13.8000000000000 ) );
#7149 = CARTESIAN_POINT( '', ( 0.600000000000000, 7.76723869684921, -13.8000000000000 ) );
#7150 = VECTOR( '', #9072, 1000.00000000000 );
#7151 = CARTESIAN_POINT( '', ( 0.600000000000000, -4.40000000000000, -9.79877921050629 ) );
#7152 = VECTOR( '', #9073, 1000.00000000000 );
#7153 = COLOUR_RGB( '', 0.666666686500000, 0.733333349200000, 0.733333349200000 );
#7154 = CARTESIAN_POINT( '', ( 0.000000000000000, 0.000000000000000, -13.4000000000000 ) );
#7155 = CARTESIAN_POINT( '', ( 0.200000000000000, 0.000000000000000, -13.4000000000000 ) );
#7156 = CARTESIAN_POINT( '', ( -10.1600000000000, 0.000000000000000, -13.4000000000000 ) );
#7157 = VECTOR( '', #9074, 1000.00000000000 );
#7158 = AXIS2_PLACEMENT_3D( '', #9075, #9076, #9077 );
#7159 = CARTESIAN_POINT( '', ( 0.000000000000000, 0.000000000000000, -14.6000000000000 ) );
#7160 = CARTESIAN_POINT( '', ( -10.1600000000000, 0.000000000000000, -14.6000000000000 ) );
#7161 = VECTOR( '', #9078, 1000.00000000000 );
#7162 = CARTESIAN_POINT( '', ( 0.000000000000000, 0.000000000000000, -15.6000000000000 ) );
#7163 = CARTESIAN_POINT( '', ( 0.000000000000000, 0.000000000000000, -9.05599943172105 ) );
#7164 = VECTOR( '', #9079, 1000.00000000000 );
#7165 = CARTESIAN_POINT( '', ( 5.08000000000000, 0.000000000000000, -15.6000000000000 ) );
#7166 = CARTESIAN_POINT( '', ( -10.1600000000000, 0.000000000000000, -15.6000000000000 ) );
#7167 = VECTOR( '', #9080, 1000.00000000000 );
#7168 = CARTESIAN_POINT( '', ( 5.08000000000000, 0.000000000000000, 0.000000000000000 ) );
#7169 = CARTESIAN_POINT( '', ( 5.08000000000000, 0.000000000000000, -9.05599943172105 ) );
#7170 = VECTOR( '', #9081, 1000.00000000000 );
#7171 = CARTESIAN_POINT( '', ( 0.000000000000000, 0.000000000000000, 0.000000000000000 ) );
#7172 = CARTESIAN_POINT( '', ( -10.1600000000000, 0.000000000000000, 0.000000000000000 ) );
#7173 = VECTOR( '', #9082, 1000.00000000000 );
#7174 = CARTESIAN_POINT( '', ( 0.000000000000000, 0.000000000000000, -3.24000000000000 ) );
#7175 = CARTESIAN_POINT( '', ( 0.000000000000000, 0.000000000000000, -9.05599943172105 ) );
#7176 = VECTOR( '', #9083, 1000.00000000000 );
#7177 = CARTESIAN_POINT( '', ( 0.200000000000000, 0.000000000000000, -3.24000000000000 ) );
#7178 = CARTESIAN_POINT( '', ( -10.1600000000000, 0.000000000000000, -3.24000000000000 ) );
#7179 = VECTOR( '', #9084, 1000.00000000000 );
#7180 = CARTESIAN_POINT( '', ( 0.600000000000000, 0.000000000000000, -3.64000000000000 ) );
#7181 = AXIS2_PLACEMENT_3D( '', #9085, #9086, #9087 );
#7182 = CARTESIAN_POINT( '', ( 0.600000000000000, 0.000000000000000, -4.04000000000000 ) );
#7183 = CARTESIAN_POINT( '', ( 0.600000000000000, 0.000000000000000, -9.05599943172105 ) );
#7184 = VECTOR( '', #9088, 1000.00000000000 );
#7185 = CARTESIAN_POINT( '', ( 0.200000000000000, 0.000000000000000, -4.44000000000000 ) );
#7186 = AXIS2_PLACEMENT_3D( '', #9089, #9090, #9091 );
#7187 = CARTESIAN_POINT( '', ( 0.000000000000000, 0.000000000000000, -4.44000000000000 ) );
#7188 = CARTESIAN_POINT( '', ( -10.1600000000000, 0.000000000000000, -4.44000000000000 ) );
#7189 = VECTOR( '', #9092, 1000.00000000000 );
#7190 = CARTESIAN_POINT( '', ( 0.000000000000000, 0.000000000000000, -9.05599943172105 ) );
#7191 = VECTOR( '', #9093, 1000.00000000000 );
#7192 = COLOUR_RGB( '', 0.866666674600000, 0.866666674600000, 0.866666674600000 );
#7193 = CARTESIAN_POINT( '', ( 0.000000000000000, -5.00000000000000, -4.19000000000000 ) );
#7194 = CARTESIAN_POINT( '', ( 0.509692119699701, -4.71656585905000, -4.29316159068060 ) );
#7195 = AXIS2_PLACEMENT_3D( '', #9094, #9095, #9096 );
#7196 = CARTESIAN_POINT( '', ( 0.000000000000000, -4.31313064513640, -4.44000000000000 ) );
#7197 = CARTESIAN_POINT( '', ( 0.000000000000000, 7.83550830638944, -8.86174296520235 ) );
#7198 = VECTOR( '', #9097, 1000.00000000000 );
#7199 = CARTESIAN_POINT( '', ( 0.200000000000000, -4.31313064513640, -4.44000000000000 ) );
#7200 = CARTESIAN_POINT( '', ( 0.000000000000000, -4.31313064513640, -4.44000000000000 ) );
#7201 = VECTOR( '', #9098, 1000.00000000000 );
#7202 = AXIS2_PLACEMENT_3D( '', #9099, #9100, #9101 );
#7203 = COLOUR_RGB( '', 0.866666674600000, 0.866666674600000, 0.866666674600000 );
#7204 = CARTESIAN_POINT( '', ( 0.000000000000000, 0.000000000000000, -4.44000000000000 ) );
#7205 = CARTESIAN_POINT( '', ( 0.200000000000000, 0.000000000000000, -4.44000000000000 ) );
#7206 = CARTESIAN_POINT( '', ( 0.000000000000000, 0.000000000000000, -4.44000000000000 ) );
#7207 = VECTOR( '', #9102, 1000.00000000000 );
#7208 = CARTESIAN_POINT( '', ( 0.200000000000000, -4.31313064513640, -4.44000000000000 ) );
#7209 = CARTESIAN_POINT( '', ( 0.200000000000000, 7.07093599974894, -4.44000000000000 ) );
#7210 = VECTOR( '', #9103, 1000.00000000000 );
#7211 = CARTESIAN_POINT( '', ( 0.000000000000000, -4.31313064513640, -4.44000000000000 ) );
#7212 = CARTESIAN_POINT( '', ( 4.44089209850063E-016, -4.31313064513640, -4.44000000000000 ) );
#7213 = VECTOR( '', #9104, 1000.00000000000 );
#7214 = CARTESIAN_POINT( '', ( 0.000000000000000, 7.83550830638944, -4.44000000000000 ) );
#7215 = VECTOR( '', #9105, 1000.00000000000 );
#7216 = COLOUR_RGB( '', 0.866666674600000, 0.866666674600000, 0.866666674600000 );
#7217 = CARTESIAN_POINT( '', ( 9.96000000000000, 0.000000000000000, -13.4000000000000 ) );
#7218 = CARTESIAN_POINT( '', ( 9.56000000000000, 0.000000000000000, -13.8000000000000 ) );
#7219 = AXIS2_PLACEMENT_3D( '', #9106, #9107, #9108 );
#7220 = CARTESIAN_POINT( '', ( 9.56000000000000, -4.40000000000000, -13.8000000000000 ) );
#7221 = CARTESIAN_POINT( '', ( 9.56000000000000, 7.76723869684921, -13.8000000000000 ) );
#7222 = VECTOR( '', #9109, 1000.00000000000 );
#7223 = CARTESIAN_POINT( '', ( 9.65030788030035, -4.71656585905000, -13.5468384093194 ) );
#7224 = CARTESIAN_POINT( '', ( 9.65030788030035, -4.71656585905000, -13.5468384093194 ) );
#7225 = CARTESIAN_POINT( '', ( 9.63487142309742, -4.69171213472220, -13.5657217997222 ) );
#7226 = CARTESIAN_POINT( '', ( 9.62152960062397, -4.66617484832710, -13.5855643879953 ) );
#7227 = CARTESIAN_POINT( '', ( 9.61020741719229, -4.64026675985170, -13.6059764215032 ) );
#7228 = CARTESIAN_POINT( '', ( 9.60454451785075, -4.62730857929820, -13.6161856971088 ) );
#7229 = CARTESIAN_POINT( '', ( 9.59939336634606, -4.61427571588660, -13.6265235918697 ) );
#7230 = CARTESIAN_POINT( '', ( 9.59472514332657, -4.60115749156530, -13.6369838073006 ) );
#7231 = CARTESIAN_POINT( '', ( 9.59005509862178, -4.58803414810630, -13.6474481046318 ) );
#7232 = CARTESIAN_POINT( '', ( 9.58586433813148, -4.57481100118610, -13.6580464547178 ) );
#7233 = CARTESIAN_POINT( '', ( 9.58214754034829, -4.56151326532030, -13.6687463572499 ) );
#7234 = CARTESIAN_POINT( '', ( 9.57471395239318, -4.53491782082000, -13.6901461404027 ) );
#7235 = CARTESIAN_POINT( '', ( 9.56917614226545, -4.50802341012500, -13.7119520302139 ) );
#7236 = CARTESIAN_POINT( '', ( 9.56549745858239, -4.48103535183920, -13.7339110840211 ) );
#7237 = CARTESIAN_POINT( '', ( 9.56181875022270, -4.45404711251730, -13.7558702851298 ) );
#7238 = CARTESIAN_POINT( '', ( 9.56000000000000, -4.42696580599880, -13.7779825116007 ) );
#7239 = CARTESIAN_POINT( '', ( 9.56000000000000, -4.40000000000000, -13.8000000000000 ) );
#7240 = CARTESIAN_POINT( '', ( 9.96000000000000, -4.31313064513630, -13.4000000000000 ) );
#7241 = AXIS2_PLACEMENT_3D( '', #9110, #9111, #9112 );
#7242 = CARTESIAN_POINT( '', ( 9.96000000000000, 7.76723869684921, -13.4000000000000 ) );
#7243 = VECTOR( '', #9113, 1000.00000000000 );
#7244 = COLOUR_RGB( '', 0.866666674600000, 0.866666674600000, 0.866666674600000 );
#7245 = CARTESIAN_POINT( '', ( 0.000000000000000, -4.31313064513630, -3.24000000000000 ) );
#7246 = CARTESIAN_POINT( '', ( 0.000000000000000, 7.83550830638944, -3.24000000000000 ) );
#7247 = VECTOR( '', #9114, 1000.00000000000 );
#7248 = CARTESIAN_POINT( '', ( 0.200000000000000, -4.31313064513630, -3.24000000000000 ) );
#7249 = CARTESIAN_POINT( '', ( 0.000000000000000, -4.31313064513630, -3.24000000000000 ) );
#7250 = VECTOR( '', #9115, 1000.00000000000 );
#7251 = CARTESIAN_POINT( '', ( 0.200000000000000, 7.07093599974894, -3.24000000000000 ) );
#7252 = VECTOR( '', #9116, 1000.00000000000 );
#7253 = COLOUR_RGB( '', 0.666666686500000, 0.733333349200000, 0.733333349200000 );
#7254 = CARTESIAN_POINT( '', ( 5.08000000000000, 16.4000000000000, -15.6000000000000 ) );
#7255 = CARTESIAN_POINT( '', ( 5.08000000000000, 7.83550830638944, -15.6000000000000 ) );
#7256 = VECTOR( '', #9117, 1000.00000000000 );
#7257 = CARTESIAN_POINT( '', ( 5.08000000000000, 16.4000000000000, -13.6000000000000 ) );
#7258 = CARTESIAN_POINT( '', ( 5.08000000000000, 16.4000000000000, -9.05599943172105 ) );
#7259 = VECTOR( '', #9118, 1000.00000000000 );
#7260 = CARTESIAN_POINT( '', ( 5.08000000000000, 29.3000000000000, -10.9000000000000 ) );
#7261 = CARTESIAN_POINT( '', ( 5.08000000000000, 7.83550830638944, -15.3925680288952 ) );
#7262 = VECTOR( '', #9119, 1000.00000000000 );
#7263 = CARTESIAN_POINT( '', ( 5.08000000000000, 29.3000000000000, -1.40000000000000 ) );
#7264 = CARTESIAN_POINT( '', ( 5.08000000000000, 29.3000000000000, -9.05599943172105 ) );
#7265 = VECTOR( '', #9120, 1000.00000000000 );
#7266 = CARTESIAN_POINT( '', ( 5.08000000000000, 16.4000000000000, 2.00000000000000 ) );
#7267 = CARTESIAN_POINT( '', ( 5.08000000000000, 7.83550830638944, 4.25730788823846 ) );
#7268 = VECTOR( '', #9121, 1000.00000000000 );
#7269 = CARTESIAN_POINT( '', ( 5.08000000000000, 16.4000000000000, 2.70000000000000 ) );
#7270 = CARTESIAN_POINT( '', ( 5.08000000000000, 16.4000000000000, -9.05599943172105 ) );
#7271 = VECTOR( '', #9122, 1000.00000000000 );
#7272 = CARTESIAN_POINT( '', ( 5.08000000000000, 3.80000000000000, 2.70000000000000 ) );
#7273 = CARTESIAN_POINT( '', ( 5.08000000000000, 7.83550830638944, 2.70000000000000 ) );
#7274 = VECTOR( '', #9123, 1000.00000000000 );
#7275 = CARTESIAN_POINT( '', ( 5.08000000000000, 3.80000000000000, 0.000000000000000 ) );
#7276 = CARTESIAN_POINT( '', ( 5.08000000000000, 3.80000000000000, -9.05599943172105 ) );
#7277 = VECTOR( '', #9124, 1000.00000000000 );
#7278 = CARTESIAN_POINT( '', ( 5.08000000000000, 7.83550830638944, 0.000000000000000 ) );
#7279 = VECTOR( '', #9125, 1000.00000000000 );
#7280 = COLOUR_RGB( '', 0.666666686500000, 0.733333349200000, 0.733333349200000 );
#7281 = CARTESIAN_POINT( '', ( 0.000000000000000, 16.4000000000000, -15.6000000000000 ) );
#7282 = CARTESIAN_POINT( '', ( 0.000000000000000, 7.83550830638944, -15.6000000000000 ) );
#7283 = VECTOR( '', #9126, 1000.00000000000 );
#7284 = CARTESIAN_POINT( '', ( -10.1600000000000, 16.4000000000000, -15.6000000000000 ) );
#7285 = VECTOR( '', #9127, 1000.00000000000 );
#7286 = COLOUR_RGB( '', 0.866666674600000, 0.866666674600000, 0.866666674600000 );
#7287 = CARTESIAN_POINT( '', ( 10.1600000000000, 12.8000000000000, -1.50000000000000 ) );
#7288 = CARTESIAN_POINT( '', ( 10.1600000000000, 12.9000000000000, -1.50000000000000 ) );
#7289 = CARTESIAN_POINT( '', ( 10.1600000000000, 7.83550830638944, -1.50000000000000 ) );
#7290 = VECTOR( '', #9128, 1000.00000000000 );
#7291 = CARTESIAN_POINT( '', ( 7.36000000000000, 12.9000000000000, -1.50000000000000 ) );
#7292 = CARTESIAN_POINT( '', ( 7.36000000000000, 12.9000000000000, -1.50000000000000 ) );
#7293 = VECTOR( '', #9129, 1000.00000000000 );
#7294 = CARTESIAN_POINT( '', ( 7.36000000000000, 6.70000000000000, -1.50000000000000 ) );
#7295 = CARTESIAN_POINT( '', ( 7.36000000000000, 7.83550830638944, -1.50000000000000 ) );
#7296 = VECTOR( '', #9130, 1000.00000000000 );
#7297 = CARTESIAN_POINT( '', ( 10.1600000000000, 6.70000000000000, -1.50000000000000 ) );
#7298 = CARTESIAN_POINT( '', ( 7.36000000000000, 6.70000000000000, -1.50000000000000 ) );
#7299 = VECTOR( '', #9131, 1000.00000000000 );
#7300 = CARTESIAN_POINT( '', ( 10.1600000000000, 6.80000000000000, -1.50000000000000 ) );
#7301 = CARTESIAN_POINT( '', ( 10.1600000000000, 7.83550830638944, -1.50000000000000 ) );
#7302 = VECTOR( '', #9132, 1000.00000000000 );
#7303 = CARTESIAN_POINT( '', ( 7.41000000000000, 6.80000000000000, -1.50000000000000 ) );
#7304 = CARTESIAN_POINT( '', ( 0.000000000000000, 6.80000000000000, -1.50000000000000 ) );
#7305 = VECTOR( '', #9133, 1000.00000000000 );
#7306 = CARTESIAN_POINT( '', ( 7.41000000000000, 12.8000000000000, -1.50000000000000 ) );
#7307 = CARTESIAN_POINT( '', ( 7.41000000000000, 6.80000000000000, -1.50000000000000 ) );
#7308 = VECTOR( '', #9134, 1000.00000000000 );
#7309 = CARTESIAN_POINT( '', ( 0.000000000000000, 12.8000000000000, -1.50000000000000 ) );
#7310 = VECTOR( '', #9135, 1000.00000000000 );
#7311 = COLOUR_RGB( '', 0.666666686500000, 0.733333349200000, 0.733333349200000 );
#7312 = CARTESIAN_POINT( '', ( 2.28000000000000, 6.70000000000000, -1.45000000000000 ) );
#7313 = CARTESIAN_POINT( '', ( 2.28000000000000, 6.80000000000000, -1.45000000000000 ) );
#7314 = CARTESIAN_POINT( '', ( 2.28000000000000, 6.70000000000000, -1.45000000000000 ) );
#7315 = VECTOR( '', #9136, 1000.00000000000 );
#7316 = CARTESIAN_POINT( '', ( 5.08000000000000, 6.80000000000000, -1.45000000000000 ) );
#7317 = CARTESIAN_POINT( '', ( 5.08000000000000, 6.80000000000000, -1.45000000000000 ) );
#7318 = VECTOR( '', #9137, 1000.00000000000 );
#7319 = CARTESIAN_POINT( '', ( 5.08000000000000, 6.70000000000000, -1.45000000000000 ) );
#7320 = CARTESIAN_POINT( '', ( 5.08000000000000, 7.83550830638944, -1.45000000000000 ) );
#7321 = VECTOR( '', #9138, 1000.00000000000 );
#7322 = CARTESIAN_POINT( '', ( 7.88000000000000, 6.70000000000000, -1.45000000000000 ) );
#7323 = VECTOR( '', #9139, 1000.00000000000 );
#7324 = COLOUR_RGB( '', 0.666666686500000, 0.733333349200000, 0.733333349200000 );
#7325 = CARTESIAN_POINT( '', ( 0.000000000000000, 4.80000000000000, 2.70000000000000 ) );
#7326 = CARTESIAN_POINT( '', ( 0.000000000000000, 4.80000000000000, 1.70000000000000 ) );
#7327 = CARTESIAN_POINT( '', ( 0.000000000000000, 4.80000000000000, -9.05599943172105 ) );
#7328 = VECTOR( '', #9140, 1000.00000000000 );
#7329 = CARTESIAN_POINT( '', ( 4.20000000000000, 4.80000000000000, 2.70000000000000 ) );
#7330 = CARTESIAN_POINT( '', ( -10.1600000000000, 4.80000000000000, 2.70000000000000 ) );
#7331 = VECTOR( '', #9141, 1000.00000000000 );
#7332 = CARTESIAN_POINT( '', ( 4.20000000000000, 4.80000000000000, 1.70000000000000 ) );
#7333 = CARTESIAN_POINT( '', ( 4.20000000000000, 4.80000000000000, 1.88165904106093 ) );
#7334 = VECTOR( '', #9142, 1000.00000000000 );
#7335 = CARTESIAN_POINT( '', ( -3.83535768668078, 4.80000000000000, 1.70000000000000 ) );
#7336 = VECTOR( '', #9143, 1000.00000000000 );
#7337 = COLOUR_RGB( '', 0.666666686500000, 0.733333349200000, 0.733333349200000 );
#7338 = CARTESIAN_POINT( '', ( 10.1600000000000, 12.9000000000000, -1.45000000000000 ) );
#7339 = CARTESIAN_POINT( '', ( 10.1600000000000, 12.9000000000000, -9.05599943172105 ) );
#7340 = VECTOR( '', #9144, 1000.00000000000 );
#7341 = CARTESIAN_POINT( '', ( 7.36000000000000, 12.9000000000000, -1.45000000000000 ) );
#7342 = CARTESIAN_POINT( '', ( 7.36000000000000, 12.9000000000000, -1.45000000000000 ) );
#7343 = VECTOR( '', #9145, 1000.00000000000 );
#7344 = CARTESIAN_POINT( '', ( 7.36000000000000, 12.9000000000000, -1.50000000000000 ) );
#7345 = VECTOR( '', #9146, 1000.00000000000 );
#7346 = COLOUR_RGB( '', 0.866666674600000, 0.866666674600000, 0.866666674600000 );
#7347 = CARTESIAN_POINT( '', ( 10.1600000000000, -4.31313064513630, -3.24000000000000 ) );
#7348 = CARTESIAN_POINT( '', ( 9.96000000000000, -4.31313064513630, -3.24000000000000 ) );
#7349 = CARTESIAN_POINT( '', ( 10.1600000000000, -4.31313064513630, -3.24000000000000 ) );
#7350 = VECTOR( '', #9147, 1000.00000000000 );
#7351 = CARTESIAN_POINT( '', ( 10.1600000000000, 0.000000000000000, -3.24000000000000 ) );
#7352 = CARTESIAN_POINT( '', ( 10.1600000000000, 7.83550830638944, -3.24000000000000 ) );
#7353 = VECTOR( '', #9148, 1000.00000000000 );
#7354 = CARTESIAN_POINT( '', ( 9.96000000000000, 0.000000000000000, -3.24000000000000 ) );
#7355 = CARTESIAN_POINT( '', ( 0.000000000000000, 0.000000000000000, -3.24000000000000 ) );
#7356 = VECTOR( '', #9149, 1000.00000000000 );
#7357 = CARTESIAN_POINT( '', ( 9.96000000000000, 7.07093599974894, -3.24000000000000 ) );
#7358 = VECTOR( '', #9150, 1000.00000000000 );
#7359 = COLOUR_RGB( '', 0.866666674600000, 0.866666674600000, 0.866666674600000 );
#7360 = CARTESIAN_POINT( '', ( 0.000000000000000, 6.80000000000000, -12.2000000000000 ) );
#7361 = CARTESIAN_POINT( '', ( 0.000000000000000, 7.83550830638944, -12.2000000000000 ) );
#7362 = VECTOR( '', #9151, 1000.00000000000 );
#7363 = CARTESIAN_POINT( '', ( 2.75000000000000, 6.80000000000000, -12.2000000000000 ) );
#7364 = CARTESIAN_POINT( '', ( -10.1600000000000, 6.80000000000000, -12.2000000000000 ) );
#7365 = VECTOR( '', #9152, 1000.00000000000 );
#7366 = CARTESIAN_POINT( '', ( 2.75000000000000, 7.83550830638944, -12.2000000000000 ) );
#7367 = VECTOR( '', #9153, 1000.00000000000 );
#7368 = COLOUR_RGB( '', 0.866666674600000, 0.866666674600000, 0.866666674600000 );
#7369 = CARTESIAN_POINT( '', ( 0.600000000000000, 0.000000000000000, -4.04000000000000 ) );
#7370 = AXIS2_PLACEMENT_3D( '', #9154, #9155, #9156 );
#7371 = CARTESIAN_POINT( '', ( 0.600000000000000, -4.40000000000000, -4.04000000000000 ) );
#7372 = CARTESIAN_POINT( '', ( 0.600000000000000, 7.07093599974894, -4.04000000000000 ) );
#7373 = VECTOR( '', #9157, 1000.00000000000 );
#7374 = CARTESIAN_POINT( '', ( 0.509692119699654, -4.71656585905000, -4.29316159068060 ) );
#7375 = CARTESIAN_POINT( '', ( 0.509692119699654, -4.71656585905000, -4.29316159068061 ) );
#7376 = CARTESIAN_POINT( '', ( 0.525128576902590, -4.69171213472220, -4.27427820027775 ) );
#7377 = CARTESIAN_POINT( '', ( 0.538470399376028, -4.66617484832710, -4.25443561200467 ) );
#7378 = CARTESIAN_POINT( '', ( 0.549792582807715, -4.64026675985170, -4.23402357849681 ) );
#7379 = CARTESIAN_POINT( '', ( 0.555455482149264, -4.62730857929810, -4.22381430289120 ) );
#7380 = CARTESIAN_POINT( '', ( 0.560606633653933, -4.61427571588660, -4.21347640813032 ) );
#7381 = CARTESIAN_POINT( '', ( 0.565274856673425, -4.60115749156530, -4.20301619269940 ) );
#7382 = CARTESIAN_POINT( '', ( 0.569944901377479, -4.58803414810840, -4.19255189536989 ) );
#7383 = CARTESIAN_POINT( '', ( 0.574135661867939, -4.57481100118820, -4.18195354528388 ) );
#7384 = CARTESIAN_POINT( '', ( 0.577852459651713, -4.56151326532040, -4.17125364275012 ) );
#7385 = CARTESIAN_POINT( '', ( 0.585286047606822, -4.53491782082000, -4.14985385959726 ) );
#7386 = CARTESIAN_POINT( '', ( 0.590823857734553, -4.50802341012510, -4.12804796978605 ) );
#7387 = CARTESIAN_POINT( '', ( 0.594502541417611, -4.48103535183920, -4.10608891597886 ) );
#7388 = CARTESIAN_POINT( '', ( 0.598181249777979, -4.45404711251230, -4.08412971486615 ) );
#7389 = CARTESIAN_POINT( '', ( 0.600000000000000, -4.42696580599350, -4.06201748839563 ) );
#7390 = CARTESIAN_POINT( '', ( 0.600000000000000, -4.40000000000000, -4.04000000000000 ) );
#7391 = AXIS2_PLACEMENT_3D( '', #9158, #9159, #9160 );
#7392 = COLOUR_RGB( '', 0.866666674600000, 0.866666674600000, 0.866666674600000 );
#7393 = CARTESIAN_POINT( '', ( 9.56000000000000, 0.000000000000000, -14.2000000000000 ) );
#7394 = CARTESIAN_POINT( '', ( 9.56000000000000, 0.000000000000000, -9.05599943172105 ) );
#7395 = VECTOR( '', #9161, 1000.00000000000 );
#7396 = CARTESIAN_POINT( '', ( 9.56000000000000, -4.40000000000000, -14.2000000000000 ) );
#7397 = CARTESIAN_POINT( '', ( 9.56000000000000, 7.76723869684921, -14.2000000000000 ) );
#7398 = VECTOR( '', #9162, 1000.00000000000 );
#7399 = CARTESIAN_POINT( '', ( 9.56000000000000, -4.40000000000000, -9.79877921050629 ) );
#7400 = VECTOR( '', #9163, 1000.00000000000 );
#7401 = COLOUR_RGB( '', 0.666666686500000, 0.733333349200000, 0.733333349200000 );
#7402 = CARTESIAN_POINT( '', ( 2.28000000000000, 6.70000000000000, -1.50000000000000 ) );
#7403 = CARTESIAN_POINT( '', ( 2.28000000000000, 6.70000000000000, -1.50000000000000 ) );
#7404 = VECTOR( '', #9164, 1000.00000000000 );
#7405 = CARTESIAN_POINT( '', ( 5.08000000000000, 6.70000000000000, -1.50000000000000 ) );
#7406 = CARTESIAN_POINT( '', ( 5.08000000000000, 6.70000000000000, -9.05599943172105 ) );
#7407 = VECTOR( '', #9165, 1000.00000000000 );
#7408 = CARTESIAN_POINT( '', ( 7.88000000000000, 6.70000000000000, -1.50000000000000 ) );
#7409 = VECTOR( '', #9166, 1000.00000000000 );
#7410 = COLOUR_RGB( '', 0.866666674600000, 0.866666674600000, 0.866666674600000 );
#7411 = CARTESIAN_POINT( '', ( 0.200000000000000, -4.31313064513630, -13.4000000000000 ) );
#7412 = CARTESIAN_POINT( '', ( 0.200000000000000, 0.000000000000000, -13.4000000000000 ) );
#7413 = CARTESIAN_POINT( '', ( 0.200000000000000, 7.76723869684921, -13.4000000000000 ) );
#7414 = VECTOR( '', #9167, 1000.00000000000 );
#7415 = CARTESIAN_POINT( '', ( 0.509692119699654, -4.71656585905000, -13.5468384093194 ) );
#7416 = AXIS2_PLACEMENT_3D( '', #9168, #9169, #9170 );
#7417 = CARTESIAN_POINT( '', ( 0.600000000000000, -4.40000000000000, -13.8000000000000 ) );
#7418 = CARTESIAN_POINT( '', ( 0.600000000000000, -4.42696580599360, -13.7779825116045 ) );
#7419 = CARTESIAN_POINT( '', ( 0.598181249777978, -4.45404711251230, -13.7558702851338 ) );
#7420 = CARTESIAN_POINT( '', ( 0.594502541417612, -4.48103535183920, -13.7339110840211 ) );
#7421 = CARTESIAN_POINT( '', ( 0.590823857734556, -4.50802341012500, -13.7119520302140 ) );
#7422 = CARTESIAN_POINT( '', ( 0.585286047606828, -4.53491782082000, -13.6901461404028 ) );
#7423 = CARTESIAN_POINT( '', ( 0.577852459651717, -4.56151326532030, -13.6687463572499 ) );
#7424 = CARTESIAN_POINT( '', ( 0.574135661867940, -4.57481100118820, -13.6580464547161 ) );
#7425 = CARTESIAN_POINT( '', ( 0.569944901377483, -4.58803414810840, -13.6474481046301 ) );
#7426 = CARTESIAN_POINT( '', ( 0.565274856673425, -4.60115749156530, -13.6369838073006 ) );
#7427 = CARTESIAN_POINT( '', ( 0.560606633653932, -4.61427571588660, -13.6265235918697 ) );
#7428 = CARTESIAN_POINT( '', ( 0.555455482149262, -4.62730857929820, -13.6161856971088 ) );
#7429 = CARTESIAN_POINT( '', ( 0.549792582807715, -4.64026675985170, -13.6059764215032 ) );
#7430 = CARTESIAN_POINT( '', ( 0.538470399376029, -4.66617484832710, -13.5855643879953 ) );
#7431 = CARTESIAN_POINT( '', ( 0.525128576902585, -4.69171213472220, -13.5657217997222 ) );
#7432 = CARTESIAN_POINT( '', ( 0.509692119699654, -4.71656585905000, -13.5468384093194 ) );
#7433 = AXIS2_PLACEMENT_3D( '', #9171, #9172, #9173 );
#7434 = COLOUR_RGB( '', 0.866666674600000, 0.866666674600000, 0.866666674600000 );
#7435 = CARTESIAN_POINT( '', ( 0.000000000000000, 0.000000000000000, -13.4000000000000 ) );
#7436 = CARTESIAN_POINT( '', ( 0.000000000000000, 0.000000000000000, -13.4000000000000 ) );
#7437 = VECTOR( '', #9174, 1000.00000000000 );
#7438 = CARTESIAN_POINT( '', ( 0.000000000000000, -4.31313064513630, -13.4000000000000 ) );
#7439 = CARTESIAN_POINT( '', ( 0.000000000000000, 7.83550830638944, -13.4000000000000 ) );
#7440 = VECTOR( '', #9175, 1000.00000000000 );
#7441 = CARTESIAN_POINT( '', ( 0.000000000000000, -4.31313064513630, -13.4000000000000 ) );
#7442 = VECTOR( '', #9176, 1000.00000000000 );
#7443 = COLOUR_RGB( '', 0.866666674600000, 0.866666674600000, 0.866666674600000 );
#7444 = CARTESIAN_POINT( '', ( 9.56000000000000, 0.000000000000000, -3.64000000000000 ) );
#7445 = AXIS2_PLACEMENT_3D( '', #9177, #9178, #9179 );
#7446 = CARTESIAN_POINT( '', ( 9.56000000000000, -4.40000000000000, -3.64000000000000 ) );
#7447 = CARTESIAN_POINT( '', ( 9.56000000000000, 7.07093599974894, -3.64000000000000 ) );
#7448 = VECTOR( '', #9180, 1000.00000000000 );
#7449 = CARTESIAN_POINT( '', ( 9.65030788030035, -4.71656585905000, -3.38683840931939 ) );
#7450 = CARTESIAN_POINT( '', ( 9.65030788030035, -4.71656585905000, -3.38683840931939 ) );
#7451 = CARTESIAN_POINT( '', ( 9.63487142309741, -4.69171213472220, -3.40572179972225 ) );
#7452 = CARTESIAN_POINT( '', ( 9.62152960062397, -4.66617484832710, -3.42556438799532 ) );
#7453 = CARTESIAN_POINT( '', ( 9.61020741719229, -4.64026675985170, -3.44597642150319 ) );
#7454 = CARTESIAN_POINT( '', ( 9.60454451785074, -4.62730857929820, -3.45618569710879 ) );
#7455 = CARTESIAN_POINT( '', ( 9.59939336634607, -4.61427571588660, -3.46652359186967 ) );
#7456 = CARTESIAN_POINT( '', ( 9.59472514332657, -4.60115749156530, -3.47698380730060 ) );
#7457 = CARTESIAN_POINT( '', ( 9.59005509862252, -4.58803414810840, -3.48744810463011 ) );
#7458 = CARTESIAN_POINT( '', ( 9.58586433813206, -4.57481100118820, -3.49804645471612 ) );
#7459 = CARTESIAN_POINT( '', ( 9.58214754034829, -4.56151326532040, -3.50874635724988 ) );
#7460 = CARTESIAN_POINT( '', ( 9.57471395239318, -4.53491782082000, -3.53014614040274 ) );
#7461 = CARTESIAN_POINT( '', ( 9.56917614226545, -4.50802341012510, -3.55195203021395 ) );
#7462 = CARTESIAN_POINT( '', ( 9.56549745858239, -4.48103535183920, -3.57391108402114 ) );
#7463 = CARTESIAN_POINT( '', ( 9.56181875022202, -4.45404711251230, -3.59587028513384 ) );
#7464 = CARTESIAN_POINT( '', ( 9.56000000000000, -4.42696580599350, -3.61798251160441 ) );
#7465 = CARTESIAN_POINT( '', ( 9.56000000000000, -4.40000000000000, -3.64000000000000 ) );
#7466 = AXIS2_PLACEMENT_3D( '', #9181, #9182, #9183 );
#7467 = COLOUR_RGB( '', 0.866666674600000, 0.866666674600000, 0.866666674600000 );
#7468 = CARTESIAN_POINT( '', ( 5.08000000000000, 6.80000000000000, -12.2000000000000 ) );
#7469 = CARTESIAN_POINT( '', ( 5.08000000000000, 6.80000000000000, -1.50000000000000 ) );
#7470 = CARTESIAN_POINT( '', ( 5.08000000000000, 6.80000000000000, -9.05599943172105 ) );
#7471 = VECTOR( '', #9184, 1000.00000000000 );
#7472 = CARTESIAN_POINT( '', ( 2.33000000000000, 6.80000000000000, -12.2000000000000 ) );
#7473 = CARTESIAN_POINT( '', ( 5.08000000000000, 6.80000000000000, -12.2000000000000 ) );
#7474 = VECTOR( '', #9185, 1000.00000000000 );
#7475 = CARTESIAN_POINT( '', ( 2.33000000000000, 6.80000000000000, -1.50000000000000 ) );
#7476 = CARTESIAN_POINT( '', ( 2.33000000000000, 6.80000000000000, -9.05599943172105 ) );
#7477 = VECTOR( '', #9186, 1000.00000000000 );
#7478 = CARTESIAN_POINT( '', ( 5.08000000000000, 6.80000000000000, -1.50000000000000 ) );
#7479 = VECTOR( '', #9187, 1000.00000000000 );
#7480 = COLOUR_RGB( '', 0.866666674600000, 0.866666674600000, 0.866666674600000 );
#7481 = CARTESIAN_POINT( '', ( 1.17453482286830, 24.8000000000012, -6.75000000000000 ) );
#7482 = CARTESIAN_POINT( '', ( 1.17453482286830, 24.8000000000012, -6.15000000000000 ) );
#7483 = VECTOR( '', #9188, 1000.00000000000 );
#7484 = CARTESIAN_POINT( '', ( 1.56472089372100, 25.6000000000012, -6.75000000000000 ) );
#7485 = CARTESIAN_POINT( '', ( 1.56472089372100, 25.6000000000012, -10.0902740315453 ) );
#7486 = VECTOR( '', #9189, 1000.00000000000 );
#7487 = CARTESIAN_POINT( '', ( 2.15000000000000, 26.8000000000012, -6.75000000000000 ) );
#7488 = VECTOR( '', #9190, 1000.00000000000 );
#7489 = COLOUR_RGB( '', 0.666666686500000, 0.733333349200000, 0.733333349200000 );
#7490 = CARTESIAN_POINT( '', ( 0.000000000000000, 0.000000000000000, -15.6000000000000 ) );
#7491 = CARTESIAN_POINT( '', ( 0.000000000000000, 16.4000000000000, -15.6000000000000 ) );
#7492 = CARTESIAN_POINT( '', ( 0.000000000000000, 7.83550830638944, -15.6000000000000 ) );
#7493 = VECTOR( '', #9191, 1000.00000000000 );
#7494 = CARTESIAN_POINT( '', ( 10.1600000000000, 16.4000000000000, -15.6000000000000 ) );
#7495 = CARTESIAN_POINT( '', ( 0.000000000000000, 16.4000000000000, -15.6000000000000 ) );
#7496 = VECTOR( '', #9192, 1000.00000000000 );
#7497 = CARTESIAN_POINT( '', ( 10.1600000000000, 0.000000000000000, -15.6000000000000 ) );
#7498 = CARTESIAN_POINT( '', ( 10.1600000000000, 7.83550830638944, -15.6000000000000 ) );
#7499 = VECTOR( '', #9193, 1000.00000000000 );
#7500 = CARTESIAN_POINT( '', ( 0.000000000000000, 0.000000000000000, -15.6000000000000 ) );
#7501 = VECTOR( '', #9194, 1000.00000000000 );
#7502 = COLOUR_RGB( '', 0.666666686500000, 0.733333349200000, 0.733333349200000 );
#7503 = CARTESIAN_POINT( '', ( 7.36000000000000, 6.70000000000000, -1.45000000000000 ) );
#7504 = CARTESIAN_POINT( '', ( 7.36000000000000, 6.70000000000000, -1.50000000000000 ) );
#7505 = VECTOR( '', #9195, 1000.00000000000 );
#7506 = CARTESIAN_POINT( '', ( 10.1600000000000, 6.70000000000000, -1.45000000000000 ) );
#7507 = CARTESIAN_POINT( '', ( 7.36000000000000, 6.70000000000000, -1.45000000000000 ) );
#7508 = VECTOR( '', #9196, 1000.00000000000 );
#7509 = CARTESIAN_POINT( '', ( 10.1600000000000, 6.70000000000000, -9.05599943172105 ) );
#7510 = VECTOR( '', #9197, 1000.00000000000 );
#7511 = COLOUR_RGB( '', 0.866666674600000, 0.866666674600000, 0.866666674600000 );
#7512 = CARTESIAN_POINT( '', ( 5.08000000000000, 12.8000000000000, -1.50000000000000 ) );
#7513 = CARTESIAN_POINT( '', ( 2.33000000000000, 12.8000000000000, -1.50000000000000 ) );
#7514 = CARTESIAN_POINT( '', ( 5.08000000000000, 12.8000000000000, -1.50000000000000 ) );
#7515 = VECTOR( '', #9198, 1000.00000000000 );
#7516 = CARTESIAN_POINT( '', ( 2.33000000000000, 12.8000000000000, -12.2000000000000 ) );
#7517 = CARTESIAN_POINT( '', ( 2.33000000000000, 12.8000000000000, -9.05599943172105 ) );
#7518 = VECTOR( '', #9199, 1000.00000000000 );
#7519 = CARTESIAN_POINT( '', ( 5.08000000000000, 12.8000000000000, -12.2000000000000 ) );
#7520 = CARTESIAN_POINT( '', ( 5.08000000000000, 12.8000000000000, -12.2000000000000 ) );
#7521 = VECTOR( '', #9200, 1000.00000000000 );
#7522 = CARTESIAN_POINT( '', ( 5.08000000000000, 12.8000000000000, -9.05599943172105 ) );
#7523 = VECTOR( '', #9201, 1000.00000000000 );
#7524 = COLOUR_RGB( '', 0.666666686500000, 0.733333349200000, 0.733333349200000 );
#7525 = CARTESIAN_POINT( '', ( 10.1600000000000, 23.3000000000000, -3.79925212709677 ) );
#7526 = CARTESIAN_POINT( '', ( 10.1600000000000, 23.3000000000000, -1.50000000000000 ) );
#7527 = CARTESIAN_POINT( '', ( 10.1600000000000, 23.3000000000000, -9.05599943172105 ) );
#7528 = VECTOR( '', #9202, 1000.00000000000 );
#7529 = CARTESIAN_POINT( '', ( 10.1600000000000, 23.3000000000000, -8.50074787290323 ) );
#7530 = AXIS2_PLACEMENT_3D( '', #9203, #9204, #9205 );
#7531 = CARTESIAN_POINT( '', ( 10.1600000000000, 23.3000000000000, -10.8000000000000 ) );
#7532 = CARTESIAN_POINT( '', ( 10.1600000000000, 23.3000000000000, -9.05599943172105 ) );
#7533 = VECTOR( '', #9206, 1000.00000000000 );
#7534 = CARTESIAN_POINT( '', ( 14.2400150000000, 23.3000000000000, -10.8000000000000 ) );
#7535 = VECTOR( '', #9207, 1000.00000000000 );
#7536 = CARTESIAN_POINT( '', ( 14.2400150000000, 23.3000000000000, -1.50000000000000 ) );
#7537 = VECTOR( '', #9208, 1000.00000000000 );
#7538 = COLOUR_RGB( '', 0.866666674600000, 0.866666674600000, 0.866666674600000 );
#7539 = CARTESIAN_POINT( '', ( 9.56000000000000, 0.000000000000000, -4.04000000000000 ) );
#7540 = CARTESIAN_POINT( '', ( 9.56000000000000, -4.40000000000000, -4.04000000000000 ) );
#7541 = CARTESIAN_POINT( '', ( 9.56000000000000, 7.07093599974894, -4.04000000000000 ) );
#7542 = VECTOR( '', #9209, 1000.00000000000 );
#7543 = CARTESIAN_POINT( '', ( 9.56000000000000, -4.40000000000000, -13.8018876112894 ) );
#7544 = VECTOR( '', #9210, 1000.00000000000 );
#7545 = CARTESIAN_POINT( '', ( 9.56000000000000, 0.000000000000000, -9.05599943172105 ) );
#7546 = VECTOR( '', #9211, 1000.00000000000 );
#7547 = COLOUR_RGB( '', 0.866666674600000, 0.866666674600000, 0.866666674600000 );
#7548 = CARTESIAN_POINT( '', ( 8.59527910627903, 25.6000000000012, -6.75000000000000 ) );
#7549 = CARTESIAN_POINT( '', ( 8.59527910627903, 25.6000000000012, -5.55000000000000 ) );
#7550 = CARTESIAN_POINT( '', ( 8.59527910627903, 25.6000000000012, -10.0902740315453 ) );
#7551 = VECTOR( '', #9212, 1000.00000000000 );
#7552 = CARTESIAN_POINT( '', ( 8.98546517713172, 24.8000000000012, -5.55000000000000 ) );
#7553 = CARTESIAN_POINT( '', ( 8.01000000000000, 26.8000000000012, -5.55000000000000 ) );
#7554 = VECTOR( '', #9213, 1000.00000000000 );
#7555 = CARTESIAN_POINT( '', ( 8.98546517713172, 24.8000000000012, -6.75000000000000 ) );
#7556 = CARTESIAN_POINT( '', ( 8.98546517713172, 24.8000000000012, -6.15000000000000 ) );
#7557 = VECTOR( '', #9214, 1000.00000000000 );
#7558 = CARTESIAN_POINT( '', ( 8.01000000000000, 26.8000000000012, -6.75000000000000 ) );
#7559 = VECTOR( '', #9215, 1000.00000000000 );
#7560 = COLOUR_RGB( '', 0.866666674600000, 0.866666674600000, 0.866666674600000 );
#7561 = CARTESIAN_POINT( '', ( 0.600000000000000, -4.40000000000000, -3.64000000000000 ) );
#7562 = CARTESIAN_POINT( '', ( 0.600000000000000, -4.40000000000000, -13.8018876112894 ) );
#7563 = VECTOR( '', #9216, 1000.00000000000 );
#7564 = CARTESIAN_POINT( '', ( 0.509692119699652, -4.71656585905000, -3.38683840931939 ) );
#7565 = CARTESIAN_POINT( '', ( 0.600000000000000, -4.40000000000000, -3.64000000000000 ) );
#7566 = CARTESIAN_POINT( '', ( 0.600000000000000, -4.42696580599330, -3.61798251160415 ) );
#7567 = CARTESIAN_POINT( '', ( 0.598181249777978, -4.45404711251230, -3.59587028513384 ) );
#7568 = CARTESIAN_POINT( '', ( 0.594502541417611, -4.48103535183920, -3.57391108402114 ) );
#7569 = CARTESIAN_POINT( '', ( 0.590823857734554, -4.50802341012500, -3.55195203021396 ) );
#7570 = CARTESIAN_POINT( '', ( 0.585286047606822, -4.53491782082000, -3.53014614040273 ) );
#7571 = CARTESIAN_POINT( '', ( 0.577852459651712, -4.56151326532040, -3.50874635724987 ) );
#7572 = CARTESIAN_POINT( '', ( 0.574135661867941, -4.57481100118820, -3.49804645471612 ) );
#7573 = CARTESIAN_POINT( '', ( 0.569944901377478, -4.58803414810840, -3.48744810463011 ) );
#7574 = CARTESIAN_POINT( '', ( 0.565274856673425, -4.60115749156530, -3.47698380730059 ) );
#7575 = CARTESIAN_POINT( '', ( 0.560606633653932, -4.61427571588660, -3.46652359186967 ) );
#7576 = CARTESIAN_POINT( '', ( 0.555455482149262, -4.62730857929820, -3.45618569710879 ) );
#7577 = CARTESIAN_POINT( '', ( 0.549792582807716, -4.64026675985170, -3.44597642150319 ) );
#7578 = CARTESIAN_POINT( '', ( 0.538470399376031, -4.66617484832710, -3.42556438799533 ) );
#7579 = CARTESIAN_POINT( '', ( 0.525128576902587, -4.69171213472220, -3.40572179972224 ) );
#7580 = CARTESIAN_POINT( '', ( 0.509692119699654, -4.71656585905000, -3.38683840931939 ) );
#7581 = CARTESIAN_POINT( '', ( 0.000000000000000, -5.00000000000000, -3.49000000000000 ) );
#7582 = AXIS2_PLACEMENT_3D( '', #9217, #9218, #9219 );
#7583 = CARTESIAN_POINT( '', ( 0.000000000000000, -5.00000000000000, -4.19000000000000 ) );
#7584 = CARTESIAN_POINT( '', ( -3.46797760330211E-016, -5.00000000000000, -13.8018876112894 ) );
#7585 = VECTOR( '', #9220, 1000.00000000000 );
#7586 = AXIS2_PLACEMENT_3D( '', #9221, #9222, #9223 );
#7587 = COLOUR_RGB( '', 0.666666686500000, 0.733333349200000, 0.733333349200000 );
#7588 = CARTESIAN_POINT( '', ( 10.1600000000000, 4.80000000000000, 2.70000000000000 ) );
#7589 = CARTESIAN_POINT( '', ( 5.96000000000000, 4.80000000000000, 2.70000000000000 ) );
#7590 = CARTESIAN_POINT( '', ( 0.000000000000000, 4.80000000000000, 2.70000000000000 ) );
#7591 = VECTOR( '', #9224, 1000.00000000000 );
#7592 = CARTESIAN_POINT( '', ( 10.1600000000000, 4.80000000000000, 1.70000000000000 ) );
#7593 = CARTESIAN_POINT( '', ( 10.1600000000000, 4.80000000000000, -9.05599943172105 ) );
#7594 = VECTOR( '', #9225, 1000.00000000000 );
#7595 = CARTESIAN_POINT( '', ( 5.96000000000000, 4.80000000000000, 1.70000000000000 ) );
#7596 = CARTESIAN_POINT( '', ( 6.32464231331922, 4.80000000000000, 1.70000000000000 ) );
#7597 = VECTOR( '', #9226, 1000.00000000000 );
#7598 = CARTESIAN_POINT( '', ( 5.96000000000000, 4.80000000000000, 1.88165904106093 ) );
#7599 = VECTOR( '', #9227, 1000.00000000000 );
#7600 = COLOUR_RGB( '', 0.666666686500000, 0.733333349200000, 0.733333349200000 );
#7601 = CARTESIAN_POINT( '', ( 5.96000000000000, 15.1828007249077, 1.69940720943896 ) );
#7602 = CARTESIAN_POINT( '', ( 5.96000000000000, 4.80059279056104, 1.69940720943896 ) );
#7603 = CARTESIAN_POINT( '', ( 5.96000000000000, 15.4000000000000, 1.69940720943896 ) );
#7604 = VECTOR( '', #9228, 1000.00000000000 );
#7605 = CARTESIAN_POINT( '', ( 7.36000000000000, 6.80000000000000, -0.300000000000000 ) );
#7606 = CARTESIAN_POINT( '', ( 5.25937738537087, 3.80000000000000, 2.70000000000000 ) );
#7607 = VECTOR( '', #9229, 1000.00000000000 );
#7608 = CARTESIAN_POINT( '', ( 7.36000000000000, 12.8000000000000, -0.300000000000000 ) );
#7609 = CARTESIAN_POINT( '', ( 7.36000000000000, 7.83550830638944, -0.300000000000020 ) );
#7610 = VECTOR( '', #9230, 1000.00000000000 );
#7611 = CARTESIAN_POINT( '', ( 12.3011892659876, 4.39009331078496, -7.35674960115568 ) );
#7612 = VECTOR( '', #9231, 1000.00000000000 );
#7613 = COLOUR_RGB( '', 0.666666686500000, 0.733333349200000, 0.733333349200000 );
#7614 = CARTESIAN_POINT( '', ( 0.000000000000000, 29.3000000000000, -2.45000000000000 ) );
#7615 = CARTESIAN_POINT( '', ( 0.000000000000000, 29.3000000000000, -9.05599943172105 ) );
#7616 = VECTOR( '', #9232, 1000.00000000000 );
#7617 = CARTESIAN_POINT( '', ( 10.1600000000000, 29.3000000000000, -9.05599943172105 ) );
#7618 = VECTOR( '', #9233, 1000.00000000000 );
#7619 = CARTESIAN_POINT( '', ( 10.1600000000000, 29.3000000000000, -10.9000000000000 ) );
#7620 = CARTESIAN_POINT( '', ( 10.1600000000000, 29.3000000000000, -9.05599943172105 ) );
#7621 = VECTOR( '', #9234, 1000.00000000000 );
#7622 = CARTESIAN_POINT( '', ( 0.000000000000000, 29.3000000000000, -10.9000000000000 ) );
#7623 = CARTESIAN_POINT( '', ( 15.2400000000000, 29.3000000000000, -10.9000000000000 ) );
#7624 = VECTOR( '', #9235, 1000.00000000000 );
#7625 = CARTESIAN_POINT( '', ( 4.53119315684521E-016, 29.3000000000000, -9.85000000000000 ) );
#7626 = CARTESIAN_POINT( '', ( 0.000000000000000, 29.3000000000000, -9.05599943172105 ) );
#7627 = VECTOR( '', #9236, 1000.00000000000 );
#7628 = AXIS2_PLACEMENT_3D( '', #9237, #9238, #9239 );
#7629 = COLOUR_RGB( '', 0.666666686500000, 0.733333349200000, 0.733333349200000 );
#7630 = CARTESIAN_POINT( '', ( 0.000000000000000, 16.4000000000000, -13.6000000000000 ) );
#7631 = CARTESIAN_POINT( '', ( 0.000000000000000, 16.4000000000000, -9.05599943172105 ) );
#7632 = VECTOR( '', #9240, 1000.00000000000 );
#7633 = CARTESIAN_POINT( '', ( 10.1600000000000, 16.4000000000000, -13.6000000000000 ) );
#7634 = CARTESIAN_POINT( '', ( 0.000000000000000, 16.4000000000000, -13.6000000000000 ) );
#7635 = VECTOR( '', #9241, 1000.00000000000 );
#7636 = CARTESIAN_POINT( '', ( 10.1600000000000, 16.4000000000000, -9.05599943172105 ) );
#7637 = VECTOR( '', #9242, 1000.00000000000 );
#7638 = COLOUR_RGB( '', 0.866666674600000, 0.866666674600000, 0.866666674600000 );
#7639 = CARTESIAN_POINT( '', ( 0.600000000000000, 24.8000000000012, -4.97546517713172 ) );
#7640 = CARTESIAN_POINT( '', ( 0.600000000000000, 24.8000000000012, -6.75000000000000 ) );
#7641 = VECTOR( '', #9243, 1000.00000000000 );
#7642 = CARTESIAN_POINT( '', ( 0.600000000000000, 26.8000000000012, -4.00000000000000 ) );
#7643 = VECTOR( '', #9244, 1000.00000000000 );
#7644 = COLOUR_RGB( '', 0.866666674600000, 0.866666674600000, 0.866666674600000 );
#7645 = CARTESIAN_POINT( '', ( 5.08000000000000, 26.8000000000012, -9.85000000000000 ) );
#7646 = CARTESIAN_POINT( '', ( 1.42897274729424, 26.8000000000012, -6.75000000000000 ) );
#7647 = AXIS2_PLACEMENT_3D( '', #9245, #9246, #9247 );
#7648 = CARTESIAN_POINT( '', ( 4.48000000000000, 26.8000000000012, -6.75000000000000 ) );
#7649 = CARTESIAN_POINT( '', ( 0.966158203352920, 26.8000000000012, -6.75000000000000 ) );
#7650 = VECTOR( '', #9248, 1000.00000000000 );
#7651 = CARTESIAN_POINT( '', ( 4.48000000000000, 26.8000000000012, -8.30000000000000 ) );
#7652 = CARTESIAN_POINT( '', ( 4.48000000000000, 26.8000000000012, -10.0902740315453 ) );
#7653 = VECTOR( '', #9249, 1000.00000000000 );
#7654 = CARTESIAN_POINT( '', ( 5.08000000000000, 26.8000000000012, -8.30000000000000 ) );
#7655 = CARTESIAN_POINT( '', ( 0.966158203352920, 26.8000000000012, -8.30000000000000 ) );
#7656 = VECTOR( '', #9250, 1000.00000000000 );
#7657 = CARTESIAN_POINT( '', ( 5.08000000000000, 26.8000000000012, -9.05599943172105 ) );
#7658 = VECTOR( '', #9251, 1000.00000000000 );
#7659 = COLOUR_RGB( '', 0.600000023800000, 0.600000023800000, 0.600000023800000 );
#7660 = CARTESIAN_POINT( '', ( 5.08000000000000, 26.8000000000012, -4.00000000000000 ) );
#7661 = CARTESIAN_POINT( '', ( 5.08000000000000, 26.8000000000012, -2.45000000000000 ) );
#7662 = CARTESIAN_POINT( '', ( 5.08000000000000, 26.8000000000012, -9.05599943172105 ) );
#7663 = VECTOR( '', #9252, 1000.00000000000 );
#7664 = CARTESIAN_POINT( '', ( 5.08000000000000, 29.2000000000000, -2.45000000000000 ) );
#7665 = VECTOR( '', #9253, 1000.00000000000 );
#7666 = CARTESIAN_POINT( '', ( 5.08000000000000, 16.4000000000000, 2.00000000000000 ) );
#7667 = CARTESIAN_POINT( '', ( 5.08000000000000, 7.83550830638944, 4.25730788823846 ) );
#7668 = VECTOR( '', #9254, 1000.00000000000 );
#7669 = CARTESIAN_POINT( '', ( 5.08000000000000, 16.4000000000000, 2.70000000000000 ) );
#7670 = CARTESIAN_POINT( '', ( 5.08000000000000, 16.4000000000000, -9.05599943172105 ) );
#7671 = VECTOR( '', #9255, 1000.00000000000 );
#7672 = CARTESIAN_POINT( '', ( 5.08000000000000, 15.4000000000000, 2.70000000000000 ) );
#7673 = CARTESIAN_POINT( '', ( 5.08000000000000, 7.83550830638944, 2.70000000000000 ) );
#7674 = VECTOR( '', #9256, 1000.00000000000 );
#7675 = CARTESIAN_POINT( '', ( 5.08000000000000, 15.4000000000000, 1.88165904106093 ) );
#7676 = CARTESIAN_POINT( '', ( 5.08000000000000, 15.4000000000000, -9.05599943172105 ) );
#7677 = VECTOR( '', #9257, 1000.00000000000 );
#7678 = CARTESIAN_POINT( '', ( 5.08000000000000, 12.8000000000000, -0.300000000000000 ) );
#7679 = CARTESIAN_POINT( '', ( 5.08000000000000, 7.83550830638944, -4.46570314909129 ) );
#7680 = VECTOR( '', #9258, 1000.00000000000 );
#7681 = CARTESIAN_POINT( '', ( 5.08000000000000, 12.8000000000000, -1.45000000000000 ) );
#7682 = CARTESIAN_POINT( '', ( 5.08000000000000, 12.8000000000000, -9.05599943172105 ) );
#7683 = VECTOR( '', #9259, 1000.00000000000 );
#7684 = CARTESIAN_POINT( '', ( 5.08000000000000, 12.9000000000000, -1.45000000000000 ) );
#7685 = CARTESIAN_POINT( '', ( 5.08000000000000, 7.83550830638944, -1.45000000000000 ) );
#7686 = VECTOR( '', #9260, 1000.00000000000 );
#7687 = CARTESIAN_POINT( '', ( 5.08000000000000, 12.9000000000000, -1.50000000000000 ) );
#7688 = CARTESIAN_POINT( '', ( 5.08000000000000, 12.9000000000000, -9.05599943172105 ) );
#7689 = VECTOR( '', #9261, 1000.00000000000 );
#7690 = CARTESIAN_POINT( '', ( 5.08000000000000, 7.83550830638944, -1.50000000000000 ) );
#7691 = VECTOR( '', #9262, 1000.00000000000 );
#7692 = CARTESIAN_POINT( '', ( 5.08000000000000, 7.83550830638944, -12.2000000000000 ) );
#7693 = VECTOR( '', #9263, 1000.00000000000 );
#7694 = CARTESIAN_POINT( '', ( 5.08000000000000, 7.83550830638944, -1.50000000000000 ) );
#7695 = VECTOR( '', #9264, 1000.00000000000 );
#7696 = CARTESIAN_POINT( '', ( 5.08000000000000, 6.80000000000000, -0.300000000000000 ) );
#7697 = CARTESIAN_POINT( '', ( 5.08000000000000, 6.80000000000000, -9.05599943172105 ) );
#7698 = VECTOR( '', #9265, 1000.00000000000 );
#7699 = CARTESIAN_POINT( '', ( 5.08000000000000, 4.80000000000000, 1.70000000000000 ) );
#7700 = CARTESIAN_POINT( '', ( 5.08000000000000, 15.5559994317211, -9.05599943172105 ) );
#7701 = VECTOR( '', #9266, 1000.00000000000 );
#7702 = CARTESIAN_POINT( '', ( 5.08000000000000, 4.80000000000000, 2.70000000000000 ) );
#7703 = CARTESIAN_POINT( '', ( 5.08000000000000, 4.80000000000000, -9.05599943172105 ) );
#7704 = VECTOR( '', #9267, 1000.00000000000 );
#7705 = CARTESIAN_POINT( '', ( 5.08000000000000, 3.80000000000000, 2.70000000000000 ) );
#7706 = CARTESIAN_POINT( '', ( 5.08000000000000, 7.83550830638944, 2.70000000000000 ) );
#7707 = VECTOR( '', #9268, 1000.00000000000 );
#7708 = CARTESIAN_POINT( '', ( 5.08000000000000, 3.80000000000000, 0.000000000000000 ) );
#7709 = CARTESIAN_POINT( '', ( 5.08000000000000, 3.80000000000000, -9.05599943172105 ) );
#7710 = VECTOR( '', #9269, 1000.00000000000 );
#7711 = CARTESIAN_POINT( '', ( 5.08000000000000, 0.000000000000000, 0.000000000000000 ) );
#7712 = CARTESIAN_POINT( '', ( 5.08000000000000, 7.83550830638944, 0.000000000000000 ) );
#7713 = VECTOR( '', #9270, 1000.00000000000 );
#7714 = CARTESIAN_POINT( '', ( 5.08000000000000, 0.000000000000000, -3.24000000000000 ) );
#7715 = CARTESIAN_POINT( '', ( 5.08000000000000, 0.000000000000000, -9.05599943172105 ) );
#7716 = VECTOR( '', #9271, 1000.00000000000 );
#7717 = CARTESIAN_POINT( '', ( 5.08000000000000, -4.31313064513630, -3.24000000000000 ) );
#7718 = CARTESIAN_POINT( '', ( 5.08000000000000, 7.83550830638944, -3.24000000000000 ) );
#7719 = VECTOR( '', #9272, 1000.00000000000 );
#7720 = CARTESIAN_POINT( '', ( 5.08000000000000, -5.00000000000000, -3.49000000000000 ) );
#7721 = CARTESIAN_POINT( '', ( 5.08000000000000, 7.83550830638944, 1.18174296520236 ) );
#7722 = VECTOR( '', #9273, 1000.00000000000 );
#7723 = CARTESIAN_POINT( '', ( 5.08000000000000, -5.00000000000000, -4.19000000000000 ) );
#7724 = CARTESIAN_POINT( '', ( 5.08000000000000, -5.00000000000000, -13.8018876112894 ) );
#7725 = VECTOR( '', #9274, 1000.00000000000 );
#7726 = CARTESIAN_POINT( '', ( 5.08000000000000, -4.31313064513640, -4.44000000000000 ) );
#7727 = CARTESIAN_POINT( '', ( 5.08000000000000, 7.83550830638944, -8.86174296520235 ) );
#7728 = VECTOR( '', #9275, 1000.00000000000 );
#7729 = CARTESIAN_POINT( '', ( 5.08000000000000, 0.000000000000000, -4.44000000000000 ) );
#7730 = CARTESIAN_POINT( '', ( 5.08000000000000, 7.83550830638944, -4.44000000000000 ) );
#7731 = VECTOR( '', #9276, 1000.00000000000 );
#7732 = CARTESIAN_POINT( '', ( 5.08000000000000, 0.000000000000000, -13.4000000000000 ) );
#7733 = CARTESIAN_POINT( '', ( 5.08000000000000, 0.000000000000000, -9.05599943172105 ) );
#7734 = VECTOR( '', #9277, 1000.00000000000 );
#7735 = CARTESIAN_POINT( '', ( 5.08000000000000, -4.31313064513630, -13.4000000000000 ) );
#7736 = CARTESIAN_POINT( '', ( 5.08000000000000, 7.83550830638944, -13.4000000000000 ) );
#7737 = VECTOR( '', #9278, 1000.00000000000 );
#7738 = CARTESIAN_POINT( '', ( 5.08000000000000, -5.00000000000000, -13.6500000000000 ) );
#7739 = CARTESIAN_POINT( '', ( 5.08000000000000, 7.83550830638944, -8.97825703479765 ) );
#7740 = VECTOR( '', #9279, 1000.00000000000 );
#7741 = CARTESIAN_POINT( '', ( 5.08000000000000, -5.00000000000000, -14.3500000000000 ) );
#7742 = CARTESIAN_POINT( '', ( 5.08000000000000, -5.00000000000000, -9.79877921050629 ) );
#7743 = VECTOR( '', #9280, 1000.00000000000 );
#7744 = CARTESIAN_POINT( '', ( 5.08000000000000, -4.31313064513630, -14.6000000000000 ) );
#7745 = CARTESIAN_POINT( '', ( 5.08000000000000, 7.83550830638944, -19.0217429652023 ) );
#7746 = VECTOR( '', #9281, 1000.00000000000 );
#7747 = CARTESIAN_POINT( '', ( 5.08000000000000, 0.000000000000000, -14.6000000000000 ) );
#7748 = CARTESIAN_POINT( '', ( 5.08000000000000, 7.83550830638944, -14.6000000000000 ) );
#7749 = VECTOR( '', #9282, 1000.00000000000 );
#7750 = CARTESIAN_POINT( '', ( 5.08000000000000, 0.000000000000000, -15.6000000000000 ) );
#7751 = CARTESIAN_POINT( '', ( 5.08000000000000, 0.000000000000000, -9.05599943172105 ) );
#7752 = VECTOR( '', #9283, 1000.00000000000 );
#7753 = CARTESIAN_POINT( '', ( 5.08000000000000, 7.83550830638944, -15.6000000000000 ) );
#7754 = VECTOR( '', #9284, 1000.00000000000 );
#7755 = CARTESIAN_POINT( '', ( 5.08000000000000, 7.83550830638944, -15.3925680288952 ) );
#7756 = VECTOR( '', #9285, 1000.00000000000 );
#7757 = CARTESIAN_POINT( '', ( 5.08000000000000, 29.2000000000000, -9.85000000000000 ) );
#7758 = VECTOR( '', #9286, 1000.00000000000 );
#7759 = CARTESIAN_POINT( '', ( 5.08000000000000, 24.8000000000012, -7.32453482286828 ) );
#7760 = CARTESIAN_POINT( '', ( 5.08000000000000, 7.83550830638944, 0.949600624561050 ) );
#7761 = VECTOR( '', #9287, 1000.00000000000 );
#7762 = CARTESIAN_POINT( '', ( 5.08000000000000, 24.8000000000012, -4.97546517713172 ) );
#7763 = CARTESIAN_POINT( '', ( 5.08000000000000, 24.8000000000012, -9.05599943172105 ) );
#7764 = VECTOR( '', #9288, 1000.00000000000 );
#7765 = CARTESIAN_POINT( '', ( 5.08000000000000, 7.83550830638944, -13.2496006245611 ) );
#7766 = VECTOR( '', #9289, 1000.00000000000 );
#7767 = COLOUR_RGB( '', 0.866666674600000, 0.866666674600000, 0.866666674600000 );
#7768 = CARTESIAN_POINT( '', ( 9.96000000000000, 0.000000000000000, -4.44000000000000 ) );
#7769 = AXIS2_PLACEMENT_3D( '', #9290, #9291, #9292 );
#7770 = CARTESIAN_POINT( '', ( 9.96000000000000, -4.31313064513640, -4.44000000000000 ) );
#7771 = CARTESIAN_POINT( '', ( 9.96000000000000, 7.07093599974894, -4.44000000000000 ) );
#7772 = VECTOR( '', #9293, 1000.00000000000 );
#7773 = CARTESIAN_POINT( '', ( 9.65030788030035, -4.71656585905000, -4.29316159068061 ) );
#7774 = AXIS2_PLACEMENT_3D( '', #9294, #9295, #9296 );
#7775 = CARTESIAN_POINT( '', ( 9.56000000000000, -4.40000000000000, -4.04000000000000 ) );
#7776 = CARTESIAN_POINT( '', ( 9.56000000000000, -4.42696580599830, -4.06201748839993 ) );
#7777 = CARTESIAN_POINT( '', ( 9.56181875022270, -4.45404711251730, -4.08412971487021 ) );
#7778 = CARTESIAN_POINT( '', ( 9.56549745858239, -4.48103535183920, -4.10608891597885 ) );
#7779 = CARTESIAN_POINT( '', ( 9.56917614226545, -4.50802341012510, -4.12804796978605 ) );
#7780 = CARTESIAN_POINT( '', ( 9.57471395239318, -4.53491782082000, -4.14985385959725 ) );
#7781 = CARTESIAN_POINT( '', ( 9.58214754034829, -4.56151326532040, -4.17125364275012 ) );
#7782 = CARTESIAN_POINT( '', ( 9.58586433813147, -4.57481100118610, -4.18195354528218 ) );
#7783 = CARTESIAN_POINT( '', ( 9.59005509862178, -4.58803414810630, -4.19255189536823 ) );
#7784 = CARTESIAN_POINT( '', ( 9.59472514332658, -4.60115749156530, -4.20301619269940 ) );
#7785 = CARTESIAN_POINT( '', ( 9.59939336634606, -4.61427571588660, -4.21347640813031 ) );
#7786 = CARTESIAN_POINT( '', ( 9.60454451785074, -4.62730857929820, -4.22381430289121 ) );
#7787 = CARTESIAN_POINT( '', ( 9.61020741719229, -4.64026675985170, -4.23402357849681 ) );
#7788 = CARTESIAN_POINT( '', ( 9.62152960062397, -4.66617484832710, -4.25443561200467 ) );
#7789 = CARTESIAN_POINT( '', ( 9.63487142309742, -4.69171213472220, -4.27427820027775 ) );
#7790 = CARTESIAN_POINT( '', ( 9.65030788030035, -4.71656585905000, -4.29316159068060 ) );
#7791 = COLOUR_RGB( '', 0.866666674600000, 0.866666674600000, 0.866666674600000 );
#7792 = CARTESIAN_POINT( '', ( 0.600000000000000, -4.40000000000000, -13.8000000000000 ) );
#7793 = CARTESIAN_POINT( '', ( 0.600000000000000, -4.42696580599860, -13.7779825116004 ) );
#7794 = CARTESIAN_POINT( '', ( 0.598181249777299, -4.45404711251730, -13.7558702851298 ) );
#7795 = CARTESIAN_POINT( '', ( 0.594502541417599, -4.48103535183920, -13.7339110840212 ) );
#7796 = CARTESIAN_POINT( '', ( 0.590823857734599, -4.50802341012500, -13.7119520302140 ) );
#7797 = CARTESIAN_POINT( '', ( 0.585286047606800, -4.53491782082000, -13.6901461404028 ) );
#7798 = CARTESIAN_POINT( '', ( 0.577852459651699, -4.56151326532030, -13.6687463572499 ) );
#7799 = CARTESIAN_POINT( '', ( 0.574135661868499, -4.57481100118610, -13.6580464547178 ) );
#7800 = CARTESIAN_POINT( '', ( 0.569944901378201, -4.58803414810630, -13.6474481046318 ) );
#7801 = CARTESIAN_POINT( '', ( 0.565274856673400, -4.60115749156530, -13.6369838073006 ) );
#7802 = CARTESIAN_POINT( '', ( 0.560606633653898, -4.61427571588660, -13.6265235918697 ) );
#7803 = CARTESIAN_POINT( '', ( 0.555455482149300, -4.62730857929820, -13.6161856971088 ) );
#7804 = CARTESIAN_POINT( '', ( 0.549792582807698, -4.64026675985170, -13.6059764215032 ) );
#7805 = CARTESIAN_POINT( '', ( 0.538470399375999, -4.66617484832710, -13.5855643879953 ) );
#7806 = CARTESIAN_POINT( '', ( 0.525128576902598, -4.69171213472220, -13.5657217997223 ) );
#7807 = CARTESIAN_POINT( '', ( 0.509692119699701, -4.71656585905000, -13.5468384093194 ) );
#7808 = CARTESIAN_POINT( '', ( 0.000000000000000, -5.00000000000000, -14.3500000000000 ) );
#7809 = CARTESIAN_POINT( '', ( 0.000000000000000, -5.00000000000000, -9.79877921050629 ) );
#7810 = VECTOR( '', #9297, 1000.00000000000 );
#7811 = AXIS2_PLACEMENT_3D( '', #9298, #9299, #9300 );
#7812 = COLOUR_RGB( '', 0.666666686500000, 0.733333349200000, 0.733333349200000 );
#7813 = CARTESIAN_POINT( '', ( 10.1600000000000, 6.80000000000000, -1.45000000000000 ) );
#7814 = CARTESIAN_POINT( '', ( 10.1600000000000, 7.83550830638944, -1.45000000000000 ) );
#7815 = VECTOR( '', #9301, 1000.00000000000 );
#7816 = CARTESIAN_POINT( '', ( 7.36000000000000, 6.80000000000000, -1.45000000000000 ) );
#7817 = CARTESIAN_POINT( '', ( 7.36000000000000, 6.80000000000000, -1.45000000000000 ) );
#7818 = VECTOR( '', #9302, 1000.00000000000 );
#7819 = CARTESIAN_POINT( '', ( 0.000000000000000, 6.80000000000000, -1.45000000000000 ) );
#7820 = VECTOR( '', #9303, 1000.00000000000 );
#7821 = COLOUR_RGB( '', 0.666666686500000, 0.733333349200000, 0.733333349200000 );
#7822 = CARTESIAN_POINT( '', ( 4.20000000000000, 4.80059279056102, 1.69940720943898 ) );
#7823 = CARTESIAN_POINT( '', ( 4.20000000000000, 3.80000000000000, 2.70000000000000 ) );
#7824 = VECTOR( '', #9304, 1000.00000000000 );
#7825 = CARTESIAN_POINT( '', ( 4.90062261462910, 3.80000000000000, 2.70000000000000 ) );
#7826 = VECTOR( '', #9305, 1000.00000000000 );
#7827 = CARTESIAN_POINT( '', ( 0.000000000000000, 6.80000000000000, -0.300000000000000 ) );
#7828 = CARTESIAN_POINT( '', ( -111.760000000000, 6.80000000000000, -0.300000000000000 ) );
#7829 = VECTOR( '', #9306, 1000.00000000000 );
#7830 = CARTESIAN_POINT( '', ( 0.000000000000000, 15.5559994317211, -9.05599943172105 ) );
#7831 = VECTOR( '', #9307, 1000.00000000000 );
#7832 = COLOUR_RGB( '', 0.666666686500000, 0.733333349200000, 0.733333349200000 );
#7833 = CARTESIAN_POINT( '', ( 0.000000000000000, 7.83550830638944, -15.3925680288952 ) );
#7834 = VECTOR( '', #9308, 1000.00000000000 );
#7835 = CARTESIAN_POINT( '', ( 10.1600000000000, 7.83550830638944, -15.3925680288952 ) );
#7836 = VECTOR( '', #9309, 1000.00000000000 );
#7837 = COLOUR_RGB( '', 0.666666686500000, 0.733333349200000, 0.733333349200000 );
#7838 = CARTESIAN_POINT( '', ( 0.000000000000000, 6.80000000000000, -0.300000000000000 ) );
#7839 = CARTESIAN_POINT( '', ( 0.000000000000000, 4.80000000000000, 1.70000000000000 ) );
#7840 = CARTESIAN_POINT( '', ( 0.000000000000000, 15.5559994317211, -9.05599943172105 ) );
#7841 = VECTOR( '', #9310, 1000.00000000000 );
#7842 = CARTESIAN_POINT( '', ( 4.20000000000000, 4.80000000000000, 1.70000000000000 ) );
#7843 = CARTESIAN_POINT( '', ( -3.83535768668077, 4.80000000000000, 1.70000000000000 ) );
#7844 = VECTOR( '', #9311, 1000.00000000000 );
#7845 = CARTESIAN_POINT( '', ( 4.20000000000000, 4.80059279056104, 1.69940720943896 ) );
#7846 = CARTESIAN_POINT( '', ( 4.20000000000000, 3.80000000000000, 2.70000000000000 ) );
#7847 = VECTOR( '', #9312, 1000.00000000000 );
#7848 = CARTESIAN_POINT( '', ( 4.90062261462913, 3.80000000000000, 2.70000000000000 ) );
#7849 = VECTOR( '', #9313, 1000.00000000000 );
#7850 = CARTESIAN_POINT( '', ( 0.000000000000000, 6.80000000000000, -0.300000000000000 ) );
#7851 = VECTOR( '', #9314, 1000.00000000000 );
#7852 = COLOUR_RGB( '', 0.666666686500000, 0.733333349200000, 0.733333349200000 );
#7853 = CARTESIAN_POINT( '', ( 0.000000000000000, 6.80000000000000, -1.45000000000000 ) );
#7854 = CARTESIAN_POINT( '', ( -10.1600000000000, 6.80000000000000, -1.45000000000000 ) );
#7855 = VECTOR( '', #9315, 1000.00000000000 );
#7856 = CARTESIAN_POINT( '', ( 0.000000000000000, 6.80000000000000, -9.05599943172105 ) );
#7857 = VECTOR( '', #9316, 1000.00000000000 );
#7858 = COLOUR_RGB( '', 0.666666686500000, 0.733333349200000, 0.733333349200000 );
#7859 = CARTESIAN_POINT( '', ( 0.000000000000000, 12.8000000000000, -0.300000000000000 ) );
#7860 = CARTESIAN_POINT( '', ( 0.000000000000000, 12.8000000000000, -0.300000000000000 ) );
#7861 = VECTOR( '', #9317, 1000.00000000000 );
#7862 = CARTESIAN_POINT( '', ( 0.000000000000000, 12.8000000000000, -1.45000000000000 ) );
#7863 = CARTESIAN_POINT( '', ( 0.000000000000000, 12.8000000000000, -9.05599943172105 ) );
#7864 = VECTOR( '', #9318, 1000.00000000000 );
#7865 = CARTESIAN_POINT( '', ( 0.000000000000000, 12.8000000000000, -1.45000000000000 ) );
#7866 = VECTOR( '', #9319, 1000.00000000000 );
#7867 = COLOUR_RGB( '', 0.866666674600000, 0.866666674600000, 0.866666674600000 );
#7868 = CARTESIAN_POINT( '', ( 0.600000000000000, -4.40000000000000, -3.64000000000000 ) );
#7869 = CARTESIAN_POINT( '', ( 0.600000000000000, -4.40000000000000, -4.04000000000000 ) );
#7870 = CARTESIAN_POINT( '', ( 0.600000000000000, -4.40000000000000, -13.8018876112894 ) );
#7871 = VECTOR( '', #9320, 1000.00000000000 );
#7872 = CARTESIAN_POINT( '', ( 0.509692119699701, -4.71656585905000, -3.38683840931939 ) );
#7873 = CARTESIAN_POINT( '', ( 0.600000000000000, -4.40000000000000, -3.64000000000000 ) );
#7874 = CARTESIAN_POINT( '', ( 0.600000000000000, -4.42696580599830, -3.61798251160006 ) );
#7875 = CARTESIAN_POINT( '', ( 0.598181249777299, -4.45404711251730, -3.59587028512978 ) );
#7876 = CARTESIAN_POINT( '', ( 0.594502541417599, -4.48103535183920, -3.57391108402114 ) );
#7877 = CARTESIAN_POINT( '', ( 0.590823857734599, -4.50802341012510, -3.55195203021395 ) );
#7878 = CARTESIAN_POINT( '', ( 0.585286047606800, -4.53491782082000, -3.53014614040274 ) );
#7879 = CARTESIAN_POINT( '', ( 0.577852459651699, -4.56151326532040, -3.50874635724987 ) );
#7880 = CARTESIAN_POINT( '', ( 0.574135661867899, -4.57481100118820, -3.49804645471612 ) );
#7881 = CARTESIAN_POINT( '', ( 0.569944901377500, -4.58803414810840, -3.48744810463011 ) );
#7882 = CARTESIAN_POINT( '', ( 0.565274856673400, -4.60115749156530, -3.47698380730059 ) );
#7883 = CARTESIAN_POINT( '', ( 0.560606633653898, -4.61427571588660, -3.46652359186967 ) );
#7884 = CARTESIAN_POINT( '', ( 0.555455482149300, -4.62730857929820, -3.45618569710879 ) );
#7885 = CARTESIAN_POINT( '', ( 0.549792582807698, -4.64026675985170, -3.44597642150319 ) );
#7886 = CARTESIAN_POINT( '', ( 0.538470399375999, -4.66617484832710, -3.42556438799532 ) );
#7887 = CARTESIAN_POINT( '', ( 0.525128576902598, -4.69171213472220, -3.40572179972225 ) );
#7888 = CARTESIAN_POINT( '', ( 0.509692119699701, -4.71656585905000, -3.38683840931939 ) );
#7889 = CARTESIAN_POINT( '', ( 0.000000000000000, -5.00000000000000, -3.49000000000000 ) );
#7890 = AXIS2_PLACEMENT_3D( '', #9321, #9322, #9323 );
#7891 = CARTESIAN_POINT( '', ( 0.000000000000000, -5.00000000000000, -13.8018876112894 ) );
#7892 = VECTOR( '', #9324, 1000.00000000000 );
#7893 = CARTESIAN_POINT( '', ( 0.509692119699701, -4.71656585905000, -4.29316159068060 ) );
#7894 = CARTESIAN_POINT( '', ( 0.525128576902598, -4.69171213472220, -4.27427820027774 ) );
#7895 = CARTESIAN_POINT( '', ( 0.538470399375999, -4.66617484832710, -4.25443561200468 ) );
#7896 = CARTESIAN_POINT( '', ( 0.549792582807698, -4.64026675985170, -4.23402357849681 ) );
#7897 = CARTESIAN_POINT( '', ( 0.555455482149300, -4.62730857929820, -4.22381430289120 ) );
#7898 = CARTESIAN_POINT( '', ( 0.560606633653898, -4.61427571588660, -4.21347640813033 ) );
#7899 = CARTESIAN_POINT( '', ( 0.565274856673400, -4.60115749156530, -4.20301619269940 ) );
#7900 = CARTESIAN_POINT( '', ( 0.569944901378201, -4.58803414810630, -4.19255189536823 ) );
#7901 = CARTESIAN_POINT( '', ( 0.574135661868499, -4.57481100118610, -4.18195354528219 ) );
#7902 = CARTESIAN_POINT( '', ( 0.577852459651699, -4.56151326532040, -4.17125364275012 ) );
#7903 = CARTESIAN_POINT( '', ( 0.585286047606800, -4.53491782082000, -4.14985385959726 ) );
#7904 = CARTESIAN_POINT( '', ( 0.590823857734599, -4.50802341012500, -4.12804796978604 ) );
#7905 = CARTESIAN_POINT( '', ( 0.594502541417599, -4.48103535183920, -4.10608891597886 ) );
#7906 = CARTESIAN_POINT( '', ( 0.598181249777299, -4.45404711251730, -4.08412971487021 ) );
#7907 = CARTESIAN_POINT( '', ( 0.600000000000000, -4.42696580599850, -4.06201748839972 ) );
#7908 = CARTESIAN_POINT( '', ( 0.600000000000000, -4.40000000000000, -4.04000000000000 ) );
#7909 = COLOUR_RGB( '', 0.666666686500000, 0.733333349200000, 0.733333349200000 );
#7910 = CARTESIAN_POINT( '', ( 0.000000000000000, 16.4000000000000, 2.00000000000000 ) );
#7911 = CARTESIAN_POINT( '', ( 0.000000000000000, 7.83550830638944, 4.25730788823846 ) );
#7912 = VECTOR( '', #9325, 1000.00000000000 );
#7913 = CARTESIAN_POINT( '', ( -5.08000000000000, 16.4000000000000, 2.00000000000000 ) );
#7914 = VECTOR( '', #9326, 1000.00000000000 );
#7915 = COLOUR_RGB( '', 0.666666686500000, 0.733333349200000, 0.733333349200000 );
#7916 = CARTESIAN_POINT( '', ( 2.28000000000000, 12.9000000000000, -1.45000000000000 ) );
#7917 = CARTESIAN_POINT( '', ( 7.88000000000000, 12.9000000000000, -1.45000000000000 ) );
#7918 = VECTOR( '', #9327, 1000.00000000000 );
#7919 = CARTESIAN_POINT( '', ( 2.28000000000000, 12.9000000000000, -1.50000000000000 ) );
#7920 = CARTESIAN_POINT( '', ( 2.28000000000000, 12.9000000000000, -1.50000000000000 ) );
#7921 = VECTOR( '', #9328, 1000.00000000000 );
#7922 = CARTESIAN_POINT( '', ( 7.88000000000000, 12.9000000000000, -1.50000000000000 ) );
#7923 = VECTOR( '', #9329, 1000.00000000000 );
#7924 = COLOUR_RGB( '', 0.666666686500000, 0.733333349200000, 0.733333349200000 );
#7925 = CARTESIAN_POINT( '', ( 10.1600000000000, 6.80000000000000, -0.300000000000000 ) );
#7926 = CARTESIAN_POINT( '', ( 10.1600000000000, 15.5559994317211, -9.05599943172105 ) );
#7927 = VECTOR( '', #9330, 1000.00000000000 );
#7928 = CARTESIAN_POINT( '', ( -101.600000000000, 6.80000000000000, -0.300000000000000 ) );
#7929 = VECTOR( '', #9331, 1000.00000000000 );
#7930 = CARTESIAN_POINT( '', ( 5.96000000000000, 3.80000000000000, 2.70000000000000 ) );
#7931 = VECTOR( '', #9332, 1000.00000000000 );
#7932 = COLOUR_RGB( '', 0.866666674600000, 0.866666674600000, 0.866666674600000 );
#7933 = CARTESIAN_POINT( '', ( 4.48000000000000, 24.8000000000012, -7.32453482286828 ) );
#7934 = CARTESIAN_POINT( '', ( 5.08000000000000, 24.8000000000012, -7.32453482286828 ) );
#7935 = VECTOR( '', #9333, 1000.00000000000 );
#7936 = CARTESIAN_POINT( '', ( 4.48000000000000, 24.8000000000012, -6.75000000000000 ) );
#7937 = CARTESIAN_POINT( '', ( 4.48000000000000, 24.8000000000012, -6.75000000000000 ) );
#7938 = VECTOR( '', #9334, 1000.00000000000 );
#7939 = CARTESIAN_POINT( '', ( 3.90546517713170, 24.8000000000012, -6.75000000000000 ) );
#7940 = CARTESIAN_POINT( '', ( 4.48000000000000, 24.8000000000012, -6.75000000000000 ) );
#7941 = VECTOR( '', #9335, 1000.00000000000 );
#7942 = CARTESIAN_POINT( '', ( 3.90546517713170, 24.8000000000012, -5.55000000000000 ) );
#7943 = CARTESIAN_POINT( '', ( 3.90546517713170, 24.8000000000012, -6.15000000000000 ) );
#7944 = VECTOR( '', #9336, 1000.00000000000 );
#7945 = CARTESIAN_POINT( '', ( 4.48000000000000, 24.8000000000012, -5.55000000000000 ) );
#7946 = CARTESIAN_POINT( '', ( 4.48000000000000, 24.8000000000012, -5.55000000000000 ) );
#7947 = VECTOR( '', #9337, 1000.00000000000 );
#7948 = CARTESIAN_POINT( '', ( 4.48000000000000, 24.8000000000012, -4.97546517713172 ) );
#7949 = CARTESIAN_POINT( '', ( 4.48000000000000, 24.8000000000012, -6.75000000000000 ) );
#7950 = VECTOR( '', #9338, 1000.00000000000 );
#7951 = CARTESIAN_POINT( '', ( 5.08000000000000, 24.8000000000012, -4.97546517713172 ) );
#7952 = VECTOR( '', #9339, 1000.00000000000 );
#7953 = COLOUR_RGB( '', 0.866666674600000, 0.866666674600000, 0.866666674600000 );
#7954 = CARTESIAN_POINT( '', ( 4.48000000000000, 26.8000000000012, -8.30000000000000 ) );
#7955 = VECTOR( '', #9340, 1000.00000000000 );
#7956 = COLOUR_RGB( '', 0.866666674600000, 0.866666674600000, 0.866666674600000 );
#7957 = CARTESIAN_POINT( '', ( 10.1600000000000, 24.8000000000012, -4.97546517713172 ) );
#7958 = CARTESIAN_POINT( '', ( 10.1600000000000, 26.8000000000012, -4.00000000000000 ) );
#7959 = CARTESIAN_POINT( '', ( 10.1600000000000, 7.83550830638944, -13.2496006245611 ) );
#7960 = VECTOR( '', #9341, 1000.00000000000 );
#7961 = CARTESIAN_POINT( '', ( 9.56000000000000, 24.8000000000012, -4.97546517713172 ) );
#7962 = CARTESIAN_POINT( '', ( 10.1600000000000, 24.8000000000012, -4.97546517713172 ) );
#7963 = VECTOR( '', #9342, 1000.00000000000 );
#7964 = CARTESIAN_POINT( '', ( 9.56000000000000, 26.8000000000012, -4.00000000000000 ) );
#7965 = CARTESIAN_POINT( '', ( 9.56000000000000, 26.8000000000012, -4.00000000000000 ) );
#7966 = VECTOR( '', #9343, 1000.00000000000 );
#7967 = CARTESIAN_POINT( '', ( 6.04615820335294, 26.8000000000012, -4.00000000000000 ) );
#7968 = VECTOR( '', #9344, 1000.00000000000 );
#7969 = COLOUR_RGB( '', 0.666666686500000, 0.733333349200000, 0.733333349200000 );
#7970 = CARTESIAN_POINT( '', ( 10.1600000000000, 15.4000000000000, 2.70000000000000 ) );
#7971 = CARTESIAN_POINT( '', ( 10.1600000000000, 15.4000000000000, 1.88165904106092 ) );
#7972 = CARTESIAN_POINT( '', ( 10.1600000000000, 15.4000000000000, -9.05599943172105 ) );
#7973 = VECTOR( '', #9345, 1000.00000000000 );
#7974 = CARTESIAN_POINT( '', ( 5.96000000000000, 15.4000000000000, 2.70000000000000 ) );
#7975 = CARTESIAN_POINT( '', ( 0.000000000000000, 15.4000000000000, 2.70000000000000 ) );
#7976 = VECTOR( '', #9346, 1000.00000000000 );
#7977 = CARTESIAN_POINT( '', ( 5.96000000000000, 15.4000000000000, 1.88165904106093 ) );
#7978 = CARTESIAN_POINT( '', ( 5.96000000000000, 15.4000000000000, 1.88165904106093 ) );
#7979 = VECTOR( '', #9347, 1000.00000000000 );
#7980 = CARTESIAN_POINT( '', ( 6.32464231331922, 15.4000000000000, 1.88165904106093 ) );
#7981 = VECTOR( '', #9348, 1000.00000000000 );
#7982 = COLOUR_RGB( '', 0.866666674600000, 0.866666674600000, 0.866666674600000 );
#7983 = CARTESIAN_POINT( '', ( 5.08000000000000, -4.31313064513640, -4.44000000000000 ) );
#7984 = VECTOR( '', #9349, 1000.00000000000 );
#7985 = CARTESIAN_POINT( '', ( 5.08000000000000, 0.000000000000000, -4.44000000000000 ) );
#7986 = VECTOR( '', #9350, 1000.00000000000 );
#7987 = COLOUR_RGB( '', 0.866666674600000, 0.866666674600000, 0.866666674600000 );
#7988 = CARTESIAN_POINT( '', ( 4.48000000000000, 26.8000000000012, -5.55000000000000 ) );
#7989 = CARTESIAN_POINT( '', ( 4.48000000000000, 26.9000000000012, -5.55000000000000 ) );
#7990 = VECTOR( '', #9351, 1000.00000000000 );
#7991 = CARTESIAN_POINT( '', ( 3.51527910627901, 25.6000000000012, -5.55000000000000 ) );
#7992 = CARTESIAN_POINT( '', ( 2.93000000000000, 26.8000000000012, -5.55000000000000 ) );
#7993 = VECTOR( '', #9352, 1000.00000000000 );
#7994 = CARTESIAN_POINT( '', ( 1.42897274729424, 25.6000000000012, -5.55000000000000 ) );
#7995 = CARTESIAN_POINT( '', ( 9.41794800000000, 25.6000000000012, -5.55000000000000 ) );
#7996 = VECTOR( '', #9353, 1000.00000000000 );
#7997 = CARTESIAN_POINT( '', ( 1.42897274729424, 26.8000000000012, -5.55000000000000 ) );
#7998 = CARTESIAN_POINT( '', ( 1.42897274729424, 29.2000000000000, -5.55000000000000 ) );
#7999 = VECTOR( '', #9354, 1000.00000000000 );
#8000 = CARTESIAN_POINT( '', ( 0.966158203352920, 26.8000000000012, -5.55000000000000 ) );
#8001 = VECTOR( '', #9355, 1000.00000000000 );
#8002 = COLOUR_RGB( '', 0.666666686500000, 0.733333349200000, 0.733333349200000 );
#8003 = CARTESIAN_POINT( '', ( 0.000000000000000, 23.3000000000000, -10.8000000000000 ) );
#8004 = AXIS2_PLACEMENT_3D( '', #9356, #9357, #9358 );
#8005 = CARTESIAN_POINT( '', ( 4.08000000000000, 23.3000000000000, -10.8000000000000 ) );
#8006 = CARTESIAN_POINT( '', ( 4.08001500000000, 23.3000000000000, -10.8000000000000 ) );
#8007 = VECTOR( '', #9359, 1000.00000000000 );
#8008 = AXIS2_PLACEMENT_3D( '', #9360, #9361, #9362 );
#8009 = COLOUR_RGB( '', 0.666666686500000, 0.733333349200000, 0.733333349200000 );
#8010 = CARTESIAN_POINT( '', ( 0.879999999999979, 15.4000000000000, 2.70000000000000 ) );
#8011 = CARTESIAN_POINT( '', ( 0.879999999999979, 4.80000000000000, 2.70000000000000 ) );
#8012 = CARTESIAN_POINT( '', ( 0.879999999999979, 7.83550830638944, 2.70000000000000 ) );
#8013 = VECTOR( '', #9363, 1000.00000000000 );
#8014 = CARTESIAN_POINT( '', ( 0.879999999999979, 4.80000000000000, 1.70000000000000 ) );
#8015 = CARTESIAN_POINT( '', ( 0.879999999999979, 4.80000000000000, 1.88165904106093 ) );
#8016 = VECTOR( '', #9364, 1000.00000000000 );
#8017 = CARTESIAN_POINT( '', ( 0.879999999999979, 4.80059279056104, 1.69940720943896 ) );
#8018 = CARTESIAN_POINT( '', ( 0.879999999999979, 3.80000000000000, 2.70000000000000 ) );
#8019 = VECTOR( '', #9365, 1000.00000000000 );
#8020 = CARTESIAN_POINT( '', ( 0.879999999999979, 15.1828007249077, 1.69940720943896 ) );
#8021 = CARTESIAN_POINT( '', ( 0.879999999999979, 15.4000000000000, 1.69940720943896 ) );
#8022 = VECTOR( '', #9366, 1000.00000000000 );
#8023 = CARTESIAN_POINT( '', ( 0.879999999999979, 15.4000000000000, 1.88165904106093 ) );
#8024 = CARTESIAN_POINT( '', ( 0.879999999999979, 4.39009331078496, -7.35674960115568 ) );
#8025 = VECTOR( '', #9367, 1000.00000000000 );
#8026 = CARTESIAN_POINT( '', ( 0.879999999999979, 15.4000000000000, 1.88165904106093 ) );
#8027 = VECTOR( '', #9368, 1000.00000000000 );
#8028 = COLOUR_RGB( '', 0.666666686500000, 0.733333349200000, 0.733333349200000 );
#8029 = CARTESIAN_POINT( '', ( 5.08000000000000, 15.4000000000000, 2.70000000000000 ) );
#8030 = VECTOR( '', #9369, 1000.00000000000 );
#8031 = CARTESIAN_POINT( '', ( 1.24464231331921, 15.4000000000000, 1.88165904106093 ) );
#8032 = VECTOR( '', #9370, 1000.00000000000 );
#8033 = COLOUR_RGB( '', 0.866666674600000, 0.866666674600000, 0.866666674600000 );
#8034 = CARTESIAN_POINT( '', ( 10.1600000000000, 6.80000000000000, -12.2000000000000 ) );
#8035 = CARTESIAN_POINT( '', ( 10.1600000000000, 6.80000000000000, -9.05599943172105 ) );
#8036 = VECTOR( '', #9371, 1000.00000000000 );
#8037 = CARTESIAN_POINT( '', ( 7.41000000000000, 6.80000000000000, -12.2000000000000 ) );
#8038 = CARTESIAN_POINT( '', ( 0.000000000000000, 6.80000000000000, -12.2000000000000 ) );
#8039 = VECTOR( '', #9372, 1000.00000000000 );
#8040 = CARTESIAN_POINT( '', ( 7.41000000000000, 6.80000000000000, -9.05599943172105 ) );
#8041 = VECTOR( '', #9373, 1000.00000000000 );
#8042 = COLOUR_RGB( '', 0.666666686500000, 0.733333349200000, 0.733333349200000 );
#8043 = CARTESIAN_POINT( '', ( 0.000000000000000, 15.4000000000000, 1.88165904106093 ) );
#8044 = CARTESIAN_POINT( '', ( 0.000000000000000, 15.4000000000000, 2.70000000000000 ) );
#8045 = CARTESIAN_POINT( '', ( 0.000000000000000, 15.4000000000000, -9.05599943172105 ) );
#8046 = VECTOR( '', #9374, 1000.00000000000 );
#8047 = CARTESIAN_POINT( '', ( 4.20000000000000, 15.4000000000000, 1.88165904106093 ) );
#8048 = CARTESIAN_POINT( '', ( -3.83535768668077, 15.4000000000000, 1.88165904106093 ) );
#8049 = VECTOR( '', #9375, 1000.00000000000 );
#8050 = CARTESIAN_POINT( '', ( 4.20000000000000, 15.4000000000000, 2.70000000000000 ) );
#8051 = CARTESIAN_POINT( '', ( 4.20000000000000, 15.4000000000000, 12.7000000000000 ) );
#8052 = VECTOR( '', #9376, 1000.00000000000 );
#8053 = CARTESIAN_POINT( '', ( 0.000000000000000, 15.4000000000000, 2.70000000000000 ) );
#8054 = VECTOR( '', #9377, 1000.00000000000 );
#8055 = COLOUR_RGB( '', 0.866666674600000, 0.866666674600000, 0.866666674600000 );
#8056 = CARTESIAN_POINT( '', ( 10.1600000000000, -5.00000000000000, -3.49000000000000 ) );
#8057 = AXIS2_PLACEMENT_3D( '', #9378, #9379, #9380 );
#8058 = CARTESIAN_POINT( '', ( 10.1600000000000, 7.83550830638944, 1.18174296520236 ) );
#8059 = VECTOR( '', #9381, 1000.00000000000 );
#8060 = COLOUR_RGB( '', 0.866666674600000, 0.866666674600000, 0.866666674600000 );
#8061 = CARTESIAN_POINT( '', ( 0.000000000000000, -4.31313064513630, -14.6000000000000 ) );
#8062 = CARTESIAN_POINT( '', ( 0.000000000000000, -4.31313064513630, -14.6000000000000 ) );
#8063 = VECTOR( '', #9382, 1000.00000000000 );
#8064 = CARTESIAN_POINT( '', ( 0.000000000000000, 0.000000000000000, -14.6000000000000 ) );
#8065 = CARTESIAN_POINT( '', ( 0.000000000000000, 7.83550830638944, -14.6000000000000 ) );
#8066 = VECTOR( '', #9383, 1000.00000000000 );
#8067 = CARTESIAN_POINT( '', ( 0.000000000000000, 0.000000000000000, -14.6000000000000 ) );
#8068 = VECTOR( '', #9384, 1000.00000000000 );
#8069 = COLOUR_RGB( '', 0.666666686500000, 0.733333349200000, 0.733333349200000 );
#8070 = CARTESIAN_POINT( '', ( 0.000000000000000, 6.70000000000000, -1.50000000000000 ) );
#8071 = CARTESIAN_POINT( '', ( 0.000000000000000, 6.70000000000000, -1.45000000000000 ) );
#8072 = CARTESIAN_POINT( '', ( 0.000000000000000, 6.70000000000000, -9.05599943172105 ) );
#8073 = VECTOR( '', #9385, 1000.00000000000 );
#8074 = CARTESIAN_POINT( '', ( -2.80000000000000, 6.70000000000000, -1.45000000000000 ) );
#8075 = VECTOR( '', #9386, 1000.00000000000 );
#8076 = CARTESIAN_POINT( '', ( -2.80000000000000, 6.70000000000000, -1.50000000000000 ) );
#8077 = VECTOR( '', #9387, 1000.00000000000 );
#8078 = COLOUR_RGB( '', 0.866666674600000, 0.866666674600000, 0.866666674600000 );
#8079 = CARTESIAN_POINT( '', ( 1.47911419728940E-031, -5.00000000000000, -13.6500000000000 ) );
#8080 = AXIS2_PLACEMENT_3D( '', #9388, #9389, #9390 );
#8081 = CARTESIAN_POINT( '', ( 0.000000000000000, -5.00000000000000, -14.3500000000000 ) );
#8082 = CARTESIAN_POINT( '', ( 1.47911419728940E-031, -5.00000000000000, -9.79877921050629 ) );
#8083 = VECTOR( '', #9391, 1000.00000000000 );
#8084 = AXIS2_PLACEMENT_3D( '', #9392, #9393, #9394 );
#8085 = COLOUR_RGB( '', 0.666666686500000, 0.733333349200000, 0.733333349200000 );
#8086 = CARTESIAN_POINT( '', ( 10.1600000000000, 6.80000000000000, -9.05599943172105 ) );
#8087 = VECTOR( '', #9395, 1000.00000000000 );
#8088 = CARTESIAN_POINT( '', ( 7.36000000000000, 6.80000000000000, -9.05599943172105 ) );
#8089 = VECTOR( '', #9396, 1000.00000000000 );
#8090 = COLOUR_RGB( '', 0.866666674600000, 0.866666674600000, 0.866666674600000 );
#8091 = CARTESIAN_POINT( '', ( 0.000000000000000, 6.80000000000000, -1.50000000000000 ) );
#8092 = CARTESIAN_POINT( '', ( 2.75000000000000, 6.80000000000000, -1.50000000000000 ) );
#8093 = CARTESIAN_POINT( '', ( -10.1600000000000, 6.80000000000000, -1.50000000000000 ) );
#8094 = VECTOR( '', #9397, 1000.00000000000 );
#8095 = CARTESIAN_POINT( '', ( 2.75000000000000, 6.80000000000000, -9.05599943172105 ) );
#8096 = VECTOR( '', #9398, 1000.00000000000 );
#8097 = CARTESIAN_POINT( '', ( 0.000000000000000, 6.80000000000000, -9.05599943172105 ) );
#8098 = VECTOR( '', #9399, 1000.00000000000 );
#8099 = COLOUR_RGB( '', 0.866666674600000, 0.866666674600000, 0.866666674600000 );
#8100 = CARTESIAN_POINT( '', ( 10.1600000000000, -5.00000000000000, -4.19000000000000 ) );
#8101 = CARTESIAN_POINT( '', ( 10.1600000000000, -5.00000000000000, -13.8018876112894 ) );
#8102 = VECTOR( '', #9400, 1000.00000000000 );
#8103 = AXIS2_PLACEMENT_3D( '', #9401, #9402, #9403 );
#8104 = COLOUR_RGB( '', 0.666666686500000, 0.733333349200000, 0.733333349200000 );
#8105 = CARTESIAN_POINT( '', ( 5.96000000000000, 4.39009331078496, -7.35674960115568 ) );
#8106 = VECTOR( '', #9404, 1000.00000000000 );
#8107 = CARTESIAN_POINT( '', ( 10.1600000000000, 12.8000000000000, -0.300000000000000 ) );
#8108 = CARTESIAN_POINT( '', ( 0.000000000000000, 12.8000000000000, -0.300000000000000 ) );
#8109 = VECTOR( '', #9405, 1000.00000000000 );
#8110 = CARTESIAN_POINT( '', ( 10.1600000000000, 7.83550830638944, -4.46570314909129 ) );
#8111 = VECTOR( '', #9406, 1000.00000000000 );
#8112 = COLOUR_RGB( '', 0.666666686500000, 0.733333349200000, 0.733333349200000 );
#8113 = CARTESIAN_POINT( '', ( 10.1600000000000, 23.5000000000000, -10.6000000000000 ) );
#8114 = CARTESIAN_POINT( '', ( 0.000000000000000, 23.5000000000000, -10.6000000000000 ) );
#8115 = VECTOR( '', #9407, 1000.00000000000 );
#8116 = CARTESIAN_POINT( '', ( 10.1600000000000, 23.5000000000000, -8.50074787290323 ) );
#8117 = CARTESIAN_POINT( '', ( 10.1600000000000, 23.5000000000000, -9.05599943172105 ) );
#8118 = VECTOR( '', #9408, 1000.00000000000 );
#8119 = CARTESIAN_POINT( '', ( 10.1600000000000, 23.5000000000000, -3.79925212709677 ) );
#8120 = AXIS2_PLACEMENT_3D( '', #9409, #9410, #9411 );
#8121 = CARTESIAN_POINT( '', ( 10.1600000000000, 23.5000000000000, -1.70000000000000 ) );
#8122 = CARTESIAN_POINT( '', ( 10.1600000000000, 23.5000000000000, -9.05599943172105 ) );
#8123 = VECTOR( '', #9412, 1000.00000000000 );
#8124 = CARTESIAN_POINT( '', ( 0.000000000000000, 23.5000000000000, -1.70000000000000 ) );
#8125 = VECTOR( '', #9413, 1000.00000000000 );
#8126 = COLOUR_RGB( '', 0.866666674600000, 0.866666674600000, 0.866666674600000 );
#8127 = CARTESIAN_POINT( '', ( 10.1600000000000, -4.31313064513640, -4.44000000000000 ) );
#8128 = CARTESIAN_POINT( '', ( 10.1600000000000, 7.83550830638944, -8.86174296520235 ) );
#8129 = VECTOR( '', #9414, 1000.00000000000 );
#8130 = CARTESIAN_POINT( '', ( 10.1600000000000, -4.31313064513640, -4.44000000000000 ) );
#8131 = VECTOR( '', #9415, 1000.00000000000 );
#8132 = COLOUR_RGB( '', 0.866666674600000, 0.866666674600000, 0.866666674600000 );
#8133 = CARTESIAN_POINT( '', ( 10.1600000000000, -4.31313064513630, -13.4000000000000 ) );
#8134 = CARTESIAN_POINT( '', ( 10.1600000000000, -4.31313064513630, -13.4000000000000 ) );
#8135 = VECTOR( '', #9416, 1000.00000000000 );
#8136 = CARTESIAN_POINT( '', ( 10.1600000000000, 0.000000000000000, -13.4000000000000 ) );
#8137 = CARTESIAN_POINT( '', ( 10.1600000000000, 7.83550830638944, -13.4000000000000 ) );
#8138 = VECTOR( '', #9417, 1000.00000000000 );
#8139 = CARTESIAN_POINT( '', ( 0.000000000000000, 0.000000000000000, -13.4000000000000 ) );
#8140 = VECTOR( '', #9418, 1000.00000000000 );
#8141 = COLOUR_RGB( '', 0.666666686500000, 0.733333349200000, 0.733333349200000 );
#8142 = CARTESIAN_POINT( '', ( 0.000000000000000, 12.9000000000000, -1.45000000000000 ) );
#8143 = CARTESIAN_POINT( '', ( 0.000000000000000, 7.83550830638944, -1.45000000000000 ) );
#8144 = VECTOR( '', #9419, 1000.00000000000 );
#8145 = CARTESIAN_POINT( '', ( 2.80000000000000, 12.9000000000000, -1.45000000000000 ) );
#8146 = VECTOR( '', #9420, 1000.00000000000 );
#8147 = COLOUR_RGB( '', 0.866666674600000, 0.866666674600000, 0.866666674600000 );
#8148 = CARTESIAN_POINT( '', ( 0.200000000000000, 7.76723869684921, -13.4000000000000 ) );
#8149 = VECTOR( '', #9421, 1000.00000000000 );
#8150 = COLOUR_RGB( '', 0.866666674600000, 0.866666674600000, 0.866666674600000 );
#8151 = CARTESIAN_POINT( '', ( 0.000000000000000, 7.83550830638944, -13.4000000000000 ) );
#8152 = VECTOR( '', #9422, 1000.00000000000 );
#8153 = COLOUR_RGB( '', 0.666666686500000, 0.733333349200000, 0.733333349200000 );
#8154 = CARTESIAN_POINT( '', ( 0.000000000000000, 12.8000000000000, -1.45000000000000 ) );
#8155 = CARTESIAN_POINT( '', ( 0.000000000000000, 7.83550830638944, -1.45000000000000 ) );
#8156 = VECTOR( '', #9423, 1000.00000000000 );
#8157 = CARTESIAN_POINT( '', ( -10.1600000000000, 12.8000000000000, -1.45000000000000 ) );
#8158 = VECTOR( '', #9424, 1000.00000000000 );
#8159 = COLOUR_RGB( '', 0.666666686500000, 0.733333349200000, 0.733333349200000 );
#8160 = CARTESIAN_POINT( '', ( 7.36000000000000, 12.8000000000000, -1.45000000000000 ) );
#8161 = CARTESIAN_POINT( '', ( 7.36000000000000, 12.8000000000000, -1.45000000000000 ) );
#8162 = VECTOR( '', #9425, 1000.00000000000 );
#8163 = CARTESIAN_POINT( '', ( 10.1600000000000, 12.8000000000000, -1.45000000000000 ) );
#8164 = CARTESIAN_POINT( '', ( 10.1600000000000, 7.83550830638944, -1.45000000000000 ) );
#8165 = VECTOR( '', #9426, 1000.00000000000 );
#8166 = CARTESIAN_POINT( '', ( 0.000000000000000, 12.8000000000000, -1.45000000000000 ) );
#8167 = VECTOR( '', #9427, 1000.00000000000 );
#8168 = COLOUR_RGB( '', 0.666666686500000, 0.733333349200000, 0.733333349200000 );
#8169 = CARTESIAN_POINT( '', ( 0.000000000000000, 12.8000000000000, -0.300000000000000 ) );
#8170 = CARTESIAN_POINT( '', ( 0.000000000000000, 15.4000000000000, 1.88165904106092 ) );
#8171 = CARTESIAN_POINT( '', ( 0.000000000000000, 7.83550830638944, -4.46570314909129 ) );
#8172 = VECTOR( '', #9428, 1000.00000000000 );
#8173 = CARTESIAN_POINT( '', ( -10.1600000000000, 12.8000000000000, -0.300000000000000 ) );
#8174 = VECTOR( '', #9429, 1000.00000000000 );
#8175 = CARTESIAN_POINT( '', ( 4.20000000000000, 15.1828007249077, 1.69940720943896 ) );
#8176 = CARTESIAN_POINT( '', ( -2.14118926598758, 4.39009331078496, -7.35674960115568 ) );
#8177 = VECTOR( '', #9430, 1000.00000000000 );
#8178 = CARTESIAN_POINT( '', ( 4.20000000000000, 15.4000000000000, 1.88165904106093 ) );
#8179 = CARTESIAN_POINT( '', ( 4.20000000000000, 4.39009331078496, -7.35674960115568 ) );
#8180 = VECTOR( '', #9431, 1000.00000000000 );
#8181 = CARTESIAN_POINT( '', ( -3.83535768668078, 15.4000000000000, 1.88165904106093 ) );
#8182 = VECTOR( '', #9432, 1000.00000000000 );
#8183 = COLOUR_RGB( '', 0.866666674600000, 0.866666674600000, 0.866666674600000 );
#8184 = CARTESIAN_POINT( '', ( 0.600000000000000, 0.000000000000000, -3.64000000000000 ) );
#8185 = CARTESIAN_POINT( '', ( 0.600000000000000, 0.000000000000000, -9.05599943172105 ) );
#8186 = VECTOR( '', #9433, 1000.00000000000 );
#8187 = CARTESIAN_POINT( '', ( 0.600000000000000, 7.07093599974894, -3.64000000000000 ) );
#8188 = VECTOR( '', #9434, 1000.00000000000 );
#8189 = COLOUR_RGB( '', 0.866666674600000, 0.866666674600000, 0.866666674600000 );
#8190 = CARTESIAN_POINT( '', ( 0.600000000000000, 24.8000000000012, -5.55000000000000 ) );
#8191 = CARTESIAN_POINT( '', ( 1.17453482286828, 24.8000000000012, -5.55000000000000 ) );
#8192 = CARTESIAN_POINT( '', ( -0.600000000000000, 24.8000000000012, -5.55000000000000 ) );
#8193 = VECTOR( '', #9435, 1000.00000000000 );
#8194 = CARTESIAN_POINT( '', ( 0.600000000000000, 26.8000000000012, -5.55000000000000 ) );
#8195 = CARTESIAN_POINT( '', ( 0.600000000000000, 26.9000000000012, -5.55000000000000 ) );
#8196 = VECTOR( '', #9436, 1000.00000000000 );
#8197 = CARTESIAN_POINT( '', ( 3.65102725270574, 26.8000000000012, -5.55000000000000 ) );
#8198 = CARTESIAN_POINT( '', ( -4.11384179664706, 26.8000000000012, -5.55000000000000 ) );
#8199 = VECTOR( '', #9437, 1000.00000000000 );
#8200 = CARTESIAN_POINT( '', ( 3.65102725270574, 29.2000000000000, -5.55000000000000 ) );
#8201 = VECTOR( '', #9438, 1000.00000000000 );
#8202 = CARTESIAN_POINT( '', ( 2.15000000000000, 26.8000000000012, -5.55000000000000 ) );
#8203 = VECTOR( '', #9439, 1000.00000000000 );
#8204 = COLOUR_RGB( '', 0.666666686500000, 0.733333349200000, 0.733333349200000 );
#8205 = CARTESIAN_POINT( '', ( 0.000000000000000, 12.9000000000000, -9.05599943172105 ) );
#8206 = VECTOR( '', #9440, 1000.00000000000 );
#8207 = COLOUR_RGB( '', 0.866666674600000, 0.866666674600000, 0.866666674600000 );
#8208 = CARTESIAN_POINT( '', ( 1.17453482286828, 24.8000000000012, -6.75000000000000 ) );
#8209 = CARTESIAN_POINT( '', ( 1.17453482286828, 24.8000000000012, -6.15000000000000 ) );
#8210 = VECTOR( '', #9441, 1000.00000000000 );
#8211 = CARTESIAN_POINT( '', ( 2.15000000000000, 26.8000000000012, -6.75000000000000 ) );
#8212 = VECTOR( '', #9442, 1000.00000000000 );
#8213 = COLOUR_RGB( '', 0.866666674600000, 0.866666674600000, 0.866666674600000 );
#8214 = CARTESIAN_POINT( '', ( 4.48000000000000, 26.9000000000012, -6.75000000000000 ) );
#8215 = VECTOR( '', #9443, 1000.00000000000 );
#8216 = COLOUR_RGB( '', 0.666666686500000, 0.733333349200000, 0.733333349200000 );
#8217 = CARTESIAN_POINT( '', ( 2.28000000000000, 12.8000000000000, -0.300000000000000 ) );
#8218 = CARTESIAN_POINT( '', ( 2.28000000000000, 12.8000000000000, -1.45000000000000 ) );
#8219 = CARTESIAN_POINT( '', ( 2.28000000000000, 12.8000000000000, -9.05599943172105 ) );
#8220 = VECTOR( '', #9444, 1000.00000000000 );
#8221 = CARTESIAN_POINT( '', ( 2.28000000000000, 6.80000000000000, -0.300000000000000 ) );
#8222 = CARTESIAN_POINT( '', ( 2.28000000000000, 7.83550830638944, -0.300000000000000 ) );
#8223 = VECTOR( '', #9445, 1000.00000000000 );
#8224 = CARTESIAN_POINT( '', ( 2.28000000000000, 6.80000000000000, -9.05599943172105 ) );
#8225 = VECTOR( '', #9446, 1000.00000000000 );
#8226 = CARTESIAN_POINT( '', ( 2.28000000000000, 7.83550830638944, -1.50000000000000 ) );
#8227 = VECTOR( '', #9447, 1000.00000000000 );
#8228 = CARTESIAN_POINT( '', ( 2.28000000000000, 12.9000000000000, -1.45000000000000 ) );
#8229 = VECTOR( '', #9448, 1000.00000000000 );
#8230 = COLOUR_RGB( '', 0.666666686500000, 0.733333349200000, 0.733333349200000 );
#8231 = CARTESIAN_POINT( '', ( -2.08166817117217E-014, 16.4000000000000, 2.70000000000000 ) );
#8232 = CARTESIAN_POINT( '', ( 5.08000000000000, 16.4000000000000, 2.70000000000000 ) );
#8233 = VECTOR( '', #9449, 1000.00000000000 );
#8234 = CARTESIAN_POINT( '', ( -2.08166817117217E-014, 3.80000000000000, 2.70000000000000 ) );
#8235 = CARTESIAN_POINT( '', ( -2.08166817117217E-014, 7.83550830638944, 2.70000000000000 ) );
#8236 = VECTOR( '', #9450, 1000.00000000000 );
#8237 = CARTESIAN_POINT( '', ( 5.08000000000000, 3.80000000000000, 2.70000000000000 ) );
#8238 = VECTOR( '', #9451, 1000.00000000000 );
#8239 = CARTESIAN_POINT( '', ( 5.08000000000000, 4.80000000000000, 2.70000000000000 ) );
#8240 = VECTOR( '', #9452, 1000.00000000000 );
#8241 = COLOUR_RGB( '', 0.866666674600000, 0.866666674600000, 0.866666674600000 );
#8242 = CARTESIAN_POINT( '', ( 10.1600000000000, 24.2000000000012, -3.79925212709677 ) );
#8243 = VECTOR( '', #9453, 1000.00000000000 );
#8244 = CARTESIAN_POINT( '', ( 10.1600000000000, 24.2000000000012, -8.50074787290323 ) );
#8245 = VECTOR( '', #9454, 1000.00000000000 );
#8246 = COLOUR_RGB( '', 0.866666674600000, 0.866666674600000, 0.866666674600000 );
#8247 = CARTESIAN_POINT( '', ( 10.1600000000000, -5.00000000000000, -14.3500000000000 ) );
#8248 = CARTESIAN_POINT( '', ( 10.1600000000000, -5.00000000000000, -13.6500000000000 ) );
#8249 = CARTESIAN_POINT( '', ( 10.1600000000000, -5.00000000000000, -9.79877921050629 ) );
#8250 = VECTOR( '', #9455, 1000.00000000000 );
#8251 = AXIS2_PLACEMENT_3D( '', #9456, #9457, #9458 );
#8252 = CARTESIAN_POINT( '', ( 9.65030788030034, -4.71656585905000, -14.4531615906806 ) );
#8253 = CARTESIAN_POINT( '', ( 9.56000000000000, -4.40000000000000, -14.2000000000000 ) );
#8254 = CARTESIAN_POINT( '', ( 9.56000000000000, -4.42696580599380, -14.2220174883952 ) );
#8255 = CARTESIAN_POINT( '', ( 9.56181875022202, -4.45404711251230, -14.2441297148662 ) );
#8256 = CARTESIAN_POINT( '', ( 9.56549745858239, -4.48103535183920, -14.2660889159789 ) );
#8257 = CARTESIAN_POINT( '', ( 9.56917614226544, -4.50802341012500, -14.2880479697860 ) );
#8258 = CARTESIAN_POINT( '', ( 9.57471395239318, -4.53491782082000, -14.3098538595973 ) );
#8259 = CARTESIAN_POINT( '', ( 9.58214754034829, -4.56151326532030, -14.3312536427501 ) );
#8260 = CARTESIAN_POINT( '', ( 9.58586433813207, -4.57481100118820, -14.3419535452839 ) );
#8261 = CARTESIAN_POINT( '', ( 9.59005509862252, -4.58803414810840, -14.3525518953699 ) );
#8262 = CARTESIAN_POINT( '', ( 9.59472514332657, -4.60115749156530, -14.3630161926994 ) );
#8263 = CARTESIAN_POINT( '', ( 9.59939336634607, -4.61427571588660, -14.3734764081303 ) );
#8264 = CARTESIAN_POINT( '', ( 9.60454451785074, -4.62730857929810, -14.3838143028912 ) );
#8265 = CARTESIAN_POINT( '', ( 9.61020741719228, -4.64026675985170, -14.3940235784968 ) );
#8266 = CARTESIAN_POINT( '', ( 9.62152960062397, -4.66617484832710, -14.4144356120047 ) );
#8267 = CARTESIAN_POINT( '', ( 9.63487142309741, -4.69171213472220, -14.4342782002778 ) );
#8268 = CARTESIAN_POINT( '', ( 9.65030788030034, -4.71656585905000, -14.4531615906806 ) );
#8269 = AXIS2_PLACEMENT_3D( '', #9459, #9460, #9461 );
#8270 = COLOUR_RGB( '', 0.866666674600000, 0.866666674600000, 0.866666674600000 );
#8271 = CARTESIAN_POINT( '', ( 10.1600000000000, 0.000000000000000, -14.6000000000000 ) );
#8272 = CARTESIAN_POINT( '', ( 10.1600000000000, -4.31313064513630, -14.6000000000000 ) );
#8273 = CARTESIAN_POINT( '', ( 10.1600000000000, 7.83550830638944, -14.6000000000000 ) );
#8274 = VECTOR( '', #9462, 1000.00000000000 );
#8275 = CARTESIAN_POINT( '', ( 9.96000000000000, -4.31313064513630, -14.6000000000000 ) );
#8276 = CARTESIAN_POINT( '', ( 10.1600000000000, -4.31313064513630, -14.6000000000000 ) );
#8277 = VECTOR( '', #9463, 1000.00000000000 );
#8278 = CARTESIAN_POINT( '', ( 9.96000000000000, 0.000000000000000, -14.6000000000000 ) );
#8279 = CARTESIAN_POINT( '', ( 9.96000000000000, 7.76723869684921, -14.6000000000000 ) );
#8280 = VECTOR( '', #9464, 1000.00000000000 );
#8281 = CARTESIAN_POINT( '', ( 0.000000000000000, 0.000000000000000, -14.6000000000000 ) );
#8282 = VECTOR( '', #9465, 1000.00000000000 );
#8283 = COLOUR_RGB( '', 0.866666674600000, 0.866666674600000, 0.866666674600000 );
#8284 = CARTESIAN_POINT( '', ( 0.000000000000000, 7.83550830638944, 1.18174296520236 ) );
#8285 = VECTOR( '', #9466, 1000.00000000000 );
#8286 = AXIS2_PLACEMENT_3D( '', #9467, #9468, #9469 );
#8287 = COLOUR_RGB( '', 0.666666686500000, 0.733333349200000, 0.733333349200000 );
#8288 = CARTESIAN_POINT( '', ( 1.42897274729424, 25.6000000000012, -6.75000000000000 ) );
#8289 = AXIS2_PLACEMENT_3D( '', #9470, #9471, #9472 );
#8290 = CARTESIAN_POINT( '', ( 1.42897274729424, 29.2000000000000, -6.75000000000000 ) );
#8291 = VECTOR( '', #9473, 1000.00000000000 );
#8292 = AXIS2_PLACEMENT_3D( '', #9474, #9475, #9476 );
#8293 = COLOUR_RGB( '', 0.866666674600000, 0.866666674600000, 0.866666674600000 );
#8294 = CARTESIAN_POINT( '', ( 4.48000000000000, 0.000000000000000, -14.2000000000000 ) );
#8295 = CARTESIAN_POINT( '', ( 4.48000000000000, 0.000000000000000, -13.8000000000000 ) );
#8296 = CARTESIAN_POINT( '', ( 4.48000000000000, 0.000000000000000, -9.05599943172105 ) );
#8297 = VECTOR( '', #9477, 1000.00000000000 );
#8298 = CARTESIAN_POINT( '', ( 4.48000000000000, -4.40000000000000, -14.2000000000000 ) );
#8299 = CARTESIAN_POINT( '', ( 4.48000000000000, 7.76723869684921, -14.2000000000000 ) );
#8300 = VECTOR( '', #9478, 1000.00000000000 );
#8301 = CARTESIAN_POINT( '', ( 4.48000000000000, -4.40000000000000, -13.8000000000000 ) );
#8302 = CARTESIAN_POINT( '', ( 4.48000000000000, -4.40000000000000, -9.79877921050629 ) );
#8303 = VECTOR( '', #9479, 1000.00000000000 );
#8304 = CARTESIAN_POINT( '', ( 4.48000000000000, 7.76723869684921, -13.8000000000000 ) );
#8305 = VECTOR( '', #9480, 1000.00000000000 );
#8306 = COLOUR_RGB( '', 0.666666686500000, 0.733333349200000, 0.733333349200000 );
#8307 = CARTESIAN_POINT( '', ( 4.08000000000000, 23.3000000000000, -10.8000150000000 ) );
#8308 = VECTOR( '', #9481, 1000.00000000000 );
#8309 = COLOUR_RGB( '', 0.866666674600000, 0.866666674600000, 0.866666674600000 );
#8310 = AXIS2_PLACEMENT_3D( '', #9482, #9483, #9484 );
#8311 = AXIS2_PLACEMENT_3D( '', #9485, #9486, #9487 );
#8312 = COLOUR_RGB( '', 0.866666674600000, 0.866666674600000, 0.866666674600000 );
#8313 = CARTESIAN_POINT( '', ( 3.65102725270570, 25.6000000000012, -6.75000000000000 ) );
#8314 = AXIS2_PLACEMENT_3D( '', #9488, #9489, #9490 );
#8315 = CARTESIAN_POINT( '', ( -4.11384179664706, 25.6000000000012, -6.75000000000000 ) );
#8316 = VECTOR( '', #9491, 1000.00000000000 );
#8317 = COLOUR_RGB( '', 0.666666686500000, 0.733333349200000, 0.733333349200000 );
#8318 = CARTESIAN_POINT( '', ( 0.000000000000000, 6.80000000000000, -1.45000000000000 ) );
#8319 = CARTESIAN_POINT( '', ( 0.000000000000000, 6.80000000000000, -9.05599943172105 ) );
#8320 = VECTOR( '', #9492, 1000.00000000000 );
#8321 = CARTESIAN_POINT( '', ( 0.000000000000000, 6.80000000000000, -1.45000000000000 ) );
#8322 = VECTOR( '', #9493, 1000.00000000000 );
#8323 = COLOUR_RGB( '', 0.666666686500000, 0.733333349200000, 0.733333349200000 );
#8324 = CARTESIAN_POINT( '', ( 7.22118926598755, 4.39009331078496, -7.35674960115568 ) );
#8325 = VECTOR( '', #9494, 1000.00000000000 );
#8326 = CARTESIAN_POINT( '', ( 5.08000000000000, 12.8000000000000, -0.300000000000000 ) );
#8327 = VECTOR( '', #9495, 1000.00000000000 );
#8328 = COLOUR_RGB( '', 0.866666674600000, 0.866666674600000, 0.866666674600000 );
#8329 = CARTESIAN_POINT( '', ( 0.000000000000000, 26.8000000000012, -8.30000000000000 ) );
#8330 = CARTESIAN_POINT( '', ( 0.000000000000000, 24.8000000000012, -7.32453482286828 ) );
#8331 = CARTESIAN_POINT( '', ( 0.000000000000000, 7.83550830638944, 0.949600624561050 ) );
#8332 = VECTOR( '', #9496, 1000.00000000000 );
#8333 = CARTESIAN_POINT( '', ( 0.600000000000000, 24.8000000000012, -7.32453482286828 ) );
#8334 = CARTESIAN_POINT( '', ( 0.000000000000000, 24.8000000000012, -7.32453482286828 ) );
#8335 = VECTOR( '', #9497, 1000.00000000000 );
#8336 = CARTESIAN_POINT( '', ( 0.600000000000000, 26.8000000000012, -8.30000000000000 ) );
#8337 = CARTESIAN_POINT( '', ( 0.600000000000000, 26.8000000000012, -8.30000000000000 ) );
#8338 = VECTOR( '', #9498, 1000.00000000000 );
#8339 = CARTESIAN_POINT( '', ( -4.11384179664706, 26.8000000000012, -8.30000000000000 ) );
#8340 = VECTOR( '', #9499, 1000.00000000000 );
#8341 = COLOUR_RGB( '', 0.866666674600000, 0.866666674600000, 0.866666674600000 );
#8342 = CARTESIAN_POINT( '', ( 10.1600000000000, 26.8000000000012, -9.05599943172105 ) );
#8343 = VECTOR( '', #9500, 1000.00000000000 );
#8344 = CARTESIAN_POINT( '', ( 9.56000000000000, 26.8000000000012, -5.55000000000000 ) );
#8345 = CARTESIAN_POINT( '', ( 9.56000000000000, 26.8000000000012, -10.0902740315453 ) );
#8346 = VECTOR( '', #9501, 1000.00000000000 );
#8347 = CARTESIAN_POINT( '', ( 6.04615820335294, 26.8000000000012, -5.55000000000000 ) );
#8348 = VECTOR( '', #9502, 1000.00000000000 );
#8349 = COLOUR_RGB( '', 0.666666686500000, 0.733333349200000, 0.733333349200000 );
#8350 = CARTESIAN_POINT( '', ( 4.20000000000000, 15.1828007249077, 1.69940720943896 ) );
#8351 = CARTESIAN_POINT( '', ( 4.20000000000000, 15.4000000000000, 1.69940720943896 ) );
#8352 = VECTOR( '', #9503, 1000.00000000000 );
#8353 = CARTESIAN_POINT( '', ( -2.14118926598757, 4.39009331078496, -7.35674960115568 ) );
#8354 = VECTOR( '', #9504, 1000.00000000000 );
#8355 = COLOUR_RGB( '', 0.866666674600000, 0.866666674600000, 0.866666674600000 );
#8356 = CARTESIAN_POINT( '', ( 2.75000000000000, 12.8000000000000, -1.50000000000000 ) );
#8357 = VECTOR( '', #9505, 1000.00000000000 );
#8358 = COLOUR_RGB( '', 0.866666674600000, 0.866666674600000, 0.866666674600000 );
#8359 = CARTESIAN_POINT( '', ( 0.000000000000000, 0.000000000000000, -3.24000000000000 ) );
#8360 = CARTESIAN_POINT( '', ( 0.000000000000000, -4.31313064513630, -3.24000000000000 ) );
#8361 = CARTESIAN_POINT( '', ( 0.000000000000000, 7.83550830638944, -3.24000000000000 ) );
#8362 = VECTOR( '', #9506, 1000.00000000000 );
#8363 = CARTESIAN_POINT( '', ( 0.200000000000000, -4.31313064513630, -3.24000000000000 ) );
#8364 = CARTESIAN_POINT( '', ( 4.44089209850063E-016, -4.31313064513630, -3.24000000000000 ) );
#8365 = VECTOR( '', #9507, 1000.00000000000 );
#8366 = CARTESIAN_POINT( '', ( 0.200000000000000, 0.000000000000000, -3.24000000000000 ) );
#8367 = CARTESIAN_POINT( '', ( 0.200000000000000, 7.07093599974894, -3.24000000000000 ) );
#8368 = VECTOR( '', #9508, 1000.00000000000 );
#8369 = CARTESIAN_POINT( '', ( 0.000000000000000, 0.000000000000000, -3.24000000000000 ) );
#8370 = VECTOR( '', #9509, 1000.00000000000 );
#8371 = COLOUR_RGB( '', 0.666666686500000, 0.733333349200000, 0.733333349200000 );
#8372 = CARTESIAN_POINT( '', ( 0.000000000000000, 16.4000000000000, -13.6000000000000 ) );
#8373 = CARTESIAN_POINT( '', ( -10.1600000000000, 16.4000000000000, -13.6000000000000 ) );
#8374 = VECTOR( '', #9510, 1000.00000000000 );
#8375 = CARTESIAN_POINT( '', ( 0.000000000000000, 16.4000000000000, -9.05599943172105 ) );
#8376 = VECTOR( '', #9511, 1000.00000000000 );
#8377 = COLOUR_RGB( '', 0.666666686500000, 0.733333349200000, 0.733333349200000 );
#8378 = CARTESIAN_POINT( '', ( 0.000000000000000, 29.3000000000000, -10.9000000000000 ) );
#8379 = CARTESIAN_POINT( '', ( 0.000000000000000, 7.83550830638944, -15.3925680288952 ) );
#8380 = VECTOR( '', #9512, 1000.00000000000 );
#8381 = CARTESIAN_POINT( '', ( 5.08000000000000, 29.3000000000000, -10.9000000000000 ) );
#8382 = VECTOR( '', #9513, 1000.00000000000 );
#8383 = COLOUR_RGB( '', 0.866666674600000, 0.866666674600000, 0.866666674600000 );
#8384 = CARTESIAN_POINT( '', ( 0.600000000000000, 24.8000000000012, -6.75000000000000 ) );
#8385 = CARTESIAN_POINT( '', ( 0.600000000000000, 26.8000000000012, -6.75000000000000 ) );
#8386 = CARTESIAN_POINT( '', ( 0.600000000000000, 26.9000000000012, -6.75000000000000 ) );
#8387 = VECTOR( '', #9514, 1000.00000000000 );
#8388 = CARTESIAN_POINT( '', ( -0.600000000000000, 24.8000000000012, -6.75000000000000 ) );
#8389 = VECTOR( '', #9515, 1000.00000000000 );
#8390 = CARTESIAN_POINT( '', ( 3.65102725270570, 26.8000000000012, -6.75000000000000 ) );
#8391 = CARTESIAN_POINT( '', ( 3.65102725270570, 29.2000000000000, -6.75000000000000 ) );
#8392 = VECTOR( '', #9516, 1000.00000000000 );
#8393 = CARTESIAN_POINT( '', ( -4.11384179664706, 26.8000000000012, -6.75000000000000 ) );
#8394 = VECTOR( '', #9517, 1000.00000000000 );
#8395 = COLOUR_RGB( '', 0.866666674600000, 0.866666674600000, 0.866666674600000 );
#8396 = CARTESIAN_POINT( '', ( 0.600000000000000, 7.07093599974894, -3.64000000000000 ) );
#8397 = VECTOR( '', #9518, 1000.00000000000 );
#8398 = COLOUR_RGB( '', 0.666666686500000, 0.733333349200000, 0.733333349200000 );
#8399 = AXIS2_PLACEMENT_3D( '', #9519, #9520, #9521 );
#8400 = COLOUR_RGB( '', 0.666666686500000, 0.733333349200000, 0.733333349200000 );
#8401 = CARTESIAN_POINT( '', ( 0.000000000000000, 0.000000000000000, -9.05599943172105 ) );
#8402 = VECTOR( '', #9522, 1000.00000000000 );
#8403 = CARTESIAN_POINT( '', ( 10.1600000000000, 0.000000000000000, -9.05599943172105 ) );
#8404 = VECTOR( '', #9523, 1000.00000000000 );
#8405 = CARTESIAN_POINT( '', ( 10.1600000000000, 0.000000000000000, -4.44000000000000 ) );
#8406 = CARTESIAN_POINT( '', ( 10.1600000000000, 0.000000000000000, -9.05599943172105 ) );
#8407 = VECTOR( '', #9524, 1000.00000000000 );
#8408 = CARTESIAN_POINT( '', ( 0.000000000000000, 0.000000000000000, -4.44000000000000 ) );
#8409 = VECTOR( '', #9525, 1000.00000000000 );
#8410 = CARTESIAN_POINT( '', ( 10.1600000000000, 0.000000000000000, 0.000000000000000 ) );
#8411 = CARTESIAN_POINT( '', ( 10.1600000000000, 0.000000000000000, -9.05599943172105 ) );
#8412 = VECTOR( '', #9526, 1000.00000000000 );
#8413 = CARTESIAN_POINT( '', ( 0.000000000000000, 0.000000000000000, 0.000000000000000 ) );
#8414 = CARTESIAN_POINT( '', ( 0.000000000000000, 0.000000000000000, 0.000000000000000 ) );
#8415 = VECTOR( '', #9527, 1000.00000000000 );
#8416 = CARTESIAN_POINT( '', ( 0.000000000000000, 0.000000000000000, -9.05599943172105 ) );
#8417 = VECTOR( '', #9528, 1000.00000000000 );
#8418 = AXIS2_PLACEMENT_3D( '', #9529, #9530, #9531 );
#8419 = CARTESIAN_POINT( '', ( 0.000000000000000, 0.000000000000000, -9.05599943172105 ) );
#8420 = VECTOR( '', #9532, 1000.00000000000 );
#8421 = COLOUR_RGB( '', 0.866666674600000, 0.866666674600000, 0.866666674600000 );
#8422 = CARTESIAN_POINT( '', ( 0.600000000000000, 7.07093599974894, -4.04000000000000 ) );
#8423 = VECTOR( '', #9533, 1000.00000000000 );
#8424 = COLOUR_RGB( '', 0.866666674600000, 0.866666674600000, 0.866666674600000 );
#8425 = CARTESIAN_POINT( '', ( 4.48000000000000, 26.8000000000012, -4.00000000000000 ) );
#8426 = CARTESIAN_POINT( '', ( 0.966158203352920, 26.8000000000012, -4.00000000000000 ) );
#8427 = VECTOR( '', #9534, 1000.00000000000 );
#8428 = CARTESIAN_POINT( '', ( 4.48000000000000, 26.8000000000012, -10.0902740315453 ) );
#8429 = VECTOR( '', #9535, 1000.00000000000 );
#8430 = COLOUR_RGB( '', 0.666666686500000, 0.733333349200000, 0.733333349200000 );
#8431 = CARTESIAN_POINT( '', ( 0.000000000000000, 0.000000000000000, -15.6000000000000 ) );
#8432 = CARTESIAN_POINT( '', ( 5.08000000000000, 0.000000000000000, -15.6000000000000 ) );
#8433 = VECTOR( '', #9536, 1000.00000000000 );
#8434 = CARTESIAN_POINT( '', ( 4.88000000000000, 0.000000000000000, -14.6000000000000 ) );
#8435 = CARTESIAN_POINT( '', ( 5.08000000000000, 0.000000000000000, -14.6000000000000 ) );
#8436 = VECTOR( '', #9537, 1000.00000000000 );
#8437 = AXIS2_PLACEMENT_3D( '', #9538, #9539, #9540 );
#8438 = CARTESIAN_POINT( '', ( 4.88000000000000, 0.000000000000000, -13.4000000000000 ) );
#8439 = AXIS2_PLACEMENT_3D( '', #9541, #9542, #9543 );
#8440 = CARTESIAN_POINT( '', ( 5.08000000000000, 0.000000000000000, -13.4000000000000 ) );
#8441 = VECTOR( '', #9544, 1000.00000000000 );
#8442 = CARTESIAN_POINT( '', ( 4.48000000000000, 0.000000000000000, -9.05599943172105 ) );
#8443 = VECTOR( '', #9545, 1000.00000000000 );
#8444 = CARTESIAN_POINT( '', ( 5.08000000000000, 0.000000000000000, -3.24000000000000 ) );
#8445 = VECTOR( '', #9546, 1000.00000000000 );
#8446 = CARTESIAN_POINT( '', ( 0.000000000000000, 0.000000000000000, 0.000000000000000 ) );
#8447 = CARTESIAN_POINT( '', ( 5.08000000000000, 0.000000000000000, 0.000000000000000 ) );
#8448 = VECTOR( '', #9547, 1000.00000000000 );
#8449 = CARTESIAN_POINT( '', ( 0.000000000000000, 0.000000000000000, -9.05599943172105 ) );
#8450 = VECTOR( '', #9548, 1000.00000000000 );
#8451 = COLOUR_RGB( '', 0.866666674600000, 0.866666674600000, 0.866666674600000 );
#8452 = CARTESIAN_POINT( '', ( 14.4979480000000, 25.6000000000012, -5.55000000000000 ) );
#8453 = VECTOR( '', #9549, 1000.00000000000 );
#8454 = CARTESIAN_POINT( '', ( 5.35240600000000, 25.6000000000012, -6.75000000000000 ) );
#8455 = VECTOR( '', #9550, 1000.00000000000 );
#8456 = COLOUR_RGB( '', 0.666666686500000, 0.733333349200000, 0.733333349200000 );
#8457 = CARTESIAN_POINT( '', ( 0.000000000000000, 26.8000000000012, -2.45000000000000 ) );
#8458 = CARTESIAN_POINT( '', ( 0.000000000000000, 29.2000000000000, -2.45000000000000 ) );
#8459 = VECTOR( '', #9551, 1000.00000000000 );
#8460 = CARTESIAN_POINT( '', ( 4.53119315684521E-016, 26.8000000000012, -9.85000000000000 ) );
#8461 = CARTESIAN_POINT( '', ( 4.53119315684521E-016, 29.2000000000000, -9.85000000000000 ) );
#8462 = VECTOR( '', #9552, 1000.00000000000 );
#8463 = CARTESIAN_POINT( '', ( 3.65102725270574, 26.8000000000012, -6.75000000000000 ) );
#8464 = AXIS2_PLACEMENT_3D( '', #9553, #9554, #9555 );
#8465 = CARTESIAN_POINT( '', ( 3.65102725270574, 29.2000000000000, -6.75000000000000 ) );
#8466 = VECTOR( '', #9556, 1000.00000000000 );
#8467 = AXIS2_PLACEMENT_3D( '', #9557, #9558, #9559 );
#8468 = COLOUR_RGB( '', 0.666666686500000, 0.733333349200000, 0.733333349200000 );
#8469 = CARTESIAN_POINT( '', ( 0.000000000000000, 3.80000000000000, 0.000000000000000 ) );
#8470 = CARTESIAN_POINT( '', ( 0.000000000000000, 7.83550830638944, 0.000000000000000 ) );
#8471 = VECTOR( '', #9560, 1000.00000000000 );
#8472 = CARTESIAN_POINT( '', ( 10.1600000000000, 3.80000000000000, 0.000000000000000 ) );
#8473 = CARTESIAN_POINT( '', ( 10.1600000000000, 7.83550830638944, 0.000000000000000 ) );
#8474 = VECTOR( '', #9561, 1000.00000000000 );
#8475 = CARTESIAN_POINT( '', ( -60.9600000000000, 3.80000000000000, 0.000000000000000 ) );
#8476 = VECTOR( '', #9562, 1000.00000000000 );
#8477 = COLOUR_RGB( '', 0.866666674600000, 0.866666674600000, 0.866666674600000 );
#8478 = CARTESIAN_POINT( '', ( 2.33000000000000, 7.83550830638944, -12.2000000000000 ) );
#8479 = VECTOR( '', #9563, 1000.00000000000 );
#8480 = CARTESIAN_POINT( '', ( 2.33000000000000, 6.80000000000000, -1.50000000000000 ) );
#8481 = VECTOR( '', #9564, 1000.00000000000 );
#8482 = COLOUR_RGB( '', 0.866666674600000, 0.866666674600000, 0.866666674600000 );
#8483 = CARTESIAN_POINT( '', ( 0.600000000000000, 26.8000000000012, -4.00000000000000 ) );
#8484 = CARTESIAN_POINT( '', ( 0.600000000000000, 26.8000000000012, -10.0902740315453 ) );
#8485 = VECTOR( '', #9565, 1000.00000000000 );
#8486 = CARTESIAN_POINT( '', ( 0.000000000000000, 26.8000000000012, -4.00000000000000 ) );
#8487 = CARTESIAN_POINT( '', ( -4.11384179664706, 26.8000000000012, -4.00000000000000 ) );
#8488 = VECTOR( '', #9566, 1000.00000000000 );
#8489 = CARTESIAN_POINT( '', ( 0.000000000000000, 26.8000000000012, -9.05599943172105 ) );
#8490 = VECTOR( '', #9567, 1000.00000000000 );
#8491 = COLOUR_RGB( '', 0.666666686500000, 0.733333349200000, 0.733333349200000 );
#8492 = CARTESIAN_POINT( '', ( 0.000000000000000, 23.3000000000000, -8.50074787290323 ) );
#8493 = CARTESIAN_POINT( '', ( 0.000000000000000, 23.3000000000000, -9.05599943172105 ) );
#8494 = VECTOR( '', #9568, 1000.00000000000 );
#8495 = CARTESIAN_POINT( '', ( 0.000000000000000, 23.3000000000000, -3.79925212709677 ) );
#8496 = AXIS2_PLACEMENT_3D( '', #9569, #9570, #9571 );
#8497 = CARTESIAN_POINT( '', ( 0.000000000000000, 23.3000000000000, -9.05599943172105 ) );
#8498 = VECTOR( '', #9572, 1000.00000000000 );
#8499 = COLOUR_RGB( '', 0.666666686500000, 0.733333349200000, 0.733333349200000 );
#8500 = CARTESIAN_POINT( '', ( 0.000000000000000, 16.4000000000000, 2.00000000000000 ) );
#8501 = CARTESIAN_POINT( '', ( 0.000000000000000, 29.3000000000000, -1.40000000000000 ) );
#8502 = CARTESIAN_POINT( '', ( 0.000000000000000, 7.83550830638944, 4.25730788823846 ) );
#8503 = VECTOR( '', #9573, 1000.00000000000 );
#8504 = CARTESIAN_POINT( '', ( -20.3200000000000, 16.4000000000000, 2.00000000000000 ) );
#8505 = VECTOR( '', #9574, 1000.00000000000 );
#8506 = CARTESIAN_POINT( '', ( -15.2400000000000, 29.3000000000000, -1.40000000000000 ) );
#8507 = VECTOR( '', #9575, 1000.00000000000 );
#8508 = COLOUR_RGB( '', 0.866666674600000, 0.866666674600000, 0.866666674600000 );
#8509 = CARTESIAN_POINT( '', ( 9.56000000000000, 24.8000000000012, -5.55000000000000 ) );
#8510 = CARTESIAN_POINT( '', ( 9.56000000000000, 24.8000000000012, -6.75000000000000 ) );
#8511 = VECTOR( '', #9576, 1000.00000000000 );
#8512 = CARTESIAN_POINT( '', ( 9.56000000000000, 26.9000000000012, -5.55000000000000 ) );
#8513 = VECTOR( '', #9577, 1000.00000000000 );
#8514 = COLOUR_RGB( '', 0.666666686500000, 0.733333349200000, 0.733333349200000 );
#8515 = AXIS2_PLACEMENT_3D( '', #9578, #9579, #9580 );
#8516 = COLOUR_RGB( '', 0.666666686500000, 0.733333349200000, 0.733333349200000 );
#8517 = CARTESIAN_POINT( '', ( 0.000000000000000, 16.4000000000000, 2.70000000000000 ) );
#8518 = CARTESIAN_POINT( '', ( 0.000000000000000, 16.4000000000000, -9.05599943172105 ) );
#8519 = VECTOR( '', #9581, 1000.00000000000 );
#8520 = CARTESIAN_POINT( '', ( -10.1600000000000, 16.4000000000000, 2.70000000000000 ) );
#8521 = VECTOR( '', #9582, 1000.00000000000 );
#8522 = COLOUR_RGB( '', 0.666666686500000, 0.733333349200000, 0.733333349200000 );
#8523 = CARTESIAN_POINT( '', ( 0.000000000000000, 7.83550830638944, -15.6000000000000 ) );
#8524 = VECTOR( '', #9583, 1000.00000000000 );
#8525 = COLOUR_RGB( '', 0.866666674600000, 0.866666674600000, 0.866666674600000 );
#8526 = CARTESIAN_POINT( '', ( 4.57030788030033, -4.71656585905000, -13.5468384093194 ) );
#8527 = AXIS2_PLACEMENT_3D( '', #9584, #9585, #9586 );
#8528 = CARTESIAN_POINT( '', ( 4.57030788030033, -4.71656585905000, -13.5468384093194 ) );
#8529 = CARTESIAN_POINT( '', ( 4.55487142309739, -4.69171213472220, -13.5657217997222 ) );
#8530 = CARTESIAN_POINT( '', ( 4.54152960062395, -4.66617484832710, -13.5855643879953 ) );
#8531 = CARTESIAN_POINT( '', ( 4.53020741719227, -4.64026675985170, -13.6059764215032 ) );
#8532 = CARTESIAN_POINT( '', ( 4.52454451785072, -4.62730857929820, -13.6161856971088 ) );
#8533 = CARTESIAN_POINT( '', ( 4.51939336634604, -4.61427571588660, -13.6265235918697 ) );
#8534 = CARTESIAN_POINT( '', ( 4.51472514332655, -4.60115749156530, -13.6369838073006 ) );
#8535 = CARTESIAN_POINT( '', ( 4.51005509862250, -4.58803414810840, -13.6474481046301 ) );
#8536 = CARTESIAN_POINT( '', ( 4.50586433813204, -4.57481100118820, -13.6580464547161 ) );
#8537 = CARTESIAN_POINT( '', ( 4.50214754034827, -4.56151326532040, -13.6687463572499 ) );
#8538 = CARTESIAN_POINT( '', ( 4.49471395239316, -4.53491782082000, -13.6901461404027 ) );
#8539 = CARTESIAN_POINT( '', ( 4.48917614226542, -4.50802341012500, -13.7119520302140 ) );
#8540 = CARTESIAN_POINT( '', ( 4.48549745858237, -4.48103535183920, -13.7339110840211 ) );
#8541 = CARTESIAN_POINT( '', ( 4.48181875022200, -4.45404711251230, -13.7558702851338 ) );
#8542 = CARTESIAN_POINT( '', ( 4.48000000000000, -4.42696580599380, -13.7779825116048 ) );
#8543 = CARTESIAN_POINT( '', ( 4.48000000000000, -4.40000000000000, -13.8000000000000 ) );
#8544 = CARTESIAN_POINT( '', ( 4.57030788030032, -4.71656585905000, -14.4531615906806 ) );
#8545 = CARTESIAN_POINT( '', ( 4.48000000000000, -4.40000000000000, -14.2000000000000 ) );
#8546 = CARTESIAN_POINT( '', ( 4.48000000000000, -4.42696580599880, -14.2220174883993 ) );
#8547 = CARTESIAN_POINT( '', ( 4.48181875022268, -4.45404711251730, -14.2441297148702 ) );
#8548 = CARTESIAN_POINT( '', ( 4.48549745858237, -4.48103535183920, -14.2660889159789 ) );
#8549 = CARTESIAN_POINT( '', ( 4.48917614226542, -4.50802341012500, -14.2880479697860 ) );
#8550 = CARTESIAN_POINT( '', ( 4.49471395239316, -4.53491782082000, -14.3098538595973 ) );
#8551 = CARTESIAN_POINT( '', ( 4.50214754034827, -4.56151326532030, -14.3312536427501 ) );
#8552 = CARTESIAN_POINT( '', ( 4.50586433813146, -4.57481100118610, -14.3419535452822 ) );
#8553 = CARTESIAN_POINT( '', ( 4.51005509862176, -4.58803414810630, -14.3525518953682 ) );
#8554 = CARTESIAN_POINT( '', ( 4.51472514332655, -4.60115749156530, -14.3630161926994 ) );
#8555 = CARTESIAN_POINT( '', ( 4.51939336634604, -4.61427571588660, -14.3734764081303 ) );
#8556 = CARTESIAN_POINT( '', ( 4.52454451785072, -4.62730857929820, -14.3838143028912 ) );
#8557 = CARTESIAN_POINT( '', ( 4.53020741719226, -4.64026675985170, -14.3940235784968 ) );
#8558 = CARTESIAN_POINT( '', ( 4.54152960062395, -4.66617484832700, -14.4144356120047 ) );
#8559 = CARTESIAN_POINT( '', ( 4.55487142309739, -4.69171213472220, -14.4342782002778 ) );
#8560 = CARTESIAN_POINT( '', ( 4.57030788030032, -4.71656585905000, -14.4531615906806 ) );
#8561 = AXIS2_PLACEMENT_3D( '', #9587, #9588, #9589 );
#8562 = COLOUR_RGB( '', 0.866666674600000, 0.866666674600000, 0.866666674600000 );
#8563 = CARTESIAN_POINT( '', ( 3.51527910627901, 25.6000000000012, -6.75000000000000 ) );
#8564 = CARTESIAN_POINT( '', ( 2.93000000000000, 26.8000000000012, -6.75000000000000 ) );
#8565 = VECTOR( '', #9590, 1000.00000000000 );
#8566 = CARTESIAN_POINT( '', ( 0.272405999999980, 25.6000000000012, -6.75000000000000 ) );
#8567 = VECTOR( '', #9591, 1000.00000000000 );
#8568 = COLOUR_RGB( '', 0.666666686500000, 0.733333349200000, 0.733333349200000 );
#8569 = CARTESIAN_POINT( '', ( 5.08000000000000, 6.80000000000000, -0.300000000000000 ) );
#8570 = VECTOR( '', #9592, 1000.00000000000 );
#8571 = COLOUR_RGB( '', 0.866666674600000, 0.866666674600000, 0.866666674600000 );
#8572 = CARTESIAN_POINT( '', ( 0.200000000000000, 7.07093599974894, -4.44000000000000 ) );
#8573 = VECTOR( '', #9593, 1000.00000000000 );
#8574 = CARTESIAN_POINT( '', ( 0.000000000000000, 7.83550830638944, -4.44000000000000 ) );
#8575 = VECTOR( '', #9594, 1000.00000000000 );
#8576 = COLOUR_RGB( '', 0.866666674600000, 0.866666674600000, 0.866666674600000 );
#8577 = CARTESIAN_POINT( '', ( 0.000000000000000, -4.31313064513630, -14.6000000000000 ) );
#8578 = CARTESIAN_POINT( '', ( 0.000000000000000, 7.83550830638944, -19.0217429652023 ) );
#8579 = VECTOR( '', #9595, 1000.00000000000 );
#8580 = CARTESIAN_POINT( '', ( 0.000000000000000, -4.31313064513630, -14.6000000000000 ) );
#8581 = VECTOR( '', #9596, 1000.00000000000 );
#8582 = COLOUR_RGB( '', 0.666666686500000, 0.733333349200000, 0.733333349200000 );
#8583 = CARTESIAN_POINT( '', ( 5.96000000000000, 7.83550830638944, 2.70000000000000 ) );
#8584 = VECTOR( '', #9597, 1000.00000000000 );
#8585 = COLOUR_RGB( '', 0.666666686500000, 0.733333349200000, 0.733333349200000 );
#8586 = CARTESIAN_POINT( '', ( 0.000000000000000, 29.3000000000000, -2.45000000000000 ) );
#8587 = CARTESIAN_POINT( '', ( 0.000000000000000, 29.2000000000000, -2.45000000000000 ) );
#8588 = VECTOR( '', #9598, 1000.00000000000 );
#8589 = CARTESIAN_POINT( '', ( 0.000000000000000, 29.3000000000000, -9.85000000000000 ) );
#8590 = AXIS2_PLACEMENT_3D( '', #9599, #9600, #9601 );
#8591 = CARTESIAN_POINT( '', ( 0.000000000000000, 26.8000000000012, -9.85000000000000 ) );
#8592 = CARTESIAN_POINT( '', ( 0.000000000000000, 29.2000000000000, -9.85000000000000 ) );
#8593 = VECTOR( '', #9602, 1000.00000000000 );
#8594 = AXIS2_PLACEMENT_3D( '', #9603, #9604, #9605 );
#8595 = COLOUR_RGB( '', 0.866666674600000, 0.866666674600000, 0.866666674600000 );
#8596 = CARTESIAN_POINT( '', ( 0.600000000000000, 24.8000000000012, -7.32453482286828 ) );
#8597 = CARTESIAN_POINT( '', ( 0.600000000000000, 24.8000000000012, -6.75000000000000 ) );
#8598 = CARTESIAN_POINT( '', ( 0.600000000000000, 24.8000000000012, -6.75000000000000 ) );
#8599 = VECTOR( '', #9606, 1000.00000000000 );
#8600 = CARTESIAN_POINT( '', ( 0.000000000000000, 24.8000000000012, -7.32453482286828 ) );
#8601 = CARTESIAN_POINT( '', ( 0.000000000000000, 24.8000000000012, -7.32453482286828 ) );
#8602 = VECTOR( '', #9607, 1000.00000000000 );
#8603 = CARTESIAN_POINT( '', ( 0.000000000000000, 24.8000000000012, -4.97546517713172 ) );
#8604 = CARTESIAN_POINT( '', ( 0.000000000000000, 24.8000000000012, -9.05599943172105 ) );
#8605 = VECTOR( '', #9608, 1000.00000000000 );
#8606 = CARTESIAN_POINT( '', ( 0.600000000000000, 24.8000000000012, -4.97546517713172 ) );
#8607 = CARTESIAN_POINT( '', ( 0.000000000000000, 24.8000000000012, -4.97546517713172 ) );
#8608 = VECTOR( '', #9609, 1000.00000000000 );
#8609 = CARTESIAN_POINT( '', ( 0.600000000000000, 24.8000000000012, -6.75000000000000 ) );
#8610 = VECTOR( '', #9610, 1000.00000000000 );
#8611 = CARTESIAN_POINT( '', ( -0.600000000000000, 24.8000000000012, -6.75000000000000 ) );
#8612 = VECTOR( '', #9611, 1000.00000000000 );
#8613 = COLOUR_RGB( '', 0.666666686500000, 0.733333349200000, 0.733333349200000 );
#8614 = CARTESIAN_POINT( '', ( 4.20000000000000, 15.4000000000000, 1.69940720943896 ) );
#8615 = VECTOR( '', #9612, 1000.00000000000 );
#8616 = COLOUR_RGB( '', 0.666666686500000, 0.733333349200000, 0.733333349200000 );
#8617 = CARTESIAN_POINT( '', ( 0.000000000000000, 3.80000000000000, 2.70000000000000 ) );
#8618 = CARTESIAN_POINT( '', ( -10.1600000000000, 3.80000000000000, 2.70000000000000 ) );
#8619 = VECTOR( '', #9613, 1000.00000000000 );
#8620 = CARTESIAN_POINT( '', ( 0.000000000000000, 3.80000000000000, 0.000000000000000 ) );
#8621 = CARTESIAN_POINT( '', ( 0.000000000000000, 3.80000000000000, -9.05599943172105 ) );
#8622 = VECTOR( '', #9614, 1000.00000000000 );
#8623 = CARTESIAN_POINT( '', ( -71.1200000000000, 3.80000000000000, 0.000000000000000 ) );
#8624 = VECTOR( '', #9615, 1000.00000000000 );
#8625 = COLOUR_RGB( '', 0.866666674600000, 0.866666674600000, 0.866666674600000 );
#8626 = COLOUR_RGB( '', 0.866666674600000, 0.866666674600000, 0.866666674600000 );
#8627 = CARTESIAN_POINT( '', ( 9.56000000000000, 24.8000000000012, -6.75000000000000 ) );
#8628 = CARTESIAN_POINT( '', ( 9.56000000000000, 26.8000000000012, -6.75000000000000 ) );
#8629 = CARTESIAN_POINT( '', ( 9.56000000000000, 26.9000000000012, -6.75000000000000 ) );
#8630 = VECTOR( '', #9616, 1000.00000000000 );
#8631 = CARTESIAN_POINT( '', ( 9.56000000000000, 24.8000000000012, -6.75000000000000 ) );
#8632 = VECTOR( '', #9617, 1000.00000000000 );
#8633 = CARTESIAN_POINT( '', ( 9.56000000000000, 26.8000000000012, -10.0902740315453 ) );
#8634 = VECTOR( '', #9618, 1000.00000000000 );
#8635 = COLOUR_RGB( '', 0.666666686500000, 0.733333349200000, 0.733333349200000 );
#8636 = CARTESIAN_POINT( '', ( 0.000000000000000, 4.80000000000000, 2.70000000000000 ) );
#8637 = CARTESIAN_POINT( '', ( 0.000000000000000, 4.80000000000000, -9.05599943172105 ) );
#8638 = VECTOR( '', #9619, 1000.00000000000 );
#8639 = CARTESIAN_POINT( '', ( 4.20000000000000, 4.80000000000000, 2.70000000000000 ) );
#8640 = CARTESIAN_POINT( '', ( 0.000000000000000, 4.80000000000000, 2.70000000000000 ) );
#8641 = VECTOR( '', #9620, 1000.00000000000 );
#8642 = CARTESIAN_POINT( '', ( 4.20000000000000, 4.80000000000000, 1.88165904106093 ) );
#8643 = VECTOR( '', #9621, 1000.00000000000 );
#8644 = COLOUR_RGB( '', 0.866666674600000, 0.866666674600000, 0.866666674600000 );
#8645 = CARTESIAN_POINT( '', ( 10.1600000000000, 24.8000000000012, -9.05599943172105 ) );
#8646 = VECTOR( '', #9622, 1000.00000000000 );
#8647 = CARTESIAN_POINT( '', ( 9.56000000000000, 24.8000000000012, -6.75000000000000 ) );
#8648 = VECTOR( '', #9623, 1000.00000000000 );
#8649 = CARTESIAN_POINT( '', ( 9.56000000000000, 24.8000000000012, -5.55000000000000 ) );
#8650 = VECTOR( '', #9624, 1000.00000000000 );
#8651 = COLOUR_RGB( '', 0.866666674600000, 0.866666674600000, 0.866666674600000 );
#8652 = CARTESIAN_POINT( '', ( 4.48000000000000, 26.8000000000012, -4.00000000000000 ) );
#8653 = VECTOR( '', #9625, 1000.00000000000 );
#8654 = COLOUR_RGB( '', 0.866666674600000, 0.866666674600000, 0.866666674600000 );
#8655 = CARTESIAN_POINT( '', ( 0.000000000000000, 7.83550830638944, -14.6000000000000 ) );
#8656 = VECTOR( '', #9626, 1000.00000000000 );
#8657 = COLOUR_RGB( '', 0.666666686500000, 0.733333349200000, 0.733333349200000 );
#8658 = CARTESIAN_POINT( '', ( 0.000000000000000, 7.83550830638944, -4.46570314909129 ) );
#8659 = VECTOR( '', #9627, 1000.00000000000 );
#8660 = CARTESIAN_POINT( '', ( 4.20000000000000, 4.39009331078496, -7.35674960115568 ) );
#8661 = VECTOR( '', #9628, 1000.00000000000 );
#8662 = COLOUR_RGB( '', 0.866666674600000, 0.866666674600000, 0.866666674600000 );
#8663 = CARTESIAN_POINT( '', ( 0.600000000000000, 26.8000000000012, -4.00000000000000 ) );
#8664 = VECTOR( '', #9629, 1000.00000000000 );
#8665 = COLOUR_RGB( '', 0.666666686500000, 0.733333349200000, 0.733333349200000 );
#8666 = CARTESIAN_POINT( '', ( 0.000000000000000, 7.83550830638944, 0.000000000000000 ) );
#8667 = VECTOR( '', #9630, 1000.00000000000 );
#8668 = COLOUR_RGB( '', 0.866666674600000, 0.866666674600000, 0.866666674600000 );
#8669 = CARTESIAN_POINT( '', ( 10.1600000000000, 7.83550830638944, -8.97825703479765 ) );
#8670 = VECTOR( '', #9631, 1000.00000000000 );
#8671 = COLOUR_RGB( '', 0.866666674600000, 0.866666674600000, 0.866666674600000 );
#8672 = CARTESIAN_POINT( '', ( 0.000000000000000, 7.83550830638944, -1.50000000000000 ) );
#8673 = VECTOR( '', #9632, 1000.00000000000 );
#8674 = CARTESIAN_POINT( '', ( 0.000000000000000, 7.83550830638944, -1.50000000000000 ) );
#8675 = VECTOR( '', #9633, 1000.00000000000 );
#8676 = COLOUR_RGB( '', 0.666666686500000, 0.733333349200000, 0.733333349200000 );
#8677 = CARTESIAN_POINT( '', ( 0.000000000000000, 7.83550830638944, -1.45000000000000 ) );
#8678 = VECTOR( '', #9634, 1000.00000000000 );
#8679 = COLOUR_RGB( '', 0.666666686500000, 0.733333349200000, 0.733333349200000 );
#8680 = CARTESIAN_POINT( '', ( 0.000000000000000, 16.4000000000000, -9.05599943172105 ) );
#8681 = VECTOR( '', #9635, 1000.00000000000 );
#8682 = COLOUR_RGB( '', 0.866666674600000, 0.866666674600000, 0.866666674600000 );
#8683 = CARTESIAN_POINT( '', ( 4.88000000000000, -4.31313064513630, -13.4000000000000 ) );
#8684 = CARTESIAN_POINT( '', ( 4.88000000000000, 7.76723869684921, -13.4000000000000 ) );
#8685 = VECTOR( '', #9636, 1000.00000000000 );
#8686 = CARTESIAN_POINT( '', ( 5.08000000000000, -4.31313064513630, -13.4000000000000 ) );
#8687 = VECTOR( '', #9637, 1000.00000000000 );
#8688 = COLOUR_RGB( '', 0.866666674600000, 0.866666674600000, 0.866666674600000 );
#8689 = CARTESIAN_POINT( '', ( 0.000000000000000, 26.8000000000012, -9.05599943172105 ) );
#8690 = VECTOR( '', #9638, 1000.00000000000 );
#8691 = CARTESIAN_POINT( '', ( 0.600000000000000, 26.8000000000012, -10.0902740315453 ) );
#8692 = VECTOR( '', #9639, 1000.00000000000 );
#8693 = COLOUR_RGB( '', 0.600000023800000, 0.600000023800000, 0.600000023800000 );
#8694 = CARTESIAN_POINT( '', ( 10.1600000000000, 3.80000000000000, 2.70000000000000 ) );
#8695 = CARTESIAN_POINT( '', ( 10.1600000000000, 7.83550830638944, 2.70000000000000 ) );
#8696 = VECTOR( '', #9640, 1000.00000000000 );
#8697 = CARTESIAN_POINT( '', ( 10.1600000000000, 3.80000000000000, -9.05599943172105 ) );
#8698 = VECTOR( '', #9641, 1000.00000000000 );
#8699 = CARTESIAN_POINT( '', ( 10.1600000000000, 7.83550830638944, -4.44000000000000 ) );
#8700 = VECTOR( '', #9642, 1000.00000000000 );
#8701 = CARTESIAN_POINT( '', ( 10.1600000000000, 7.83550830638944, -19.0217429652023 ) );
#8702 = VECTOR( '', #9643, 1000.00000000000 );
#8703 = CARTESIAN_POINT( '', ( 10.1600000000000, 26.8000000000012, -9.05599943172105 ) );
#8704 = VECTOR( '', #9644, 1000.00000000000 );
#8705 = CARTESIAN_POINT( '', ( 10.1600000000000, 16.4000000000000, 2.70000000000000 ) );
#8706 = CARTESIAN_POINT( '', ( 10.1600000000000, 16.4000000000000, -9.05599943172105 ) );
#8707 = VECTOR( '', #9645, 1000.00000000000 );
#8708 = CARTESIAN_POINT( '', ( 10.1600000000000, 7.83550830638944, 2.70000000000000 ) );
#8709 = VECTOR( '', #9646, 1000.00000000000 );
#8710 = CARTESIAN_POINT( '', ( 10.1600000000000, 12.8000000000000, -9.05599943172105 ) );
#8711 = VECTOR( '', #9647, 1000.00000000000 );
#8712 = CARTESIAN_POINT( '', ( 10.1600000000000, 12.8000000000000, -12.2000000000000 ) );
#8713 = CARTESIAN_POINT( '', ( 10.1600000000000, 12.8000000000000, -9.05599943172105 ) );
#8714 = VECTOR( '', #9648, 1000.00000000000 );
#8715 = CARTESIAN_POINT( '', ( 10.1600000000000, 7.83550830638944, -12.2000000000000 ) );
#8716 = VECTOR( '', #9649, 1000.00000000000 );
#8717 = COLOUR_RGB( '', 0.866666674600000, 0.866666674600000, 0.866666674600000 );
#8718 = CARTESIAN_POINT( '', ( 3.51527910627901, 25.6000000000012, -10.0902740315453 ) );
#8719 = VECTOR( '', #9650, 1000.00000000000 );
#8720 = COLOUR_RGB( '', 0.666666686500000, 0.733333349200000, 0.733333349200000 );
#8721 = CARTESIAN_POINT( '', ( 0.000000000000000, 3.80000000000000, 0.000000000000000 ) );
#8722 = CARTESIAN_POINT( '', ( 0.000000000000000, 3.80000000000000, -9.05599943172105 ) );
#8723 = VECTOR( '', #9651, 1000.00000000000 );
#8724 = CARTESIAN_POINT( '', ( -55.8800000000000, 3.80000000000000, 0.000000000000000 ) );
#8725 = VECTOR( '', #9652, 1000.00000000000 );
#8726 = COLOUR_RGB( '', 0.866666674600000, 0.866666674600000, 0.866666674600000 );
#8727 = CARTESIAN_POINT( '', ( 0.000000000000000, 12.8000000000000, -12.2000000000000 ) );
#8728 = CARTESIAN_POINT( '', ( 0.000000000000000, 7.83550830638944, -12.2000000000000 ) );
#8729 = VECTOR( '', #9653, 1000.00000000000 );
#8730 = CARTESIAN_POINT( '', ( 2.75000000000000, 12.8000000000000, -12.2000000000000 ) );
#8731 = CARTESIAN_POINT( '', ( 2.75000000000000, 7.83550830638944, -12.2000000000000 ) );
#8732 = VECTOR( '', #9654, 1000.00000000000 );
#8733 = CARTESIAN_POINT( '', ( 0.000000000000000, 12.8000000000000, -12.2000000000000 ) );
#8734 = VECTOR( '', #9655, 1000.00000000000 );
#8735 = COLOUR_RGB( '', 0.866666674600000, 0.866666674600000, 0.866666674600000 );
#8736 = CARTESIAN_POINT( '', ( 0.000000000000000, 7.83550830638944, -8.97825703479765 ) );
#8737 = VECTOR( '', #9656, 1000.00000000000 );
#8738 = COLOUR_RGB( '', 0.866666674600000, 0.866666674600000, 0.866666674600000 );
#8739 = CARTESIAN_POINT( '', ( 0.000000000000000, 7.83550830638944, 1.18174296520236 ) );
#8740 = VECTOR( '', #9657, 1000.00000000000 );
#8741 = AXIS2_PLACEMENT_3D( '', #9658, #9659, #9660 );
#8742 = COLOUR_RGB( '', 0.600000023800000, 0.600000023800000, 0.600000023800000 );
#8743 = CARTESIAN_POINT( '', ( 0.000000000000000, 7.83550830638944, -13.2496006245611 ) );
#8744 = VECTOR( '', #9661, 1000.00000000000 );
#8745 = CARTESIAN_POINT( '', ( 0.000000000000000, 26.8000000000012, -8.30000000000000 ) );
#8746 = CARTESIAN_POINT( '', ( 0.000000000000000, 7.83550830638944, 0.949600624561050 ) );
#8747 = VECTOR( '', #9662, 1000.00000000000 );
#8748 = CARTESIAN_POINT( '', ( 0.000000000000000, 26.8000000000012, -9.05599943172105 ) );
#8749 = VECTOR( '', #9663, 1000.00000000000 );
#8750 = CARTESIAN_POINT( '', ( 0.000000000000000, 7.83550830638944, -19.0217429652023 ) );
#8751 = VECTOR( '', #9664, 1000.00000000000 );
#8752 = CARTESIAN_POINT( '', ( 0.000000000000000, 7.83550830638944, -8.86174296520235 ) );
#8753 = VECTOR( '', #9665, 1000.00000000000 );
#8754 = CARTESIAN_POINT( '', ( 0.000000000000000, 3.80000000000000, 2.70000000000000 ) );
#8755 = CARTESIAN_POINT( '', ( 0.000000000000000, 3.80000000000000, -9.05599943172105 ) );
#8756 = VECTOR( '', #9666, 1000.00000000000 );
#8757 = CARTESIAN_POINT( '', ( 0.000000000000000, 7.83550830638944, 2.70000000000000 ) );
#8758 = VECTOR( '', #9667, 1000.00000000000 );
#8759 = CARTESIAN_POINT( '', ( 0.000000000000000, 6.70000000000000, -1.45000000000000 ) );
#8760 = CARTESIAN_POINT( '', ( 0.000000000000000, 7.83550830638944, -1.45000000000000 ) );
#8761 = VECTOR( '', #9668, 1000.00000000000 );
#8762 = CARTESIAN_POINT( '', ( 0.000000000000000, 6.70000000000000, -9.05599943172105 ) );
#8763 = VECTOR( '', #9669, 1000.00000000000 );
#8764 = CARTESIAN_POINT( '', ( 0.000000000000000, 12.8000000000000, -9.05599943172105 ) );
#8765 = VECTOR( '', #9670, 1000.00000000000 );
#8766 = CARTESIAN_POINT( '', ( 0.000000000000000, 16.4000000000000, 2.70000000000000 ) );
#8767 = CARTESIAN_POINT( '', ( 0.000000000000000, 7.83550830638944, 2.70000000000000 ) );
#8768 = VECTOR( '', #9671, 1000.00000000000 );
#8769 = CARTESIAN_POINT( '', ( 0.000000000000000, 16.4000000000000, -9.05599943172105 ) );
#8770 = VECTOR( '', #9672, 1000.00000000000 );
#8771 = COLOUR_RGB( '', 0.866666674600000, 0.866666674600000, 0.866666674600000 );
#8772 = CARTESIAN_POINT( '', ( 0.600000000000000, 26.8000000000012, -6.75000000000000 ) );
#8773 = CARTESIAN_POINT( '', ( 0.600000000000000, 26.9000000000012, -6.75000000000000 ) );
#8774 = VECTOR( '', #9673, 1000.00000000000 );
#8775 = CARTESIAN_POINT( '', ( -4.11384179664706, 26.8000000000012, -6.75000000000000 ) );
#8776 = VECTOR( '', #9674, 1000.00000000000 );
#8777 = COLOUR_RGB( '', 0.866666674600000, 0.866666674600000, 0.866666674600000 );
#8778 = CARTESIAN_POINT( '', ( 5.08000000000000, -4.31313064513630, -3.24000000000000 ) );
#8779 = VECTOR( '', #9675, 1000.00000000000 );
#8780 = COLOUR_RGB( '', 0.666666686500000, 0.733333349200000, 0.733333349200000 );
#8781 = CARTESIAN_POINT( '', ( 4.20000000000000, 7.83550830638944, 2.70000000000000 ) );
#8782 = VECTOR( '', #9676, 1000.00000000000 );
#8783 = COLOUR_RGB( '', 0.666666686500000, 0.733333349200000, 0.733333349200000 );
#8784 = CARTESIAN_POINT( '', ( 2.80000000000000, 6.70000000000000, -1.45000000000000 ) );
#8785 = VECTOR( '', #9677, 1000.00000000000 );
#8786 = COLOUR_RGB( '', 0.866666674600000, 0.866666674600000, 0.866666674600000 );
#8787 = AXIS2_PLACEMENT_3D( '', #9678, #9679, #9680 );
#8788 = COLOUR_RGB( '', 0.866666674600000, 0.866666674600000, 0.866666674600000 );
#8789 = AXIS2_PLACEMENT_3D( '', #9681, #9682, #9683 );
#8790 = COLOUR_RGB( '', 0.866666674600000, 0.866666674600000, 0.866666674600000 );
#8791 = CARTESIAN_POINT( '', ( 0.600000000000000, 26.8000000000012, -8.30000000000000 ) );
#8792 = CARTESIAN_POINT( '', ( 0.600000000000000, 26.8000000000012, -8.30000000000000 ) );
#8793 = VECTOR( '', #9684, 1000.00000000000 );
#8794 = CARTESIAN_POINT( '', ( -4.11384179664706, 26.8000000000012, -8.30000000000000 ) );
#8795 = VECTOR( '', #9685, 1000.00000000000 );
#8796 = COLOUR_RGB( '', 0.866666674600000, 0.866666674600000, 0.866666674600000 );
#8797 = AXIS2_PLACEMENT_3D( '', #9686, #9687, #9688 );
#8798 = COLOUR_RGB( '', 0.866666674600000, 0.866666674600000, 0.866666674600000 );
#8799 = COLOUR_RGB( '', 0.666666686500000, 0.733333349200000, 0.733333349200000 );
#8800 = CARTESIAN_POINT( '', ( 5.08000000000000, 12.8000000000000, -1.45000000000000 ) );
#8801 = VECTOR( '', #9689, 1000.00000000000 );
#8802 = COLOUR_RGB( '', 0.866666674600000, 0.866666674600000, 0.866666674600000 );
#8803 = CARTESIAN_POINT( '', ( 2.75000000000000, 12.8000000000000, -9.05599943172105 ) );
#8804 = VECTOR( '', #9690, 1000.00000000000 );
#8805 = COLOUR_RGB( '', 0.866666674600000, 0.866666674600000, 0.866666674600000 );
#8806 = COLOUR_RGB( '', 0.866666674600000, 0.866666674600000, 0.866666674600000 );
#8807 = CARTESIAN_POINT( '', ( 0.600000000000000, 24.8000000000012, -6.75000000000000 ) );
#8808 = VECTOR( '', #9691, 1000.00000000000 );
#8809 = COLOUR_RGB( '', 0.666666686500000, 0.733333349200000, 0.733333349200000 );
#8810 = CARTESIAN_POINT( '', ( 0.000000000000000, 29.3000000000000, -9.05599943172105 ) );
#8811 = VECTOR( '', #9692, 1000.00000000000 );
#8812 = CARTESIAN_POINT( '', ( 0.000000000000000, 29.3000000000000, -9.05599943172105 ) );
#8813 = VECTOR( '', #9693, 1000.00000000000 );
#8814 = COLOUR_RGB( '', 0.600000023800000, 0.600000023800000, 0.600000023800000 );
#8815 = CARTESIAN_POINT( '', ( 0.000000000000000, 24.2000000000012, -3.79925212709677 ) );
#8816 = VECTOR( '', #9694, 1000.00000000000 );
#8817 = CARTESIAN_POINT( '', ( 0.000000000000000, 24.2000000000012, -8.50074787290323 ) );
#8818 = VECTOR( '', #9695, 1000.00000000000 );
#8819 = CARTESIAN_POINT( '', ( 0.000000000000000, 12.8000000000000, -9.05599943172105 ) );
#8820 = VECTOR( '', #9696, 1000.00000000000 );
#8821 = CARTESIAN_POINT( '', ( 0.000000000000000, 15.4000000000000, 2.70000000000000 ) );
#8822 = CARTESIAN_POINT( '', ( 0.000000000000000, 15.4000000000000, -9.05599943172105 ) );
#8823 = VECTOR( '', #9697, 1000.00000000000 );
#8824 = CARTESIAN_POINT( '', ( 0.000000000000000, 7.83550830638944, 2.70000000000000 ) );
#8825 = VECTOR( '', #9698, 1000.00000000000 );
#8826 = CARTESIAN_POINT( '', ( 0.000000000000000, 24.8000000000012, -4.97546517713172 ) );
#8827 = CARTESIAN_POINT( '', ( 0.000000000000000, 7.83550830638944, -13.2496006245611 ) );
#8828 = VECTOR( '', #9699, 1000.00000000000 );
#8829 = CARTESIAN_POINT( '', ( 0.000000000000000, 24.8000000000012, -9.05599943172105 ) );
#8830 = VECTOR( '', #9700, 1000.00000000000 );
#8831 = CARTESIAN_POINT( '', ( 0.000000000000000, 7.83550830638944, 2.70000000000000 ) );
#8832 = VECTOR( '', #9701, 1000.00000000000 );
#8833 = COLOUR_RGB( '', 0.666666686500000, 0.733333349200000, 0.733333349200000 );
#8834 = CARTESIAN_POINT( '', ( 7.36000000000000, 12.8000000000000, -9.05599943172105 ) );
#8835 = VECTOR( '', #9702, 1000.00000000000 );
#8836 = COLOUR_RGB( '', 0.866666674600000, 0.866666674600000, 0.866666674600000 );
#8837 = CARTESIAN_POINT( '', ( 7.41000000000000, 12.8000000000000, -12.2000000000000 ) );
#8838 = CARTESIAN_POINT( '', ( 7.41000000000000, 7.83550830638944, -12.2000000000000 ) );
#8839 = VECTOR( '', #9703, 1000.00000000000 );
#8840 = CARTESIAN_POINT( '', ( 7.41000000000000, 12.8000000000000, -9.05599943172105 ) );
#8841 = VECTOR( '', #9704, 1000.00000000000 );
#8842 = COLOUR_RGB( '', 0.666666686500000, 0.733333349200000, 0.733333349200000 );
#8843 = CARTESIAN_POINT( '', ( 0.000000000000000, 3.80000000000000, 2.70000000000000 ) );
#8844 = VECTOR( '', #9705, 1000.00000000000 );
#8845 = COLOUR_RGB( '', 0.866666674600000, 0.866666674600000, 0.866666674600000 );
#8846 = CARTESIAN_POINT( '', ( 4.48000000000000, -4.40000000000000, -13.8018876112894 ) );
#8847 = VECTOR( '', #9706, 1000.00000000000 );
#8848 = COLOUR_RGB( '', 0.666666686500000, 0.733333349200000, 0.733333349200000 );
#8849 = CARTESIAN_POINT( '', ( 1.24464231331921, 4.80000000000000, 1.70000000000000 ) );
#8850 = VECTOR( '', #9707, 1000.00000000000 );
#8851 = COLOUR_RGB( '', 0.866666674600000, 0.866666674600000, 0.866666674600000 );
#8852 = CARTESIAN_POINT( '', ( 4.88000000000000, -4.31313064513630, -14.6000000000000 ) );
#8853 = CARTESIAN_POINT( '', ( 4.88000000000000, 7.76723869684921, -14.6000000000000 ) );
#8854 = VECTOR( '', #9708, 1000.00000000000 );
#8855 = AXIS2_PLACEMENT_3D( '', #9709, #9710, #9711 );
#8856 = COLOUR_RGB( '', 0.866666674600000, 0.866666674600000, 0.866666674600000 );
#8857 = CARTESIAN_POINT( '', ( 5.08000000000000, -4.31313064513630, -14.6000000000000 ) );
#8858 = VECTOR( '', #9712, 1000.00000000000 );
#8859 = COLOUR_RGB( '', 0.866666674600000, 0.866666674600000, 0.866666674600000 );
#8860 = CARTESIAN_POINT( '', ( 0.000000000000000, 24.8000000000012, -4.97546517713172 ) );
#8861 = VECTOR( '', #9713, 1000.00000000000 );
#8862 = COLOUR_RGB( '', 0.666666686500000, 0.733333349200000, 0.733333349200000 );
#8863 = COLOUR_RGB( '', 0.866666674600000, 0.866666674600000, 0.866666674600000 );
#8864 = COLOUR_RGB( '', 0.866666674600000, 0.866666674600000, 0.866666674600000 );
#8865 = COLOUR_RGB( '', 0.666666686500000, 0.733333349200000, 0.733333349200000 );
#8866 = CARTESIAN_POINT( '', ( 0.000000000000000, 7.83550830638944, 0.000000000000000 ) );
#8867 = VECTOR( '', #9714, 1000.00000000000 );
#8868 = COLOUR_RGB( '', 0.866666674600000, 0.866666674600000, 0.866666674600000 );
#8869 = COLOUR_RGB( '', 0.666666686500000, 0.733333349200000, 0.733333349200000 );
#8870 = COLOUR_RGB( '', 0.866666674600000, 0.866666674600000, 0.866666674600000 );
#8871 = CARTESIAN_POINT( '', ( 6.04615820335294, 26.8000000000012, -6.75000000000000 ) );
#8872 = VECTOR( '', #9715, 1000.00000000000 );
#8873 = COLOUR_RGB( '', 0.666666686500000, 0.733333349200000, 0.733333349200000 );
#8874 = COLOUR_RGB( '', 0.666666686500000, 0.733333349200000, 0.733333349200000 );
#8875 = CARTESIAN_POINT( '', ( 0.000000000000000, 7.83550830638944, -15.3925680288952 ) );
#8876 = VECTOR( '', #9716, 1000.00000000000 );
#8877 = COLOUR_RGB( '', 0.866666674600000, 0.866666674600000, 0.866666674600000 );
#8878 = COLOUR_RGB( '', 0.866666674600000, 0.866666674600000, 0.866666674600000 );
#8879 = COLOUR_RGB( '', 0.866666674600000, 0.866666674600000, 0.866666674600000 );
#8880 = COLOUR_RGB( '', 0.666666686500000, 0.733333349200000, 0.733333349200000 );
#8881 = CARTESIAN_POINT( '', ( 0.179377385370849, 3.80000000000000, 2.70000000000000 ) );
#8882 = VECTOR( '', #9717, 1000.00000000000 );
#8883 = COLOUR_RGB( '', 0.866666674600000, 0.866666674600000, 0.866666674600000 );
#8884 = COLOUR_RGB( '', 0.866666674600000, 0.866666674600000, 0.866666674600000 );
#8885 = COLOUR_RGB( '', 0.666666686500000, 0.733333349200000, 0.733333349200000 );
#8886 = CARTESIAN_POINT( '', ( 4.20000000000000, 15.4000000000000, 2.70000000000000 ) );
#8887 = CARTESIAN_POINT( '', ( 4.20000000000000, 15.4000000000000, 12.7000000000000 ) );
#8888 = VECTOR( '', #9718, 1000.00000000000 );
#8889 = CARTESIAN_POINT( '', ( -10.1600000000000, 15.4000000000000, 2.70000000000000 ) );
#8890 = VECTOR( '', #9719, 1000.00000000000 );
#8891 = COLOUR_RGB( '', 0.866666674600000, 0.866666674600000, 0.866666674600000 );
#8892 = CARTESIAN_POINT( '', ( 0.600000000000000, 26.8000000000012, -10.0902740315453 ) );
#8893 = VECTOR( '', #9720, 1000.00000000000 );
#8894 = COLOUR_RGB( '', 0.866666674600000, 0.866666674600000, 0.866666674600000 );
#8895 = COLOUR_RGB( '', 0.866666674600000, 0.866666674600000, 0.866666674600000 );
#8896 = COLOUR_RGB( '', 0.866666674600000, 0.866666674600000, 0.866666674600000 );
#8897 = COLOUR_RGB( '', 0.666666686500000, 0.733333349200000, 0.733333349200000 );
#8898 = COLOUR_RGB( '', 0.866666674600000, 0.866666674600000, 0.866666674600000 );
#8899 = COLOUR_RGB( '', 0.866666674600000, 0.866666674600000, 0.866666674600000 );
#8900 = CARTESIAN_POINT( '', ( 0.000000000000000, 12.8000000000000, -12.2000000000000 ) );
#8901 = VECTOR( '', #9721, 1000.00000000000 );
#8902 = COLOUR_RGB( '', 0.866666674600000, 0.866666674600000, 0.866666674600000 );
#8903 = COLOUR_RGB( '', 0.666666686500000, 0.733333349200000, 0.733333349200000 );
#8904 = COLOUR_RGB( '', 0.866666674600000, 0.866666674600000, 0.866666674600000 );
#8905 = COLOUR_RGB( '', 0.866666674600000, 0.866666674600000, 0.866666674600000 );
#8906 = COLOUR_RGB( '', 0.866666674600000, 0.866666674600000, 0.866666674600000 );
#8907 = COLOUR_RGB( '', 0.866666674600000, 0.866666674600000, 0.866666674600000 );
#8908 = COLOUR_RGB( '', 0.666666686500000, 0.733333349200000, 0.733333349200000 );
#8909 = CARTESIAN_POINT( '', ( 4.20000000000000, 7.83550830638944, 2.70000000000000 ) );
#8910 = VECTOR( '', #9722, 1000.00000000000 );
#8911 = COLOUR_RGB( '', 0.866666674600000, 0.866666674600000, 0.866666674600000 );
#8912 = COLOUR_RGB( '', 0.666666686500000, 0.733333349200000, 0.733333349200000 );
#8913 = COLOUR_RGB( '', 0.666666686500000, 0.733333349200000, 0.733333349200000 );
#8914 = CARTESIAN_POINT( '', ( 0.000000000000000, 16.4000000000000, 2.70000000000000 ) );
#8915 = VECTOR( '', #9723, 1000.00000000000 );
#8916 = COLOUR_RGB( '', 0.666666686500000, 0.733333349200000, 0.733333349200000 );
#8917 = COLOUR_RGB( '', 0.666666686500000, 0.733333349200000, 0.733333349200000 );
#8918 = DIRECTION( '', ( 0.000000000000000, 1.00000000000000, 0.000000000000000 ) );
#8919 = DIRECTION( '', ( 0.000000000000000, 0.000000000000000, 1.00000000000000 ) );
#8920 = DIRECTION( '', ( 0.000000000000000, 1.00000000000000, 0.000000000000000 ) );
#8921 = DIRECTION( '', ( 0.000000000000000, 0.000000000000000, 1.00000000000000 ) );
#8922 = DIRECTION( '', ( 0.000000000000000, -1.00000000000000, 0.000000000000000 ) );
#8923 = DIRECTION( '', ( 0.000000000000000, 0.000000000000000, -1.00000000000000 ) );
#8924 = DIRECTION( '', ( 0.000000000000000, -1.00000000000000, 0.000000000000000 ) );
#8925 = DIRECTION( '', ( 0.000000000000000, 0.000000000000000, 1.00000000000000 ) );
#8926 = DIRECTION( '', ( 0.000000000000000, 0.000000000000000, -1.00000000000000 ) );
#8927 = DIRECTION( '', ( -1.00000000000000, 0.000000000000000, 0.000000000000000 ) );
#8928 = CARTESIAN_POINT( '', ( 0.000000000000000, 25.6000000000012, -6.15000000000000 ) );
#8929 = DIRECTION( '', ( 0.000000000000000, 1.00000000000000, 0.000000000000000 ) );
#8930 = DIRECTION( '', ( 0.000000000000000, 0.000000000000000, 1.00000000000000 ) );
#8931 = DIRECTION( '', ( 1.00000000000000, 0.000000000000000, 0.000000000000000 ) );
#8932 = DIRECTION( '', ( 0.000000000000000, 0.000000000000000, 1.00000000000000 ) );
#8933 = DIRECTION( '', ( 1.00000000000000, 0.000000000000000, 0.000000000000000 ) );
#8934 = DIRECTION( '', ( 0.000000000000000, 0.000000000000000, -1.00000000000000 ) );
#8935 = DIRECTION( '', ( -1.00000000000000, 0.000000000000000, 0.000000000000000 ) );
#8936 = CARTESIAN_POINT( '', ( 0.000000000000000, 23.3000000000000, -1.70000000000000 ) );
#8937 = DIRECTION( '', ( -1.00000000000000, 0.000000000000000, 0.000000000000000 ) );
#8938 = DIRECTION( '', ( 0.000000000000000, 0.000000000000000, 1.00000000000000 ) );
#8939 = DIRECTION( '', ( -1.00000000000000, 0.000000000000000, 0.000000000000000 ) );
#8940 = CARTESIAN_POINT( '', ( 3.88000000000000, 23.3000000000000, -1.70000000000000 ) );
#8941 = DIRECTION( '', ( -0.707106781186548, 0.000000000000000, 0.707106781186548 ) );
#8942 = DIRECTION( '', ( 0.707106781186548, 0.000000000000000, 0.707106781186548 ) );
#8943 = DIRECTION( '', ( -1.00000000000000, 0.000000000000000, 0.000000000000000 ) );
#8944 = DIRECTION( '', ( -1.00000000000000, 0.000000000000000, 0.000000000000000 ) );
#8945 = DIRECTION( '', ( 8.32667268468867E-017, -0.898794046299167, 0.438371146789078 ) );
#8946 = DIRECTION( '', ( -1.00000000000000, 0.000000000000000, 0.000000000000000 ) );
#8947 = DIRECTION( '', ( 0.000000000000000, 0.898794046299167, -0.438371146789078 ) );
#8948 = DIRECTION( '', ( 0.000000000000000, 1.00000000000000, 0.000000000000000 ) );
#8949 = DIRECTION( '', ( -1.00000000000000, 0.000000000000000, 0.000000000000000 ) );
#8950 = DIRECTION( '', ( 0.000000000000000, -1.00000000000000, 0.000000000000000 ) );
#8951 = DIRECTION( '', ( -1.00000000000000, 0.000000000000000, 0.000000000000000 ) );
#8952 = DIRECTION( '', ( 0.000000000000000, -1.00000000000000, 0.000000000000000 ) );
#8953 = DIRECTION( '', ( 1.00000000000000, 0.000000000000000, 0.000000000000000 ) );
#8954 = DIRECTION( '', ( 0.000000000000000, -1.00000000000000, 0.000000000000000 ) );
#8955 = DIRECTION( '', ( -1.00000000000000, 0.000000000000000, 0.000000000000000 ) );
#8956 = DIRECTION( '', ( 0.000000000000000, 0.000000000000000, -1.00000000000000 ) );
#8957 = DIRECTION( '', ( 0.000000000000000, 1.00000000000000, 0.000000000000000 ) );
#8958 = DIRECTION( '', ( 0.000000000000000, 0.000000000000000, -1.00000000000000 ) );
#8959 = DIRECTION( '', ( 0.000000000000000, -1.00000000000000, 0.000000000000000 ) );
#8960 = DIRECTION( '', ( 0.000000000000000, 1.00000000000000, 0.000000000000000 ) );
#8961 = CARTESIAN_POINT( '', ( 10.1600000000000, 29.3000000000000, -6.15000000000000 ) );
#8962 = DIRECTION( '', ( 0.000000000000000, 1.00000000000000, 0.000000000000000 ) );
#8963 = DIRECTION( '', ( 0.000000000000000, 0.000000000000000, 1.00000000000000 ) );
#8964 = DIRECTION( '', ( 0.000000000000000, 1.00000000000000, 0.000000000000000 ) );
#8965 = CARTESIAN_POINT( '', ( 10.1600000000000, 26.8000000000012, -6.15000000000000 ) );
#8966 = DIRECTION( '', ( 0.000000000000000, 1.00000000000000, 0.000000000000000 ) );
#8967 = DIRECTION( '', ( 0.000000000000000, 0.000000000000000, 1.00000000000000 ) );
#8968 = DIRECTION( '', ( 0.000000000000000, 1.00000000000000, 0.000000000000000 ) );
#8969 = CARTESIAN_POINT( '', ( 10.1600000000000, 25.6000000000012, -6.15000000000000 ) );
#8970 = DIRECTION( '', ( 0.000000000000000, 1.00000000000000, 0.000000000000000 ) );
#8971 = DIRECTION( '', ( 0.000000000000000, 0.000000000000000, 1.00000000000000 ) );
#8972 = DIRECTION( '', ( 0.000000000000000, 1.00000000000000, 0.000000000000000 ) );
#8973 = CARTESIAN_POINT( '', ( 10.1600000000000, 26.8000000000012, -6.15000000000000 ) );
#8974 = DIRECTION( '', ( 0.000000000000000, 1.00000000000000, 0.000000000000000 ) );
#8975 = DIRECTION( '', ( 0.000000000000000, 0.000000000000000, 1.00000000000000 ) );
#8976 = DIRECTION( '', ( 0.000000000000000, 0.000000000000000, -1.00000000000000 ) );
#8977 = DIRECTION( '', ( -1.00000000000000, 0.000000000000000, 0.000000000000000 ) );
#8978 = DIRECTION( '', ( 0.000000000000000, 0.000000000000000, 1.00000000000000 ) );
#8979 = DIRECTION( '', ( 0.000000000000000, 0.000000000000000, -1.00000000000000 ) );
#8980 = CARTESIAN_POINT( '', ( 6.28000000000000, 23.3000000000000, -1.70000000000000 ) );
#8981 = DIRECTION( '', ( -0.707106781186548, 0.000000000000000, -0.707106781186548 ) );
#8982 = DIRECTION( '', ( -0.707106781186548, 0.000000000000000, 0.707106781186548 ) );
#8983 = DIRECTION( '', ( 0.000000000000000, 0.000000000000000, -1.00000000000000 ) );
#8984 = CARTESIAN_POINT( '', ( 6.28000000000000, 23.3000000000000, -10.6000000000000 ) );
#8985 = DIRECTION( '', ( -0.707106781186548, 0.000000000000000, 0.707106781186548 ) );
#8986 = DIRECTION( '', ( -0.707106781186548, 0.000000000000000, -0.707106781186548 ) );
#8987 = DIRECTION( '', ( 0.000000000000000, -1.00000000000000, 0.000000000000000 ) );
#8988 = CARTESIAN_POINT( '', ( 4.88000000000000, 0.000000000000000, -4.04000000000000 ) );
#8989 = DIRECTION( '', ( 0.000000000000000, -1.00000000000000, 0.000000000000000 ) );
#8990 = DIRECTION( '', ( 0.000000000000000, 0.000000000000000, -1.00000000000000 ) );
#8991 = DIRECTION( '', ( 0.000000000000000, -1.00000000000000, 0.000000000000000 ) );
#8992 = CARTESIAN_POINT( '', ( 4.88000000000000, -5.41212161291820, -4.04000000000000 ) );
#8993 = DIRECTION( '', ( 0.000000000000000, 0.342020143325669, 0.939692620785908 ) );
#8994 = DIRECTION( '', ( 0.000000000000000, -0.939692620785908, 0.342020143325669 ) );
#8995 = DIRECTION( '', ( 1.00000000000000, 0.000000000000000, 0.000000000000000 ) );
#8996 = DIRECTION( '', ( 0.000000000000000, 0.000000000000000, -1.00000000000000 ) );
#8997 = DIRECTION( '', ( 1.00000000000000, 0.000000000000000, 0.000000000000000 ) );
#8998 = DIRECTION( '', ( 0.000000000000000, 0.000000000000000, 1.00000000000000 ) );
#8999 = DIRECTION( '', ( 0.000000000000000, -1.00000000000000, 0.000000000000000 ) );
#9000 = DIRECTION( '', ( 0.000000000000000, 0.000000000000000, 1.00000000000000 ) );
#9001 = DIRECTION( '', ( 0.000000000000000, -1.00000000000000, 0.000000000000000 ) );
#9002 = DIRECTION( '', ( 0.000000000000000, 0.000000000000000, 1.00000000000000 ) );
#9003 = DIRECTION( '', ( 0.000000000000000, 1.00000000000000, 0.000000000000000 ) );
#9004 = DIRECTION( '', ( 0.000000000000000, 0.000000000000000, 1.00000000000000 ) );
#9005 = CARTESIAN_POINT( '', ( 0.200000000000000, 0.000000000000000, -14.2000000000000 ) );
#9006 = DIRECTION( '', ( 0.000000000000000, -1.00000000000000, 0.000000000000000 ) );
#9007 = DIRECTION( '', ( 0.000000000000000, 0.000000000000000, -1.00000000000000 ) );
#9008 = CARTESIAN_POINT( '', ( 0.200000000000000, -5.41212161291820, -14.2000000000000 ) );
#9009 = DIRECTION( '', ( 0.000000000000000, 0.342020143325669, 0.939692620785908 ) );
#9010 = DIRECTION( '', ( 0.000000000000000, 0.939692620785908, -0.342020143325669 ) );
#9011 = DIRECTION( '', ( 0.000000000000000, -1.00000000000000, 0.000000000000000 ) );
#9012 = CARTESIAN_POINT( '', ( 0.000000000000000, 23.5000000000000, -6.15000000000000 ) );
#9013 = DIRECTION( '', ( 0.000000000000000, -1.00000000000000, 0.000000000000000 ) );
#9014 = DIRECTION( '', ( 1.00000000000000, 0.000000000000000, 0.000000000000000 ) );
#9015 = DIRECTION( '', ( 0.000000000000000, 0.000000000000000, 1.00000000000000 ) );
#9016 = DIRECTION( '', ( -1.00000000000000, 0.000000000000000, 0.000000000000000 ) );
#9017 = DIRECTION( '', ( 0.000000000000000, 0.000000000000000, 1.00000000000000 ) );
#9018 = DIRECTION( '', ( 0.000000000000000, 0.000000000000000, 1.00000000000000 ) );
#9019 = CARTESIAN_POINT( '', ( 0.200000000000000, 0.000000000000000, -14.2000000000000 ) );
#9020 = DIRECTION( '', ( 0.000000000000000, -1.00000000000000, 0.000000000000000 ) );
#9021 = DIRECTION( '', ( 0.000000000000000, 0.000000000000000, -1.00000000000000 ) );
#9022 = DIRECTION( '', ( 0.000000000000000, -1.00000000000000, 0.000000000000000 ) );
#9023 = CARTESIAN_POINT( '', ( 0.200000000000000, -5.41212161291820, -14.2000000000000 ) );
#9024 = DIRECTION( '', ( 0.000000000000000, 0.342020143325669, 0.939692620785908 ) );
#9025 = DIRECTION( '', ( 0.000000000000000, 0.939692620785908, -0.342020143325669 ) );
#9026 = DIRECTION( '', ( 0.000000000000000, -1.00000000000000, 0.000000000000000 ) );
#9027 = DIRECTION( '', ( 1.00000000000000, 0.000000000000000, 0.000000000000000 ) );
#9028 = DIRECTION( '', ( 0.000000000000000, 1.00000000000000, 0.000000000000000 ) );
#9029 = DIRECTION( '', ( 1.00000000000000, 0.000000000000000, 0.000000000000000 ) );
#9030 = DIRECTION( '', ( 0.000000000000000, 1.00000000000000, 0.000000000000000 ) );
#9031 = DIRECTION( '', ( -1.00000000000000, 0.000000000000000, 0.000000000000000 ) );
#9032 = DIRECTION( '', ( 0.438371146789078, 0.898794046299167, 0.000000000000000 ) );
#9033 = CARTESIAN_POINT( '', ( 0.000000000000000, 26.8000000000012, -6.15000000000000 ) );
#9034 = DIRECTION( '', ( 0.000000000000000, 1.00000000000000, 0.000000000000000 ) );
#9035 = DIRECTION( '', ( 0.000000000000000, 0.000000000000000, 1.00000000000000 ) );
#9036 = DIRECTION( '', ( 0.000000000000000, 0.000000000000000, 1.00000000000000 ) );
#9037 = DIRECTION( '', ( 1.00000000000000, 0.000000000000000, 0.000000000000000 ) );
#9038 = DIRECTION( '', ( 0.000000000000000, 0.000000000000000, -1.00000000000000 ) );
#9039 = DIRECTION( '', ( 0.000000000000000, 0.000000000000000, 1.00000000000000 ) );
#9040 = DIRECTION( '', ( 1.00000000000000, 0.000000000000000, 0.000000000000000 ) );
#9041 = DIRECTION( '', ( 0.000000000000000, 0.000000000000000, 1.00000000000000 ) );
#9042 = DIRECTION( '', ( 1.00000000000000, 0.000000000000000, 0.000000000000000 ) );
#9043 = DIRECTION( '', ( -1.00000000000000, 0.000000000000000, 0.000000000000000 ) );
#9044 = DIRECTION( '', ( 0.000000000000000, 0.000000000000000, 1.00000000000000 ) );
#9045 = CARTESIAN_POINT( '', ( 5.08000000000000, 29.3000000000000, -6.15000000000000 ) );
#9046 = DIRECTION( '', ( 0.000000000000000, 1.00000000000000, 0.000000000000000 ) );
#9047 = DIRECTION( '', ( 0.000000000000000, 0.000000000000000, 1.00000000000000 ) );
#9048 = DIRECTION( '', ( 0.000000000000000, 0.000000000000000, 1.00000000000000 ) );
#9049 = DIRECTION( '', ( -1.00000000000000, 0.000000000000000, 0.000000000000000 ) );
#9050 = DIRECTION( '', ( 0.000000000000000, 0.000000000000000, -1.00000000000000 ) );
#9051 = CARTESIAN_POINT( '', ( 4.88000000000000, 0.000000000000000, -3.64000000000000 ) );
#9052 = DIRECTION( '', ( 0.000000000000000, 1.00000000000000, 0.000000000000000 ) );
#9053 = DIRECTION( '', ( 0.000000000000000, 0.000000000000000, 1.00000000000000 ) );
#9054 = DIRECTION( '', ( 0.000000000000000, 1.00000000000000, 0.000000000000000 ) );
#9055 = CARTESIAN_POINT( '', ( 4.88000000000000, -5.41212161291820, -3.64000000000000 ) );
#9056 = DIRECTION( '', ( 0.000000000000000, 0.342020143325669, -0.939692620785908 ) );
#9057 = DIRECTION( '', ( 0.000000000000000, 0.939692620785908, 0.342020143325669 ) );
#9058 = DIRECTION( '', ( 0.000000000000000, 1.00000000000000, 0.000000000000000 ) );
#9059 = DIRECTION( '', ( 0.000000000000000, -0.966977369095332, 0.254862252319700 ) );
#9060 = DIRECTION( '', ( 1.00000000000000, 0.000000000000000, 0.000000000000000 ) );
#9061 = DIRECTION( '', ( -1.11022302462516E-016, 0.966977369095332, -0.254862252319700 ) );
#9062 = DIRECTION( '', ( -1.00000000000000, 0.000000000000000, 0.000000000000000 ) );
#9063 = DIRECTION( '', ( 8.32667268468867E-017, -0.939692620785908, -0.342020143325669 ) );
#9064 = CARTESIAN_POINT( '', ( 0.000000000000000, -4.40000000000000, -13.4316178594403 ) );
#9065 = DIRECTION( '', ( 0.000000000000000, 0.342020143325669, -0.939692620785908 ) );
#9066 = DIRECTION( '', ( 0.000000000000000, -0.939692620785908, -0.342020143325669 ) );
#9067 = CARTESIAN_POINT( '', ( 0.200000000000000, -5.41212161291820, -13.8000000000000 ) );
#9068 = DIRECTION( '', ( 0.000000000000000, 0.342020143325669, -0.939692620785908 ) );
#9069 = DIRECTION( '', ( 0.000000000000000, -0.939692620785908, -0.342020143325669 ) );
#9070 = DIRECTION( '', ( -1.00000000000000, 0.000000000000000, 0.000000000000000 ) );
#9071 = DIRECTION( '', ( 0.000000000000000, 0.000000000000000, -1.00000000000000 ) );
#9072 = DIRECTION( '', ( 0.000000000000000, 1.00000000000000, 0.000000000000000 ) );
#9073 = DIRECTION( '', ( 0.000000000000000, 0.000000000000000, -1.00000000000000 ) );
#9074 = DIRECTION( '', ( 1.00000000000000, 0.000000000000000, 0.000000000000000 ) );
#9075 = CARTESIAN_POINT( '', ( 0.200000000000000, 0.000000000000000, -13.8000000000000 ) );
#9076 = DIRECTION( '', ( 0.000000000000000, 1.00000000000000, 0.000000000000000 ) );
#9077 = DIRECTION( '', ( 0.000000000000000, 0.000000000000000, 1.00000000000000 ) );
#9078 = DIRECTION( '', ( 1.00000000000000, 0.000000000000000, 0.000000000000000 ) );
#9079 = DIRECTION( '', ( 0.000000000000000, 0.000000000000000, 1.00000000000000 ) );
#9080 = DIRECTION( '', ( -1.00000000000000, 0.000000000000000, 0.000000000000000 ) );
#9081 = DIRECTION( '', ( 0.000000000000000, 0.000000000000000, -1.00000000000000 ) );
#9082 = DIRECTION( '', ( -1.00000000000000, 0.000000000000000, 0.000000000000000 ) );
#9083 = DIRECTION( '', ( 0.000000000000000, 0.000000000000000, 1.00000000000000 ) );
#9084 = DIRECTION( '', ( -1.00000000000000, 0.000000000000000, 0.000000000000000 ) );
#9085 = CARTESIAN_POINT( '', ( 0.200000000000000, 0.000000000000000, -3.64000000000000 ) );
#9086 = DIRECTION( '', ( 0.000000000000000, 1.00000000000000, 0.000000000000000 ) );
#9087 = DIRECTION( '', ( 0.000000000000000, 0.000000000000000, 1.00000000000000 ) );
#9088 = DIRECTION( '', ( 0.000000000000000, 0.000000000000000, -1.00000000000000 ) );
#9089 = CARTESIAN_POINT( '', ( 0.200000000000000, 0.000000000000000, -4.04000000000000 ) );
#9090 = DIRECTION( '', ( 0.000000000000000, 1.00000000000000, 0.000000000000000 ) );
#9091 = DIRECTION( '', ( 0.000000000000000, 0.000000000000000, 1.00000000000000 ) );
#9092 = DIRECTION( '', ( 1.00000000000000, 0.000000000000000, 0.000000000000000 ) );
#9093 = DIRECTION( '', ( 0.000000000000000, 0.000000000000000, 1.00000000000000 ) );
#9094 = CARTESIAN_POINT( '', ( 0.000000000000000, -4.40000000000000, -4.40838214055972 ) );
#9095 = DIRECTION( '', ( 0.000000000000000, 0.342020143325669, 0.939692620785908 ) );
#9096 = DIRECTION( '', ( 0.000000000000000, -0.939692620785908, 0.342020143325669 ) );
#9097 = DIRECTION( '', ( -8.32667268468867E-017, 0.939692620785908, -0.342020143325669 ) );
#9098 = DIRECTION( '', ( 1.00000000000000, 0.000000000000000, 0.000000000000000 ) );
#9099 = CARTESIAN_POINT( '', ( 0.200000000000000, -5.41212161291820, -4.04000000000000 ) );
#9100 = DIRECTION( '', ( 0.000000000000000, 0.342020143325669, 0.939692620785908 ) );
#9101 = DIRECTION( '', ( 0.000000000000000, -0.939692620785908, 0.342020143325669 ) );
#9102 = DIRECTION( '', ( 1.00000000000000, 0.000000000000000, 0.000000000000000 ) );
#9103 = DIRECTION( '', ( 0.000000000000000, 1.00000000000000, 0.000000000000000 ) );
#9104 = DIRECTION( '', ( 1.00000000000000, 0.000000000000000, 0.000000000000000 ) );
#9105 = DIRECTION( '', ( 0.000000000000000, 1.00000000000000, 0.000000000000000 ) );
#9106 = CARTESIAN_POINT( '', ( 9.96000000000000, 0.000000000000000, -13.8000000000000 ) );
#9107 = DIRECTION( '', ( 0.000000000000000, -1.00000000000000, 0.000000000000000 ) );
#9108 = DIRECTION( '', ( 0.000000000000000, 0.000000000000000, -1.00000000000000 ) );
#9109 = DIRECTION( '', ( 0.000000000000000, -1.00000000000000, 0.000000000000000 ) );
#9110 = CARTESIAN_POINT( '', ( 9.96000000000000, -5.41212161291820, -13.8000000000000 ) );
#9111 = DIRECTION( '', ( 0.000000000000000, 0.342020143325669, -0.939692620785908 ) );
#9112 = DIRECTION( '', ( 0.000000000000000, -0.939692620785908, -0.342020143325669 ) );
#9113 = DIRECTION( '', ( 0.000000000000000, -1.00000000000000, 0.000000000000000 ) );
#9114 = DIRECTION( '', ( -1.20024110770287E-016, 1.00000000000000, 0.000000000000000 ) );
#9115 = DIRECTION( '', ( -1.00000000000000, 0.000000000000000, 0.000000000000000 ) );
#9116 = DIRECTION( '', ( 0.000000000000000, 1.00000000000000, 0.000000000000000 ) );
#9117 = DIRECTION( '', ( 0.000000000000000, 1.00000000000000, 0.000000000000000 ) );
#9118 = DIRECTION( '', ( 0.000000000000000, 0.000000000000000, 1.00000000000000 ) );
#9119 = DIRECTION( '', ( 0.000000000000000, 0.978790625252869, 0.204863154122693 ) );
#9120 = DIRECTION( '', ( 0.000000000000000, 0.000000000000000, 1.00000000000000 ) );
#9121 = DIRECTION( '', ( 0.000000000000000, -0.966977369095332, 0.254862252319700 ) );
#9122 = DIRECTION( '', ( 0.000000000000000, 0.000000000000000, 1.00000000000000 ) );
#9123 = DIRECTION( '', ( 0.000000000000000, -1.00000000000000, 0.000000000000000 ) );
#9124 = DIRECTION( '', ( 0.000000000000000, 0.000000000000000, -1.00000000000000 ) );
#9125 = DIRECTION( '', ( 0.000000000000000, 1.00000000000000, 0.000000000000000 ) );
#9126 = DIRECTION( '', ( 1.20024110770287E-016, -1.00000000000000, 0.000000000000000 ) );
#9127 = DIRECTION( '', ( 1.00000000000000, 0.000000000000000, 0.000000000000000 ) );
#9128 = DIRECTION( '', ( -1.20024110770287E-016, 1.00000000000000, 0.000000000000000 ) );
#9129 = DIRECTION( '', ( 1.00000000000000, 0.000000000000000, 0.000000000000000 ) );
#9130 = DIRECTION( '', ( 0.000000000000000, -1.00000000000000, 0.000000000000000 ) );
#9131 = DIRECTION( '', ( 1.00000000000000, 0.000000000000000, 0.000000000000000 ) );
#9132 = DIRECTION( '', ( -1.20024110770287E-016, 1.00000000000000, 0.000000000000000 ) );
#9133 = DIRECTION( '', ( 1.00000000000000, 0.000000000000000, 0.000000000000000 ) );
#9134 = DIRECTION( '', ( 0.000000000000000, 1.00000000000000, 0.000000000000000 ) );
#9135 = DIRECTION( '', ( -1.00000000000000, 0.000000000000000, 0.000000000000000 ) );
#9136 = DIRECTION( '', ( 0.000000000000000, 1.00000000000000, 0.000000000000000 ) );
#9137 = DIRECTION( '', ( 1.00000000000000, 0.000000000000000, 0.000000000000000 ) );
#9138 = DIRECTION( '', ( 0.000000000000000, -1.00000000000000, 0.000000000000000 ) );
#9139 = DIRECTION( '', ( -1.00000000000000, 0.000000000000000, 0.000000000000000 ) );
#9140 = DIRECTION( '', ( 0.000000000000000, 0.000000000000000, -1.00000000000000 ) );
#9141 = DIRECTION( '', ( -1.00000000000000, 0.000000000000000, 0.000000000000000 ) );
#9142 = DIRECTION( '', ( 0.000000000000000, 0.000000000000000, 1.00000000000000 ) );
#9143 = DIRECTION( '', ( 1.00000000000000, 0.000000000000000, 0.000000000000000 ) );
#9144 = DIRECTION( '', ( 0.000000000000000, 0.000000000000000, -1.00000000000000 ) );
#9145 = DIRECTION( '', ( 1.00000000000000, 0.000000000000000, 0.000000000000000 ) );
#9146 = DIRECTION( '', ( 0.000000000000000, 0.000000000000000, 1.00000000000000 ) );
#9147 = DIRECTION( '', ( -1.00000000000000, 0.000000000000000, 0.000000000000000 ) );
#9148 = DIRECTION( '', ( -1.20024110770287E-016, 1.00000000000000, 0.000000000000000 ) );
#9149 = DIRECTION( '', ( -1.00000000000000, 0.000000000000000, 0.000000000000000 ) );
#9150 = DIRECTION( '', ( 0.000000000000000, 1.00000000000000, 0.000000000000000 ) );
#9151 = DIRECTION( '', ( 1.20024110770287E-016, -1.00000000000000, 0.000000000000000 ) );
#9152 = DIRECTION( '', ( -1.00000000000000, 0.000000000000000, 0.000000000000000 ) );
#9153 = DIRECTION( '', ( 0.000000000000000, 1.00000000000000, 0.000000000000000 ) );
#9154 = CARTESIAN_POINT( '', ( 0.200000000000000, 0.000000000000000, -4.04000000000000 ) );
#9155 = DIRECTION( '', ( 0.000000000000000, 1.00000000000000, 0.000000000000000 ) );
#9156 = DIRECTION( '', ( 0.000000000000000, 0.000000000000000, 1.00000000000000 ) );
#9157 = DIRECTION( '', ( 0.000000000000000, 1.00000000000000, 0.000000000000000 ) );
#9158 = CARTESIAN_POINT( '', ( 0.200000000000000, -5.41212161291820, -4.04000000000000 ) );
#9159 = DIRECTION( '', ( 0.000000000000000, 0.342020143325669, 0.939692620785908 ) );
#9160 = DIRECTION( '', ( 0.000000000000000, -0.939692620785908, 0.342020143325669 ) );
#9161 = DIRECTION( '', ( 0.000000000000000, 0.000000000000000, 1.00000000000000 ) );
#9162 = DIRECTION( '', ( 0.000000000000000, 1.00000000000000, 0.000000000000000 ) );
#9163 = DIRECTION( '', ( 0.000000000000000, 0.000000000000000, 1.00000000000000 ) );
#9164 = DIRECTION( '', ( 0.000000000000000, 0.000000000000000, 1.00000000000000 ) );
#9165 = DIRECTION( '', ( 0.000000000000000, 0.000000000000000, -1.00000000000000 ) );
#9166 = DIRECTION( '', ( -1.00000000000000, 0.000000000000000, 0.000000000000000 ) );
#9167 = DIRECTION( '', ( 0.000000000000000, 1.00000000000000, 0.000000000000000 ) );
#9168 = CARTESIAN_POINT( '', ( 0.200000000000000, -5.41212161291820, -13.8000000000000 ) );
#9169 = DIRECTION( '', ( 0.000000000000000, 0.342020143325669, -0.939692620785908 ) );
#9170 = DIRECTION( '', ( 0.000000000000000, -0.939692620785908, -0.342020143325669 ) );
#9171 = CARTESIAN_POINT( '', ( 0.200000000000000, 0.000000000000000, -13.8000000000000 ) );
#9172 = DIRECTION( '', ( 0.000000000000000, 1.00000000000000, 0.000000000000000 ) );
#9173 = DIRECTION( '', ( 0.000000000000000, 0.000000000000000, 1.00000000000000 ) );
#9174 = DIRECTION( '', ( 1.00000000000000, 0.000000000000000, 0.000000000000000 ) );
#9175 = DIRECTION( '', ( 0.000000000000000, 1.00000000000000, 0.000000000000000 ) );
#9176 = DIRECTION( '', ( -1.00000000000000, 0.000000000000000, 0.000000000000000 ) );
#9177 = CARTESIAN_POINT( '', ( 9.96000000000000, 0.000000000000000, -3.64000000000000 ) );
#9178 = DIRECTION( '', ( 0.000000000000000, 1.00000000000000, 0.000000000000000 ) );
#9179 = DIRECTION( '', ( 0.000000000000000, 0.000000000000000, 1.00000000000000 ) );
#9180 = DIRECTION( '', ( 0.000000000000000, 1.00000000000000, 0.000000000000000 ) );
#9181 = CARTESIAN_POINT( '', ( 9.96000000000000, -5.41212161291820, -3.64000000000000 ) );
#9182 = DIRECTION( '', ( 0.000000000000000, 0.342020143325669, -0.939692620785908 ) );
#9183 = DIRECTION( '', ( 0.000000000000000, 0.939692620785908, 0.342020143325669 ) );
#9184 = DIRECTION( '', ( 0.000000000000000, 0.000000000000000, 1.00000000000000 ) );
#9185 = DIRECTION( '', ( -1.00000000000000, 0.000000000000000, 0.000000000000000 ) );
#9186 = DIRECTION( '', ( 0.000000000000000, 0.000000000000000, -1.00000000000000 ) );
#9187 = DIRECTION( '', ( 1.00000000000000, 0.000000000000000, 0.000000000000000 ) );
#9188 = DIRECTION( '', ( 0.000000000000000, 0.000000000000000, -1.00000000000000 ) );
#9189 = DIRECTION( '', ( 0.000000000000000, 0.000000000000000, -1.00000000000000 ) );
#9190 = DIRECTION( '', ( 0.438371146789078, 0.898794046299167, 0.000000000000000 ) );
#9191 = DIRECTION( '', ( 0.000000000000000, 1.00000000000000, 0.000000000000000 ) );
#9192 = DIRECTION( '', ( 1.00000000000000, 0.000000000000000, 0.000000000000000 ) );
#9193 = DIRECTION( '', ( 1.20024110770287E-016, -1.00000000000000, 0.000000000000000 ) );
#9194 = DIRECTION( '', ( -1.00000000000000, 0.000000000000000, 0.000000000000000 ) );
#9195 = DIRECTION( '', ( 0.000000000000000, 0.000000000000000, 1.00000000000000 ) );
#9196 = DIRECTION( '', ( 1.00000000000000, 0.000000000000000, 0.000000000000000 ) );
#9197 = DIRECTION( '', ( 0.000000000000000, 0.000000000000000, 1.00000000000000 ) );
#9198 = DIRECTION( '', ( -1.00000000000000, 0.000000000000000, 0.000000000000000 ) );
#9199 = DIRECTION( '', ( 0.000000000000000, 0.000000000000000, -1.00000000000000 ) );
#9200 = DIRECTION( '', ( 1.00000000000000, 0.000000000000000, 0.000000000000000 ) );
#9201 = DIRECTION( '', ( 0.000000000000000, 0.000000000000000, -1.00000000000000 ) );
#9202 = DIRECTION( '', ( 0.000000000000000, 0.000000000000000, 1.00000000000000 ) );
#9203 = CARTESIAN_POINT( '', ( 10.1600000000000, 23.3000000000000, -6.15000000000000 ) );
#9204 = DIRECTION( '', ( 0.000000000000000, -1.00000000000000, 0.000000000000000 ) );
#9205 = DIRECTION( '', ( 1.00000000000000, 0.000000000000000, 0.000000000000000 ) );
#9206 = DIRECTION( '', ( 0.000000000000000, 0.000000000000000, 1.00000000000000 ) );
#9207 = DIRECTION( '', ( -1.00000000000000, 0.000000000000000, 0.000000000000000 ) );
#9208 = DIRECTION( '', ( -1.00000000000000, 0.000000000000000, 0.000000000000000 ) );
#9209 = DIRECTION( '', ( 0.000000000000000, -1.00000000000000, 0.000000000000000 ) );
#9210 = DIRECTION( '', ( 0.000000000000000, 0.000000000000000, 1.00000000000000 ) );
#9211 = DIRECTION( '', ( 0.000000000000000, 0.000000000000000, -1.00000000000000 ) );
#9212 = DIRECTION( '', ( 0.000000000000000, 0.000000000000000, 1.00000000000000 ) );
#9213 = DIRECTION( '', ( -0.438371146789078, 0.898794046299167, 0.000000000000000 ) );
#9214 = DIRECTION( '', ( 0.000000000000000, 0.000000000000000, -1.00000000000000 ) );
#9215 = DIRECTION( '', ( -0.438371146789078, 0.898794046299167, 0.000000000000000 ) );
#9216 = DIRECTION( '', ( 0.000000000000000, 0.000000000000000, -1.00000000000000 ) );
#9217 = CARTESIAN_POINT( '', ( -4.44089209850063E-016, -4.40000000000000, -3.27161785944027 ) );
#9218 = DIRECTION( '', ( 0.000000000000000, 0.342020143325669, -0.939692620785908 ) );
#9219 = DIRECTION( '', ( 0.000000000000000, 0.939692620785908, 0.342020143325669 ) );
#9220 = DIRECTION( '', ( 0.000000000000000, 0.000000000000000, 1.00000000000000 ) );
#9221 = CARTESIAN_POINT( '', ( 4.44089209850063E-016, -4.40000000000000, -4.40838214055972 ) );
#9222 = DIRECTION( '', ( 0.000000000000000, 0.342020143325669, 0.939692620785908 ) );
#9223 = DIRECTION( '', ( 0.000000000000000, -0.939692620785908, 0.342020143325669 ) );
#9224 = DIRECTION( '', ( -1.00000000000000, 0.000000000000000, 0.000000000000000 ) );
#9225 = DIRECTION( '', ( 0.000000000000000, 0.000000000000000, -1.00000000000000 ) );
#9226 = DIRECTION( '', ( 1.00000000000000, 0.000000000000000, 0.000000000000000 ) );
#9227 = DIRECTION( '', ( 0.000000000000000, 0.000000000000000, 1.00000000000000 ) );
#9228 = DIRECTION( '', ( 0.000000000000000, -1.00000000000000, 0.000000000000000 ) );
#9229 = DIRECTION( '', ( 0.443712606279658, 0.633687274224642, -0.633687274224642 ) );
#9230 = DIRECTION( '', ( 0.000000000000000, 1.00000000000000, 0.000000000000000 ) );
#9231 = DIRECTION( '', ( -0.410428929490727, 0.698550250509696, 0.586153257561482 ) );
#9232 = DIRECTION( '', ( 0.000000000000000, 0.000000000000000, 1.00000000000000 ) );
#9233 = DIRECTION( '', ( 0.000000000000000, 0.000000000000000, -1.00000000000000 ) );
#9234 = DIRECTION( '', ( 0.000000000000000, 0.000000000000000, -1.00000000000000 ) );
#9235 = DIRECTION( '', ( -1.00000000000000, 0.000000000000000, 0.000000000000000 ) );
#9236 = DIRECTION( '', ( 0.000000000000000, 0.000000000000000, 1.00000000000000 ) );
#9237 = CARTESIAN_POINT( '', ( 2.84217094304040E-014, 29.3000000000000, -6.15000000000000 ) );
#9238 = DIRECTION( '', ( 0.000000000000000, 1.00000000000000, 0.000000000000000 ) );
#9239 = DIRECTION( '', ( 0.000000000000000, 0.000000000000000, 1.00000000000000 ) );
#9240 = DIRECTION( '', ( 0.000000000000000, 0.000000000000000, 1.00000000000000 ) );
#9241 = DIRECTION( '', ( 1.00000000000000, 0.000000000000000, 0.000000000000000 ) );
#9242 = DIRECTION( '', ( 0.000000000000000, 0.000000000000000, -1.00000000000000 ) );
#9243 = DIRECTION( '', ( 0.000000000000000, 0.000000000000000, 1.00000000000000 ) );
#9244 = DIRECTION( '', ( 0.000000000000000, 0.898794046299167, 0.438371146789078 ) );
#9245 = CARTESIAN_POINT( '', ( 5.08000000000000, 26.8000000000012, -6.15000000000000 ) );
#9246 = DIRECTION( '', ( 0.000000000000000, 1.00000000000000, 0.000000000000000 ) );
#9247 = DIRECTION( '', ( 0.000000000000000, 0.000000000000000, 1.00000000000000 ) );
#9248 = DIRECTION( '', ( 1.00000000000000, 0.000000000000000, 0.000000000000000 ) );
#9249 = DIRECTION( '', ( 0.000000000000000, 0.000000000000000, 1.00000000000000 ) );
#9250 = DIRECTION( '', ( -1.00000000000000, 0.000000000000000, 0.000000000000000 ) );
#9251 = DIRECTION( '', ( 0.000000000000000, 0.000000000000000, 1.00000000000000 ) );
#9252 = DIRECTION( '', ( 0.000000000000000, 0.000000000000000, 1.00000000000000 ) );
#9253 = DIRECTION( '', ( 0.000000000000000, 1.00000000000000, 0.000000000000000 ) );
#9254 = DIRECTION( '', ( 0.000000000000000, -0.966977369095332, 0.254862252319700 ) );
#9255 = DIRECTION( '', ( 0.000000000000000, 0.000000000000000, 1.00000000000000 ) );
#9256 = DIRECTION( '', ( 0.000000000000000, -1.00000000000000, 0.000000000000000 ) );
#9257 = DIRECTION( '', ( 0.000000000000000, 0.000000000000000, 1.00000000000000 ) );
#9258 = DIRECTION( '', ( 0.000000000000000, -0.766044443118978, -0.642787609686539 ) );
#9259 = DIRECTION( '', ( 0.000000000000000, 0.000000000000000, -1.00000000000000 ) );
#9260 = DIRECTION( '', ( 0.000000000000000, -1.00000000000000, 0.000000000000000 ) );
#9261 = DIRECTION( '', ( 0.000000000000000, 0.000000000000000, 1.00000000000000 ) );
#9262 = DIRECTION( '', ( 0.000000000000000, -1.00000000000000, 0.000000000000000 ) );
#9263 = DIRECTION( '', ( 0.000000000000000, 1.00000000000000, 0.000000000000000 ) );
#9264 = DIRECTION( '', ( 0.000000000000000, -1.00000000000000, 0.000000000000000 ) );
#9265 = DIRECTION( '', ( 0.000000000000000, 0.000000000000000, 1.00000000000000 ) );
#9266 = DIRECTION( '', ( 0.000000000000000, -0.707106781186547, 0.707106781186548 ) );
#9267 = DIRECTION( '', ( 0.000000000000000, 0.000000000000000, 1.00000000000000 ) );
#9268 = DIRECTION( '', ( 0.000000000000000, -1.00000000000000, 0.000000000000000 ) );
#9269 = DIRECTION( '', ( 0.000000000000000, 0.000000000000000, 1.00000000000000 ) );
#9270 = DIRECTION( '', ( 0.000000000000000, 1.00000000000000, 0.000000000000000 ) );
#9271 = DIRECTION( '', ( 0.000000000000000, 0.000000000000000, -1.00000000000000 ) );
#9272 = DIRECTION( '', ( 0.000000000000000, -1.00000000000000, 0.000000000000000 ) );
#9273 = DIRECTION( '', ( 0.000000000000000, 0.939692620785908, 0.342020143325669 ) );
#9274 = DIRECTION( '', ( 0.000000000000000, 0.000000000000000, 1.00000000000000 ) );
#9275 = DIRECTION( '', ( 0.000000000000000, -0.939692620785908, 0.342020143325669 ) );
#9276 = DIRECTION( '', ( 0.000000000000000, 1.00000000000000, 0.000000000000000 ) );
#9277 = DIRECTION( '', ( 0.000000000000000, 0.000000000000000, -1.00000000000000 ) );
#9278 = DIRECTION( '', ( 0.000000000000000, 1.00000000000000, 0.000000000000000 ) );
#9279 = DIRECTION( '', ( 0.000000000000000, 0.939692620785908, 0.342020143325669 ) );
#9280 = DIRECTION( '', ( 0.000000000000000, 0.000000000000000, 1.00000000000000 ) );
#9281 = DIRECTION( '', ( 0.000000000000000, -0.939692620785908, 0.342020143325669 ) );
#9282 = DIRECTION( '', ( 0.000000000000000, 1.00000000000000, 0.000000000000000 ) );
#9283 = DIRECTION( '', ( 0.000000000000000, 0.000000000000000, -1.00000000000000 ) );
#9284 = DIRECTION( '', ( 0.000000000000000, 1.00000000000000, 0.000000000000000 ) );
#9285 = DIRECTION( '', ( 0.000000000000000, 0.978790625252869, 0.204863154122693 ) );
#9286 = DIRECTION( '', ( 0.000000000000000, 1.00000000000000, 0.000000000000000 ) );
#9287 = DIRECTION( '', ( 0.000000000000000, 0.898794046299167, -0.438371146789078 ) );
#9288 = DIRECTION( '', ( 0.000000000000000, 0.000000000000000, -1.00000000000000 ) );
#9289 = DIRECTION( '', ( 0.000000000000000, -0.898794046299167, -0.438371146789078 ) );
#9290 = CARTESIAN_POINT( '', ( 9.96000000000000, 0.000000000000000, -4.04000000000000 ) );
#9291 = DIRECTION( '', ( 0.000000000000000, -1.00000000000000, 0.000000000000000 ) );
#9292 = DIRECTION( '', ( 0.000000000000000, 0.000000000000000, -1.00000000000000 ) );
#9293 = DIRECTION( '', ( 0.000000000000000, -1.00000000000000, 0.000000000000000 ) );
#9294 = CARTESIAN_POINT( '', ( 9.96000000000000, -5.41212161291820, -4.04000000000000 ) );
#9295 = DIRECTION( '', ( 0.000000000000000, 0.342020143325669, 0.939692620785908 ) );
#9296 = DIRECTION( '', ( 0.000000000000000, -0.939692620785908, 0.342020143325669 ) );
#9297 = DIRECTION( '', ( 0.000000000000000, 0.000000000000000, 1.00000000000000 ) );
#9298 = CARTESIAN_POINT( '', ( 0.000000000000000, -4.40000000000000, -14.5683821405597 ) );
#9299 = DIRECTION( '', ( 0.000000000000000, 0.342020143325669, 0.939692620785908 ) );
#9300 = DIRECTION( '', ( 0.000000000000000, 0.939692620785908, -0.342020143325669 ) );
#9301 = DIRECTION( '', ( -1.20024110770287E-016, 1.00000000000000, 0.000000000000000 ) );
#9302 = DIRECTION( '', ( 0.000000000000000, -1.00000000000000, 0.000000000000000 ) );
#9303 = DIRECTION( '', ( 1.00000000000000, 0.000000000000000, 0.000000000000000 ) );
#9304 = DIRECTION( '', ( 0.000000000000000, 0.707106781186547, -0.707106781186548 ) );
#9305 = DIRECTION( '', ( 0.443712606279658, -0.633687274224642, 0.633687274224642 ) );
#9306 = DIRECTION( '', ( 1.00000000000000, 0.000000000000000, 0.000000000000000 ) );
#9307 = DIRECTION( '', ( -1.11022302462516E-016, 0.707106781186547, -0.707106781186548 ) );
#9308 = DIRECTION( '', ( 0.000000000000000, 0.978790625252869, 0.204863154122693 ) );
#9309 = DIRECTION( '', ( 1.11022302462516E-016, -0.978790625252869, -0.204863154122693 ) );
#9310 = DIRECTION( '', ( 0.000000000000000, -0.707106781186547, 0.707106781186548 ) );
#9311 = DIRECTION( '', ( 1.00000000000000, 0.000000000000000, 0.000000000000000 ) );
#9312 = DIRECTION( '', ( 0.000000000000000, 0.707106781186547, -0.707106781186548 ) );
#9313 = DIRECTION( '', ( 0.443712606279658, -0.633687274224642, 0.633687274224642 ) );
#9314 = DIRECTION( '', ( -1.00000000000000, 0.000000000000000, 0.000000000000000 ) );
#9315 = DIRECTION( '', ( 1.00000000000000, 0.000000000000000, 0.000000000000000 ) );
#9316 = DIRECTION( '', ( 0.000000000000000, 0.000000000000000, -1.00000000000000 ) );
#9317 = DIRECTION( '', ( 1.00000000000000, 0.000000000000000, 0.000000000000000 ) );
#9318 = DIRECTION( '', ( 0.000000000000000, 0.000000000000000, -1.00000000000000 ) );
#9319 = DIRECTION( '', ( -1.00000000000000, 0.000000000000000, 0.000000000000000 ) );
#9320 = DIRECTION( '', ( 0.000000000000000, 0.000000000000000, -1.00000000000000 ) );
#9321 = CARTESIAN_POINT( '', ( 0.000000000000000, -4.40000000000000, -3.27161785944027 ) );
#9322 = DIRECTION( '', ( 0.000000000000000, 0.342020143325669, -0.939692620785908 ) );
#9323 = DIRECTION( '', ( 0.000000000000000, 0.939692620785908, 0.342020143325669 ) );
#9324 = DIRECTION( '', ( 0.000000000000000, 0.000000000000000, 1.00000000000000 ) );
#9325 = DIRECTION( '', ( 0.000000000000000, 0.966977369095332, -0.254862252319700 ) );
#9326 = DIRECTION( '', ( 1.00000000000000, 0.000000000000000, 0.000000000000000 ) );
#9327 = DIRECTION( '', ( -1.00000000000000, 0.000000000000000, 0.000000000000000 ) );
#9328 = DIRECTION( '', ( 0.000000000000000, 0.000000000000000, 1.00000000000000 ) );
#9329 = DIRECTION( '', ( -1.00000000000000, 0.000000000000000, 0.000000000000000 ) );
#9330 = DIRECTION( '', ( -1.11022302462516E-016, 0.707106781186547, -0.707106781186548 ) );
#9331 = DIRECTION( '', ( 1.00000000000000, 0.000000000000000, 0.000000000000000 ) );
#9332 = DIRECTION( '', ( 0.000000000000000, 0.707106781186547, -0.707106781186548 ) );
#9333 = DIRECTION( '', ( -1.00000000000000, 0.000000000000000, 0.000000000000000 ) );
#9334 = DIRECTION( '', ( 0.000000000000000, 0.000000000000000, 1.00000000000000 ) );
#9335 = DIRECTION( '', ( 1.00000000000000, 0.000000000000000, 0.000000000000000 ) );
#9336 = DIRECTION( '', ( 0.000000000000000, 0.000000000000000, -1.00000000000000 ) );
#9337 = DIRECTION( '', ( 1.00000000000000, 0.000000000000000, 0.000000000000000 ) );
#9338 = DIRECTION( '', ( 0.000000000000000, 0.000000000000000, 1.00000000000000 ) );
#9339 = DIRECTION( '', ( 1.00000000000000, 0.000000000000000, 0.000000000000000 ) );
#9340 = DIRECTION( '', ( 0.000000000000000, 0.898794046299167, -0.438371146789078 ) );
#9341 = DIRECTION( '', ( -8.32667268468867E-017, 0.898794046299167, 0.438371146789078 ) );
#9342 = DIRECTION( '', ( 1.00000000000000, 0.000000000000000, 0.000000000000000 ) );
#9343 = DIRECTION( '', ( 0.000000000000000, 0.898794046299167, 0.438371146789078 ) );
#9344 = DIRECTION( '', ( 1.00000000000000, 0.000000000000000, 0.000000000000000 ) );
#9345 = DIRECTION( '', ( 0.000000000000000, 0.000000000000000, -1.00000000000000 ) );
#9346 = DIRECTION( '', ( -1.00000000000000, 0.000000000000000, 0.000000000000000 ) );
#9347 = DIRECTION( '', ( 0.000000000000000, 0.000000000000000, 1.00000000000000 ) );
#9348 = DIRECTION( '', ( 1.00000000000000, 0.000000000000000, 0.000000000000000 ) );
#9349 = DIRECTION( '', ( 1.00000000000000, 0.000000000000000, 0.000000000000000 ) );
#9350 = DIRECTION( '', ( 1.00000000000000, 0.000000000000000, 0.000000000000000 ) );
#9351 = DIRECTION( '', ( 0.000000000000000, 1.00000000000000, 0.000000000000000 ) );
#9352 = DIRECTION( '', ( -0.438371146789078, 0.898794046299167, 0.000000000000000 ) );
#9353 = DIRECTION( '', ( -1.00000000000000, 0.000000000000000, 0.000000000000000 ) );
#9354 = DIRECTION( '', ( 0.000000000000000, 1.00000000000000, 0.000000000000000 ) );
#9355 = DIRECTION( '', ( 1.00000000000000, 0.000000000000000, 0.000000000000000 ) );
#9356 = CARTESIAN_POINT( '', ( 0.000000000000000, 23.3000000000000, -10.6000000000000 ) );
#9357 = DIRECTION( '', ( -1.00000000000000, 0.000000000000000, 0.000000000000000 ) );
#9358 = DIRECTION( '', ( 0.000000000000000, 0.000000000000000, 1.00000000000000 ) );
#9359 = DIRECTION( '', ( -1.00000000000000, 0.000000000000000, 0.000000000000000 ) );
#9360 = CARTESIAN_POINT( '', ( 3.88000000000000, 23.3000000000000, -10.6000000000000 ) );
#9361 = DIRECTION( '', ( -0.707106781186548, 0.000000000000000, -0.707106781186548 ) );
#9362 = DIRECTION( '', ( -0.707106781186548, 0.000000000000000, 0.707106781186548 ) );
#9363 = DIRECTION( '', ( 0.000000000000000, -1.00000000000000, 0.000000000000000 ) );
#9364 = DIRECTION( '', ( 0.000000000000000, 0.000000000000000, 1.00000000000000 ) );
#9365 = DIRECTION( '', ( 0.000000000000000, 0.707106781186547, -0.707106781186548 ) );
#9366 = DIRECTION( '', ( 0.000000000000000, -1.00000000000000, 0.000000000000000 ) );
#9367 = DIRECTION( '', ( 0.000000000000000, 0.766044443118978, 0.642787609686539 ) );
#9368 = DIRECTION( '', ( 0.000000000000000, 0.000000000000000, 1.00000000000000 ) );
#9369 = DIRECTION( '', ( -1.00000000000000, 0.000000000000000, 0.000000000000000 ) );
#9370 = DIRECTION( '', ( 1.00000000000000, 0.000000000000000, 0.000000000000000 ) );
#9371 = DIRECTION( '', ( 0.000000000000000, 0.000000000000000, -1.00000000000000 ) );
#9372 = DIRECTION( '', ( -1.00000000000000, 0.000000000000000, 0.000000000000000 ) );
#9373 = DIRECTION( '', ( 0.000000000000000, 0.000000000000000, -1.00000000000000 ) );
#9374 = DIRECTION( '', ( 0.000000000000000, 0.000000000000000, 1.00000000000000 ) );
#9375 = DIRECTION( '', ( 1.00000000000000, 0.000000000000000, 0.000000000000000 ) );
#9376 = DIRECTION( '', ( 0.000000000000000, 0.000000000000000, -1.00000000000000 ) );
#9377 = DIRECTION( '', ( -1.00000000000000, 0.000000000000000, 0.000000000000000 ) );
#9378 = CARTESIAN_POINT( '', ( 10.1600000000000, -4.40000000000000, -3.27161785944027 ) );
#9379 = DIRECTION( '', ( 0.000000000000000, 0.342020143325669, -0.939692620785908 ) );
#9380 = DIRECTION( '', ( 0.000000000000000, 0.939692620785908, 0.342020143325669 ) );
#9381 = DIRECTION( '', ( 8.32667268468867E-017, -0.939692620785908, -0.342020143325669 ) );
#9382 = DIRECTION( '', ( -1.00000000000000, 0.000000000000000, 0.000000000000000 ) );
#9383 = DIRECTION( '', ( 0.000000000000000, 1.00000000000000, 0.000000000000000 ) );
#9384 = DIRECTION( '', ( 1.00000000000000, 0.000000000000000, 0.000000000000000 ) );
#9385 = DIRECTION( '', ( 0.000000000000000, 0.000000000000000, 1.00000000000000 ) );
#9386 = DIRECTION( '', ( 1.00000000000000, 0.000000000000000, 0.000000000000000 ) );
#9387 = DIRECTION( '', ( 1.00000000000000, 0.000000000000000, 0.000000000000000 ) );
#9388 = CARTESIAN_POINT( '', ( 0.000000000000000, -4.40000000000000, -13.4316178594403 ) );
#9389 = DIRECTION( '', ( 0.000000000000000, 0.342020143325669, -0.939692620785908 ) );
#9390 = DIRECTION( '', ( 0.000000000000000, -0.939692620785908, -0.342020143325669 ) );
#9391 = DIRECTION( '', ( 0.000000000000000, 0.000000000000000, 1.00000000000000 ) );
#9392 = CARTESIAN_POINT( '', ( 0.000000000000000, -4.40000000000000, -14.5683821405597 ) );
#9393 = DIRECTION( '', ( 0.000000000000000, 0.342020143325669, 0.939692620785908 ) );
#9394 = DIRECTION( '', ( 0.000000000000000, 0.939692620785908, -0.342020143325669 ) );
#9395 = DIRECTION( '', ( 0.000000000000000, 0.000000000000000, -1.00000000000000 ) );
#9396 = DIRECTION( '', ( 0.000000000000000, 0.000000000000000, 1.00000000000000 ) );
#9397 = DIRECTION( '', ( 1.00000000000000, 0.000000000000000, 0.000000000000000 ) );
#9398 = DIRECTION( '', ( 0.000000000000000, 0.000000000000000, -1.00000000000000 ) );
#9399 = DIRECTION( '', ( 0.000000000000000, 0.000000000000000, -1.00000000000000 ) );
#9400 = DIRECTION( '', ( 0.000000000000000, 0.000000000000000, 1.00000000000000 ) );
#9401 = CARTESIAN_POINT( '', ( 10.1600000000000, -4.40000000000000, -4.40838214055972 ) );
#9402 = DIRECTION( '', ( 0.000000000000000, 0.342020143325669, 0.939692620785908 ) );
#9403 = DIRECTION( '', ( 0.000000000000000, -0.939692620785908, 0.342020143325669 ) );
#9404 = DIRECTION( '', ( 0.000000000000000, 0.766044443118978, 0.642787609686539 ) );
#9405 = DIRECTION( '', ( -1.00000000000000, 0.000000000000000, 0.000000000000000 ) );
#9406 = DIRECTION( '', ( -8.32667268468867E-017, 0.766044443118978, 0.642787609686539 ) );
#9407 = DIRECTION( '', ( -1.00000000000000, 0.000000000000000, 0.000000000000000 ) );
#9408 = DIRECTION( '', ( 0.000000000000000, 0.000000000000000, 1.00000000000000 ) );
#9409 = CARTESIAN_POINT( '', ( 10.1600000000000, 23.5000000000000, -6.15000000000000 ) );
#9410 = DIRECTION( '', ( 0.000000000000000, -1.00000000000000, 0.000000000000000 ) );
#9411 = DIRECTION( '', ( 1.00000000000000, 0.000000000000000, 0.000000000000000 ) );
#9412 = DIRECTION( '', ( 0.000000000000000, 0.000000000000000, 1.00000000000000 ) );
#9413 = DIRECTION( '', ( -1.00000000000000, 0.000000000000000, 0.000000000000000 ) );
#9414 = DIRECTION( '', ( -8.32667268468867E-017, 0.939692620785908, -0.342020143325669 ) );
#9415 = DIRECTION( '', ( 1.00000000000000, 0.000000000000000, 0.000000000000000 ) );
#9416 = DIRECTION( '', ( -1.00000000000000, 0.000000000000000, 0.000000000000000 ) );
#9417 = DIRECTION( '', ( 1.20024110770287E-016, -1.00000000000000, 0.000000000000000 ) );
#9418 = DIRECTION( '', ( 1.00000000000000, 0.000000000000000, 0.000000000000000 ) );
#9419 = DIRECTION( '', ( 0.000000000000000, -1.00000000000000, 0.000000000000000 ) );
#9420 = DIRECTION( '', ( -1.00000000000000, 0.000000000000000, 0.000000000000000 ) );
#9421 = DIRECTION( '', ( 0.000000000000000, 1.00000000000000, 0.000000000000000 ) );
#9422 = DIRECTION( '', ( 1.20024110770287E-016, -1.00000000000000, 0.000000000000000 ) );
#9423 = DIRECTION( '', ( -1.20024110770287E-016, 1.00000000000000, 0.000000000000000 ) );
#9424 = DIRECTION( '', ( -1.00000000000000, 0.000000000000000, 0.000000000000000 ) );
#9425 = DIRECTION( '', ( 0.000000000000000, 1.00000000000000, 0.000000000000000 ) );
#9426 = DIRECTION( '', ( -1.20024110770287E-016, 1.00000000000000, 0.000000000000000 ) );
#9427 = DIRECTION( '', ( -1.00000000000000, 0.000000000000000, 0.000000000000000 ) );
#9428 = DIRECTION( '', ( -8.32667268468867E-017, 0.766044443118978, 0.642787609686539 ) );
#9429 = DIRECTION( '', ( -1.00000000000000, 0.000000000000000, 0.000000000000000 ) );
#9430 = DIRECTION( '', ( -0.410428929490727, -0.698550250509696, -0.586153257561482 ) );
#9431 = DIRECTION( '', ( 0.000000000000000, 0.766044443118978, 0.642787609686539 ) );
#9432 = DIRECTION( '', ( 1.00000000000000, 0.000000000000000, 0.000000000000000 ) );
#9433 = DIRECTION( '', ( 0.000000000000000, 0.000000000000000, -1.00000000000000 ) );
#9434 = DIRECTION( '', ( 0.000000000000000, 1.00000000000000, 0.000000000000000 ) );
#9435 = DIRECTION( '', ( 1.00000000000000, 0.000000000000000, 0.000000000000000 ) );
#9436 = DIRECTION( '', ( 0.000000000000000, 1.00000000000000, 0.000000000000000 ) );
#9437 = DIRECTION( '', ( 1.00000000000000, 0.000000000000000, 0.000000000000000 ) );
#9438 = DIRECTION( '', ( 0.000000000000000, 1.00000000000000, 0.000000000000000 ) );
#9439 = DIRECTION( '', ( 0.438371146789078, 0.898794046299167, 0.000000000000000 ) );
#9440 = DIRECTION( '', ( 0.000000000000000, 0.000000000000000, 1.00000000000000 ) );
#9441 = DIRECTION( '', ( 0.000000000000000, 0.000000000000000, -1.00000000000000 ) );
#9442 = DIRECTION( '', ( 0.438371146789078, 0.898794046299167, 0.000000000000000 ) );
#9443 = DIRECTION( '', ( 0.000000000000000, 1.00000000000000, 0.000000000000000 ) );
#9444 = DIRECTION( '', ( 0.000000000000000, 0.000000000000000, -1.00000000000000 ) );
#9445 = DIRECTION( '', ( 0.000000000000000, 1.00000000000000, 0.000000000000000 ) );
#9446 = DIRECTION( '', ( 0.000000000000000, 0.000000000000000, -1.00000000000000 ) );
#9447 = DIRECTION( '', ( 0.000000000000000, -1.00000000000000, 0.000000000000000 ) );
#9448 = DIRECTION( '', ( 0.000000000000000, -1.00000000000000, 0.000000000000000 ) );
#9449 = DIRECTION( '', ( 1.00000000000000, 0.000000000000000, 0.000000000000000 ) );
#9450 = DIRECTION( '', ( 0.000000000000000, -1.00000000000000, 0.000000000000000 ) );
#9451 = DIRECTION( '', ( 1.00000000000000, 0.000000000000000, 0.000000000000000 ) );
#9452 = DIRECTION( '', ( -1.00000000000000, 0.000000000000000, 0.000000000000000 ) );
#9453 = DIRECTION( '', ( 0.000000000000000, -1.00000000000000, 0.000000000000000 ) );
#9454 = DIRECTION( '', ( 0.000000000000000, -1.00000000000000, 0.000000000000000 ) );
#9455 = DIRECTION( '', ( 0.000000000000000, 0.000000000000000, 1.00000000000000 ) );
#9456 = CARTESIAN_POINT( '', ( 10.1600000000000, -4.40000000000000, -13.4316178594403 ) );
#9457 = DIRECTION( '', ( 0.000000000000000, 0.342020143325669, -0.939692620785908 ) );
#9458 = DIRECTION( '', ( 0.000000000000000, -0.939692620785908, -0.342020143325669 ) );
#9459 = CARTESIAN_POINT( '', ( 10.1600000000000, -4.40000000000000, -14.5683821405597 ) );
#9460 = DIRECTION( '', ( 0.000000000000000, 0.342020143325669, 0.939692620785908 ) );
#9461 = DIRECTION( '', ( 0.000000000000000, 0.939692620785908, -0.342020143325669 ) );
#9462 = DIRECTION( '', ( 1.20024110770287E-016, -1.00000000000000, 0.000000000000000 ) );
#9463 = DIRECTION( '', ( -1.00000000000000, 0.000000000000000, 0.000000000000000 ) );
#9464 = DIRECTION( '', ( 0.000000000000000, 1.00000000000000, 0.000000000000000 ) );
#9465 = DIRECTION( '', ( 1.00000000000000, 0.000000000000000, 0.000000000000000 ) );
#9466 = DIRECTION( '', ( 8.32667268468867E-017, -0.939692620785908, -0.342020143325669 ) );
#9467 = CARTESIAN_POINT( '', ( 0.200000000000000, -5.41212161291820, -3.64000000000000 ) );
#9468 = DIRECTION( '', ( 0.000000000000000, 0.342020143325669, -0.939692620785908 ) );
#9469 = DIRECTION( '', ( 0.000000000000000, 0.939692620785908, 0.342020143325669 ) );
#9470 = CARTESIAN_POINT( '', ( 5.08000000000000, 25.6000000000012, -6.15000000000000 ) );
#9471 = DIRECTION( '', ( 0.000000000000000, 1.00000000000000, 0.000000000000000 ) );
#9472 = DIRECTION( '', ( 0.000000000000000, 0.000000000000000, 1.00000000000000 ) );
#9473 = DIRECTION( '', ( 0.000000000000000, 1.00000000000000, 0.000000000000000 ) );
#9474 = CARTESIAN_POINT( '', ( 5.08000000000000, 26.8000000000012, -6.15000000000000 ) );
#9475 = DIRECTION( '', ( 0.000000000000000, 1.00000000000000, 0.000000000000000 ) );
#9476 = DIRECTION( '', ( 0.000000000000000, 0.000000000000000, 1.00000000000000 ) );
#9477 = DIRECTION( '', ( 0.000000000000000, 0.000000000000000, 1.00000000000000 ) );
#9478 = DIRECTION( '', ( 0.000000000000000, 1.00000000000000, 0.000000000000000 ) );
#9479 = DIRECTION( '', ( 0.000000000000000, 0.000000000000000, 1.00000000000000 ) );
#9480 = DIRECTION( '', ( 0.000000000000000, -1.00000000000000, 0.000000000000000 ) );
#9481 = DIRECTION( '', ( 0.000000000000000, 0.000000000000000, 1.00000000000000 ) );
#9482 = CARTESIAN_POINT( '', ( 9.96000000000000, -5.41212161291820, -14.2000000000000 ) );
#9483 = DIRECTION( '', ( 0.000000000000000, 0.342020143325669, 0.939692620785908 ) );
#9484 = DIRECTION( '', ( 0.000000000000000, 0.939692620785908, -0.342020143325669 ) );
#9485 = CARTESIAN_POINT( '', ( 9.96000000000000, 0.000000000000000, -14.2000000000000 ) );
#9486 = DIRECTION( '', ( 0.000000000000000, 1.00000000000000, 0.000000000000000 ) );
#9487 = DIRECTION( '', ( 0.000000000000000, 0.000000000000000, 1.00000000000000 ) );
#9488 = CARTESIAN_POINT( '', ( 0.000000000000000, 25.6000000000012, -6.15000000000000 ) );
#9489 = DIRECTION( '', ( 0.000000000000000, 1.00000000000000, 0.000000000000000 ) );
#9490 = DIRECTION( '', ( 0.000000000000000, 0.000000000000000, 1.00000000000000 ) );
#9491 = DIRECTION( '', ( 1.00000000000000, 0.000000000000000, 0.000000000000000 ) );
#9492 = DIRECTION( '', ( 0.000000000000000, 0.000000000000000, 1.00000000000000 ) );
#9493 = DIRECTION( '', ( 1.00000000000000, 0.000000000000000, 0.000000000000000 ) );
#9494 = DIRECTION( '', ( -0.410428929490727, 0.698550250509696, 0.586153257561482 ) );
#9495 = DIRECTION( '', ( 1.00000000000000, 0.000000000000000, 0.000000000000000 ) );
#9496 = DIRECTION( '', ( 8.32667268468867E-017, -0.898794046299167, 0.438371146789078 ) );
#9497 = DIRECTION( '', ( -1.00000000000000, 0.000000000000000, 0.000000000000000 ) );
#9498 = DIRECTION( '', ( 0.000000000000000, 0.898794046299167, -0.438371146789078 ) );
#9499 = DIRECTION( '', ( -1.00000000000000, 0.000000000000000, 0.000000000000000 ) );
#9500 = DIRECTION( '', ( 0.000000000000000, 0.000000000000000, -1.00000000000000 ) );
#9501 = DIRECTION( '', ( 0.000000000000000, 0.000000000000000, 1.00000000000000 ) );
#9502 = DIRECTION( '', ( 1.00000000000000, 0.000000000000000, 0.000000000000000 ) );
#9503 = DIRECTION( '', ( 0.000000000000000, -1.00000000000000, 0.000000000000000 ) );
#9504 = DIRECTION( '', ( -0.410428929490727, -0.698550250509696, -0.586153257561482 ) );
#9505 = DIRECTION( '', ( 0.000000000000000, -1.00000000000000, 0.000000000000000 ) );
#9506 = DIRECTION( '', ( 0.000000000000000, -1.00000000000000, 0.000000000000000 ) );
#9507 = DIRECTION( '', ( -1.00000000000000, 0.000000000000000, 0.000000000000000 ) );
#9508 = DIRECTION( '', ( 0.000000000000000, 1.00000000000000, 0.000000000000000 ) );
#9509 = DIRECTION( '', ( -1.00000000000000, 0.000000000000000, 0.000000000000000 ) );
#9510 = DIRECTION( '', ( 1.00000000000000, 0.000000000000000, 0.000000000000000 ) );
#9511 = DIRECTION( '', ( 0.000000000000000, 0.000000000000000, -1.00000000000000 ) );
#9512 = DIRECTION( '', ( 1.11022302462516E-016, -0.978790625252869, -0.204863154122693 ) );
#9513 = DIRECTION( '', ( -1.00000000000000, 0.000000000000000, 0.000000000000000 ) );
#9514 = DIRECTION( '', ( 0.000000000000000, 1.00000000000000, 0.000000000000000 ) );
#9515 = DIRECTION( '', ( 1.00000000000000, 0.000000000000000, 0.000000000000000 ) );
#9516 = DIRECTION( '', ( 0.000000000000000, 1.00000000000000, 0.000000000000000 ) );
#9517 = DIRECTION( '', ( 1.00000000000000, 0.000000000000000, 0.000000000000000 ) );
#9518 = DIRECTION( '', ( 0.000000000000000, 1.00000000000000, 0.000000000000000 ) );
#9519 = CARTESIAN_POINT( '', ( 10.1600000000000, 23.3000000000000, -1.70000000000000 ) );
#9520 = DIRECTION( '', ( -1.00000000000000, 0.000000000000000, 0.000000000000000 ) );
#9521 = DIRECTION( '', ( 0.000000000000000, 0.000000000000000, 1.00000000000000 ) );
#9522 = DIRECTION( '', ( 0.000000000000000, 0.000000000000000, -1.00000000000000 ) );
#9523 = DIRECTION( '', ( 0.000000000000000, 0.000000000000000, 1.00000000000000 ) );
#9524 = DIRECTION( '', ( 0.000000000000000, 0.000000000000000, 1.00000000000000 ) );
#9525 = DIRECTION( '', ( 1.00000000000000, 0.000000000000000, 0.000000000000000 ) );
#9526 = DIRECTION( '', ( 0.000000000000000, 0.000000000000000, 1.00000000000000 ) );
#9527 = DIRECTION( '', ( -1.00000000000000, 0.000000000000000, 0.000000000000000 ) );
#9528 = DIRECTION( '', ( 0.000000000000000, 0.000000000000000, -1.00000000000000 ) );
#9529 = CARTESIAN_POINT( '', ( 0.200000000000000, 0.000000000000000, -3.64000000000000 ) );
#9530 = DIRECTION( '', ( 0.000000000000000, 1.00000000000000, 0.000000000000000 ) );
#9531 = DIRECTION( '', ( 0.000000000000000, 0.000000000000000, 1.00000000000000 ) );
#9532 = DIRECTION( '', ( 0.000000000000000, 0.000000000000000, -1.00000000000000 ) );
#9533 = DIRECTION( '', ( 0.000000000000000, 1.00000000000000, 0.000000000000000 ) );
#9534 = DIRECTION( '', ( 1.00000000000000, 0.000000000000000, 0.000000000000000 ) );
#9535 = DIRECTION( '', ( 0.000000000000000, 0.000000000000000, 1.00000000000000 ) );
#9536 = DIRECTION( '', ( -1.00000000000000, 0.000000000000000, 0.000000000000000 ) );
#9537 = DIRECTION( '', ( 1.00000000000000, 0.000000000000000, 0.000000000000000 ) );
#9538 = CARTESIAN_POINT( '', ( 4.88000000000000, 0.000000000000000, -14.2000000000000 ) );
#9539 = DIRECTION( '', ( 0.000000000000000, 1.00000000000000, 0.000000000000000 ) );
#9540 = DIRECTION( '', ( 0.000000000000000, 0.000000000000000, 1.00000000000000 ) );
#9541 = CARTESIAN_POINT( '', ( 4.88000000000000, 0.000000000000000, -13.8000000000000 ) );
#9542 = DIRECTION( '', ( 0.000000000000000, -1.00000000000000, 0.000000000000000 ) );
#9543 = DIRECTION( '', ( 0.000000000000000, 0.000000000000000, -1.00000000000000 ) );
#9544 = DIRECTION( '', ( 1.00000000000000, 0.000000000000000, 0.000000000000000 ) );
#9545 = DIRECTION( '', ( 0.000000000000000, 0.000000000000000, -1.00000000000000 ) );
#9546 = DIRECTION( '', ( -1.00000000000000, 0.000000000000000, 0.000000000000000 ) );
#9547 = DIRECTION( '', ( -1.00000000000000, 0.000000000000000, 0.000000000000000 ) );
#9548 = DIRECTION( '', ( 0.000000000000000, 0.000000000000000, -1.00000000000000 ) );
#9549 = DIRECTION( '', ( -1.00000000000000, 0.000000000000000, 0.000000000000000 ) );
#9550 = DIRECTION( '', ( 1.00000000000000, 0.000000000000000, 0.000000000000000 ) );
#9551 = DIRECTION( '', ( 0.000000000000000, 1.00000000000000, 0.000000000000000 ) );
#9552 = DIRECTION( '', ( 0.000000000000000, 1.00000000000000, 0.000000000000000 ) );
#9553 = CARTESIAN_POINT( '', ( 0.000000000000000, 26.8000000000012, -6.15000000000000 ) );
#9554 = DIRECTION( '', ( 0.000000000000000, 1.00000000000000, 0.000000000000000 ) );
#9555 = DIRECTION( '', ( 0.000000000000000, 0.000000000000000, 1.00000000000000 ) );
#9556 = DIRECTION( '', ( 0.000000000000000, 1.00000000000000, 0.000000000000000 ) );
#9557 = CARTESIAN_POINT( '', ( 0.000000000000000, 26.8000000000012, -6.15000000000000 ) );
#9558 = DIRECTION( '', ( 0.000000000000000, 1.00000000000000, 0.000000000000000 ) );
#9559 = DIRECTION( '', ( 0.000000000000000, 0.000000000000000, 1.00000000000000 ) );
#9560 = DIRECTION( '', ( 0.000000000000000, 1.00000000000000, 0.000000000000000 ) );
#9561 = DIRECTION( '', ( 1.20024110770287E-016, -1.00000000000000, 0.000000000000000 ) );
#9562 = DIRECTION( '', ( -1.00000000000000, 0.000000000000000, 0.000000000000000 ) );
#9563 = DIRECTION( '', ( 0.000000000000000, -1.00000000000000, 0.000000000000000 ) );
#9564 = DIRECTION( '', ( 0.000000000000000, 1.00000000000000, 0.000000000000000 ) );
#9565 = DIRECTION( '', ( 0.000000000000000, 0.000000000000000, 1.00000000000000 ) );
#9566 = DIRECTION( '', ( 1.00000000000000, 0.000000000000000, 0.000000000000000 ) );
#9567 = DIRECTION( '', ( 0.000000000000000, 0.000000000000000, 1.00000000000000 ) );
#9568 = DIRECTION( '', ( 0.000000000000000, 0.000000000000000, 1.00000000000000 ) );
#9569 = CARTESIAN_POINT( '', ( 0.000000000000000, 23.3000000000000, -6.15000000000000 ) );
#9570 = DIRECTION( '', ( 0.000000000000000, -1.00000000000000, 0.000000000000000 ) );
#9571 = DIRECTION( '', ( 1.00000000000000, 0.000000000000000, 0.000000000000000 ) );
#9572 = DIRECTION( '', ( 0.000000000000000, 0.000000000000000, 1.00000000000000 ) );
#9573 = DIRECTION( '', ( -1.11022302462516E-016, 0.966977369095332, -0.254862252319700 ) );
#9574 = DIRECTION( '', ( 1.00000000000000, 0.000000000000000, 0.000000000000000 ) );
#9575 = DIRECTION( '', ( -1.00000000000000, 0.000000000000000, 0.000000000000000 ) );
#9576 = DIRECTION( '', ( 0.000000000000000, 0.000000000000000, 1.00000000000000 ) );
#9577 = DIRECTION( '', ( 0.000000000000000, 1.00000000000000, 0.000000000000000 ) );
#9578 = CARTESIAN_POINT( '', ( 10.1600000000000, 23.3000000000000, -10.6000000000000 ) );
#9579 = DIRECTION( '', ( -1.00000000000000, 0.000000000000000, 0.000000000000000 ) );
#9580 = DIRECTION( '', ( 0.000000000000000, 0.000000000000000, 1.00000000000000 ) );
#9581 = DIRECTION( '', ( 0.000000000000000, 0.000000000000000, -1.00000000000000 ) );
#9582 = DIRECTION( '', ( 1.00000000000000, 0.000000000000000, 0.000000000000000 ) );
#9583 = DIRECTION( '', ( 0.000000000000000, -1.00000000000000, 0.000000000000000 ) );
#9584 = CARTESIAN_POINT( '', ( 5.08000000000000, -4.40000000000000, -13.4316178594403 ) );
#9585 = DIRECTION( '', ( 0.000000000000000, 0.342020143325669, -0.939692620785908 ) );
#9586 = DIRECTION( '', ( 0.000000000000000, -0.939692620785908, -0.342020143325669 ) );
#9587 = CARTESIAN_POINT( '', ( 5.08000000000000, -4.40000000000000, -14.5683821405597 ) );
#9588 = DIRECTION( '', ( 0.000000000000000, 0.342020143325669, 0.939692620785908 ) );
#9589 = DIRECTION( '', ( 0.000000000000000, 0.939692620785908, -0.342020143325669 ) );
#9590 = DIRECTION( '', ( -0.438371146789078, 0.898794046299167, 0.000000000000000 ) );
#9591 = DIRECTION( '', ( 1.00000000000000, 0.000000000000000, 0.000000000000000 ) );
#9592 = DIRECTION( '', ( -1.00000000000000, 0.000000000000000, 0.000000000000000 ) );
#9593 = DIRECTION( '', ( 0.000000000000000, 1.00000000000000, 0.000000000000000 ) );
#9594 = DIRECTION( '', ( 1.20024110770287E-016, -1.00000000000000, 0.000000000000000 ) );
#9595 = DIRECTION( '', ( -8.32667268468867E-017, 0.939692620785908, -0.342020143325669 ) );
#9596 = DIRECTION( '', ( -1.00000000000000, 0.000000000000000, 0.000000000000000 ) );
#9597 = DIRECTION( '', ( 0.000000000000000, -1.00000000000000, 0.000000000000000 ) );
#9598 = DIRECTION( '', ( 0.000000000000000, 1.00000000000000, 0.000000000000000 ) );
#9599 = CARTESIAN_POINT( '', ( 0.000000000000000, 29.3000000000000, -6.15000000000000 ) );
#9600 = DIRECTION( '', ( 0.000000000000000, 1.00000000000000, 0.000000000000000 ) );
#9601 = DIRECTION( '', ( 0.000000000000000, 0.000000000000000, 1.00000000000000 ) );
#9602 = DIRECTION( '', ( 0.000000000000000, 1.00000000000000, 0.000000000000000 ) );
#9603 = CARTESIAN_POINT( '', ( 0.000000000000000, 26.8000000000012, -6.15000000000000 ) );
#9604 = DIRECTION( '', ( 0.000000000000000, 1.00000000000000, 0.000000000000000 ) );
#9605 = DIRECTION( '', ( 0.000000000000000, 0.000000000000000, 1.00000000000000 ) );
#9606 = DIRECTION( '', ( 0.000000000000000, 0.000000000000000, 1.00000000000000 ) );
#9607 = DIRECTION( '', ( -1.00000000000000, 0.000000000000000, 0.000000000000000 ) );
#9608 = DIRECTION( '', ( 0.000000000000000, 0.000000000000000, -1.00000000000000 ) );
#9609 = DIRECTION( '', ( 1.00000000000000, 0.000000000000000, 0.000000000000000 ) );
#9610 = DIRECTION( '', ( 0.000000000000000, 0.000000000000000, 1.00000000000000 ) );
#9611 = DIRECTION( '', ( 1.00000000000000, 0.000000000000000, 0.000000000000000 ) );
#9612 = DIRECTION( '', ( 0.000000000000000, -1.00000000000000, 0.000000000000000 ) );
#9613 = DIRECTION( '', ( 1.00000000000000, 0.000000000000000, 0.000000000000000 ) );
#9614 = DIRECTION( '', ( 0.000000000000000, 0.000000000000000, -1.00000000000000 ) );
#9615 = DIRECTION( '', ( -1.00000000000000, 0.000000000000000, 0.000000000000000 ) );
#9616 = DIRECTION( '', ( 0.000000000000000, 1.00000000000000, 0.000000000000000 ) );
#9617 = DIRECTION( '', ( 0.000000000000000, 0.000000000000000, 1.00000000000000 ) );
#9618 = DIRECTION( '', ( 0.000000000000000, 0.000000000000000, 1.00000000000000 ) );
#9619 = DIRECTION( '', ( 0.000000000000000, 0.000000000000000, 1.00000000000000 ) );
#9620 = DIRECTION( '', ( -1.00000000000000, 0.000000000000000, 0.000000000000000 ) );
#9621 = DIRECTION( '', ( 0.000000000000000, 0.000000000000000, 1.00000000000000 ) );
#9622 = DIRECTION( '', ( 0.000000000000000, 0.000000000000000, 1.00000000000000 ) );
#9623 = DIRECTION( '', ( 1.00000000000000, 0.000000000000000, 0.000000000000000 ) );
#9624 = DIRECTION( '', ( 1.00000000000000, 0.000000000000000, 0.000000000000000 ) );
#9625 = DIRECTION( '', ( 0.000000000000000, 0.898794046299167, 0.438371146789078 ) );
#9626 = DIRECTION( '', ( 1.20024110770287E-016, -1.00000000000000, 0.000000000000000 ) );
#9627 = DIRECTION( '', ( 0.000000000000000, -0.766044443118978, -0.642787609686539 ) );
#9628 = DIRECTION( '', ( 0.000000000000000, 0.766044443118978, 0.642787609686539 ) );
#9629 = DIRECTION( '', ( 0.000000000000000, 0.898794046299167, 0.438371146789078 ) );
#9630 = DIRECTION( '', ( 1.20024110770287E-016, -1.00000000000000, 0.000000000000000 ) );
#9631 = DIRECTION( '', ( 8.32667268468867E-017, -0.939692620785908, -0.342020143325669 ) );
#9632 = DIRECTION( '', ( -1.20024110770287E-016, 1.00000000000000, 0.000000000000000 ) );
#9633 = DIRECTION( '', ( -1.20024110770287E-016, 1.00000000000000, 0.000000000000000 ) );
#9634 = DIRECTION( '', ( -1.20024110770287E-016, 1.00000000000000, 0.000000000000000 ) );
#9635 = DIRECTION( '', ( 0.000000000000000, 0.000000000000000, -1.00000000000000 ) );
#9636 = DIRECTION( '', ( 0.000000000000000, -1.00000000000000, 0.000000000000000 ) );
#9637 = DIRECTION( '', ( -1.00000000000000, 0.000000000000000, 0.000000000000000 ) );
#9638 = DIRECTION( '', ( 0.000000000000000, 0.000000000000000, -1.00000000000000 ) );
#9639 = DIRECTION( '', ( 0.000000000000000, 0.000000000000000, 1.00000000000000 ) );
#9640 = DIRECTION( '', ( -1.20024110770287E-016, 1.00000000000000, 0.000000000000000 ) );
#9641 = DIRECTION( '', ( 0.000000000000000, 0.000000000000000, -1.00000000000000 ) );
#9642 = DIRECTION( '', ( 1.20024110770287E-016, -1.00000000000000, 0.000000000000000 ) );
#9643 = DIRECTION( '', ( -8.32667268468867E-017, 0.939692620785908, -0.342020143325669 ) );
#9644 = DIRECTION( '', ( 0.000000000000000, 0.000000000000000, -1.00000000000000 ) );
#9645 = DIRECTION( '', ( 0.000000000000000, 0.000000000000000, -1.00000000000000 ) );
#9646 = DIRECTION( '', ( -1.20024110770287E-016, 1.00000000000000, 0.000000000000000 ) );
#9647 = DIRECTION( '', ( 0.000000000000000, 0.000000000000000, 1.00000000000000 ) );
#9648 = DIRECTION( '', ( 0.000000000000000, 0.000000000000000, 1.00000000000000 ) );
#9649 = DIRECTION( '', ( 1.20024110770287E-016, -1.00000000000000, 0.000000000000000 ) );
#9650 = DIRECTION( '', ( 0.000000000000000, 0.000000000000000, 1.00000000000000 ) );
#9651 = DIRECTION( '', ( 0.000000000000000, 0.000000000000000, -1.00000000000000 ) );
#9652 = DIRECTION( '', ( -1.00000000000000, 0.000000000000000, 0.000000000000000 ) );
#9653 = DIRECTION( '', ( 0.000000000000000, 1.00000000000000, 0.000000000000000 ) );
#9654 = DIRECTION( '', ( 0.000000000000000, 1.00000000000000, 0.000000000000000 ) );
#9655 = DIRECTION( '', ( 1.00000000000000, 0.000000000000000, 0.000000000000000 ) );
#9656 = DIRECTION( '', ( 0.000000000000000, 0.939692620785908, 0.342020143325669 ) );
#9657 = DIRECTION( '', ( 0.000000000000000, 0.939692620785908, 0.342020143325669 ) );
#9658 = CARTESIAN_POINT( '', ( 0.200000000000000, -5.41212161291820, -3.64000000000000 ) );
#9659 = DIRECTION( '', ( 0.000000000000000, 0.342020143325669, -0.939692620785908 ) );
#9660 = DIRECTION( '', ( 0.000000000000000, 0.939692620785908, 0.342020143325669 ) );
#9661 = DIRECTION( '', ( 0.000000000000000, -0.898794046299167, -0.438371146789078 ) );
#9662 = DIRECTION( '', ( 0.000000000000000, 0.898794046299167, -0.438371146789078 ) );
#9663 = DIRECTION( '', ( 0.000000000000000, 0.000000000000000, 1.00000000000000 ) );
#9664 = DIRECTION( '', ( 0.000000000000000, -0.939692620785908, 0.342020143325669 ) );
#9665 = DIRECTION( '', ( 0.000000000000000, -0.939692620785908, 0.342020143325669 ) );
#9666 = DIRECTION( '', ( 0.000000000000000, 0.000000000000000, 1.00000000000000 ) );
#9667 = DIRECTION( '', ( 0.000000000000000, -1.00000000000000, 0.000000000000000 ) );
#9668 = DIRECTION( '', ( 0.000000000000000, -1.00000000000000, 0.000000000000000 ) );
#9669 = DIRECTION( '', ( 0.000000000000000, 0.000000000000000, -1.00000000000000 ) );
#9670 = DIRECTION( '', ( 0.000000000000000, 0.000000000000000, -1.00000000000000 ) );
#9671 = DIRECTION( '', ( 0.000000000000000, -1.00000000000000, 0.000000000000000 ) );
#9672 = DIRECTION( '', ( 0.000000000000000, 0.000000000000000, 1.00000000000000 ) );
#9673 = DIRECTION( '', ( 0.000000000000000, 1.00000000000000, 0.000000000000000 ) );
#9674 = DIRECTION( '', ( 1.00000000000000, 0.000000000000000, 0.000000000000000 ) );
#9675 = DIRECTION( '', ( -1.00000000000000, 0.000000000000000, 0.000000000000000 ) );
#9676 = DIRECTION( '', ( 0.000000000000000, -1.00000000000000, 0.000000000000000 ) );
#9677 = DIRECTION( '', ( -1.00000000000000, 0.000000000000000, 0.000000000000000 ) );
#9678 = CARTESIAN_POINT( '', ( 5.08000000000000, -4.40000000000000, -4.40838214055972 ) );
#9679 = DIRECTION( '', ( 0.000000000000000, 0.342020143325669, 0.939692620785908 ) );
#9680 = DIRECTION( '', ( 0.000000000000000, -0.939692620785908, 0.342020143325669 ) );
#9681 = CARTESIAN_POINT( '', ( 5.08000000000000, -4.40000000000000, -3.27161785944027 ) );
#9682 = DIRECTION( '', ( 0.000000000000000, 0.342020143325669, -0.939692620785908 ) );
#9683 = DIRECTION( '', ( 0.000000000000000, 0.939692620785908, 0.342020143325669 ) );
#9684 = DIRECTION( '', ( 0.000000000000000, 0.898794046299167, -0.438371146789078 ) );
#9685 = DIRECTION( '', ( -1.00000000000000, 0.000000000000000, 0.000000000000000 ) );
#9686 = CARTESIAN_POINT( '', ( 4.88000000000000, -5.41212161291820, -13.8000000000000 ) );
#9687 = DIRECTION( '', ( 0.000000000000000, 0.342020143325669, -0.939692620785908 ) );
#9688 = DIRECTION( '', ( 0.000000000000000, -0.939692620785908, -0.342020143325669 ) );
#9689 = DIRECTION( '', ( -1.00000000000000, 0.000000000000000, 0.000000000000000 ) );
#9690 = DIRECTION( '', ( 0.000000000000000, 0.000000000000000, -1.00000000000000 ) );
#9691 = DIRECTION( '', ( 0.000000000000000, 0.000000000000000, 1.00000000000000 ) );
#9692 = DIRECTION( '', ( 0.000000000000000, 0.000000000000000, -1.00000000000000 ) );
#9693 = DIRECTION( '', ( 0.000000000000000, 0.000000000000000, -1.00000000000000 ) );
#9694 = DIRECTION( '', ( 0.000000000000000, -1.00000000000000, 0.000000000000000 ) );
#9695 = DIRECTION( '', ( 0.000000000000000, -1.00000000000000, 0.000000000000000 ) );
#9696 = DIRECTION( '', ( 0.000000000000000, 0.000000000000000, 1.00000000000000 ) );
#9697 = DIRECTION( '', ( 0.000000000000000, 0.000000000000000, -1.00000000000000 ) );
#9698 = DIRECTION( '', ( -1.20024110770287E-016, 1.00000000000000, 0.000000000000000 ) );
#9699 = DIRECTION( '', ( -8.32667268468867E-017, 0.898794046299167, 0.438371146789078 ) );
#9700 = DIRECTION( '', ( 0.000000000000000, 0.000000000000000, 1.00000000000000 ) );
#9701 = DIRECTION( '', ( -1.20024110770287E-016, 1.00000000000000, 0.000000000000000 ) );
#9702 = DIRECTION( '', ( 0.000000000000000, 0.000000000000000, -1.00000000000000 ) );
#9703 = DIRECTION( '', ( 0.000000000000000, -1.00000000000000, 0.000000000000000 ) );
#9704 = DIRECTION( '', ( 0.000000000000000, 0.000000000000000, -1.00000000000000 ) );
#9705 = DIRECTION( '', ( 1.00000000000000, 0.000000000000000, 0.000000000000000 ) );
#9706 = DIRECTION( '', ( 0.000000000000000, 0.000000000000000, 1.00000000000000 ) );
#9707 = DIRECTION( '', ( 1.00000000000000, 0.000000000000000, 0.000000000000000 ) );
#9708 = DIRECTION( '', ( 0.000000000000000, 1.00000000000000, 0.000000000000000 ) );
#9709 = CARTESIAN_POINT( '', ( 4.88000000000000, -5.41212161291820, -14.2000000000000 ) );
#9710 = DIRECTION( '', ( 0.000000000000000, 0.342020143325669, 0.939692620785908 ) );
#9711 = DIRECTION( '', ( 0.000000000000000, 0.939692620785908, -0.342020143325669 ) );
#9712 = DIRECTION( '', ( -1.00000000000000, 0.000000000000000, 0.000000000000000 ) );
#9713 = DIRECTION( '', ( 1.00000000000000, 0.000000000000000, 0.000000000000000 ) );
#9714 = DIRECTION( '', ( 0.000000000000000, -1.00000000000000, 0.000000000000000 ) );
#9715 = DIRECTION( '', ( 1.00000000000000, 0.000000000000000, 0.000000000000000 ) );
#9716 = DIRECTION( '', ( 0.000000000000000, -0.978790625252869, -0.204863154122693 ) );
#9717 = DIRECTION( '', ( 0.443712606279658, 0.633687274224642, -0.633687274224642 ) );
#9718 = DIRECTION( '', ( 0.000000000000000, 0.000000000000000, -1.00000000000000 ) );
#9719 = DIRECTION( '', ( -1.00000000000000, 0.000000000000000, 0.000000000000000 ) );
#9720 = DIRECTION( '', ( 0.000000000000000, 0.000000000000000, 1.00000000000000 ) );
#9721 = DIRECTION( '', ( 1.00000000000000, 0.000000000000000, 0.000000000000000 ) );
#9722 = DIRECTION( '', ( 0.000000000000000, -1.00000000000000, 0.000000000000000 ) );
#9723 = DIRECTION( '', ( 1.00000000000000, 0.000000000000000, 0.000000000000000 ) );
ENDSEC;
END-ISO-10303-21;
